t,d,n_at_risk,hazard_increment,survival,cum_hazard,survival_lo,survival_hi,age_years
33,1.0,310.0,0.0032258064516129032,0.9967741935483871,0.0032258064516129032,0.9904618188511953,1.0,0.003767123287671233
88,1.0,1262.0,0.000792393026941363,0.9959843566279843,0.004018199478554266,0.9894899278128138,1.0,0.01004566210045662
103,1.0,1696.0,0.0005896226415094339,0.9953971017007273,0.0046078221200637,0.9888052925675299,1.0,0.011757990867579908
138,1.0,1839.0,0.000543773790103317,0.9948558308460776,0.0051515959101670165,0.9881827819272159,1.0,0.015753424657534248
317,1.0,3393.0,0.0002947244326554671,0.9945626225257576,0.005446320342822483,0.9878668397378032,1.0,0.036187214611872145
325,1.0,3640.0,0.0002747252747252747,0.9942893910360526,0.005721045617547758,0.9875740657046221,1.0,0.037100456621004564
366,1.0,4013.0,0.00024919013207077,0.9940416239313837,0.005970235749618528,0.9873104357900069,1.0,0.04178082191780822
382,1.0,4014.0,0.00024912805181863477,0.9937939802781871,0.006219363801437163,0.9870469914876618,1.0,0.04360730593607306
405,1.0,4079.0,0.00024515812699190976,0.9935503436073663,0.006464521928429072,0.9867881311487253,1.0,0.046232876712328765
456,1.0,4152.0,0.00024084778420038535,0.9933110492086169,0.006705369712629457,0.9865342197706402,1.0,0.052054794520547946
527,1.0,4480.0,0.0002232142857142857,0.9930893279922757,0.006928583998343743,0.9863000917210728,0.9998785642634785,0.06015981735159817
570,1.0,4488.0,0.0002228163992869875,0.9928680514040421,0.007151400397630731,0.9860664893651663,0.9996696134429179,0.06506849315068493
692,1.0,5725.0,0.00017467248908296942,0.9926946246701724,0.0073260728867137,0.9858857621057071,0.9995034872346378,0.07899543378995434
715,1.0,5724.0,0.00017470300489168413,0.9925211979363028,0.0075007758916053845,0.9857050454194234,0.9993373504531822,0.08162100456621005
787,1.0,6826.0,0.0001464986815118664,0.9923757948894325,0.007647274573117251,0.9855546856777615,0.9991969041011035,0.08984018264840182
889,1.0,6842.0,0.00014615609470914936,0.9922307531187676,0.0077934306678264,0.9854047194478027,0.9990567867897325,0.10148401826484019
1192,1.0,8591.0,0.00011640088464672332,0.9921152565813309,0.007909831552473124,0.9852862648667108,0.9989442482959511,0.13607305936073058
1262,1.0,9009.0,0.000111000111000111,0.9920051316777255,0.008020831663473234,0.9851734877163285,0.9988367756391225,0.14406392694063927
1368,1.0,9741.0,0.0001026588645929576,0.9919032935572372,0.008123490528066192,0.9850694356128618,0.9987371515016126,0.15616438356164383
1405,1.0,11543.0,8.663259118080222e-05,0.9918173624047155,0.008210123119246994,0.9849820213354166,0.9986527034740145,0.1603881278538813
1552,1.0,11608.0,8.614748449345279e-05,0.9917319198338674,0.008296270603740446,0.9848951164242858,0.998568723243449,0.1771689497716895
1765,1.0,11618.0,8.607333448097779e-05,0.9916465581606161,0.008382343938221425,0.9848082963492883,0.9984848199719438,0.2014840182648402
1889,1.0,12042.0,8.304268393954493e-05,0.991564209168907,0.008465386622160969,0.9847246106745937,0.9984038076632202,0.2156392694063927
1894,1.0,12041.0,8.304958059961797e-05,0.991481860177198,0.008548436202760587,0.9846409255301797,0.9983227948242163,0.21621004566210045
1934,1.0,12043.0,8.30357884248111e-05,0.9913995316992292,0.0086314719911854,0.9845572622361914,0.998241801162267,0.22077625570776255
2036,1.0,12048.0,8.300132802124833e-05,0.9913172442214985,0.008714473319206648,0.9844736420827778,0.9981608463602192,0.2324200913242009
2262,1.0,12055.0,8.295313148071339e-05,0.9912350113517994,0.008797426450687361,0.9843900792090623,0.9980799434945364,0.2582191780821918
2345,1.0,12058.0,8.29324929507381e-05,0.9911528057612079,0.0088803589436381,0.9843065452105655,0.9979990663118503,0.2676940639269406
2347,1.0,12057.0,8.29393713195654e-05,0.9910706001706164,0.008963298314957666,0.9842230117371293,0.9979181886041035,0.26792237442922373
2377,1.0,12056.0,8.294625082946251e-05,0.990988394580025,0.009046244565787127,0.9841394787884484,0.9978373103716015,0.2713470319634703
2499,1.0,12110.0,8.257638315441784e-05,0.9909065623426525,0.009128820948941544,0.9840563343084763,0.9977567903768287,0.28527397260273973
2582,1.0,13621.0,7.341604874825637e-05,0.9908338138981666,0.009202236997689801,0.98398260497336,0.9976850228229732,0.2947488584474886
2745,1.0,14394.0,6.947339169098236e-05,0.990764977312513,0.009271710389380784,0.9839129160176244,0.9976170386074016,0.3133561643835616
2842,1.0,14404.0,6.942515967786726e-05,0.9906961932957599,0.009341135549058651,0.9838432815523588,0.9975491050391609,0.32442922374429223
2920,1.0,14755.0,6.777363605557438e-05,0.9906290502125138,0.009408909185114226,0.9837753394324822,0.9974827609925454,0.3333333333333333
2991,1.0,15238.0,6.56254101588135e-05,0.9905640397747784,0.009474534595273039,0.9837095944087897,0.997418485140767,0.34143835616438356
3365,1.0,20228.0,4.943642475776152e-05,0.9905150698301584,0.0095239710200308,0.9836602913567212,0.9973698483035955,0.3841324200913242
3392,1.0,20276.0,4.9319392385085815e-05,0.9904662182287661,0.009573290412415886,0.9836111091383448,0.9973213273191874,0.3872146118721461
3406,1.0,20331.0,4.918597216073976e-05,0.9904175011849302,0.009622476384576625,0.9835620642897402,0.9972729380801202,0.38881278538812786
3411,1.0,20331.0,4.918597216073976e-05,0.9903687865372894,0.009671662356737365,0.9835130219506557,0.9972245511239232,0.38938356164383564
3455,1.0,21333.0,4.687573243331927e-05,0.9903223622750413,0.009718538089170684,0.9834663152517792,0.9971784092983035,0.3944063926940639
3550,1.0,21434.0,4.6654847438648874e-05,0.9902761589363144,0.009765192936609332,0.9834198337327507,0.9971324841398781,0.4052511415525114
3622,1.0,21508.0,4.6494327692021575e-05,0.9902301167120752,0.009811687264301355,0.9833735164281308,0.9970867169960196,0.4134703196347032
3664,1.0,21524.0,4.6459765842780154e-05,0.9901841108527222,0.009858147030144135,0.9833272362256655,0.9970409854797788,0.4182648401826484
3869,1.0,21586.0,4.63263226165107e-05,0.9901382392641531,0.009904473352760646,0.983281092870931,0.9969953856573752,0.44166666666666665
3922,1.0,21585.0,4.63284688441047e-05,0.990092367675584,0.00995080182160475,0.9832349495668614,0.9969497857843065,0.44771689497716893
3955,1.0,21589.0,4.6319885126684886e-05,0.9900465067108484,0.009997121706731435,0.9831888171366572,0.9969041962850396,0.4514840182648402
3990,1.0,21593.0,4.6311304589450285e-05,0.9900006563655184,0.010043433011320886,0.9831426955756739,0.9968586171553628,0.4554794520547945
3992,1.0,21593.0,4.6311304589450285e-05,0.9899548081435777,0.010089744315910337,0.9830965762284549,0.9968130400587005,0.4557077625570776
4105,1.0,22436.0,4.457122481725798e-05,0.989910684645265,0.010134315540727596,0.9830522131638085,0.9967691561267215,0.4686073059360731
4125,1.0,22433.0,4.457718539651406e-05,0.9898665572131495,0.01017889272612411,0.9830078461387424,0.9967252682875567,0.4708904109589041
4140,1.0,22431.0,4.4581160001783245e-05,0.9898224278137819,0.010223473886125893,0.9829634771547934,0.9966813784727705,0.4726027397260274
4235,1.0,23530.0,4.2498937526561835e-05,0.9897803614122599,0.010265972823652455,0.9829212067104869,0.9966395161140329,0.4834474885844749
4240,1.0,23886.0,4.186552792430713e-05,0.9897389237349002,0.010307838351576762,0.9828795753701541,0.9965982720996464,0.4840182648401826
4251,1.0,24443.0,4.0911508407314974e-05,0.9896984320226008,0.010348749859984078,0.9828389051738413,0.9965579588713602,0.48527397260273974
4276,1.0,24516.0,4.078968836678088e-05,0.9896580625319815,0.01038953954835086,0.9827983591500722,0.9965177659138909,0.48812785388127855
4315,1.0,24512.0,4.079634464751958e-05,0.9896176881005793,0.010430335892998379,0.9827578081384237,0.9964775680627348,0.4925799086757991
4376,1.0,24510.0,4.0799673602611176e-05,0.9895773120219133,0.01047113556660099,0.9827172554840568,0.9964373685597699,0.4995433789954338
4388,1.0,24509.0,4.080133828389571e-05,0.9895369359432475,0.010511936904884885,0.9826767028600621,0.9963971690264329,0.5009132420091325
4404,1.0,24507.0,4.080466805402538e-05,0.9894965582170492,0.01055274157293891,0.9826361485930782,0.9963569678410201,0.5027397260273972
4501,1.0,24510.0,4.0799673602611176e-05,0.989456187080443,0.010593541246541521,0.9825956010493417,0.9963167731115443,0.5138127853881278
4548,1.0,24516.0,4.078968836678088e-05,0.9894158274709195,0.010634330934908303,0.9825550652436386,0.9962765896982004,0.5191780821917809
4576,1.0,24639.0,4.0586062746053e-05,0.9893756709780638,0.010674916997654356,0.9825147357548282,0.9962366062012994,0.5223744292237443
4581,1.0,24732.0,4.0433446546983666e-05,0.9893356671097564,0.010715350444201339,0.9824745612868313,0.9961967729326815,0.522945205479452
4611,1.0,25343.0,3.9458627628931066e-05,0.989296629282068,0.01075480907183027,0.982435367564443,0.9961578909996929,0.5263698630136986
4752,1.0,25598.0,3.906555199624971e-05,0.9892579818631569,0.01079387462382652,0.9823965700597179,0.996119393666596,0.5424657534246575
4917,1.0,25665.0,3.896356906292616e-05,0.9892194368414595,0.010832838192889447,0.9823578764800796,0.9960809972028395,0.5613013698630137
5051,1.0,25666.0,3.896205096236266e-05,0.9891808948233484,0.01087180024385181,0.9823191859732153,0.9960426036734814,0.5765981735159817
5070,1.0,25665.0,3.896356906292616e-05,0.9891423528052371,0.010910763812914736,0.9822804954915512,0.996004210118923,0.5787671232876712
5078,1.0,25664.0,3.896508728179551e-05,0.9891038107871258,0.01094972890019653,0.9822418050350856,0.995965816539166,0.5796803652968037
5110,1.0,25663.0,3.896660561898453e-05,0.9890652687690147,0.010988695505815516,0.9822031146038173,0.9959274229342121,0.5833333333333334
5360,1.0,25721.0,3.887873721861514e-05,0.9890268151603381,0.011027574243034131,0.9821645138990781,0.995889116421598,0.6118721461187214
5404,1.0,25719.0,3.8881760566118436e-05,0.9889883600565176,0.011066456003600249,0.982125911702348,0.9958508084106872,0.6168949771689498
5424,1.0,25718.0,3.888327241620655e-05,0.9889499049526971,0.011105339276016455,0.9820873095305834,0.9958125003748107,0.6191780821917808
5500,1.0,25719.0,3.8881760566118436e-05,0.9889114528392808,0.011144221036582573,0.9820487104178033,0.9957741952607584,0.6278538812785388
5619,1.0,25719.0,3.8881760566118436e-05,0.9888730022209504,0.011183102797148691,0.9820101128468667,0.9957358915950342,0.6414383561643836
5791,1.0,25712.0,3.8892345986309894e-05,0.9888345426300116,0.011221995143135,0.9819715061974109,0.9956975790626122,0.6610730593607306
5794,1.0,25711.0,3.889385865971763e-05,0.9887960830390726,0.011260889001794719,0.981932899572926,0.9956592665052193,0.6614155251141552
5951,1.0,25709.0,3.8896884359562796e-05,0.9887576219521755,0.011299785886154282,0.9818942914556327,0.9956209524487184,0.679337899543379
6032,1.0,25707.0,3.889991053020578e-05,0.9887191593691456,0.011338685796684487,0.9818556818453562,0.9955826368929349,0.6885844748858447
6125,1.0,25707.0,3.889991053020578e-05,0.9886806982823066,0.011377585707214692,0.9818170737780662,0.9955443227865471,0.6992009132420092
6129,1.0,25706.0,3.890142379211079e-05,0.9886422371954676,0.011416487131006802,0.9817784657357443,0.9955060086551909,0.6996575342465754
6159,1.0,25706.0,3.890142379211079e-05,0.9886037776048197,0.011455388554798912,0.9817398592363977,0.9954676959732416,0.7030821917808219
6190,1.0,25705.0,3.8902937171756467e-05,0.9885653180141717,0.01149429149197067,0.9817012527620125,0.9954293832663309,0.70662100456621
6199,1.0,25704.0,3.890445066915655e-05,0.9885268584235238,0.011533195942639825,0.9816626463125869,0.9953910705344607,0.707648401826484
6247,1.0,25703.0,3.890596428432479e-05,0.9884883988328759,0.01157210190692415,0.9816240398881194,0.9953527577776323,0.7131278538812785
6311,1.0,25701.0,3.89089918680207e-05,0.9884499377458041,0.01161101089879217,0.981585431970369,0.9953144435212393,0.7204337899543379
6323,1.0,25701.0,3.89089918680207e-05,0.9884114781552145,0.011649919890660191,0.9815468255958744,0.9952761307145546,0.7218036529680365
6379,1.0,25699.0,3.89120199229542e-05,0.9883730170680844,0.011688831910583146,0.981508217727978,0.9952378164081909,0.7281963470319635
6447,1.0,25699.0,3.89120199229542e-05,0.988334557477553,0.0117277439305061,0.9814696114034501,0.995199503551656,0.7359589041095891
6589,1.0,25693.0,3.89211069162807e-05,0.9882960904025724,0.01176666503742238,0.9814309975103246,0.9951611832948202,0.7521689497716895
6696,1.0,25690.0,3.8925652004671076e-05,0.9882576203328798,0.011805590689427051,0.981392380603796,0.9951228600619636,0.7643835616438356
6709,1.0,25689.0,3.892716727003776e-05,0.9882191502631872,0.011844517856697089,0.9813537637222414,0.995084536804133,0.7658675799086758
6802,1.0,25688.0,3.892868265337901e-05,0.9881806801934946,0.011883446539350468,0.9813151468656591,0.99504621352133,0.7764840182648401
6879,1.0,25690.0,3.8925652004671076e-05,0.9881422146162196,0.011922372191355139,0.9812765345919455,0.9950078946404938,0.7852739726027397
6938,1.0,25687.0,3.8930198154708606e-05,0.9881037460439996,0.011961302389509848,0.9812379193045949,0.9949695727834044,0.7920091324200913
6963,1.0,25694.0,3.891959212267455e-05,0.9880652894492288,0.012000221981632522,0.9811993161941805,0.994931262704277,0.7948630136986301
6974,1.0,25738.0,3.8853057735643796e-05,0.9880269000914912,0.012039075039368166,0.9811607813238913,0.9948930188590911,0.7961187214611872
6986,1.0,25743.0,3.88455114011576e-05,0.987988519681279,0.012077920550769325,0.9811222555558526,0.9948547838067053,0.7974885844748858
7146,1.0,25739.0,3.885154823419713e-05,0.9879501347976517,0.012116772099003522,0.9810837252741598,0.9948165443211436,0.8157534246575342
7150,1.0,25737.0,3.885456735439251e-05,0.9879117484225964,0.012155626666357914,0.9810451935041176,0.9947783033410753,0.8162100456621004
7248,1.0,25904.0,3.860407659048796e-05,0.9878736110017957,0.012194230742948403,0.9810069143115467,0.9947403076920447,0.8273972602739726
7289,1.0,25902.0,3.860705737008725e-05,0.9878354721086213,0.01223283780031849,0.9809686336495292,0.9947023105677134,0.8320776255707762
7345,1.0,25900.0,3.861003861003861e-05,0.9877973317429029,0.012271447838928529,0.9809303515178945,0.9946643119679112,0.8384703196347032
7443,1.0,26075.0,3.835091083413231e-05,0.9877594488155109,0.01230979874976266,0.9808923305331084,0.9946265670979134,0.8496575342465753
7641,1.0,26847.0,3.724810965843483e-05,0.9877226566432453,0.012347046859421095,0.9808554155254413,0.9945898977610493,0.8722602739726028
7663,1.0,26846.0,3.724949713178872e-05,0.9876858644709797,0.012384296356552884,0.9808185005386498,0.9945532284033096,0.8747716894977169
7951,1.0,26969.0,3.707960992250362e-05,0.9876492414643991,0.012421375966475388,0.9807817570357042,0.994516725893094,0.907648401826484
7964,1.0,26968.0,3.7080984870958175e-05,0.9876126184578186,0.012458456951346345,0.9807450135532508,0.9944802233623863,0.9091324200913242
8003,1.0,26979.0,3.7065866043960116e-05,0.9875760117407996,0.012495522817390305,0.9807082866011949,0.9944437368804042,0.9135844748858447
8060,1.0,27024.0,3.7004144464179985e-05,0.9875394673353918,0.012532526961854485,0.980671622822662,0.9944073118481216,0.9200913242009132
8076,1.0,27023.0,3.700551382155941e-05,0.987502922929984,0.012569532475676045,0.9806349590644428,0.9943708867955252,0.9219178082191781
8093,1.0,27021.0,3.7008252840383405e-05,0.9874663771721316,0.012606540728516429,0.980598293955853,0.9943344603884102,0.9238584474885845
8123,1.0,27021.0,3.7008252840383405e-05,0.9874298327667739,0.012643548981356813,0.9805616302383104,0.9942980352952373,0.9272831050228311
8158,1.0,27020.0,3.700962250185048e-05,0.9873932883614162,0.012680558603858662,0.9805249665410783,0.994261610181754,0.9312785388127854
8221,1.0,27019.0,3.7010992264702614e-05,0.9873567439560583,0.012717569596123366,0.9804883028641554,0.9942251850479612,0.9384703196347032
8276,1.0,27018.0,3.701236212895107e-05,0.9873201995507006,0.012754581958252317,0.980451639207541,0.9941887598938602,0.9447488584474886
8303,1.0,27017.0,3.70137320946071e-05,0.9872836551453428,0.012791595690346925,0.9804149755712337,0.9941523347194519,0.9478310502283105
8344,1.0,27015.0,3.701647233018693e-05,0.98724710938724,0.012828612162677111,0.9803783105842511,0.994115908190229,0.9525114155251142
8429,1.0,27173.0,3.680123652154712e-05,0.9872107774728623,0.012865413399198658,0.980341862331294,0.9940796926144307,0.9622146118721461
8456,1.0,27192.0,3.677552221241541e-05,0.9871744722809871,0.012902188921411073,0.9803054411775008,0.9940435033844733,0.965296803652968
8462,1.0,27190.0,3.677822728944465e-05,0.9871381657538713,0.012938967148700518,0.9802690186904247,0.9940073128173178,0.9659817351598173
8521,1.0,27187.0,3.6782285651230366e-05,0.9871018565558813,0.012975749434351749,0.9802325935166087,0.9939711195951539,0.972716894977169
8533,1.0,27186.0,3.678363863753403e-05,0.9870655473578913,0.013012533072989283,0.980196168362576,0.9939349263532067,0.9740867579908675
8569,1.0,27181.0,3.679040506235974e-05,0.987029232816581,0.013049323478051643,0.9801597378136911,0.9938987278194708,0.9781963470319635
8647,1.0,27178.0,3.679446611229671e-05,0.9869929156029222,0.01308611794416394,0.9801233045765808,0.9938625266292637,0.9871004566210045
8770,1.0,27178.0,3.679446611229671e-05,0.9869565997255361,0.013122912410276235,0.9800868727133768,0.9938263267376953,1.0011415525114156
8774,1.0,27176.0,3.6797173977038566e-05,0.9869202825118282,0.013159709584253275,0.9800504395158093,0.9937901255078471,1.0015981735159818
8886,1.0,27173.0,3.680123652154712e-05,0.9868839626250836,0.013196510820774821,0.9800140036293232,0.993753921620844,1.0143835616438357
8929,1.0,27347.0,3.6567082312502284e-05,0.9868478751579894,0.013233077903087323,0.9799778032693617,0.9937179470466172,1.0192922374429223
8938,1.0,27348.0,3.6565745209887376e-05,0.9868117903300254,0.01326964364829721,0.9799416056027066,0.9936819750573442,1.0203196347031964
9015,1.0,27344.0,3.657109420713868e-05,0.9867757015430765,0.01330621474250435,0.9799054039440375,0.9936459991421155,1.029109589041096
9018,1.0,27343.0,3.65724317009838e-05,0.9867396127561276,0.013342787174205334,0.979869202304667,0.9936100232075883,1.0294520547945205
9026,1.0,27342.0,3.65737692926633e-05,0.9867035239691788,0.013379360943497998,0.9798330006845942,0.9935740472537634,1.030365296803653
9033,1.0,27341.0,3.657510698218792e-05,0.98666743518223,0.013415936050480186,0.9797967990838182,0.9935380712806418,1.0311643835616437
9041,1.0,27340.0,3.65764447695684e-05,0.986631346395281,0.013452512495249754,0.9797605975023379,0.9935020952882242,1.0320776255707762
9045,1.0,27339.0,3.657778265481547e-05,0.9865952576083321,0.01348909027790457,0.9797243959401525,0.9934661192765117,1.0325342465753424
9098,1.0,27338.0,3.657912063793987e-05,0.9865591688213833,0.013525669398542509,0.979688194397261,0.9934301432455056,1.0385844748858448
9102,1.0,27365.0,3.654302941713868e-05,0.9865231169606553,0.013562212427959647,0.9796520302873636,0.993394203633947,1.039041095890411
9143,1.0,27454.0,3.642456472645152e-05,0.9864871832855274,0.013598636992686099,0.9796159859372965,0.9933583806337584,1.0437214611872145
9222,1.0,27449.0,3.643119967940544e-05,0.9864512443739719,0.013635068192365504,0.9795799363010342,0.9933225524469096,1.0527397260273972
9265,1.0,27448.0,3.643252696006995e-05,0.9864153054624165,0.013671500719325574,0.9795438866837438,0.9932867242410892,1.057648401826484
9279,1.0,27447.0,3.643385433745036e-05,0.986379366550861,0.013707934573663025,0.9795078370854241,0.9932508960162979,1.0592465753424658
9287,1.0,27446.0,3.643518181155724e-05,0.9863434276393056,0.013744369755474582,0.9794717875060742,0.993215067772537,1.0601598173515983
9293,1.0,27445.0,3.643650938240116e-05,0.9863074887277501,0.013780806264856983,0.9794357379456933,0.9931792395098069,1.0608447488584476
9294,1.0,27444.0,3.643783704999271e-05,0.9862715498161947,0.013817244101906975,0.9793996884042804,0.993143411228109,1.060958904109589
9326,1.0,27444.0,3.643783704999271e-05,0.9862356122141754,0.013853681938956967,0.9793636402085546,0.9931075842197963,1.0646118721461186
9430,1.0,27443.0,3.643916481434245e-05,0.9861996746121562,0.01389012110377131,0.9793275920317923,0.99307175719252,1.07648401826484
9438,1.0,27442.0,3.644049267546097e-05,0.9861637370101369,0.013926561596446771,0.9792915438739924,0.9930359301462814,1.0773972602739725
9494,1.0,27442.0,3.644049267546097e-05,0.9861278007177016,0.013963002089122233,0.979255497061919,0.9930001043734842,1.0837899543378995
9576,1.0,27441.0,3.6441820633358846e-05,0.9860918644252663,0.01399944390975559,0.9792194502688034,0.9929642785817292,1.093150684931507
9583,1.0,27441.0,3.6441820633358846e-05,0.9860559294424149,0.014035885730388949,0.9791834048214069,0.992928454063423,1.0939497716894977
9623,1.0,27442.0,3.644049267546097e-05,0.9860199970785405,0.01407232622306441,0.9791473620462896,0.9928926321107914,1.0985159817351597
9847,1.0,27639.0,3.618075907232534e-05,0.9859843221265857,0.014108506982136736,0.9791115800592224,0.992857064193949,1.1240867579908675
10047,1.0,30642.0,3.2634945499641017e-05,0.9859521445819696,0.014141141927636377,0.9790793374393293,0.9928249517246098,1.146917808219178
10061,1.0,30641.0,3.263601057406742e-05,0.9859199670373535,0.014173777938210444,0.9790470948316199,0.9927928392430871,1.1485159817351598
10088,1.0,30739.0,3.253196265330687e-05,0.9858878931258067,0.01420630990086375,0.9790149570075654,0.9927608292440481,1.1515981735159817
10123,1.0,31002.0,3.2255983484936457e-05,0.9858560923422081,0.014238565884348686,0.9789830952948981,0.992729089389518,1.155593607305936
10154,1.0,31000.0,3.2258064516129034e-05,0.9858242905327776,0.014270823948864815,0.9789512325569392,0.9926973485086161,1.1591324200913242
10165,1.0,30997.0,3.226118656644192e-05,0.985792486671419,0.014303085135431257,0.978919367756508,0.9926656055863301,1.1603881278538812
10213,1.0,30994.0,3.2264309221139574e-05,0.9857606807578012,0.014335349444652395,0.9788875008932709,0.9926338606223315,1.1658675799086757
10214,1.0,30993.0,3.226535024037686e-05,0.9857288748441834,0.014367614794892772,0.9788556340416624,0.9926021156467043,1.1659817351598174
10253,1.0,30988.0,3.2270556344391374e-05,0.9856970648249874,0.014399885351237164,0.9788237630517446,0.9925703665982303,1.170433789954338
10328,1.0,30980.0,3.227888960619755e-05,0.9856652476182468,0.014432164240843362,0.9787918848082374,0.9925386104282562,1.1789954337899544
10355,1.0,30979.0,3.227993156654508e-05,0.9856334304115062,0.014464444172409907,0.9787600065763743,0.9925068542466381,1.1820776255707763
10359,1.0,30978.0,3.22809735941636e-05,0.9856016132047655,0.01449672514600407,0.9787281283561549,0.9924750980533761,1.1825342465753426
10370,1.0,30977.0,3.228201568905962e-05,0.9855697959980249,0.01452900716169313,0.978696250147579,0.9924433418484707,1.1837899543378996
10456,1.0,30968.0,3.22913975716869e-05,0.9855379705719076,0.014561298559264817,0.9786643636424189,0.9924115775013963,1.193607305936073
10511,1.0,30964.0,3.2295569047926627e-05,0.9855061420623297,0.014593594128312744,0.9786324740321128,0.9923798100925465,1.1998858447488585
10542,1.0,30962.0,3.229765519023319e-05,0.9854743125247655,0.014625891783502976,0.9786005833943635,0.9923480416551674,1.2034246575342467
10545,1.0,30961.0,3.2298698362455994e-05,0.9854424829872014,0.014658190481865433,0.9785686927682746,0.9923162732061281,1.2037671232876712
10565,1.0,30957.0,3.230287172529638e-05,0.9854106503650808,0.014690493353590729,0.978536799035934,0.9922845016942275,1.2060502283105023
10688,1.0,34388.0,2.9079911597068747e-05,0.9853819947104814,0.014719573265187797,0.9785081138184303,0.9922558756025325,1.2200913242009133
10711,1.0,34465.0,2.9014942695488176e-05,0.9853534039083717,0.014748588207883285,0.9784794940460615,0.9922273137706819,1.222716894977169
10739,1.0,34489.0,2.8994751949897067e-05,0.9853248338308424,0.014777582959833183,0.9784508951923027,0.992198772469382,1.2259132420091323
10747,1.0,34488.0,2.8995592669914172e-05,0.985296263753313,0.014806578552503096,0.978422296346112,0.9921702311605141,1.2268264840182648
10760,1.0,34497.0,2.898802794445894e-05,0.9852677019576858,0.014835566580447554,0.9783937058638239,0.9921416980515476,1.2283105022831051
10789,1.0,34544.0,2.8948587308939323e-05,0.985239179849593,0.014864515167756494,0.978365155432771,0.9921132042664149,1.2316210045662102
10810,1.0,34543.0,2.8949425353906726e-05,0.9852106577415002,0.014893464593110401,0.9783366050092355,0.9920847104737649,1.2340182648401827
10815,1.0,34542.0,2.895026344739737e-05,0.9851821356334074,0.014922414856557799,0.978308054593217,0.9920562166735978,1.2345890410958904
10831,1.0,34538.0,2.8953616306676705e-05,0.98515361104786,0.014951368472864476,0.9782795016850573,0.9920277204106628,1.2364155251141553
10854,1.0,34536.0,2.895529302756544e-05,0.9851250856363749,0.014980323765892041,0.9782509479510764,0.9919992233216735,1.239041095890411
10901,1.0,34537.0,2.89544546428468e-05,0.9850965618767654,0.015009278220534888,0.9782223958912963,0.9919707278622345,1.2444063926940638
10993,1.0,34590.0,2.8910089621277826e-05,0.985068082646876,0.015038188310156166,0.9781938887672627,0.9919422765264893,1.2549086757990868
11027,1.0,34581.0,2.891761371851595e-05,0.9850395968285756,0.015067105923874682,0.9781653750034001,0.9919138186537511,1.2587899543378995
11360,1.0,34543.0,2.8949425353906726e-05,0.9850110804982966,0.01509605534922859,0.978136830462003,0.9918853305345902,1.2968036529680365
11459,1.0,34672.0,2.8841716658975542e-05,0.9849826710878069,0.015124897065887564,0.9781083938023557,0.9918569483732581,1.3081050228310502
11502,1.0,34913.0,2.8642625955947643e-05,0.9849544585975859,0.015153539691843512,0.9780801558114665,0.9918287613837053,1.313013698630137
11517,1.0,34977.0,2.8590216427938358e-05,0.9849262985364429,0.01518212990827145,0.9780519707167403,0.9918006263561454,1.3147260273972603
11531,1.0,35004.0,2.856816363844132e-05,0.9848981610007745,0.015210698071909891,0.9780238083517382,0.9917725136498109,1.316324200913242
11545,1.0,35002.0,2.8569796011656476e-05,0.9848700226612225,0.015239267867921548,0.977995645182942,0.9917444001395029,1.3179223744292237
11555,1.0,35001.0,2.8570612268220908e-05,0.9848418843216704,0.015267838480189769,0.9779674820212655,0.9917162866220753,1.3190639269406392
11602,1.0,34994.0,2.8576327370406356e-05,0.9848137411575759,0.015296414807560174,0.9779393139999751,0.9916881683151767,1.3244292237442923
11770,1.0,35093.0,2.8495711395434986e-05,0.9847856781894296,0.01532491051895561,0.9779112268813667,0.9916601294974926,1.3436073059360731
11783,1.0,35142.0,2.8455978601104093e-05,0.9847576551492444,0.015353366497556715,0.9778831800447332,0.9916321302537556,1.3450913242009133
11809,1.0,35150.0,2.844950213371266e-05,0.984729639284233,0.015381815999690428,0.9778551404525322,0.9916041381159337,1.3480593607305935
11834,1.0,35545.0,2.8133352088901393e-05,0.9847019355385785,0.015409949351779329,0.9778274156668507,0.9915764554103064,1.3509132420091323
11847,2.0,35562.0,5.623980653506552e-05,0.9846465560922292,0.015466189158314395,0.9777719943987612,0.9915211177856972,1.3523972602739727
11851,1.0,35560.0,2.81214848143982e-05,0.9846188663690545,0.015494310643128792,0.9777442837747301,0.9914934489633789,1.352853881278539
11929,1.0,35555.0,2.8125439459991562e-05,0.9845911735307373,0.015522436082588784,0.9777165700157792,0.9914657770456955,1.3617579908675799
11963,1.0,35648.0,2.8052064631956913e-05,0.9845635537155014,0.01555048814722074,0.9776889299052378,0.991438177525765,1.3656392694063928
11995,1.0,35908.0,2.784894730979169e-05,0.9845361346569709,0.015578337094530532,0.9776614922434073,0.9914107770705345,1.3692922374429224
12015,1.0,36446.0,2.7437853262360753e-05,0.9845091210989767,0.015605774947792892,0.9776344634240133,0.9913837787739401,1.3715753424657535
12043,1.0,36659.0,2.7278430944652063e-05,0.9844822652349025,0.015633053378737546,0.9776075935768618,0.9913569368929431,1.3747716894977169
12053,1.0,36711.0,2.7239791887989977e-05,0.98445544814288,0.015660293170625537,0.977580762818345,0.9913301334674149,1.3759132420091325
12060,2.0,36709.0,5.448255196273393e-05,0.9844018124977716,0.01571477572258827,0.9775270998461758,0.9912765251493674,1.3767123287671232
12100,1.0,36707.0,2.724276023646716e-05,0.9843749946752174,0.01574201848282474,0.9775002683689015,0.9912497209815333,1.3812785388127853
12102,1.0,36706.0,2.7243502424671715e-05,0.9843481768526632,0.01576926198524941,0.9774734368975004,0.9912229168078259,1.3815068493150684
12104,1.0,36705.0,2.7244244653316986e-05,0.984321359030109,0.015796506229902727,0.9774466054319729,0.991196112628245,1.3817351598173515
12110,1.0,36704.0,2.724498692240628e-05,0.9842945412075548,0.015823751216825135,0.9774197739723187,0.9911693084427908,1.3824200913242009
12129,1.0,36703.0,2.724572923194289e-05,0.9842677233850006,0.01585099694605708,0.9773929425185379,0.9911425042514632,1.3845890410958903
12156,1.0,36701.0,2.7247213972371324e-05,0.9842409048317353,0.01587824416002945,0.977366110334073,0.9911156993293977,1.3876712328767122
12171,1.0,36700.0,2.7247956403269754e-05,0.9842140862784701,0.01590549211643272,0.977339278155482,0.9910888944014581,1.3893835616438357
12223,1.0,36694.0,2.7252411838447703e-05,0.9841872640708537,0.01593274452827117,0.9773124422991732,0.9910620858425341,1.3953196347031964
12228,1.0,36693.0,2.7253154552639466e-05,0.9841604418632371,0.015959997682823808,0.9772856064487414,0.9910352772777329,1.395890410958904
12246,2.0,36691.0,5.450928020495489e-05,0.984106795985945,0.016014506963028762,0.9772319332917504,0.9909816586801395,1.3979452054794521
12278,1.0,36688.0,2.7256868730920193e-05,0.9840799723161896,0.016041763831759683,0.9772050959851115,0.9909548486472677,1.4015981735159817
12287,1.0,36687.0,2.7257611688063892e-05,0.9840531486464342,0.016069021443447747,0.9771782586843507,0.9909280386085177,1.4026255707762556
12335,1.0,36685.0,2.725909772386534e-05,0.9840263242454899,0.016096280541171612,0.977151420652428,0.9909012278385517,1.4081050228310503
12376,1.0,36682.0,2.7261327081402323e-05,0.9839994983820078,0.016123541868253013,0.9771245811521423,0.9908744156118734,1.4127853881278538
12388,1.0,36677.0,2.726504348774436e-05,0.9839726695928925,0.016150806911740756,0.9770977387086878,0.9908476004770973,1.4141552511415525
12400,1.0,36677.0,2.726504348774436e-05,0.9839458415352653,0.0161780719552285,0.9770708970084587,0.9908207860620719,1.4155251141552512
12423,1.0,36674.0,2.726727381796368e-05,0.9839190120145821,0.01620533922904646,0.9770440538393452,0.990793970189819,1.4181506849315069
12435,1.0,36673.0,2.726801734245903e-05,0.983892182493899,0.01623260724638892,0.977017210676115,0.9907671543116829,1.4195205479452055
12581,1.0,36660.0,2.727768685215494e-05,0.9838653441910487,0.016259884933241073,0.976990358666288,0.9907403297158093,1.4361872146118722
12590,1.0,36659.0,2.7278430944652063e-05,0.9838385058881983,0.016287163364185727,0.9769635066623517,0.990713505114045,1.437214611872146
12591,1.0,36658.0,2.727917507774565e-05,0.983811667585348,0.016314442539263473,0.9769366546643061,0.9906866805063899,1.4373287671232877
12599,1.0,36656.0,2.7280663465735486e-05,0.983784828550331,0.016341723202729207,0.9769098019341211,0.9906598551665409,1.4382420091324202
12601,2.0,36655.0,5.456281544127677e-05,0.9837311504802969,0.016396286018170485,0.9768560964914248,0.990606204469169,1.4384703196347033
12646,1.0,36650.0,2.728512960436562e-05,0.9837043092483602,0.016423571147774853,0.9768292415644,0.9905793769323203,1.443607305936073
12655,1.0,36646.0,2.7288107842602195e-05,0.9836774658190842,0.016450859255617456,0.9768023844283298,0.9905525472098387,1.4446347031963471
12673,1.0,36645.0,2.7288852503752216e-05,0.9836506223898082,0.016478148108121208,0.9767755272981544,0.9905257174814619,1.446689497716895
12687,1.0,36643.0,2.7290341947984608e-05,0.9836237782279658,0.01650543845006919,0.97674866943544,0.9904988870204915,1.4482876712328767
12706,1.0,36641.0,2.7291831554815644e-05,0.9835969333334971,0.016532730281624008,0.9767218108401267,0.9904720558268675,1.4504566210045662
12760,1.0,36639.0,2.729332132427195e-05,0.983570087706342,0.016560023602948278,0.9766949515121542,0.9904452239005298,1.45662100456621
12782,1.0,36638.0,2.7294066269992904e-05,0.983543242079187,0.016587317669218272,0.9766680921900787,0.9904183919682953,1.4591324200913243
12807,1.0,36634.0,2.7297046459573073e-05,0.9835163942536129,0.016614614715677843,0.9766412306578705,0.9903915578493554,1.461986301369863
12811,1.0,36633.0,2.729779160865886e-05,0.9834895464280389,0.016641912507286503,0.976614369131561,0.9903647237245168,1.4624429223744293
12835,1.0,36630.0,2.73000273000273e-05,0.9834626971365721,0.01666921253458653,0.9765875061335141,0.9903378881396301,1.4651826484018264
12837,1.0,36627.0,2.7302263357632347e-05,0.9834358463790124,0.01669651479794416,0.9765606416635285,0.9903110510944962,1.4654109589041096
12865,1.0,36623.0,2.730524533762936e-05,0.9834089934219531,0.01672382004328179,0.9765337749823213,0.9902842118615849,1.4686073059360731
12904,1.0,36621.0,2.730673657191229e-05,0.9833821397316272,0.016751126779853704,0.976506907567875,0.9902573718953795,1.4730593607305935
12909,1.0,36620.0,2.7307482250136537e-05,0.9833552860413014,0.01677843426210384,0.9764800401593322,0.9902305319232706,1.4736301369863014
12947,1.0,36615.0,2.7311211252219036e-05,0.9833284294173483,0.01680574547335606,0.9764531697995572,0.9902036890351394,1.4779680365296803
12958,1.0,36613.0,2.7312703138229592e-05,0.9833015720598682,0.01683305817649429,0.9764262987062826,0.9901768454134539,1.4792237442922374
12959,1.0,36612.0,2.7313449142357696e-05,0.9832747147023883,0.016860371625636646,0.976399427618915,0.9901500017858615,1.479337899543379
12976,1.0,36606.0,2.731792602305633e-05,0.9832478536764717,0.0168876895516597,0.9763725528396148,0.9901231545133287,1.4812785388127854
12990,1.0,36601.0,2.732165787820005e-05,0.983220989715004,0.0169150112095379,0.9763456751071401,0.990096304322868,1.4828767123287672
13041,1.0,36596.0,2.7325390753087768e-05,0.9831941228172634,0.01694233660029099,0.9763187944207616,0.9900694512137651,1.4886986301369862
13110,1.0,36591.0,2.732912464813752e-05,0.9831672529825276,0.016969665724939128,0.9762919107797501,0.9900425951853051,1.4965753424657535
13159,1.0,36588.0,2.733136547501913e-05,0.9831403816790132,0.016996997090414148,0.9762650256640971,0.9900157376939293,1.5021689497716895
13161,1.0,36586.0,2.733285956376756e-05,0.9831135096410293,0.017024329949977917,0.9762381398140024,0.9899888794680561,1.5023972602739726
13164,1.0,36585.0,2.7333606669400026e-05,0.9830866376030454,0.017051663556647317,0.9762112539698271,0.9899620212362636,1.5027397260273974
13183,1.0,36581.0,2.733659550039638e-05,0.9830597633612914,0.01707900015214771,0.9761843659101243,0.9899351608124586,1.5049086757990868
13192,1.0,36580.0,2.733734281027884e-05,0.9830328891195375,0.01710633749495799,0.9761574778563428,0.9899083003827321,1.5059360730593607
13236,1.0,36567.0,2.7347061558235567e-05,0.9830060060586049,0.017133684556516225,0.9761305809185408,0.989881431198669,1.510958904109589
13311,1.0,36551.0,2.735903258460781e-05,0.9829791119652542,0.01716104358910083,0.9761036728656692,0.9898545510648392,1.5195205479452054
13359,1.0,36549.0,2.736052969985499e-05,0.982952217136067,0.017188404118800685,0.9760767640769895,0.9898276701951444,1.525
13369,1.0,36547.0,2.73620269789586e-05,0.9829253215709827,0.017215766145779646,0.9760498545524411,0.9898007885895242,1.5261415525114155
13375,1.0,36544.0,2.7364273204903678e-05,0.9828984245339432,0.01724313041898455,0.9760229435500535,0.9897739055178328,1.5268264840182648
13409,1.0,36542.0,2.736577089376608e-05,0.9828715267608454,0.017270496189878318,0.9759960318116362,0.9897470217100547,1.5307077625570775
13431,1.0,36541.0,2.7366519799677075e-05,0.9828446289877477,0.017297862709677994,0.9759691200791606,0.9897201378963348,1.5332191780821918
13440,1.0,36540.0,2.7367268746579092e-05,0.9828177312146501,0.01732522997842457,0.9759422083526269,0.9896932540766733,1.5342465753424657
13459,1.0,36536.0,2.737026494416466e-05,0.982790831232955,0.017352600243368738,0.9759152944056954,0.9896663680602146,1.5364155251141554
13473,1.0,36535.0,2.737101409607226e-05,0.9827639312512597,0.01737997125746481,0.9758883804647073,0.9896394820378122,1.538013698630137
13480,1.0,36533.0,2.737251252292448e-05,0.9827370305332445,0.017407343769987735,0.9758614657874275,0.9896125952790614,1.538812785388128
13511,1.0,36528.0,2.7376259307928164e-05,0.9827101268694651,0.017434720029295664,0.9758345481466607,0.9895857055922695,1.542351598173516
13561,1.0,36517.0,2.7384505846591998e-05,0.9826832158382504,0.017462104535142256,0.9758076230851932,0.9895588085913075,1.5480593607305937
13576,1.0,36515.0,2.738600575106121e-05,0.98265630407005,0.017489490540893316,0.9757806972867688,0.9895319108533313,1.549771689497717
13580,1.0,36514.0,2.7386755764912087e-05,0.9826293923018496,0.01751687729665823,0.9757537714942982,0.9895050131094011,1.5502283105022832
13588,1.0,36512.0,2.738825591586328e-05,0.9826024797965829,0.017544265552574094,0.9757268449647899,0.9894781146283759,1.5511415525114156
13596,1.0,36511.0,2.7389006052970338e-05,0.9825755672913161,0.017571654558627064,0.975699918441236,0.9894512161413962,1.5520547945205478
13619,1.0,36507.0,2.7392007012353796e-05,0.9825486525744866,0.017599046565639417,0.9756729896942945,0.9894243154546788,1.5546803652968038
13620,1.0,36505.0,2.7393507738665938e-05,0.9825217371203688,0.017626440073378085,0.9756460602100931,0.9893974140306445,1.5547945205479452
13650,1.0,36503.0,2.739500862942772e-05,0.9824948209289017,0.01765383508200751,0.9756191299885713,0.9893705118692322,1.5582191780821917
13651,1.0,36502.0,2.7395759136485672e-05,0.9824679047374347,0.017681230841143997,0.9755921997730069,0.9893436097018625,1.5583333333333333
13661,1.0,36498.0,2.7398761575976766e-05,0.9824409863335568,0.017708629602719975,0.9755652673332006,0.989316705333913,1.559474885844749
13672,2.0,36497.0,5.479902457736252e-05,0.9823871495258009,0.017763428627297337,0.9755114024714662,0.9892628965801356,1.560730593607306
13695,1.0,36491.0,2.7404017428955086e-05,0.9823602281712333,0.017790832644726293,0.9754844670751215,0.989235989267345,1.5633561643835616
13757,1.0,36480.0,2.7412280701754386e-05,0.9823332994369084,0.017818244925428047,0.9754575242456203,0.9892090746281965,1.570433789954338
13758,1.0,36479.0,2.741303215548672e-05,0.9823063707025835,0.017845657957583534,0.9754305814220876,0.9891821599830795,1.5705479452054794
13782,1.0,36472.0,2.741829348541347e-05,0.982279437538219,0.01787307625106895,0.9754036341388368,0.9891552409376012,1.5732876712328767
13786,1.0,36470.0,2.7419797093501507e-05,0.9822525036353525,0.01790049604816245,0.975376686117113,0.9891283211535921,1.573744292237443
13787,1.0,36469.0,2.7420548959390168e-05,0.9822255697324861,0.01792791659712184,0.9753497381013623,0.9891014013636099,1.5738584474885844
13788,1.0,36468.0,2.7421300866513107e-05,0.9821986358296196,0.017955337897988352,0.9753227900915844,0.9890744815676549,1.573972602739726
13805,1.0,36464.0,2.7424308907415534e-05,0.9821716997108222,0.017982762206895767,0.9752958398540147,0.9890475595676297,1.5759132420091324
13812,1.0,36460.0,2.7427317608337905e-05,0.9821447613756683,0.018010189524504106,0.975268887388224,0.9890206353631126,1.5767123287671232
13863,1.0,36454.0,2.743183189773413e-05,0.9821178193456751,0.01803762135640184,0.9752419312038261,0.9889937074875241,1.5825342465753425
13893,1.0,36447.0,2.7437100447224738e-05,0.9820908728804147,0.018065058456849064,0.9752149705544264,0.9889667752064031,1.585958904109589
13923,1.0,36423.0,2.7455179419597507e-05,0.9820639093992934,0.01809251363626866,0.9751879927580335,0.9889398260405534,1.5893835616438357
13982,1.0,36346.0,2.7513343971826336e-05,0.9820368895371518,0.018120026980240487,0.9751609581311506,0.9889128209431531,1.5961187214611872
13984,1.0,36345.0,2.7514100976750586e-05,0.9820098696750101,0.018147541081217237,0.9751339235103168,0.9888858158397035,1.5963470319634703
14024,1.0,36194.0,2.762888876609383e-05,0.9819827378335537,0.01817516996998333,0.9751067760063911,0.9888586996607164,1.6009132420091323
14045,1.0,35338.0,2.8298149301035713e-05,0.9819549495394274,0.018203468119284368,0.9750789665815573,0.9888309324972975,1.6033105022831051
14061,1.0,35230.0,2.838489923360772e-05,0.9819270768471328,0.018231853018517975,0.9750510720440541,0.9888030816502115,1.6051369863013698
14118,1.0,35223.0,2.8390540271981376e-05,0.9818991994069134,0.018260243558789958,0.9750231727247829,0.9887752260890439,1.6116438356164384
14164,1.0,35216.0,2.8396183552930485e-05,0.9818713172170166,0.018288639742342887,0.9749952686219695,0.9887473658120637,1.6168949771689498
14179,1.0,35211.0,2.8400215841640397e-05,0.9818434318596789,0.01831703995818453,0.9749673613314134,0.9887195023879445,1.618607305936073
14181,1.0,35209.0,2.840182907779261e-05,0.981815545710346,0.018345441787262322,0.974939453248932,0.98869163817176,1.6188356164383562
14286,1.0,35255.0,2.836477095447454e-05,0.9817876967372724,0.018373806558216795,0.9749115826680013,0.9886638108065435,1.6308219178082193
14297,1.0,35867.0,2.788078177712103e-05,0.9817603237287482,0.018401687339993915,0.9748841920669121,0.9886364553905843,1.6320776255707763
14353,1.0,36196.0,2.7627362139462923e-05,0.9817332002807504,0.018429314702133378,0.9748570530838262,0.9886093474776746,1.6384703196347032
14411,1.0,36185.0,2.763576067431256e-05,0.9817060693369813,0.01845695046280769,0.9748299065500129,0.9885822321239498,1.6450913242009133
14442,1.0,36183.0,2.763728822927894e-05,0.9816789376433867,0.01848458775103697,0.9748027592664094,0.9885551160203639,1.6486301369863015
14515,1.0,36166.0,2.7650279267820604e-05,0.9816517939466095,0.01851223803030479,0.97477559988787,0.988527988005349,1.6569634703196348
14527,1.0,36163.0,2.7652573071924342e-05,0.9816246487486462,0.018539890603376713,0.9747484390020551,0.9885008584952373,1.6583333333333334
14538,1.0,36199.0,2.7625072515815354e-05,0.9815975312965411,0.01856751567589253,0.9747213060944538,0.9884737564986285,1.6595890410958904
14552,1.0,36210.0,2.7616680475006903e-05,0.9815704228311642,0.018595132356367537,0.9746941822528856,0.9884466634094429,1.6611872146118722
14576,1.0,36226.0,2.760448296803401e-05,0.9815433270871453,0.01862273683933557,0.9746670712422986,0.9884195829319921,1.6639269406392694
14580,1.0,36241.0,2.7593057586711182e-05,0.9815162433055972,0.018650329896922283,0.9746399722975346,0.9883925143136597,1.6643835616438356
14596,1.0,36672.0,2.7268760907504364e-05,0.9814894785738316,0.018677598657829787,0.9746131949724472,0.988365762175216,1.6662100456621005
14607,1.0,37170.0,2.690341673392521e-05,0.9814630731533696,0.018704502074563714,0.9745867797836406,0.9883393665230985,1.6674657534246575
14610,1.0,37245.0,2.6849241508927372e-05,0.9814367216142863,0.01873135131607264,0.974560418898252,0.9883130243303206,1.667808219178082
14622,1.0,37391.0,2.674440373351876e-05,0.9814104736743645,0.018758095719806158,0.9745341624137763,0.9882867849349527,1.6691780821917808
14653,1.0,37386.0,2.6747980527470175e-05,0.9813842229261251,0.018784843700333627,0.9745079031048637,0.9882605427473866,1.672716894977169
14685,1.0,37381.0,2.6751558278269708e-05,0.9813579693688922,0.018811595258611896,0.9744816409708315,0.9882342977669529,1.6763698630136987
14703,1.0,37416.0,2.6726534103057515e-05,0.9813317410716565,0.018838321792714954,0.9744554042954934,0.9882080778478197,1.6784246575342465
14711,1.0,37433.0,2.671439638821361e-05,0.9813055253865371,0.01886503618910317,0.9744291803340218,0.9881818704390525,1.679337899543379
14716,1.0,37432.0,2.6715110066253472e-05,0.9812793097014179,0.018891751299169424,0.97440295637791,0.9881556630249257,1.6799086757990866
14743,1.0,37429.0,2.6717251329183253e-05,0.9812530926154764,0.018918468550498606,0.9743767310156357,0.9881294542153172,1.6829908675799086
14747,1.0,37428.0,2.671796515977343e-05,0.981226875529535,0.01894518651565838,0.9743505056587222,0.9881032454003479,1.6834474885844748
14749,1.0,37427.0,2.671867902850883e-05,0.9812006584435936,0.01897190519468689,0.9743242803071693,0.9880770365800179,1.683675799086758
14750,1.0,37426.0,2.671939293539251e-05,0.9811744413576522,0.018998624587622283,0.9742980549609773,0.9880508277543271,1.6837899543378996
14755,1.0,37425.0,2.672010688042752e-05,0.9811482242717108,0.019025344694502712,0.9742718296201459,0.9880246189232756,1.6843607305936072
14794,1.0,37415.0,2.6727248429774155e-05,0.9811220008793742,0.019052071942932486,0.974245597930103,0.9879984038286453,1.6888127853881278
14797,1.0,37414.0,2.672796279467579e-05,0.9810957774870376,0.01907879990572716,0.9742193662454258,0.9879721887286493,1.6891552511415524
14800,1.0,37413.0,2.6728677197765484e-05,0.981069554094701,0.019105528582924927,0.9741931345661146,0.9879459736232874,1.6894977168949772
14812,1.0,37409.0,2.673153519206608e-05,0.9810433285993898,0.019132260118116994,0.9741669007731254,0.9879197564256542,1.6908675799086759
14815,1.0,37408.0,2.6732249786142e-05,0.9810171031040787,0.019158992367903135,0.9741406669855037,0.9878935392226538,1.6912100456621004
14839,2.0,37405.0,5.346878759524128e-05,0.9809646493089655,0.019212461155498375,0.974088196600442,0.9878411020174891,1.6939497716894978
14842,2.0,37403.0,5.3471646659358877e-05,0.9809121955138523,0.019265932802157732,0.9740357262368546,0.98778866479085,1.6942922374429223
14860,1.0,37399.0,2.6738682852482685e-05,0.9808859672137503,0.019292671485010213,0.9740094896498506,0.9877624447776501,1.6963470319634704
14884,1.0,37395.0,2.6741542987030352e-05,0.9808597368094928,0.019319413027997244,0.97398325094798,0.9877362226710056,1.6990867579908675
14890,1.0,37390.0,2.6745119015779622e-05,0.980833503599094,0.019346158147013022,0.9739570094238909,0.9877099977742972,1.6997716894977168
14921,2.0,37386.0,5.349596105494035e-05,0.9807810329681841,0.019399654108067963,0.9739045221495377,0.9876575437868305,1.703310502283105
14927,1.0,37383.0,2.675012706310355e-05,0.9807547969509312,0.019426404235131065,0.9738782778132609,0.9876313160886014,1.7039954337899543
14962,1.0,37381.0,2.6751558278269708e-05,0.9807285602318239,0.019453155793409335,0.9738520327751399,0.9876050876885079,1.7079908675799087
14967,1.0,37377.0,2.675442116809803e-05,0.9807023214068719,0.019479910214577432,0.9738257856204496,0.9875788571932941,1.7085616438356164
14969,1.0,37376.0,2.675513698630137e-05,0.9806760825819197,0.019506665351563732,0.9737995384711375,0.9875526266927019,1.7087899543378995
15006,1.0,37429.0,2.6717251329183253e-05,0.9806498816125488,0.019533382602892915,0.9737733294718258,0.9875264337532719,1.713013698630137
15009,1.0,37428.0,2.671796515977343e-05,0.9806236806431781,0.01956010056805269,0.9737471204778614,0.9875002408084947,1.7133561643835618
15040,1.0,37427.0,2.671867902850883e-05,0.9805974796738073,0.019586819247081198,0.9737209114892441,0.9874740478583705,1.7168949771689497
15042,1.0,37426.0,2.671939293539251e-05,0.9805712787044364,0.01961353864001659,0.9736947025059738,0.987447854902899,1.7171232876712328
15054,1.0,37423.0,2.6721534884963792e-05,0.9805450763348054,0.019640260174901555,0.9736684921171145,0.9874216605524962,1.7184931506849315
15066,1.0,37423.0,2.6721534884963792e-05,0.9805188746653418,0.019666981709786518,0.973642282439109,0.9873954668915746,1.7198630136986301
15075,1.0,37421.0,2.6722963042142112e-05,0.9804926722956919,0.01969370467282866,0.9736160720609266,0.9873692725304573,1.720890410958904
15097,1.0,37419.0,2.6724391351986957e-05,0.9804664692257997,0.019720429064180648,0.9735898609825112,0.9873430774690882,1.7234018264840183
15104,1.0,37417.0,2.672581981452281e-05,0.980440265455609,0.01974715488399517,0.9735636492038066,0.9873168817074115,1.724200913242009
15105,1.0,37416.0,2.6726534103057515e-05,0.9804140616854183,0.01977388141809823,0.9735374374304513,0.9872906859403854,1.7243150684931507
15137,1.0,37414.0,2.672796279467579e-05,0.9803878572148542,0.019800609380892904,0.9735112249567318,0.9872644894729766,1.7279680365296803
15140,1.0,37413.0,2.6728677197765484e-05,0.9803616527442901,0.01982733805809067,0.9734850124883623,0.9872382930002179,1.7283105022831051
15144,1.0,37412.0,2.6729391639046295e-05,0.980335448273726,0.01985406744972972,0.9734588000253425,0.9872120965221095,1.7287671232876711
15148,1.0,37411.0,2.673010611852129e-05,0.9803092438031619,0.01988079755584824,0.9734325875676724,0.9871859000386514,1.7292237442922374
15172,1.0,37409.0,2.673153519206608e-05,0.9802830386321121,0.019907529091040307,0.9734063744095259,0.9871597028546982,1.7319634703196347
15179,1.0,37408.0,2.6732249786142e-05,0.9802568334610623,0.01993426134082645,0.9733801612567299,0.9871335056653947,1.7327625570776255
15181,1.0,37407.0,2.673296441842436e-05,0.9802306282900124,0.019960994305244874,0.9733539481092839,0.9871073084707409,1.7329908675799086
15205,1.0,37405.0,2.673439379762064e-05,0.9802044224183832,0.019987728699042494,0.973327734261268,0.9870811105754985,1.735730593607306
15222,1.0,37402.0,2.6736538153039946e-05,0.9801782151454456,0.020014465237195533,0.9733015190066105,0.9870549112842806,1.7376712328767123
15237,1.0,37398.0,2.6739397828760897e-05,0.9801520057702078,0.020041204635024294,0.9732753016389754,0.9870287099014402,1.7393835616438356
15238,1.0,37396.0,2.6740827896031662e-05,0.9801257956941095,0.020067945462920324,0.9732490835704889,0.9870025078177301,1.7394977168949772
15288,1.0,37391.0,2.674440373351876e-05,0.9800995828141198,0.02009468986665384,0.9732228626820821,0.9869763029461575,1.7452054794520548
15298,1.0,37390.0,2.6745119015779622e-05,0.9800733699341301,0.02012143498566962,0.973196641799032,0.9869500980692282,1.7463470319634704
15300,1.0,37389.0,2.674583433630212e-05,0.9800471570541405,0.020148180820005922,0.9731704209213383,0.9869238931869426,1.7465753424657535
15303,1.0,37388.0,2.6746549695089334e-05,0.9800209441741508,0.02017492736970101,0.9731442000490009,0.9868976882993006,1.746917808219178
15319,1.0,37386.0,2.6747980527470175e-05,0.9799947305930194,0.02020167535022848,0.9731179784755313,0.9868714827105076,1.748744292237443
15323,1.0,37385.0,2.6748696001069948e-05,0.9799685170118881,0.02022842404622955,0.9730917569074187,0.9868452771163576,1.7492009132420092
15324,1.0,37384.0,2.6749411512946715e-05,0.9799423034307568,0.020255173457742498,0.9730655353446629,0.9868190715168508,1.7493150684931507
15328,1.0,37383.0,2.675012706310355e-05,0.9799160898496255,0.0202819235848056,0.9730393137872642,0.9867928659119869,1.7497716894977169
15330,1.0,37382.0,2.6750842651543523e-05,0.9798898762684942,0.020308674427457145,0.9730130922352224,0.9867666603017661,1.75
15350,1.0,37382.0,2.6750842651543523e-05,0.9798636633885983,0.02033542527010869,0.9729868713951199,0.9867404553820768,1.7522831050228311
15364,1.0,37381.0,2.6751558278269708e-05,0.9798374505087024,0.02036217682838696,0.9729606505603737,0.9867142504570311,1.7538812785388127
15373,2.0,37379.0,5.3505979293186016e-05,0.9797850233463647,0.020415682807680146,0.9729082074937109,0.9866618391990186,1.7549086757990868
15391,1.0,37374.0,2.6756568737625086e-05,0.9797588076610395,0.02044243937641777,0.9728819838482137,0.9866356314738653,1.7569634703196346
15400,1.0,37373.0,2.6757284670751613e-05,0.9797325919757143,0.020469196661088523,0.972855760208075,0.9866094237433536,1.7579908675799087
15406,1.0,37372.0,2.6758000642192015e-05,0.9797063762903889,0.020495954661730716,0.9728295365732947,0.9865832160074831,1.758675799086758
15407,1.0,37371.0,2.6758716651949373e-05,0.9796801606050637,0.020522713378382663,0.9728033129438731,0.9865570082662543,1.7587899543378995
15447,1.0,37368.0,2.676086491115393e-05,0.9796539435166296,0.020549474243293817,0.9727770879060019,0.9865307991272573,1.7633561643835616
15462,1.0,37367.0,2.6761581074209864e-05,0.9796277264281955,0.020576235824368027,0.9727508628734903,0.9865045899829007,1.765068493150685
15471,1.0,37363.0,2.676444610978776e-05,0.9796015072347038,0.020603000270477814,0.9727246357252278,0.9864783787441799,1.766095890410959
15476,1.0,37362.0,2.676516246453616e-05,0.9795752880412122,0.02062976543294235,0.9726984085823266,0.9864521675000978,1.7666666666666666
15477,1.0,37361.0,2.676587885763229e-05,0.9795490688477205,0.020656531311799984,0.9726721814447866,0.9864259562506544,1.7667808219178083
15481,1.0,37359.0,2.6767311758880057e-05,0.9795228489524116,0.020683298623558864,0.9726459536054386,0.9863997442993846,1.7672374429223745
15485,1.0,37358.0,2.676802826703785e-05,0.9794966290571026,0.0207100666518259,0.9726197257714523,0.9863735323427528,1.7676940639269407
15494,1.0,37357.0,2.676874481355569e-05,0.9794704091617936,0.020736835396639456,0.9725934979428279,0.9863473203807593,1.7687214611872146
15514,2.0,37355.0,5.3540356043367687e-05,0.9794179679673531,0.020790375752682822,0.972541040887137,0.9862948950475693,1.7710045662100458
15523,1.0,37353.0,2.677161138328916e-05,0.9793917473701329,0.02081714736406611,0.9725148123673351,0.9862686823729307,1.7720319634703197
15541,1.0,37350.0,2.677376171352075e-05,0.9793655253688646,0.02084392112577963,0.9724885824381404,0.9862424682995887,1.7740867579908677
15543,1.0,37348.0,2.677519545892685e-05,0.9793393026654971,0.020870696321238558,0.9724623518068557,0.9862162535241384,1.7743150684931508
15554,1.0,37345.0,2.6777346364975233e-05,0.9793130785577807,0.02089747366760353,0.9724361197658759,0.9861900373496856,1.7755707762557078
15558,1.0,37343.0,2.677878049433629e-05,0.9792868537478149,0.02092425244809787,0.9724098870226557,0.986163820472974,1.776027397260274
15559,1.0,37342.0,2.6779497616624714e-05,0.9792606289378489,0.020951031945714495,0.9723836542848012,0.9861376035908966,1.7761415525114155
15560,1.0,37340.0,2.678093197643278e-05,0.9792344034255582,0.02097781287769093,0.972357420844631,0.9861113860064855,1.7762557077625571
15567,1.0,37338.0,2.6782366489903047e-05,0.9792081772108862,0.021004595244180833,0.9723311867020886,0.9860851677196837,1.777054794520548
15569,1.0,37337.0,2.6783083804269223e-05,0.9791819509962142,0.0210313783279851,0.972304952564913,0.9860589494275154,1.777283105022831
15573,1.0,37335.0,2.6784518548279094e-05,0.9791557240790856,0.02105816284653338,0.97227871772529,0.9860327304328812,1.7777397260273973
15576,1.0,37334.0,2.6785235977928965e-05,0.9791294971619571,0.02108494808251131,0.9722524828910343,0.9860065114328799,1.7780821917808218
15590,1.0,37332.0,2.6786670952534018e-05,0.9791032695422967,0.021111734753463843,0.9722262473542558,0.9859802917303375,1.7796803652968036
15591,1.0,37331.0,2.678738849749538e-05,0.9790770419226362,0.02113852214196134,0.9722000118228451,0.9859540720224274,1.7797945205479453
15594,1.0,37330.0,2.678810608090008e-05,0.9790508143029758,0.02116531024804224,0.9721737762968022,0.9859278523091494,1.7801369863013699
15609,1.0,37329.0,2.678882370275121e-05,0.9790245866833154,0.02119209907174499,0.9721475407761272,0.9859016325905036,1.781849315068493
15618,1.0,37328.0,2.6789541363051864e-05,0.978998359063655,0.021218888613108042,0.9721213052608199,0.98587541286649,1.7828767123287672
15633,1.0,37326.0,2.6790976799014093e-05,0.978972130741331,0.021245679589907057,0.9720950690428581,0.985849192439804,1.7845890410958904
15649,2.0,37324.0,5.3584824777622976e-05,0.9789196726912431,0.02129926441468468,0.9720425952068816,0.9857967501756046,1.7864155251141554
15719,1.0,37318.0,2.679672008146203e-05,0.9788934408547918,0.021326061134766143,0.9720163554640967,0.9857705262454869,1.7944063926940639
15766,1.0,37315.0,2.6798874447273214e-05,0.9788672076123731,0.021352860009213416,0.9719901143099909,0.9857443009147553,1.799771689497717
15771,1.0,37314.0,2.6799592646191777e-05,0.9788409743699544,0.02137965960185961,0.9719638731612574,0.9857180755786514,1.8003424657534246
15777,1.0,37313.0,2.680031088360625e-05,0.9788147411275356,0.021406459912743217,0.9719376320178961,0.9856918502371752,1.801027397260274
15781,2.0,37312.0,5.360205831903945e-05,0.9787622746426982,0.021460061971062257,0.97188514974729,0.9856393995381063,1.8014840182648402
15783,1.0,37310.0,2.680246582685607e-05,0.9787360414002794,0.021486864436889113,0.9718589086200453,0.9856131741805134,1.8017123287671233
15801,1.0,37309.0,2.680318421828513e-05,0.9787098081578606,0.0215136676211074,0.9718326674981727,0.9855869488175485,1.8037671232876713
15804,1.0,37306.0,2.680533962365303e-05,0.9786835735090599,0.021540472960731052,0.9718064249645636,0.9855607220535562,1.8041095890410959
15830,1.0,37298.0,2.6811089066437878e-05,0.9786573339366027,0.021567284049797488,0.9717801774751096,0.9855344903980958,1.8070776255707763
15846,1.0,37294.0,2.681396471282244e-05,0.9786310922533846,0.021594098014510312,0.9717539278641658,0.9855082566426034,1.808904109589041
15899,1.0,37282.0,2.6822595354326485e-05,0.978604842827596,0.02162092060986464,0.9717276704569308,0.9854820151982612,1.8149543378995434
15910,1.0,37278.0,2.682547346960674e-05,0.9785785912893474,0.021647746083334248,0.9717014109264912,0.9854557716522037,1.8162100456621004
15980,1.0,37266.0,2.6834111522567488e-05,0.9785523320022952,0.021674580194856817,0.9716751435934484,0.985429520411142,1.8242009132420092
15982,1.0,37265.0,2.683483161143164e-05,0.9785260727152428,0.02170141502646825,0.9716488762657989,0.9854032691646868,1.8244292237442923
16007,1.0,37259.0,2.6839152956332697e-05,0.9784998099043055,0.021728254179424582,0.9716226053927322,0.9853770144158789,1.827283105022831
16024,1.0,37252.0,2.6844196284763233e-05,0.9784735428633439,0.021755098375709346,0.971596330262708,0.9853507554639798,1.8292237442922374
16028,1.0,37251.0,2.684491691498215e-05,0.9784472758223822,0.02178194329262433,0.9715700551380836,0.9853244965066809,1.8296803652968037
16045,1.0,37248.0,2.6847079037800687e-05,0.9784210073710339,0.02180879037166213,0.9715437785976911,0.9852982361443766,1.83162100456621
16047,1.0,37247.0,2.684779982280452e-05,0.9783947389196856,0.021835638171484935,0.9715175020626997,0.9852719757766716,1.8318493150684931
16053,1.0,37246.0,2.6848520646512378e-05,0.9783684704683373,0.021862486692131446,0.971491225533109,0.9852457154035656,1.8325342465753425
16067,1.0,37245.0,2.6849241508927372e-05,0.978342202016989,0.021889335933640373,0.9714649490089191,0.9852194550250588,1.8341324200913243
16077,1.0,37244.0,2.6849962410052626e-05,0.9783159335656406,0.021916185896050426,0.9714386724901299,0.9851931946411513,1.8352739726027398
16085,1.0,37243.0,2.6850683349891256e-05,0.9782896651142924,0.02194303657940032,0.9714123959767417,0.9851669342518431,1.836187214611872
16096,1.0,37241.0,2.6852125345721114e-05,0.9782633959575804,0.02196988870474604,0.9713861187579991,0.9851406731571617,1.8374429223744293
16097,1.0,37240.0,2.6852846401718583e-05,0.9782371268008684,0.021996741551147756,0.9713598415446578,0.985114412057079,1.8375570776255707
16104,1.0,37239.0,2.6853567496441904e-05,0.9782108576441563,0.0220235951186442,0.9713335643367178,0.9850881509515947,1.8383561643835618
16115,1.0,37238.0,2.6854288629894193e-05,0.9781845884874442,0.022050449407274093,0.971307287134179,0.9850618898407093,1.8396118721461188
16116,1.0,37237.0,2.685500980207858e-05,0.9781583193307322,0.02207730441707617,0.9712810099370416,0.9850356287244227,1.8397260273972602
16121,1.0,37236.0,2.6855731012998174e-05,0.97813205017402,0.02210416014808917,0.9712547327453053,0.9850093676027348,1.840296803652968
16131,1.0,37234.0,2.6857173551055485e-05,0.9781057803117926,0.022131017321640228,0.971228454848063,0.9849831057755223,1.8414383561643837
16137,1.0,37232.0,2.6858616244091105e-05,0.9780795097439932,0.02215787593788432,0.9712021762452581,0.9849568432427283,1.8421232876712328
16138,1.0,37231.0,2.6859337648733583e-05,0.9780532391761936,0.022184735275533052,0.9711758976478554,0.9849305807045318,1.8422374429223745
16152,1.0,37230.0,2.6860059092130003e-05,0.978026968608394,0.022211595334625182,0.9711496190558551,0.9849043181609329,1.8438356164383563
16167,1.0,37229.0,2.6860780574283487e-05,0.9780006980405945,0.022238456115199465,0.9711233404692571,0.984878055611932,1.8455479452054795
16168,1.0,37228.0,2.6861502095197165e-05,0.9779744274727951,0.022265317617294663,0.9710970618880614,0.9848517930575287,1.845662100456621
16190,1.0,37224.0,2.6864388566516225e-05,0.9779481547877673,0.02229218200586118,0.9710707811788594,0.9848255283966753,1.8481735159817352
16208,1.0,37221.0,2.686655382714059e-05,0.9779218806910266,0.02231904855968832,0.9710444990525584,0.9847992623294948,1.8502283105022832
16251,1.0,37212.0,2.6873051703751478e-05,0.9778956009457646,0.022345921611392074,0.9710182112399592,0.9847729906515699,1.8551369863013698
16261,1.0,37211.0,2.687377388406654e-05,0.9778693212005025,0.02237279538527614,0.97099192343277,0.9847467189682351,1.8562785388127854
16267,1.0,37210.0,2.6874496103198067e-05,0.9778430414552405,0.022399669881379338,0.9709656356309904,0.9847204472794906,1.8569634703196347
16278,2.0,37208.0,5.3751881315846054e-05,0.9777904805521307,0.022453421762695183,0.9709130586202745,0.9846679024839868,1.8582191780821917
16292,1.0,37206.0,2.6877385367951407e-05,0.9777642001005757,0.022480299148063133,0.970886770123032,0.9846416300781194,1.8598173515981735
16330,1.0,37200.0,2.6881720430107527e-05,0.9777379161167021,0.02250718086849324,0.9708604780718713,0.984615354161533,1.8641552511415524
16344,2.0,37198.0,5.3766331523200175e-05,0.9776853467357614,0.022560947200016442,0.9708078925617888,0.9845628009097339,1.8657534246575342
16348,1.0,37194.0,2.6886056890896382e-05,0.9776590606319076,0.022587833256907337,0.9707815983906756,0.9845365228731395,1.8662100456621005
16355,2.0,37189.0,5.3779343354217645e-05,0.9776064827696024,0.022641612600261554,0.9707290043668487,0.984483961172356,1.8670091324200913
16362,1.0,37185.0,2.6892564205997043e-05,0.9775801924244963,0.022668505164467553,0.9707027059382917,0.984457678910701,1.8678082191780823
16363,2.0,37184.0,5.378657487091222e-05,0.9775276117342843,0.022722291739338464,0.9706501090974324,0.9844051143711361,1.8679223744292237
16365,1.0,37180.0,2.689618074233459e-05,0.9775013199749584,0.0227491879200808,0.9706238092600922,0.9843788306898246,1.8681506849315068
16367,1.0,37180.0,2.689618074233459e-05,0.9774750289227804,0.022776084100823137,0.9705975101407285,0.9843525477048323,1.86837899543379
16387,1.0,37170.0,2.690341673392521e-05,0.9774487315047302,0.022802987517557063,0.9705712046122071,0.9843262583972533,1.870662100456621
16414,1.0,37167.0,2.6905588290687975e-05,0.9774224326715851,0.02282989310584775,0.9705448976631855,0.9842999676799847,1.873744292237443
16415,1.0,37166.0,2.6906312220847012e-05,0.97739613383844,0.022856799418068598,0.9705185907195889,0.9842736769572912,1.8738584474885844
16427,1.0,37161.0,2.6909932456069534e-05,0.9773698321744957,0.022883709350524667,0.9704922809289526,0.9842473834200388,1.8752283105022831
16432,1.0,37160.0,2.691065662002153e-05,0.9773435305105513,0.022910620007144687,0.9704659711437436,0.9842210898773591,1.8757990867579908
16436,1.0,37159.0,2.6911380822950025e-05,0.9773172288466069,0.022937531387967638,0.970439661363962,0.9841947963292518,1.876255707762557
16451,2.0,37157.0,5.382565869149824e-05,0.9772646241030136,0.022991357046659135,0.9703870403941415,0.9841422078118858,1.8779680365296805
16469,1.0,37151.0,2.691717584990983e-05,0.9772383188992747,0.023018274222509044,0.9703607270637539,0.9841159107347955,1.8800228310502283
16474,1.0,37150.0,2.6917900403768505e-05,0.9772120136955358,0.023045192122912814,0.9703344137387966,0.984089613652275,1.8805936073059362
16479,1.0,37149.0,2.691862499663517e-05,0.977185708491797,0.02307211074790945,0.9703081004192697,0.9840633165643242,1.8811643835616438
16496,1.0,37147.0,2.6920074299405065e-05,0.9771594025799201,0.023099030822208856,0.9702817863916142,0.9840370187682259,1.8831050228310502
16498,1.0,37145.0,2.6921523758244717e-05,0.9771330959598479,0.0231259523459671,0.9702554716557731,0.9840107202639227,1.8833333333333333
16523,1.0,37143.0,2.6922973373179334e-05,0.9771067886315233,0.02315287531934028,0.9702291562116891,0.9839844210513575,1.886187214611872
16530,1.0,37142.0,2.6923698239190136e-05,0.9770804813031988,0.02317979901757947,0.9702028407730372,0.9839581218333604,1.8869863013698631
16546,1.0,37140.0,2.6925148088314486e-05,0.9770541732665455,0.023206724165667783,0.970176524626066,0.9839318219070251,1.8888127853881278
16553,1.0,37138.0,2.6926598093596855e-05,0.9770278645215064,0.02323365076376138,0.9701502077707185,0.9839055212722942,1.8896118721461188
16598,1.0,37133.0,2.6930223790159697e-05,0.9770015529424656,0.02326058098755154,0.9701238880651051,0.9838792178198261,1.8947488584474885
16604,1.0,37132.0,2.6930949046644404e-05,0.9769752413634248,0.023287511936598185,0.970097568364927,0.9838529143619227,1.8954337899543379
16606,1.0,37131.0,2.6931674342193854e-05,0.9769489297843841,0.02331444361094038,0.9700712486701843,0.9838266108985838,1.895662100456621
16607,1.0,37130.0,2.6932399676811204e-05,0.9769226182053433,0.02334137601061719,0.970044928980877,0.9838003074298096,1.8957762557077626
16648,1.0,37128.0,2.6933850463262227e-05,0.9768963059176304,0.023368309861080454,0.970018608582907,0.9837740032523539,1.9004566210045661
16653,1.0,37121.0,2.693892944694378e-05,0.9768699893769683,0.023395248790527397,0.9699922839048574,0.9837476948490793,1.901027397260274
16723,1.0,37111.0,2.69461884616421e-05,0.976843666454132,0.02342219497898904,0.9699659528011844,0.9837213801070797,1.9090182648401826
16726,1.0,37109.0,2.6947640734053733e-05,0.9768173428219551,0.02344914261972309,0.9699396209881807,0.9836950646557295,1.9093607305936073
16747,1.0,37108.0,2.6948366928964104e-05,0.9767910191897782,0.023476090986652057,0.969913289180622,0.9836687491989343,1.91175799086758
16752,1.0,37106.0,2.6949819436209777e-05,0.9767646948481842,0.023503040806088265,0.9698869566636561,0.9836424330327123,1.9123287671232876
16769,1.0,37105.0,2.6950545748551407e-05,0.9767383705065902,0.023529991351836817,0.9698606241521358,0.9836161168610446,1.9142694063926942
16777,1.0,37104.0,2.6951272100043123e-05,0.9767120461649961,0.02355694262393686,0.9698342916460613,0.9835898006839309,1.9151826484018264
16781,2.0,37103.0,5.390399698137617e-05,0.976659397481808,0.02361084662091824,0.9697816266502493,0.9835371683133667,1.9156392694063926
16788,2.0,37101.0,5.390690277890084e-05,0.9766067487986198,0.023664753523697138,0.9697289616762199,0.9834845359210196,1.9164383561643836
16792,1.0,37099.0,2.6954904444863743e-05,0.9765804244570258,0.023691708428142003,0.9697026291973737,0.9834582197166778,1.9168949771689499
16809,1.0,37094.0,2.6958537768911414e-05,0.9765540972767687,0.023718666965910913,0.9696762938635628,0.9834319006899745,1.9188356164383562
16822,1.0,37091.0,2.6960718233533743e-05,0.9765277686769123,0.023745627684144448,0.9696499571047232,0.9834055802491013,1.9203196347031963
16842,1.0,37087.0,2.6963626068433684e-05,0.9765014379473121,0.023772591310212882,0.9696236182052692,0.9833792576893551,1.9226027397260275
16865,1.0,37082.0,2.696726174424249e-05,0.9764751043774414,0.023799558571957126,0.9695972764492273,0.9833529323056556,1.9252283105022832
16875,1.0,37081.0,2.696798899706049e-05,0.9764487708075708,0.023826526560954187,0.9695709346986388,0.9833266069165028,1.9263698630136987
16884,1.0,37080.0,2.696871628910464e-05,0.9764224372377,0.02385349527724329,0.9695445929535031,0.9833002815218967,1.9273972602739726
16903,1.0,37078.0,2.697017099088408e-05,0.9763961029576084,0.023880465448234175,0.9695182504981564,0.9832739554170603,1.929566210045662
16910,1.0,37077.0,2.6970898400625724e-05,0.9763697686775167,0.0239074363466348,0.9694919080482634,0.98324762930677,1.9303652968036529
16936,1.0,37076.0,2.6971625849606216e-05,0.976343434397425,0.023934407972484407,0.969465565603824,0.983221303191026,1.9333333333333333
16946,1.0,37074.0,2.6973080865296434e-05,0.9763170994070167,0.023961381053349703,0.9694392224490778,0.9831949763649557,1.934474885844749
16950,1.0,37073.0,2.6973808432012517e-05,0.9762907644166084,0.023988354861781715,0.9694128792997857,0.9831686495334312,1.9349315068493151
16956,1.0,37072.0,2.6974536037980147e-05,0.9762644294262002,0.024015329397819696,0.9693865361559478,0.9831423226964525,1.9356164383561645
16975,1.0,37069.0,2.6976719091424102e-05,0.9762380930149286,0.02404230611691112,0.9693601915858112,0.983115994444046,1.937785388127854
16987,1.0,37067.0,2.6978174656702727e-05,0.9762117558931487,0.024069284291567822,0.969333846305176,0.9830896654811213,1.9391552511415524
16996,1.0,37068.0,2.6977446854429696e-05,0.9761854201923854,0.02409626173842225,0.9693075024619041,0.9830633379228667,1.9401826484018265
16997,1.0,37067.0,2.6978174656702727e-05,0.9761590844916221,0.024123239913078954,0.9692811586240869,0.9830370103591574,1.940296803652968
16998,1.0,37066.0,2.697890249824637e-05,0.9761327487908589,0.0241502188155772,0.9692548147917245,0.9830106827899933,1.9404109589041096
17007,1.0,37063.0,2.6981086258532768e-05,0.976106411668964,0.024177199901835734,0.9692284695327943,0.9829843538051336,1.9414383561643835
17008,1.0,37062.0,2.6981814257190653e-05,0.976080074547069,0.024204181716092926,0.96920212427932,0.9829580248148181,1.9415525114155252
17011,1.0,37061.0,2.6982542295135047e-05,0.9760537374251741,0.02423116425838806,0.9691757790313015,0.9829316958190467,1.9418949771689498
17016,1.0,37059.0,2.6983998488896086e-05,0.9760273995925983,0.024258148256876957,0.9691494330726118,0.9829053661125848,1.9424657534246574
17030,1.0,37058.0,2.6984726644719088e-05,0.9760010617600225,0.024285132983521678,0.9691230871193784,0.9828790364006667,1.9440639269406392
17068,1.0,37070.0,2.697599136768276e-05,0.9759747331638057,0.024312108974889363,0.9690967504787159,0.9828527158488954,1.9484018264840182
17098,1.0,37091.0,2.6960718233533743e-05,0.9759484201840218,0.024339069693122897,0.9690704295794538,0.9828264107885899,1.9518264840182649
17122,1.0,37106.0,2.6949819436209777e-05,0.9759221185503189,0.024366019512559105,0.9690441201184565,0.9828001169821812,1.954566210045662
17126,1.0,37107.0,2.6949093163015065e-05,0.9758958183342262,0.02439296860572212,0.9690178120913292,0.9827738245771233,1.9550228310502282
17134,1.0,37105.0,2.6950545748551407e-05,0.9758695174093284,0.02441991915147067,0.9689915033554054,0.9827475314632513,1.9559360730593607
17137,2.0,37103.0,5.390399698137617e-05,0.9758169141418077,0.024473823148452048,0.9689388844712771,0.9826949438123384,1.9562785388127855
17157,1.0,37100.0,2.6954177897574123e-05,0.9757906117991085,0.024500777326349622,0.968912574322996,0.982668649275221,1.9585616438356164
17167,1.0,37099.0,2.6954904444863743e-05,0.9757643094564094,0.024527732230794488,0.9688862641801419,0.9826423547326768,1.959703196347032
17172,1.0,37098.0,2.6955631031322443e-05,0.9757380071137102,0.02455468786182581,0.9688599540427145,0.9826160601847058,1.9602739726027398
17175,1.0,37097.0,2.695635765695339e-05,0.975711704771011,0.024581644219482765,0.968833643910714,0.982589765631308,1.9606164383561644
17177,1.0,37096.0,2.695708432175976e-05,0.9756854024283117,0.024608601303804524,0.9688073337841402,0.9825634710724832,1.9608447488584475
17182,1.0,37095.0,2.695781102574471e-05,0.9756591000856124,0.024635559114830268,0.9687810236629932,0.9825371765082316,1.9614155251141552
17189,1.0,37093.0,2.695926455126304e-05,0.9756327970338213,0.02466251837938153,0.9687547128327632,0.9825108812348795,1.9622146118721462
17192,1.0,37092.0,2.695999137280276e-05,0.9756064939820303,0.024689478370754334,0.9687284020079605,0.9824845859561,1.9625570776255707
17218,1.0,37091.0,2.6960718233533743e-05,0.9755801909302393,0.02471643908898787,0.9687020911885852,0.9824582906718934,1.9655251141552512
17222,1.0,37090.0,2.6961445133459154e-05,0.9755538878784482,0.02474340053412133,0.9686757803746372,0.9824319953822592,1.9659817351598174
17263,1.0,37088.0,2.6962899050905955e-05,0.9755275841174507,0.024770363433172234,0.9686494688514914,0.9824056993834099,1.970662100456621
17265,1.0,37087.0,2.6963626068433684e-05,0.975501280356453,0.02479732705924067,0.9686231573337734,0.9823794033791327,1.970890410958904
17273,1.0,37086.0,2.696435312516853e-05,0.9754749765954553,0.024824291412365838,0.9685968458214831,0.9823531073694276,1.9718036529680365
17287,1.0,37084.0,2.6965807356272247e-05,0.9754486721251556,0.02485125721972211,0.9685705335998995,0.9823268106504117,1.9734018264840183
17310,1.0,37081.0,2.696798899706049e-05,0.9754223662360986,0.02487822520871917,0.9685442199541472,0.98230051251805,1.976027397260274
17326,1.0,37080.0,2.696871628910464e-05,0.9753960603470414,0.024905193925008274,0.9685179063138242,0.9822742143802586,1.977853881278539
17393,1.0,37075.0,2.6972353337828724e-05,0.9753697516198574,0.024932166278346102,0.9684915898191174,0.9822479134205974,1.9855022831050229
17420,1.0,37072.0,2.6974536037980147e-05,0.975343441473342,0.024959140814384082,0.9684652718996642,0.9822216110470197,1.9885844748858448
17480,1.0,37066.0,2.697890249824637e-05,0.9753171277777322,0.02498611971688233,0.9684389504094231,0.9821953051460413,1.995433789954338
17483,1.0,37065.0,2.6979630379063805e-05,0.9752908140821224,0.025013099347261394,0.9684126289246177,0.9821689992396271,1.9957762557077625
17492,1.0,37062.0,2.6981814257190653e-05,0.97526449896653,0.025040081161518585,0.968386306014411,0.982142691918649,1.9968036529680366
17525,1.0,37056.0,2.6986183074265975e-05,0.975238180300215,0.025067067344592853,0.9683599795317719,0.9821163810686582,2.000570776255708
17555,1.0,37055.0,2.6986911347996223e-05,0.9752118616339002,0.02509405425594085,0.9683336530545729,0.9820900702132275,2.0039954337899544
17580,1.0,37054.0,2.6987639661035245e-05,0.9751855429675852,0.025121041895601885,0.9683073265828137,0.9820637593523567,2.006849315068493
17588,1.0,37053.0,2.698836801338623e-05,0.9751592243012702,0.02514803026361527,0.9682810001164944,0.982037448486046,2.0077625570776254
17595,1.0,37051.0,2.6989824836036816e-05,0.975132904924619,0.025175020088451308,0.9682546729398478,0.9820111369093902,2.0085616438356166
17608,1.0,37049.0,2.699128181597344e-05,0.9751065848375742,0.025202011370267282,0.9682283450528164,0.9819848246223319,2.0100456621004565
17647,1.0,37046.0,2.6993467580845435e-05,0.9750802633295885,0.025229004837848127,0.9682020157394202,0.9819585109197568,2.014497716894977
17649,1.0,37045.0,2.699419624780672e-05,0.9750539418216028,0.025255999034095932,0.9681756864314661,0.9819321972117394,2.0147260273972605
17660,1.0,37044.0,2.699492495410863e-05,0.9750276203136171,0.02528299395905004,0.9681493571289543,0.9819058834982799,2.0159817351598175
17680,1.0,37043.0,2.699565369975434e-05,0.9750012988056314,0.025309989612749797,0.9681230278318845,0.9818795697793782,2.0182648401826486
17689,1.0,37041.0,2.699711130908993e-05,0.974974976587041,0.025336986724058888,0.968096697824219,0.981853255349863,2.0192922374429223
17690,1.0,37040.0,2.6997840172786177e-05,0.9749486543684507,0.025363984564231674,0.9680703678219963,0.9818269409149051,2.019406392694064
17694,1.0,37039.0,2.699856907583898e-05,0.9749223321498603,0.025390983133307513,0.9680440378252162,0.9818006264745045,2.01986301369863
17701,1.0,37037.0,2.7000027000027e-05,0.9748960092205693,0.02541798316030754,0.9680177071177442,0.9817743113233944,2.020662100456621
17716,1.0,37035.0,2.7001485081679493e-05,0.9748696855805201,0.025444984645389218,0.9679913756995228,0.9817479954615175,2.022374429223744
17726,1.0,37032.0,2.7003672499459927e-05,0.974843360518801,0.025471988317888678,0.9679650428542047,0.9817216781833974,2.02351598173516
17752,1.0,37028.0,2.7006589607864318e-05,0.9748170333242315,0.025498994907496544,0.967938707865171,0.9816953587832921,2.0264840182648403
17754,1.0,37027.0,2.7007318983444514e-05,0.9747907061296621,0.025526002226479987,0.967912372881584,0.9816690393777402,2.026712328767123
17797,1.0,37023.0,2.7010236879777435e-05,0.9747643768017813,0.025553012463359764,0.967886035753817,0.9816427178497455,2.03162100456621
17818,1.0,37020.0,2.7012425715829283e-05,0.9747380460514625,0.025580024889075594,0.9678596971981809,0.9816163949047442,2.0340182648401828
17827,1.0,37019.0,2.7013155406683054e-05,0.9747117153011438,0.025607038044482278,0.9678333586479941,0.9815900719542934,2.0350456621004565
17869,1.0,37013.0,2.7017534379812497e-05,0.9746853809938651,0.02563405557886209,0.9678070165190878,0.9815637454686424,2.0398401826484016
17893,1.0,37009.0,2.7020454484044422e-05,0.9746590445518918,0.025661076033346133,0.9677806722446066,0.981537416859177,2.042579908675799
17911,1.0,37006.0,2.70226449764903e-05,0.9746327066865578,0.025688098678322623,0.9677543265413278,0.9815110868317878,2.044634703196347
17912,1.0,37005.0,2.7023375219564924e-05,0.9746063688212238,0.025715122053542188,0.9677279808435044,0.9814847567989431,2.0447488584474884
17925,1.0,37003.0,2.7024835824122368e-05,0.9745800302441132,0.02574214688936631,0.9677016344339133,0.9814584260543131,2.046232876712329
17938,1.0,37002.0,2.7025566185611588e-05,0.9745536916670027,0.025769172455551922,0.9676752880297783,0.981432095304227,2.047716894977169
17944,1.0,37001.0,2.702629658657874e-05,0.9745273530898921,0.0257961987521385,0.9676489416310993,0.981405764548685,2.0484018264840183
17958,1.0,37006.0,2.70226449764903e-05,0.9745010187832097,0.02582322139711499,0.9676225995409743,0.9813794380254451,2.05
17992,1.0,37176.0,2.689907467183129e-05,0.9744748056075377,0.025850120471786822,0.9675963795097349,0.9813532317053406,2.053881278538813
18003,1.0,37173.0,2.6901245527667932e-05,0.9744485910215316,0.02587702171731449,0.9675701580628217,0.9813270239802415,2.05513698630137
18008,1.0,37172.0,2.6901969224147208e-05,0.9744223764355254,0.025903923686538637,0.9675439366212623,0.9813008162497886,2.0557077625570774
18020,1.0,37170.0,2.690341673392521e-05,0.9743961611442573,0.025930827103272564,0.9675177144744478,0.9812746078140668,2.057077625570776
18034,1.0,37169.0,2.6904140547230218e-05,0.9743699458529893,0.025957731243819795,0.9674914923329878,0.9812483993729908,2.058675799086758
18099,1.0,36271.0,2.7570235174106035e-05,0.9743430822444356,0.025985301478993902,0.9674646168470918,0.9812215476417793,2.066095890410959
18134,1.0,37057.0,2.6985454839841324e-05,0.9743167891531912,0.026012286933833742,0.9674383163252597,0.9811952619811227,2.0700913242009134
18141,1.0,37068.0,2.6977446854429696e-05,0.9742905045737924,0.02603926438068817,0.9674120243855687,0.9811689847620161,2.070890410958904
18144,1.0,37071.0,2.6975263683202502e-05,0.9742642228305275,0.026066239644371374,0.9673857353090303,0.9811427103520247,2.0712328767123287
18147,1.0,37080.0,2.696871628910464e-05,0.9742379481751113,0.026093208360660477,0.9673594533797278,0.9811164429704948,2.0715753424657533
18155,1.0,37133.0,2.6930223790159697e-05,0.9742117117291421,0.02612013858445064,0.9673332099557733,0.9810902135025109,2.0724885844748857
18209,1.0,37207.0,2.6876662993522724e-05,0.9741855281692816,0.02614701524744416,0.9673070198240241,0.9810640365145391,2.0786529680365295
18214,1.0,37206.0,2.6877385367951407e-05,0.9741593446094211,0.026173892632812112,0.9672808296976033,0.9810378595212389,2.0792237442922374
18248,1.0,36918.0,2.7087057803781354e-05,0.9741329574989436,0.026200979690615894,0.9672544344750865,0.9810114805228006,2.08310502283105
18280,1.0,36677.0,2.726504348774436e-05,0.9741063977214945,0.026228244734103637,0.9672278652574818,0.9809849301855073,2.08675799086758
18300,1.0,36066.0,2.772694504519492e-05,0.9740793887269368,0.02625597167914883,0.9672008432809277,0.9809579341729459,2.089041095890411
18321,1.0,36063.0,2.7729251587499655e-05,0.9740523782345006,0.02628370093073633,0.967173819800511,0.9809309366684903,2.0914383561643834
18335,1.0,36061.0,2.773078949557694e-05,0.9740253669930421,0.026311431720231905,0.9671467955710964,0.9809039384149878,2.0930365296803655
18375,1.0,36054.0,2.7736173517501525e-05,0.9739983512564527,0.026339167893749408,0.9671197668165156,0.9808769356963899,2.0976027397260273
18387,1.0,36053.0,2.7736942834160818e-05,0.9739713355198634,0.02636690483658357,0.9670927380679731,0.9808499329717536,2.098972602739726
18410,1.0,36052.0,2.773771219349828e-05,0.973944319783274,0.02639464254877707,0.9670657093254693,0.9808229302410787,2.1015981735159817
18434,1.0,36049.0,2.774002052761519e-05,0.9739173025478505,0.026422382569304684,0.9670386790781414,0.9807959260175595,2.104337899543379
18441,1.0,36047.0,2.7741559630482425e-05,0.9738902845629267,0.026450124128935167,0.9670116480813378,0.9807689210445156,2.10513698630137
18442,1.0,36046.0,2.774232924596349e-05,0.9738632665780029,0.02647786645818113,0.9669846170905747,0.9807419160654312,2.1052511415525115
18455,1.0,36045.0,2.7743098904147593e-05,0.973836248593079,0.02650560955708528,0.9669575861058519,0.9807149110803062,2.1067351598173514
18529,1.0,36040.0,2.774694783573807e-05,0.9738092276094888,0.02653335650492102,0.966930552104436,0.9806879031145417,2.1151826484018263
18536,1.0,36037.0,2.7749257707356328e-05,0.9737822051262741,0.026561105762628375,0.9669035165974011,0.9806608936551471,2.115981735159817
18608,1.0,36022.0,2.7760812836599856e-05,0.9737551721407339,0.026588866575464973,0.9668764705097508,0.9806338737717171,2.124200913242009
18619,1.0,36017.0,2.7764666685176446e-05,0.9737281361529465,0.02661663124215015,0.966849421401788,0.980606850904105,2.1254566210045662
18652,1.0,36013.0,2.7767750534529196e-05,0.9737010979129734,0.026644398992684677,0.9668223700295999,0.980579825796347,2.1292237442922373
18660,1.0,36010.0,2.7770063871146904e-05,0.973674058171293,0.026672169056555825,0.9667953171496957,0.9805527991928904,2.1301369863013697
18686,1.0,36008.0,2.7771606309708954e-05,0.9736470176786756,0.026699940662865535,0.9667682635188795,0.9805257718384717,2.1331050228310504
18696,1.0,36006.0,2.7773148919624506e-05,0.9736199764350584,0.02672771381178516,0.9667412091370886,0.9804987437330281,2.1342465753424658
18698,1.0,36005.0,2.7773920288848772e-05,0.9735929351914412,0.02675548773207401,0.9667141547613588,0.9804717156215236,2.1344748858447486
18710,1.0,36004.0,2.777469170092212e-05,0.9735658939478241,0.026783262423774934,0.9666871003916898,0.9804446875039584,2.1358447488584473
18717,1.0,35999.0,2.7778549404150115e-05,0.9735388496995409,0.026811040973179084,0.9666600429992686,0.9804176563998132,2.1366438356164386
18740,1.0,35996.0,2.7780864540504502e-05,0.9735118039486325,0.026838821837719587,0.9666329840982081,0.9803906237990568,2.1392694063926943
18743,1.0,35993.0,2.7783180062789987e-05,0.9734847566948901,0.026866605017782378,0.9666059236882985,0.9803635897014817,2.139611872146119
18744,1.0,35992.0,2.7783951989330962e-05,0.9734577094411477,0.02689438896977171,0.966578863284455,0.9803365555978405,2.1397260273972605
18753,1.0,35991.0,2.778472395876747e-05,0.9734306621874054,0.026922173693730476,0.9665518028866776,0.9803095214881331,2.140753424657534
18755,1.0,35990.0,2.7785495971103084e-05,0.973403614933663,0.02694995918970158,0.9665247424949663,0.9802824873723597,2.1409817351598175
18773,1.0,35988.0,2.7787040124485938e-05,0.9733765669283575,0.026977746229826065,0.9664976813517171,0.9802554525049979,2.1430365296803653
18853,1.0,35982.0,2.779167361458507e-05,0.9733495151645054,0.02700553790344065,0.9664706164257734,0.9802284139032374,2.1521689497716894
18876,1.0,35974.0,2.779785400567076e-05,0.9733224581367864,0.02703333575744632,0.9664435461997053,0.9802013700738675,2.154794520547945
18884,1.0,35973.0,2.7798626747838656e-05,0.9732954011090674,0.02706113438419416,0.9664164759797119,0.9801743262384229,2.1557077625570775
18906,1.0,35970.0,2.7800945232137893e-05,0.9732683425769265,0.027088935329426297,0.9663894042492719,0.9801472809045811,2.158219178082192
18927,1.0,35965.0,2.7804810232170165e-05,0.9732412810353562,0.027116740139658466,0.9663623294912719,0.9801202325794406,2.1606164383561643
18928,1.0,35964.0,2.7805583361138918e-05,0.973214219493786,0.027144545723019605,0.9663352547393506,0.9800931842482213,2.160730593607306
18972,1.0,35961.0,2.7807903006034314e-05,0.9731871564471661,0.02717235362602564,0.9663081784763512,0.9800661344179811,2.165753424657534
18982,1.0,35960.0,2.7808676307007788e-05,0.9731600934005463,0.02720016230233265,0.9662811022194318,0.9800390845816609,2.16689497716895
18988,1.0,35959.0,2.7809449650991406e-05,0.9731330303539265,0.02722797175198364,0.9662540259685922,0.9800120347392608,2.167579908675799
19014,1.0,35954.0,2.7813317016187352e-05,0.9731059642964544,0.027255785068999824,0.9662269466887582,0.9799849819041505,2.1705479452054797
19024,1.0,35951.0,2.781563795165642e-05,0.9730788967332629,0.02728360070695148,0.9661998658971724,0.9799579275693533,2.171689497716895
19026,1.0,35950.0,2.7816411682892907e-05,0.9730518291700714,0.027311417118634374,0.9661727851116705,0.9799308732284723,2.171917808219178
19028,1.0,35949.0,2.7817185457175443e-05,0.9730247616068799,0.02733923430409155,0.9661457043322524,0.9799038188815073,2.1721461187214612
19046,1.0,35908.0,2.784894730979169e-05,0.9729976638915628,0.02736708325140134,0.966118593163946,0.9798767346191797,2.174200913242009
19047,1.0,35895.0,2.7859033291544782e-05,0.9729705571172519,0.027394942284692886,0.9660914728696981,0.9798496413648057,2.1743150684931507
19049,1.0,35874.0,2.7875341472933043e-05,0.9729434352307291,0.02742281762616582,0.9660643373473827,0.9798225331140755,2.1745433789954336
19067,2.0,35726.0,5.598163802272855e-05,0.9728889682635214,0.027478799264188548,0.9660098413177888,0.9797680952092541,2.176598173515982
19068,1.0,35721.0,2.7994736989445986e-05,0.972861732492735,0.027506794001177993,0.965982591006548,0.979740873978922,2.1767123287671235
19071,2.0,35710.0,5.600672080649678e-05,0.9728072456972999,0.027562800721984488,0.9659280750247501,0.9796864163698498,2.177054794520548
19115,1.0,35579.0,2.81064672981253e-05,0.9727799035222614,0.027590907189282612,0.965900717458939,0.9796590895855838,2.182077625570776
19126,1.0,35576.0,2.810883741848437e-05,0.9727525598101093,0.027619016026701096,0.9658733583497485,0.9796317612704701,2.183333333333333
19132,1.0,35529.0,2.8146021559852514e-05,0.9727251806955884,0.027647162048260947,0.965845963553968,0.9796043978372089,2.1840182648401827
19135,1.0,35473.0,2.8190454712034504e-05,0.9726977591304348,0.027675352502972983,0.9658185259646073,0.9795769922962623,2.1843607305936072
19136,1.0,35451.0,2.820794900002821e-05,0.9726703213216528,0.02770356045197301,0.9657910720040992,0.9795495706392063,2.184474885844749
19154,1.0,35135.0,2.8461647929415115e-05,0.9726426375214159,0.027732022099902425,0.9657633700124394,0.9795219050303924,2.1865296803652967
19199,1.0,35027.0,2.854940474491107e-05,0.9726148691530851,0.027760571504647336,0.9657355827481349,0.9794941555580354,2.191666666666667
19234,1.0,34964.0,2.860084658505892e-05,0.9725870515444262,0.027789172351232395,0.9657077458343085,0.9794663572545438,2.195662100456621
19236,2.0,34963.0,5.72033292337614e-05,0.9725314163271082,0.027846375680466155,0.9656520720270134,0.9794107606272029,2.195890410958904
19243,1.0,34961.0,2.8603300820914735e-05,0.9725035987184492,0.02787497898128707,0.9656242351335447,0.9793829623033536,2.196689497716895
19249,1.0,34960.0,2.8604118993135013e-05,0.9724757811097903,0.027903583100280207,0.9655963982468618,0.9793551639727187,2.1973744292237445
19256,1.0,34959.0,2.860493721216282e-05,0.9724479635011313,0.02793218803749237,0.9655685613669646,0.979327365635298,2.1981735159817353
19298,1.0,34662.0,2.8850037505048756e-05,0.9724199083409125,0.02796103807499742,0.9655404849170603,0.9792993317647647,2.2029680365296804
19318,1.0,34656.0,2.8855032317636195e-05,0.972391849133031,0.027989893107315054,0.9655124043917338,0.9792712938743282,2.2052511415525116
19321,1.0,34655.0,2.8855864954552014e-05,0.9723637899251495,0.028018748972269608,0.9654843238734315,0.9792432559768675,2.205593607305936
19340,1.0,34652.0,2.8858363153641924e-05,0.9723357290977823,0.02804760733542325,0.9654562417287506,0.9792152164668141,2.2077625570776256
19435,1.0,34646.0,2.8863360849737343e-05,0.9723076642207663,0.028076470696272986,0.9654281555066401,0.9791871729348925,2.218607305936073
19450,1.0,34645.0,2.8864193967383462e-05,0.9722795993437502,0.02810533489024037,0.9654000692915593,0.9791591293959411,2.220319634703196
19488,1.0,34640.0,2.8868360277136258e-05,0.9722515312259862,0.028134203250517506,0.9653719798149014,0.9791310826370709,2.2246575342465755
19495,1.0,34637.0,2.887086064035569e-05,0.9722234614875207,0.02816307411115786,0.965343888710641,0.9791030342644004,2.2254566210045663
19498,1.0,34633.0,2.8874195131810702e-05,0.9721953893175821,0.028191948306289672,0.9653157951610353,0.9790749834741289,2.225799086757991
19505,1.0,34632.0,2.8875028875028874e-05,0.9721673171476434,0.0282208233351647,0.9652877016184662,0.9790469326768205,2.2265981735159817
19509,1.0,34631.0,2.887586266639716e-05,0.9721392449777047,0.0282496991978311,0.965259608082934,0.9790188818724753,2.227054794520548
19551,1.0,34626.0,2.8880032345636228e-05,0.9721111695648652,0.028278579230176733,0.9652315112836517,0.9789908278460787,2.231849315068493
19582,1.0,34625.0,2.888086642599278e-05,0.9720830941520259,0.028307460096602725,0.9652034144914093,0.9789627738126424,2.235388127853881
19593,1.0,34624.0,2.888170055452865e-05,0.9720550187391865,0.028336341797157254,0.9651753177062069,0.9789347197721662,2.236643835616438
19627,1.0,34622.0,2.8883368956155048e-05,0.9720269425154346,0.02836522516611341,0.9651472201101582,0.9789066649207111,2.2405251141552514
19635,1.0,34621.0,2.888420322925392e-05,0.9719988662916828,0.02839410936934266,0.9651191225211502,0.9788786100622153,2.2414383561643834
19654,1.0,34620.0,2.8885037550548817e-05,0.9719707900679309,0.02842299440689321,0.9650910249391825,0.9788505551966792,2.2436073059360733
19660,1.0,34619.0,2.8885871920043906e-05,0.9719427138441789,0.028451880278813253,0.9650629273642553,0.9788225003241025,2.2442922374429224
19735,1.0,34615.0,2.888920988010978e-05,0.9719146351871272,0.028480769488693363,0.9650348273421441,0.9787944430321103,2.252853881278539
19740,1.0,34614.0,2.8890044490668517e-05,0.9718865565300755,0.02850965953318403,0.9650067273270756,0.9787663857330754,2.2534246575342465
19746,1.0,34611.0,2.889254861171304e-05,0.9718584762504959,0.028538552081795746,0.9649786256825684,0.9787383268184234,2.254109589041096
19795,1.0,34610.0,2.889338341519792e-05,0.9718303959709164,0.028567445465210943,0.9649505240451054,0.9787102678967273,2.259703196347032
19813,1.0,34609.0,2.889421826692479e-05,0.9718023156913368,0.028596339683477866,0.9649224224146866,0.978682208967987,2.26175799086758
19820,1.0,34608.0,2.8895053166897826e-05,0.9717742354117571,0.028625234736644765,0.9648943207913118,0.9786541500322025,2.2625570776255706
19828,1.0,34607.0,2.889588811512122e-05,0.9717461551321774,0.028654130624759886,0.964866219174981,0.9786260910893738,2.263470319634703
19829,1.0,34606.0,2.8896723111599146e-05,0.9717180748525979,0.028683027347871485,0.9648381175656943,0.9785980321395015,2.2635844748858447
19833,1.0,34604.0,2.8898393249335338e-05,0.9716899937615433,0.02871192574112082,0.9648100151449986,0.978569972378088,2.264041095890411
19861,1.0,34600.0,2.8901734104046242e-05,0.971661910235712,0.028740827475224866,0.9647819102756332,0.9785419101957908,2.2672374429223745
19875,1.0,34594.0,2.890674683471122e-05,0.9716338226508638,0.028769734222059577,0.964753801319386,0.9785138439823416,2.268835616438356
19905,1.0,34592.0,2.8908418131359853e-05,0.9716057342540481,0.028798642640190938,0.9647256915512377,0.9784857769568585,2.2722602739726026
19906,1.0,34591.0,2.8909253852158075e-05,0.9715776458572323,0.028827551894043096,0.964697581790141,0.9784577099243236,2.272374429223744
19936,1.0,34531.0,2.8959485679534332e-05,0.9715495094683105,0.02885651137972263,0.9646694236305289,0.9784295953060922,2.2757990867579907
19962,1.0,34527.0,2.8962840675413443e-05,0.9715213706346595,0.028885474220398045,0.9646412630121918,0.9784014782571272,2.2787671232876714
20133,1.0,32384.0,3.0879446640316203e-05,0.9714913705923351,0.02891635366703836,0.9646112241641515,0.9783715170205188,2.2982876712328766
20156,1.0,32259.0,3.0999101026070246e-05,0.9714612552331922,0.02894735276806443,0.9645810688898535,0.9783414415765308,2.3009132420091323
20203,1.0,32254.0,3.100390649221802e-05,0.9714311361392741,0.028978356674556647,0.9645509098537469,0.9783113624248013,2.3062785388127853
20265,1.0,32244.0,3.1013521895546456e-05,0.9714010086384635,0.029009370196452194,0.9645207423382183,0.9782812749387086,2.3133561643835616
20303,2.0,32238.0,6.203858800173708e-05,0.9713407442915041,0.029071408784453932,0.9644603978988068,0.9782210906842014,2.3176940639269406
20346,1.0,32228.0,3.1028918952463693e-05,0.9713106046382742,0.029102437703406397,0.9644302181404885,0.97819099113606,2.3226027397260274
20374,1.0,32227.0,3.102988177615043e-05,0.9712804649850444,0.029133467585182548,0.9644000383915173,0.9781608915785714,2.325799086757991
20380,1.0,32226.0,3.103084465959163e-05,0.9712503253318145,0.029164498429842138,0.9643698586518932,0.9781307920117359,2.32648401826484
20577,1.0,32217.0,3.103951330043145e-05,0.9712201781944234,0.029195537943142568,0.9643396713645188,0.978100685024328,2.348972602739726
20613,1.0,30724.0,3.2547845332638976e-05,0.9711885670702796,0.029228085788475206,0.9643080052319185,0.9780691289086406,2.353082191780822
20625,1.0,30517.0,3.276862076875184e-05,0.9711567425604303,0.029260854409243958,0.9642761234580208,0.9780373616628397,2.3544520547945207
20686,1.0,30491.0,3.279656292020596e-05,0.9711248919572175,0.029293650972164163,0.9642442153234422,0.9780055685909929,2.3614155251141553
20712,1.0,30490.0,3.279763857002296e-05,0.9710930413540048,0.029326448610734187,0.9642123072005193,0.9779737755074902,2.3643835616438356
20747,1.0,30483.0,3.280517009480694e-05,0.9710611844816052,0.029359253780828994,0.9641803927529969,0.9779419762102134,2.36837899543379
20811,1.0,30478.0,3.281055187348251e-05,0.9710293234282394,0.029392064332702476,0.9641484740914343,0.9779101727650445,2.375684931506849
20822,1.0,30477.0,3.281162844111953e-05,0.9709974623748736,0.029424875961143595,0.9641165554415418,0.9778783693082054,2.3769406392694066
20844,1.0,30474.0,3.2814858567959574e-05,0.9709655992304759,0.029457690819711554,0.9640846346899105,0.9778465637710413,2.3794520547945206
20880,1.0,29532.0,3.386157388595422e-05,0.9709327208070968,0.02949155239359751,0.964051687518215,0.9778137540959786,2.3835616438356166
20908,1.0,28630.0,3.4928396786587495e-05,0.9708988076837715,0.029526480790384096,0.964017693702203,0.9777799216653399,2.38675799086758
20925,1.0,28627.0,3.4932057148845494e-05,0.9708648921911357,0.029561412847532942,0.9639836975037932,0.9777460868784782,2.3886986301369864
20944,1.0,28624.0,3.4935718278367804e-05,0.9708309743287757,0.02959634856581131,0.9639496989225688,0.9777122497349827,2.390867579908676
21031,1.0,28615.0,3.4946706272933774e-05,0.9707970469838753,0.029631295272084242,0.9639156907614304,0.9776784032063202,2.4007990867579907
21093,1.0,28611.0,3.495159204501765e-05,0.9707631160815305,0.02966624686412926,0.9638816790156864,0.9776445531473746,2.407876712328767
21139,1.0,28607.0,3.495647918341665e-05,0.9707291816208712,0.02970120334331268,0.9638476636844566,0.9776106995572857,2.4131278538812784
21147,1.0,28605.0,3.495892326516343e-05,0.9706952459738996,0.029736162266577843,0.963813647167865,0.9775768447799341,2.414041095890411
21148,1.0,28604.0,3.496014543420501e-05,0.9706613103269279,0.029771122412012047,0.9637796306662882,0.9775429899875676,2.4141552511415525
21160,2.0,28601.0,6.992762490821999e-05,0.9705934342869065,0.029841050036920266,0.9637115929058422,0.9774752756679708,2.415525114155251
21164,1.0,28599.0,3.49662575614532e-05,0.9705594962668957,0.02987601629448172,0.9636775740481456,0.9774414184856459,2.4159817351598174
21197,1.0,28598.0,3.4967480243373666e-05,0.970525558246885,0.02991098377472509,0.9636435552054659,0.9774075612883042,2.4197488584474884
21218,1.0,28596.0,3.4969925863757166e-05,0.9704916190400643,0.029945953700588848,0.9636095351769254,0.9773737029032032,2.4221461187214612
21245,1.0,28595.0,3.497114880223815e-05,0.9704576798332435,0.029980924849391088,0.9635755151634028,0.9773398445030842,2.425228310502283
21260,1.0,28591.0,3.497604141163303e-05,0.9704237370652453,0.03001590089080272,0.9635414915615089,0.9773059825689817,2.4269406392694064
21273,1.0,28512.0,3.507295173961841e-05,0.9703897014403482,0.03005097384254234,0.9635073740146424,0.977272028866054,2.4284246575342467
21275,1.0,28475.0,3.511852502194908e-05,0.9703556227853372,0.03008609236756429,0.9634732129400642,0.9772380326306102,2.4286529680365296
21284,1.0,28315.0,3.5316969803990815e-05,0.9703213527651081,0.03012140933736828,0.9634388582226431,0.9772038473075731,2.4296803652968038
21407,1.0,28168.0,3.5501278046009656e-05,0.9702869051169697,0.03015691061541429,0.9634043237464418,0.9771694864874976,2.4437214611872147
21437,1.0,28164.0,3.550632012498225e-05,0.9702524537995035,0.030192416935539274,0.9633697855723236,0.9771351220266835,2.447146118721461
21456,1.0,28163.0,3.550758086851543e-05,0.9702180024820374,0.03022792451640779,0.9633352474141464,0.9771007575499283,2.4493150684931506
21483,1.0,28160.0,3.5511363636363635e-05,0.9701835487177447,0.030263435880044154,0.9633007067953917,0.9770663906400977,2.4523972602739725
21528,1.0,28154.0,3.551893159053776e-05,0.9701490888346476,0.030298954811634693,0.9632661599995161,0.977032017669779,2.4575342465753423
21551,1.0,28151.0,3.552271677737913e-05,0.970114626503333,0.030334477528412073,0.9632316107416611,0.976997642265005,2.4601598173515984
21557,1.0,28149.0,3.552524068350563e-05,0.9700801629477359,0.03037000276909558,0.9631970602606212,0.9769632656348506,2.4608447488584475
21586,1.0,28146.0,3.5529027215234845e-05,0.9700456969432255,0.030405531796310815,0.9631625073169011,0.9769288865695499,2.4641552511415523
21600,1.0,28145.0,3.553028957186001e-05,0.9700112309387152,0.030441062085882674,0.9631279543891456,0.9768945074882849,2.4657534246575343
21605,1.0,28144.0,3.553155201819215e-05,0.9699767649342049,0.030476593637900867,0.9630934014773541,0.9768601283910557,2.4663242009132422
21658,1.0,28141.0,3.5535339895526104e-05,0.9699422964801723,0.030512128977796392,0.9630588461022696,0.976825746858075,2.4723744292237444
21690,1.0,28139.0,3.553786559579232e-05,0.9699078268012042,0.030547666843392184,0.9630242895033472,0.9767913640990613,2.4760273972602738
21699,1.0,28138.0,3.553912858056721e-05,0.9698733571222362,0.03058320597197275,0.9629897329203937,0.9767569813240787,2.477054794520548
21774,1.0,28132.0,3.5546708374804495e-05,0.9698388813168501,0.030618752680347555,0.9629551701526153,0.976722592481085,2.4856164383561645
21818,1.0,28130.0,3.554923569143263e-05,0.9698044042858756,0.030654301916038986,0.962920606160347,0.9766882024114041,2.4906392694063926
21992,1.0,28033.0,3.567224342738915e-05,0.9697698091870889,0.030689974159466376,0.9628859226788576,0.9766536956953201,2.5105022831050228
21997,1.0,27994.0,3.572194041580339e-05,0.9697351671277481,0.03072569609988218,0.9628511916791695,0.9766191425763266,2.5110730593607307
22060,1.0,26832.0,3.7268932617769825e-05,0.9696990261331473,0.03076296503249995,0.9628149427983702,0.9765831094679244,2.5182648401826486
22061,1.0,26814.0,3.729395092116059e-05,0.9696628622252584,0.030800258983421112,0.9627786707240021,0.9765470537265147,2.51837899543379
22161,1.0,25792.0,3.877171215880893e-05,0.9696252667358731,0.03083903069557992,0.9627409477906926,0.9765095856810536,2.529794520547945
22168,1.0,25791.0,3.877321546275833e-05,0.9695876712464878,0.030877803911042678,0.9627032248799735,0.9764721176130021,2.530593607305936
22173,1.0,25790.0,3.8774718883288094e-05,0.9695500757571026,0.030916578629925966,0.9626655019918436,0.9764346495223616,2.5311643835616437
22174,1.0,25789.0,3.87762224204118e-05,0.9695124802677173,0.03095535485234638,0.9626277791263016,0.976397181409133,2.5312785388127854
22264,1.0,25787.0,3.8779229844495286e-05,0.9694748833204079,0.030994134082190875,0.9625900548051921,0.9763597118356236,2.5415525114155253
22313,1.0,25783.0,3.8785246092386455e-05,0.9694372819984779,0.03103291932828326,0.9625523260713452,0.9763222379256106,2.5471461187214612
22356,1.0,25720.0,3.888024883359253e-05,0.9693995900357253,0.031071799577116855,0.9625145054591414,0.9762846746123092,2.552054794520548
22430,1.0,25096.0,3.984698756773988e-05,0.969360962382313,0.031111646564684594,0.962475735903553,0.976246188861073,2.560502283105023
22495,1.0,24928.0,4.011553273427471e-05,0.9693220759508951,0.031151762097418868,0.9624367038376015,0.9762074480641888,2.567922374429224
22537,1.0,23635.0,4.231013327691982e-05,0.9692810638046734,0.03119407223069579,0.9623955138049114,0.9761666138044354,2.572716894977169
22616,1.0,21771.0,4.593266271645767e-05,0.9692365421444922,0.031240004893412245,0.9623507554881329,0.9761223288008515,2.5817351598173515
22726,1.0,21277.0,4.699910701696668e-05,0.9691909888925231,0.03128700400042921,0.9623049470345599,0.9760770307504862,2.5942922374429225
22750,1.0,21246.0,4.706768332862657e-05,0.969145371317973,0.03133407168375784,0.9622590731284009,0.976031669507545,2.59703196347032
22754,1.0,21244.0,4.7072114479382414e-05,0.9690997515961071,0.03138114379823722,0.9622131970844674,0.9759863061077467,2.597488584474886
22811,1.0,20102.0,4.974629390110437e-05,0.9690515424750447,0.03143089009213832,0.9621646823303607,0.9759384026197286,2.6039954337899545
22820,1.0,20054.0,4.986536351850005e-05,0.969003220367611,0.031480755455656824,0.9621160524121851,0.9758903883230369,2.605022831050228
22829,1.0,20041.0,4.9897709695124994e-05,0.9689548693262274,0.031530653165351946,0.9620673930472502,0.9758423456052047,2.6060502283105023
22838,1.0,20040.0,4.99001996007984e-05,0.9689065182848439,0.031580553364952746,0.9620187337440328,0.9757943028256549,2.6070776255707764
22842,1.0,20039.0,4.9902689754977795e-05,0.9688581672434603,0.031630456054707726,0.9619700745025243,0.9757462599843963,2.6075342465753426
22873,1.0,19977.0,5.00575662011313e-05,0.968809668561614,0.03168051362090886,0.9619212647449079,0.9756980723783201,2.6110730593607308
22882,1.0,19974.0,5.006508460999299e-05,0.9687611650235864,0.031730578705518854,0.9618724500967474,0.9756498799504255,2.6121004566210044
22885,1.0,19967.0,5.0082636349977465e-05,0.9687126469104486,0.031780661341868834,0.9618236206453236,0.9756016731755736,2.6124429223744294
22886,1.0,19964.0,5.009016229212583e-05,0.9686641239367504,0.03183075150416096,0.9617747862989383,0.9755534615745625,2.6125570776255707
22887,1.0,19957.0,5.0107731622989425e-05,0.9686155863747954,0.03188085923578395,0.9617259371358617,0.975505235613729,2.6126712328767123
22897,1.0,19917.0,5.020836471356128e-05,0.9685669537701674,0.03193106760049751,0.9616769910942421,0.9754569164460928,2.6138127853881277
22936,1.0,19128.0,5.2279381012128815e-05,0.9685163176893555,0.03198334698150964,0.9616260004520054,0.9754066349267057,2.6182648401826483
22964,1.0,18836.0,5.308982798895732e-05,0.968464899324645,0.032036436809498595,0.9615742109121669,0.975355587737123,2.621461187214612
22974,1.0,18834.0,5.309546564723373e-05,0.9684134782298524,0.03208953227514583,0.9615224186622391,0.9753045377974656,2.622602739726027
23048,1.0,18832.0,5.310110450297366e-05,0.9683620544045428,0.0321426333796488,0.9614706237017838,0.9752534851073018,2.631050228310502
23060,1.0,18831.0,5.310392438001168e-05,0.9683106305792333,0.03219573730402881,0.9614188288201589,0.9752024323383076,2.632420091324201
23140,1.0,18741.0,5.335894562723441e-05,0.9682589625449459,0.032249096249656044,0.9613667845305078,0.975151140559384,2.641552511415525
23141,1.0,18740.0,5.336179295624333e-05,0.9682072945106586,0.03230245804261229,0.961314740321169,0.9750998487001481,2.6416666666666666
23182,1.0,18737.0,5.3370336766825e-05,0.9681556209612905,0.032355828379379115,0.9612626905574985,0.9750485513650825,2.64634703196347
23189,1.0,18736.0,5.33731853116994e-05,0.9681039474119223,0.032409201564690814,0.9612106408741482,0.9749972539496964,2.6471461187214613
23222,1.0,18733.0,5.338173277104575e-05,0.968052268345707,0.03246258329746186,0.9611585856346783,0.9749459510567358,2.6509132420091324
23236,1.0,18732.0,5.3384582532564594e-05,0.9680005892794916,0.032515967879994424,0.9611065304755367,0.9748946480834465,2.652511415525114
23260,1.0,18731.0,5.3387432598366345e-05,0.9679489102132762,0.03256935531259279,0.9610544753967103,0.9748433450298422,2.6552511415525113
23335,1.0,18670.0,5.356186395286556e-05,0.967897065065434,0.03262291717654566,0.961002250709905,0.9747918794209631,2.663812785388128
23339,1.0,18669.0,5.3564732979806093e-05,0.9678452199175919,0.03267648190952547,0.9609500261044255,0.9747404137307583,2.664269406392694
23359,1.0,18668.0,5.356760231412042e-05,0.9677933747697497,0.03273004951183959,0.9608978015802586,0.9746889479592408,2.6665525114155253
23518,1.0,17891.0,5.589402492873512e-05,0.9677392809027344,0.03278594353676832,0.9608432780884983,0.9746352837169705,2.684703196347032
23531,1.0,17867.0,5.596910505401019e-05,0.9676851174012567,0.03284191264182233,0.9607886834553179,0.9745815513471956,2.686187214611872
23533,1.0,17866.0,5.5972237770066045e-05,0.9676309538997789,0.0328978848795924,0.9607340889189467,0.9745278188806111,2.686415525114155
23548,1.0,17863.0,5.598163802272855e-05,0.9675767843339781,0.03295386651761513,0.9606794882753219,0.9744740803926343,2.6881278538812787
23554,1.0,17862.0,5.598477214197738e-05,0.9675226147681772,0.03300985128975711,0.9606248877285135,0.974420341807841,2.688812785388128
23591,1.0,17861.0,5.598790661217177e-05,0.9674684452023764,0.03306583919636928,0.9605702872785035,0.9743666031262493,2.693036529680365
23634,1.0,17859.0,5.599417660563302e-05,0.9674142726033954,0.03312183337297491,0.9605156838222262,0.9743128613845646,2.697945205479452
23640,1.0,17858.0,5.599731212901781e-05,0.9673601000044144,0.03317783068510393,0.9604610804627326,0.9742591195460962,2.6986301369863015
23807,1.0,15819.0,6.321512105695683e-05,0.967298948218587,0.033241045806160885,0.9603993237283972,0.9741985727087767,2.7176940639269405
23855,1.0,15818.0,6.321911746112024e-05,0.9672377964327595,0.033304264923622005,0.9603375671511432,0.9741380257143759,2.723173515981735
23954,1.0,15814.0,6.32351081320349e-05,0.9671766330461128,0.03336750003175404,0.9602757988179377,0.9740774672742879,2.7344748858447487
23963,1.0,15811.0,6.324710644488014e-05,0.9671154619226515,0.03343074713819892,0.9602140226968316,0.9740169011484714,2.735502283105023
24095,1.0,15087.0,6.628222973420826e-05,0.9670513593534248,0.03349702936793313,0.9601492340145612,0.9739534846922884,2.750570776255708
24233,1.0,14733.0,6.787483879725786e-05,0.9669857208983,0.03356490420673039,0.9600828651529784,0.9738885766436217,2.766324200913242
24235,1.0,14732.0,6.787944610371979e-05,0.9669200824431752,0.033632783652834106,0.9600164964996102,0.9738236683867402,2.766552511415525
24245,1.0,14731.0,6.788405403570701e-05,0.9668544439880504,0.03370066770686981,0.9599501280543906,0.9737587599217102,2.7676940639269407
24377,1.0,14674.0,6.814774430966335e-05,0.9667885550386169,0.03376881545117947,0.9598835019474137,0.9736936081298202,2.7827625570776258
24416,1.0,14672.0,6.815703380588877e-05,0.966722661598388,0.03383697248498536,0.959816871428329,0.973628451768447,2.787214611872146
24435,1.0,14671.0,6.816167950378297e-05,0.9666567681581592,0.03390513416448914,0.9597502411204439,0.9735632951958744,2.789383561643836
24516,1.0,14669.0,6.817097279978186e-05,0.9665908702259103,0.033973305137288926,0.959683606399148,0.9734981340526726,2.7986301369863016
24612,1.0,14667.0,6.81802686302584e-05,0.9665249678007227,0.034041485405919183,0.9596169672634973,0.9734329683379481,2.8095890410958906
24701,1.0,14608.0,6.845564074479737e-05,0.9664588037147561,0.03410994104666398,0.9595500589413998,0.9733675484881125,2.819748858447489
24802,1.0,14605.0,6.846970215679562e-05,0.9663926305683189,0.034178410748820776,0.959483141504713,0.9733021196319248,2.8312785388127852
24876,1.0,14602.0,6.848376934666484e-05,0.9663264483583088,0.03424689451816744,0.9594162149502925,0.9732366817663252,2.83972602739726
24944,1.0,14601.0,6.848845969454146e-05,0.9662602661482986,0.034315382977861984,0.9593492886103837,0.9731712436862135,2.847488584474886
25014,1.0,14597.0,6.850722751250257e-05,0.9661940703364094,0.03438389020537449,0.9592823484799649,0.9731057921928539,2.8554794520547944
25039,1.0,14595.0,6.851661527920521e-05,0.9661278699890071,0.034452406820653696,0.9592154038941797,0.9730403360838346,2.8583333333333334
25104,1.0,14594.0,6.852131012744963e-05,0.9660616696416048,0.03452092813078114,0.9591484595229334,0.9729748797602762,2.8657534246575342
25169,1.0,14593.0,6.852600561913247e-05,0.9659954692942025,0.03458945413640027,0.9590815153661568,0.9729094232222483,2.873173515981735
25234,1.0,14592.0,6.853070175438596e-05,0.9659292689468002,0.03465798483815466,0.9590145714237809,0.9728439664698195,2.880593607305936
25281,1.0,14591.0,6.853539853334247e-05,0.9658630685993979,0.034726520236688,0.9589476276957363,0.9727785095030594,2.885958904109589
25287,1.0,14590.0,6.854009595613433e-05,0.9657968682519955,0.03479506033264414,0.958880684181954,0.972713052322037,2.8866438356164386
25304,1.0,14589.0,6.854479402289396e-05,0.9657306679045933,0.03486360512666703,0.9588137408823652,0.9726475949268214,2.8885844748858447
25508,1.0,14403.0,6.942997986530584e-05,0.9656636172437654,0.03493303510653233,0.9587459221150161,0.9725813123725147,2.9118721461187214
25551,1.0,14402.0,6.943480072212192e-05,0.9655965665829375,0.03500246990725445,0.9586781035729314,0.9725150295929436,2.916780821917808
25596,1.0,14398.0,6.945409084595083e-05,0.9655295019512815,0.035071923998100406,0.958610270865199,0.972448733037364,2.921917808219178
25650,1.0,14395.0,6.946856547412296e-05,0.9654624280018581,0.03514139256357453,0.958542428784869,0.9723824272188473,2.9280821917808217
25704,1.0,14394.0,6.947339169098236e-05,0.9653953540524346,0.03521086595526551,0.958474586929891,0.9723161211749782,2.9342465753424656
25757,1.0,14273.0,7.006235549639179e-05,0.9653277161799445,0.035280928310761905,0.9584061643396113,0.9722492680202777,2.940296803652968
25979,1.0,14266.0,7.009673349221926e-05,0.9652600498602908,0.03535102504425412,0.9583377126710632,0.9721823870495184,2.9656392694063927
25991,1.0,14264.0,7.010656197420079e-05,0.9651923787967841,0.035421131606228326,0.9582692563477507,0.9721155012458175,2.9670091324200913
26068,1.0,14263.0,7.011147724882563e-05,0.9651247077332774,0.035491243083477154,0.958200800257607,0.9720486152089478,2.975799086757991
26074,1.0,14262.0,7.011639321273313e-05,0.9650570366697706,0.03556135947668989,0.9581323444005526,0.9719817289389886,2.97648401826484
26122,1.0,14260.0,7.012622720897616e-05,0.9649893608607475,0.03563148570389887,0.9580638838869147,0.9719148378345803,2.9819634703196347
26168,1.0,14257.0,7.014098337658694e-05,0.9649216755580288,0.03570162668727545,0.9579954138243567,0.9718479372917008,2.987214611872146
26232,1.0,14256.0,7.014590347923682e-05,0.96485399025531,0.03577177259075469,0.9579269439948467,0.9717810365157734,2.9945205479452053
26283,1.0,14255.0,7.01508242721852e-05,0.9647863049525913,0.03584192341502687,0.9578584743983054,0.9717141355068772,3.0003424657534246
26308,1.0,14253.0,7.016066792955869e-05,0.9647186149010266,0.03591208408295643,0.9577900001416972,0.971647229660356,3.0031963470319636
26311,1.0,14250.0,7.017543859649122e-05,0.9646509153491037,0.03598225952155292,0.9577215163293205,0.971580314368887,3.003538812785388
26336,1.0,14248.0,7.018528916339136e-05,0.9645832110456682,0.03605244481071631,0.9576530278541826,0.9715133942371539,3.0063926940639267
26385,1.0,14247.0,7.019021548396153e-05,0.9645155067422327,0.03612263502620027,0.9575845396119586,0.9714464738725069,3.011986301369863
26412,1.0,14185.0,7.049700387733522e-05,0.9644475112888142,0.03619313203007761,0.9575157515975483,0.9713792709800801,3.015068493150685
26466,1.0,14137.0,7.073636556553724e-05,0.964379289777087,0.03626386839564315,0.9574467308551661,0.9713118486990079,3.021232876712329
26546,1.0,14124.0,7.080147267063155e-05,0.9643110103031578,0.03633466986831378,0.9573776506153795,0.9712443699909361,3.030365296803653
26563,1.0,14123.0,7.080648587410607e-05,0.9642427308292285,0.036405476354187886,0.9573085706161919,0.9711768910422651,3.0323059360730595
26589,1.0,14122.0,7.08114997875655e-05,0.9641744513552992,0.03647628785397545,0.9572394908575199,0.9711094118530785,3.03527397260274
26666,1.0,14044.0,7.120478496154942e-05,0.964105797520825,0.036547492638937,0.9571700254757021,0.971041569565948,3.0440639269406393
26695,1.0,14043.0,7.120985544399345e-05,0.9640371436863509,0.036618702494381,0.9571005603395468,0.9709737270331549,3.047374429223744
26877,1.0,13880.0,7.204610951008646e-05,0.963967688560725,0.036690748603891085,0.9570302692849862,0.9709051078364638,3.0681506849315068
26925,1.0,13879.0,7.20513005259745e-05,0.9638982334350992,0.03676279990441706,0.9569599784875762,0.9708364883826222,3.0736301369863015
27133,1.0,13170.0,7.593014426727411e-05,0.9638250445031754,0.036838730048684334,0.9568858335997702,0.9707642554065806,3.0973744292237444
27137,1.0,13169.0,7.593591009188245e-05,0.9637518555712516,0.03691466595877622,0.9568116890287865,0.9706920221137167,3.0978310502283106
27139,1.0,13168.0,7.594167679222357e-05,0.9636786666393279,0.03699060763556844,0.9567375447744942,0.9706197885041615,3.0980593607305935
27263,1.0,13164.0,7.596475235490732e-05,0.9636054610280669,0.037066572387923345,0.956663383602003,0.9705475384541308,3.112214611872146
27319,1.0,13161.0,7.598206823189727e-05,0.9635322442921784,0.03714255445615524,0.956589211251146,0.9704752773332108,3.1186073059360733
27326,1.0,13160.0,7.598784194528876e-05,0.96345902755629,0.03721854229810053,0.9565150392170694,0.9704030158955106,3.119406392694064
27365,1.0,13158.0,7.599939200486396e-05,0.9633858052559741,0.0372945416901054,0.9564408617499693,0.9703307487619788,3.1238584474885847
27541,1.0,13092.0,7.638252367858234e-05,0.9633122194168925,0.037370924213783976,0.9563663089236474,0.9702581299101376,3.1439497716894977
27619,1.0,13090.0,7.639419404125286e-05,0.96323862795628,0.03744731840782523,0.9562917506103967,0.9701855053021633,3.152853881278539
27680,1.0,13089.0,7.640003056001223e-05,0.9631650364956676,0.03752371843838524,0.956217192619925,0.9701128803714103,3.1598173515981736
27774,1.0,13086.0,7.641754546843955e-05,0.9630914337876977,0.03760013598385368,0.95614262332828,0.9700402442471153,3.1705479452054797
27897,1.0,12967.0,7.71188401326444e-05,0.9630171612933823,0.037677254823986324,0.95606736203343,0.9699669605533346,3.1845890410958906
27901,1.0,12966.0,7.712478790683326e-05,0.962942888799067,0.03775437961189316,0.9559921010730519,0.9698936765250821,3.185045662100457
28021,1.0,12965.0,7.713073659853452e-05,0.9628686163047516,0.03783151034849169,0.9559168404470029,0.9698203921625004,3.1987442922374427
28066,1.0,12964.0,7.71366862079605e-05,0.9627943438104362,0.037908647034699657,0.9558415801551403,0.969747107465732,3.203881278538813
28281,1.0,12959.0,7.716644802839726e-05,0.9627200483907425,0.03798581348272805,0.9557662964967552,0.9696738002847299,3.2284246575342466
28291,1.0,12958.0,7.717240314863405e-05,0.9626457529710488,0.038062985885876685,0.9556910131726841,0.9696004927694135,3.229566210045662
28315,1.0,12957.0,7.717835918808367e-05,0.9625714575513551,0.03814016424506477,0.9556157301827849,0.9695271849199253,3.2323059360730593
28328,1.0,12956.0,7.718431614695894e-05,0.9624971621316614,0.03821734856121173,0.9555404475269151,0.9694538767364076,3.2337899543378996
28364,1.0,12954.0,7.71962328238382e-05,0.9624228609766411,0.038294544794035566,0.9554651592757989,0.9693805626774833,3.237899543378995
28406,1.0,12885.0,7.760962359332557e-05,0.962348167700663,0.03837215441762889,0.9553894659469453,0.9693068694543807,3.242694063926941
28427,1.0,12779.0,7.825338445887784e-05,0.9622728606995127,0.03845040780208776,0.9553131382663227,0.9692325831327027,3.245091324200913
28466,1.0,12777.0,7.826563356030368e-05,0.9621975478044121,0.038528673435648066,0.9552368048414158,0.9691582907674084,3.2495433789954338
28489,1.0,12775.0,7.827788649706458e-05,0.9621222290139774,0.03860695132214513,0.955160465670775,0.9690839923571798,3.2521689497716895
28544,1.0,12774.0,7.828401440425865e-05,0.9620469102235426,0.03868523533654939,0.9550841268520346,0.9690096935950506,3.258447488584475
28548,1.0,12773.0,7.829014327096219e-05,0.9619715914331078,0.03876352547982035,0.9550077883850402,0.9689353944811755,3.258904109589041
28625,1.0,12660.0,7.898894154818325e-05,0.961895606315301,0.03884251442136853,0.9549307609639364,0.9688604516666657,3.2676940639269407
28654,1.0,12659.0,7.899518129394107e-05,0.9618196211974943,0.038921509602662475,0.9548537339068683,0.9687855084881203,3.2710045662100455
28682,1.0,12658.0,7.900142202559646e-05,0.9617436360796876,0.03900051102468807,0.9547767072136729,0.9687105649457023,3.274200913242009
28710,1.0,12657.0,7.90076637433831e-05,0.9616676509618809,0.03907951868843146,0.9546996808841866,0.9686356210395752,3.2773972602739727
28772,1.0,12655.0,7.902015013828527e-05,0.9615916598397187,0.03915853883856974,0.9546226487059081,0.9685606709735294,3.284474885844749
28798,1.0,12653.0,7.903264048051846e-05,0.9615156627117776,0.03923757147905026,0.9545456106773441,0.968485714746211,3.2874429223744293
28832,1.0,12652.0,7.903888713246918e-05,0.9614396655838364,0.039316610366182725,0.9544685730122303,0.9684107581554425,3.291324200913242
28988,1.0,12593.0,7.940919558484873e-05,0.9613633184333891,0.039396019561767574,0.9543911735364072,0.9683354633303709,3.3091324200913244
29064,1.0,12592.0,7.941550190597205e-05,0.9612869712829417,0.03947543506367355,0.9543137744304434,0.96826016813544,3.317808219178082
29110,1.0,12590.0,7.942811755361398e-05,0.9612106180683839,0.03955486318122716,0.95423636941904,0.9681848667177279,3.3230593607305936
29274,1.0,12529.0,7.981482959533881e-05,0.9611338992066976,0.0396346780108225,0.954158586371762,0.9681092120416331,3.341780821917808
29327,1.0,12491.0,8.005764150188136e-05,0.9610569530935595,0.03971473565232438,0.9540805684850008,0.9680333377021183,3.3478310502283106
29354,1.0,11943.0,8.373105584861426e-05,0.9609764827801464,0.039798466708173,0.953998899655292,0.9679540659050007,3.3509132420091325
29504,1.0,9606.0,0.00010410160316468874,0.9608764435876854,0.039902568311337684,0.953896832410277,0.9678560547650938,3.3680365296803654
29510,1.0,9582.0,0.00010436234606553955,0.9607761642677535,0.040006930657403225,0.9537945146363261,0.9677578138991808,3.3687214611872145
29524,1.0,9561.0,0.00010459156991946449,0.9606756751803914,0.04011152222732269,0.9536919781335316,0.9676593722272513,3.3703196347031965
29718,1.0,9160.0,0.0001091703056768559,0.9605707979232757,0.04022069253299955,0.9535848387068349,0.9675567571397166,3.3924657534246574
29824,1.0,9157.0,0.00010920607185759528,0.9604658977596934,0.040329898604857146,0.9534776765288389,0.9674541189905479,3.404566210045662
29876,1.0,9156.0,0.00010921799912625601,0.960360997596111,0.0404391166039834,0.9533705156599315,0.9673514795322906,3.4105022831050227
29957,1.0,9099.0,0.00010990218705352236,0.9602554518221144,0.04054901879103692,0.953262677871659,0.9672482257725697,3.4197488584474884
30030,1.0,9063.0,0.00011033873993158998,0.9601494984455479,0.04065935753096851,0.9531544131186442,0.9671445837724515,3.4280821917808217
30055,1.0,9061.0,0.00011036309458117205,0.9600435333756389,0.040769720625549684,0.9530461374357798,0.9670409293154979,3.4309360730593608
30076,1.0,9060.0,0.00011037527593818985,0.9599375683057298,0.040880095901487876,0.9529378631106219,0.9669372735008378,3.433333333333333
30222,1.0,5855.0,0.0001707941929974381,0.9597736165434231,0.041050890094485315,0.9527677345082525,0.9667794985785937,3.45
30247,1.0,5854.0,0.00017082336863682952,0.9596096647811164,0.041221713463122145,0.9525976136583629,0.9666217159038699,3.4528538812785388
30249,1.0,5853.0,0.00017085255424568598,0.9594457130188098,0.04139256601736783,0.9524275005405097,0.9664639254971098,3.453082191780822
30263,1.0,5806.0,0.0001722356183258698,0.9592804622931779,0.0415648016356937,0.9522559887612798,0.9663049358250759,3.4546803652968037
30351,1.0,5796.0,0.0001725327812284334,0.9591149549670404,0.04173733441692213,0.952084207015031,0.9661457029190497,3.46472602739726
30474,1.0,5738.0,0.0001742767514813524,0.9589478035283915,0.04191161116840348,0.9519106519137437,0.9659849551430393,3.478767123287671
30497,1.0,5737.0,0.0001743071291615827,0.9587806520897427,0.04208591829756506,0.9517371050769174,0.965824199102568,3.481392694063927
30615,1.0,5736.0,0.00017433751743375174,0.9586135006510939,0.042260255814998815,0.9515635664820605,0.9656634348201272,3.4948630136986303
30650,1.0,5735.0,0.0001743679163034002,0.958446349212445,0.04243462373130222,0.9513900361067921,0.9655026623180979,3.4988584474885847
30811,1.0,5676.0,0.00017618040873854828,0.9582774897428867,0.042610804140040766,0.9512146624167059,0.9653403170690675,3.5172374429223745
30830,2.0,5675.0,0.0003524229074889868,0.9579397708037704,0.04296322704752975,0.9508639405548773,0.9650156010526634,3.519406392694064
30870,1.0,5670.0,0.0001763668430335097,0.9577708219905775,0.04313959389056326,0.9506884954686221,0.9648531485125329,3.5239726027397262
30919,1.0,5612.0,0.0001781895937277263,0.9576001571969227,0.04331778348429099,0.9505111976735365,0.9646891167203089,3.529566210045662
30969,1.0,5328.0,0.00018768768768768769,0.957420427437689,0.04350547117197868,0.9503240511709952,0.9645168037043828,3.53527397260274
32502,1.0,3587.0,0.00027878449958182325,0.9571535134629363,0.0437842556715605,0.9500398580917317,0.9642671688341409,3.7102739726027396
32662,1.0,3585.0,0.0002789400278940028,0.9568865250351921,0.04406319569945451,0.9497556324289311,0.9640174176414531,3.7285388127853882
32667,1.0,3584.0,0.00027901785714285713,0.9566195366074479,0.044342213556597364,0.9494714584679319,0.9637676147469639,3.7291095890410957
32863,1.0,3582.0,0.00027917364600781687,0.9563524736435709,0.04462138720260518,0.9491872511895773,0.9635176960975645,3.7514840182648403
32945,1.0,3581.0,0.00027925160569673273,0.9560854106796939,0.04490063880830191,0.9489030949303668,0.9632677264290209,3.7608447488584473
33073,1.0,3580.0,0.00027932960893854746,0.9558183477158169,0.04517996841724046,0.9486189893268994,0.9630177061047344,3.775456621004566
33214,1.0,3578.0,0.00027948574622694243,0.9555512101116481,0.0454594541634674,0.9483348493320647,0.9627675708912315,3.7915525114155253
33251,1.0,3577.0,0.0002795638803466592,0.9552840725074794,0.04573901804381406,0.9480507593352544,0.9625173856797044,3.7957762557077626
33349,1.0,3575.0,0.0002797202797202797,0.9550168601795053,0.04601873832353434,0.9477666342524155,0.9622670861065951,3.806963470319635
33623,1.0,3571.0,0.0002800336040324839,0.9547494233662374,0.046298771927566824,0.9474823040300212,0.9620165427024535,3.8382420091324203
33668,1.0,3570.0,0.00028011204481792715,0.9544819865529695,0.04657888397238475,0.9471980229849912,0.9617659501209477,3.84337899543379
33693,1.0,3569.0,0.0002801905295601009,0.9542145497397017,0.046859074501944854,0.946913790776941,0.9615153087024623,3.8462328767123286
33924,1.0,2573.0,0.000388651379712398,0.9538436929384037,0.04724772588165725,0.9465096758521401,0.9611777100246672,3.872602739726027
34169,1.0,1340.0,0.0007462686567164179,0.953131869286957,0.04799399453837367,0.9456718012487946,0.9605919373251195,3.900570776255708
35847,1.0,1230.0,0.0008130081300813008,0.9523569653281871,0.048807002668454974,0.9447499242750718,0.9599640063813025,4.092123287671233
35894,1.0,1228.0,0.0008143322475570033,0.9515814303401349,0.04962133491601198,0.9438302025644152,0.9593326581158546,4.097488584474886
36902,1.0,1164.0,0.000859106529209622,0.950763920520255,0.0504804414452216,0.9428554715713068,0.9586723694692033,4.212557077625571
37481,1.0,976.0,0.0010245901639344263,0.9497897771590663,0.051505031609156024,0.9416622167085038,0.9579173376096288,4.278652968036529
