t,d,n_at_risk,hazard_increment,survival,cum_hazard,survival_lo,survival_hi,age_years
337,1.0,520.0,0.0019230769230769232,0.9980769230769231,0.0019230769230769232,0.9943113183121577,1.0,0.038470319634703196
490,1.0,519.0,0.0019267822736030828,0.9961538461538462,0.0038498591966800062,0.990833609712271,1.0,0.05593607305936073
611,1.0,518.0,0.0019305019305019305,0.9942307692307693,0.005780361127181936,0.9877211294827093,1.0,0.06974885844748858
797,1.0,517.0,0.0019342359767891683,0.9923076923076923,0.007714597103971104,0.9847982808254125,0.9998171037899721,0.09098173515981735
830,1.0,516.0,0.001937984496124031,0.9903846153846154,0.009652581600095135,0.9819969775004262,0.9987722532688046,0.09474885844748858
965,1.0,515.0,0.001941747572815534,0.9884615384615385,0.011594329172910669,0.9792822664289755,0.9976408104941015,0.11015981735159817
1829,1.0,514.0,0.0019455252918287938,0.9865384615384616,0.013539854464739463,0.9766333639556654,0.9964435591212578,0.20878995433789954
2609,1.0,513.0,0.001949317738791423,0.9846153846153846,0.015489172203530886,0.974036715582512,0.9951940536482571,0.2978310502283105
3287,1.0,512.0,0.001953125,0.9826923076923076,0.017442297203530886,0.9714828975296447,0.9939017178549706,0.3752283105022831
4167,1.0,512.0,0.001953125,0.9807729867788461,0.019395422203530886,0.9689710992127435,0.9925748743449486,0.4756849315068493
4785,1.0,515.0,0.001941747572815534,0.9788685732122853,0.02133716977634642,0.9665134208017765,0.991223725622794,0.5462328767123288
4921,1.0,515.0,0.001941747572815534,0.9769678575361449,0.023278917349161956,0.9640872819049713,0.9898484331673185,0.5617579908675799
5348,1.0,514.0,0.0019455252918287938,0.9750671418600045,0.02522444264099075,0.961683722281444,0.988450561438565,0.6105022831050229
5906,1.0,523.0,0.0019120458891013384,0.9732027687398134,0.02713648853009209,0.959355059353434,0.9870504781261927,0.6742009132420091
6929,1.0,527.0,0.0018975332068311196,0.9713560841691495,0.029034021736923207,0.9570694491159453,0.9856427192223538,0.7909817351598174
7894,1.0,526.0,0.0019011406844106464,0.9695093995984858,0.030935162421333852,0.9547985706087406,0.984220228588231,0.9011415525114155
8454,1.0,525.0,0.0019047619047619048,0.9676627150278221,0.032839924326095754,0.9525411840036214,0.9827842460520227,0.9650684931506849
8771,1.0,526.0,0.0019011406844106464,0.9658230520714954,0.0347410650105064,0.9503063277450317,0.9813397763979592,1.001255707762557
9008,1.0,526.0,0.0019011406844106464,0.9639868865732607,0.03664220569491705,0.9480877834912407,0.9798859896552807,1.028310502283105
10246,1.0,539.0,0.0018552875695732839,0.9621984136853696,0.03849749326449033,0.9459469687050317,0.9784498586657076,1.169634703196347
11298,1.0,524.0,0.0019083969465648854,0.960362157170703,0.04040589021105522,0.9437479792703014,0.9769763350711045,1.2897260273972602
11422,1.0,523.0,0.0019120458891013384,0.9585259006560363,0.04231793610015656,0.9415581419787863,0.9754936593332862,1.3038812785388127
11540,1.0,522.0,0.0019157088122605363,0.9566896441413695,0.044233644912417096,0.939376896074741,0.974002392207998,1.317351598173516
12319,1.0,1709.0,0.0005851375073142189,0.9561298491477233,0.044818782419731314,0.9387924987243451,0.9734671995711014,1.4062785388127854
12403,1.0,1708.0,0.000585480093676815,0.9555700541540771,0.04540426251340813,0.9382081708977428,0.9729319374104115,1.4158675799086757
12511,1.0,1707.0,0.0005858230814294083,0.9550102591604309,0.04599008559483754,0.9376239123006312,0.9723966060202306,1.4281963470319634
13285,1.0,1706.0,0.0005861664712778429,0.9544504641667847,0.04657625206611538,0.9370397226411902,0.9718612056923792,1.5165525114155252
13406,1.0,1705.0,0.0005865102639296188,0.9538906691731385,0.047162762330045,0.9364556016300525,0.9713257367162245,1.530365296803653
13519,1.0,1704.0,0.0005868544600938967,0.9533308741794922,0.0477496167901389,0.9358715489802759,0.9707901993787086,1.5432648401826483
15306,1.0,6464.0,0.0001547029702970297,0.9531833910615808,0.04790431976043593,0.9357243740544785,0.9706424080686831,1.7472602739726026
15607,1.0,6442.0,0.0001552312946289972,0.9530354271697674,0.04805955105506493,0.9355767118637803,0.9704941424757545,1.78162100456621
15608,1.0,6441.0,0.0001552553951249806,0.952887463277954,0.04821480645018991,0.9354290500053976,0.9703458765505105,1.7817351598173516
15629,1.0,6448.0,0.00015508684863523573,0.9527396829641703,0.04836989329882515,0.9352815746664126,0.9701977912619281,1.7841324200913242
16007,1.0,7603.0,0.00013152702880441932,0.9526143719444461,0.048501420327629566,0.9351568322645502,0.970071911624342,1.827283105022831
16223,1.0,7582.0,0.00013189132155104195,0.9524887303760019,0.04863331164918061,0.9350317564165127,0.9699457043354911,1.8519406392694064
16433,1.0,8742.0,0.00011439029970258523,0.9523797749046709,0.0487477019488832,0.9349234916977494,0.9698360581115923,1.8759132420091325
16683,1.0,8723.0,0.00011463945890175398,0.9522705946026068,0.048862341407784955,0.934815000970845,0.9697261882343685,1.9044520547945205
16685,1.0,8722.0,0.00011465260261407934,0.9521614143005427,0.04897699401039903,0.9347065103425091,0.9696163182585763,1.9046803652968036
16735,1.0,8721.0,0.00011466574934067194,0.9520522339984786,0.049091659759739704,0.9345980198127531,0.9695064481842041,1.9103881278538812
16824,1.0,8718.0,0.00011470520761642578,0.9519430286493161,0.04920636496735613,0.9344895041917766,0.9693965531068557,1.9205479452054794
16872,1.0,8715.0,0.00011474469305794607,0.9518337982386851,0.04932110966041407,0.934380963465102,0.9692866330122681,1.926027397260274
17362,1.0,8693.0,0.00011503508570113885,0.9517243039561315,0.04943614474611521,0.9342721574521873,0.9691764504600757,1.9819634703196347
17569,1.0,8686.0,0.00011512779184895233,0.951614734038568,0.04955127253796417,0.9341632754675245,0.9690661926096115,2.005593607305936
17884,1.0,9864.0,0.00010137875101378751,0.9515182605253848,0.04965265128897795,0.9340675467984757,0.9689689742522939,2.0415525114155253
17936,1.0,9860.0,0.00010141987829614604,0.9514217576592058,0.049754071167274094,0.9339717887514524,0.9688717265669592,2.047488584474886
18121,1.0,9845.0,0.00010157440325038091,0.951325117561932,0.04985564557052447,0.9338758931331193,0.9687743419907449,2.068607305936073
18192,1.0,9840.0,0.0001016260162601626,0.951228438180066,0.04995727158678463,0.9337799581753774,0.9686769181847545,2.0767123287671234
18786,1.0,9977.0,0.00010023053021950487,0.9511330960493474,0.05005750211700414,0.9336853642659834,0.9685808278327114,2.1445205479452056
18909,1.0,11001.0,9.09008271975275e-05,0.9510466372641415,0.05014840294420167,0.9335996685862147,0.9684936059420683,2.1585616438356166
19167,1.0,10984.0,9.104151493080845e-05,0.9509600525375151,0.050239444459132476,0.9335138469150468,0.9684062581599835,2.188013698630137
19290,1.0,10980.0,9.107468123861566e-05,0.9508734441538597,0.050330519140371094,0.9334280016088318,0.9683188866988875,2.202054794520548
19640,1.0,10963.0,9.121590805436468e-05,0.9507867093692064,0.05042173504842546,0.933342029847435,0.9682313888909778,2.2420091324200913
19704,1.0,10961.0,9.123255177447313e-05,0.9506999666715173,0.05051296760019993,0.9332560502063783,0.9681438831366564,2.249315068493151
19877,1.0,10956.0,9.127418765972983e-05,0.9506131923043513,0.05060424178785966,0.9331700389112205,0.968056345697482,2.2690639269406394
20045,1.0,10945.0,9.136592051164915e-05,0.9505263386549859,0.05069560770837131,0.9330839483122911,0.9679687289976807,2.28824200913242
20259,1.0,10924.0,9.154155986818015e-05,0.9504393259912496,0.05078714926823949,0.9329976986120683,0.9678809533704309,2.3126712328767125
20346,1.0,10915.0,9.161704076958314e-05,0.9503522495527713,0.050878766309009074,0.9329113851246722,0.9677931139808704,2.3226027397260274
20700,1.0,10885.0,9.186954524575104e-05,0.9502649411237816,0.05097063585425483,0.932824839488984,0.9677050427585792,2.363013698630137
20712,1.0,10884.0,9.187798603454613e-05,0.9501776326947919,0.05106251384028937,0.9327382938937109,0.967616971495873,2.3643835616438356
20751,1.0,10882.0,9.189487226612754e-05,0.9500903162426053,0.0511544087125555,0.9326517403086102,0.9675288921766004,2.368835616438356
20773,1.0,10881.0,9.190331770976932e-05,0.9500029997904187,0.05124631203026527,0.93256518676395,0.9674408128168874,2.37134703196347
20784,1.0,10880.0,9.191176470588235e-05,0.9499156833382321,0.051338223794971154,0.9324786332597353,0.9673527334167288,2.372602739726027
21336,1.0,10855.0,9.212344541685859e-05,0.9498281738326274,0.05143034724038801,0.9323918865686469,0.9672644610966079,2.4356164383561643
21745,1.0,10838.0,9.226794611551947e-05,0.9497405351378653,0.05152261518650353,0.9323050106082602,0.9671760596674703,2.4823059360730593
21932,1.0,10914.0,9.16254352208173e-05,0.9496535147479864,0.051614240621724344,0.9322187535393789,0.967088275956594,2.50365296803653
21934,1.0,10913.0,9.163383121048291e-05,0.9495664943581076,0.05170587445293483,0.9321324965104186,0.9670004922057965,2.5038812785388127
21961,1.0,10911.0,9.165062780680047e-05,0.9494794659927553,0.051797525080741626,0.9320462315394107,0.9669127004461,2.5069634703196346
22600,1.0,10895.0,9.178522257916475e-05,0.9493923178086349,0.05188931030332079,0.9319598466902411,0.9668247889270286,2.5799086757990866
22821,1.0,10891.0,9.181893306399779e-05,0.9493051456189545,0.05198112923638479,0.9318734378554014,0.9667368533825076,2.60513698630137
22905,1.0,10889.0,9.18357975939021e-05,0.9492179654237466,0.05207296503397869,0.931787021048464,0.9666489097990292,2.61472602739726
23011,1.0,10885.0,9.186954524575104e-05,0.949130761200924,0.05216483457922444,0.931700580233685,0.966560942168163,2.626826484018265
23017,1.0,10884.0,9.187798603454613e-05,0.9490435569781015,0.05225671256525898,0.9316141394591972,0.9664729744970058,2.627511415525114
23299,1.0,10881.0,9.190331770976932e-05,0.9489563367265641,0.052348615882968755,0.9315276826825672,0.966384990770561,2.659703196347032
23302,1.0,10880.0,9.191176470588235e-05,0.9488691164750267,0.05244052764767464,0.9314412259462685,0.9662970070037848,2.6600456621004565
23399,1.0,10878.0,9.192866335723479e-05,0.9487818882054482,0.05253245631103187,0.9313547612253797,0.9662090151855166,2.671118721461187
23697,1.0,10876.0,9.194556822361162e-05,0.9486946519156169,0.05262440187925548,0.9312682885176936,0.9661210153135401,2.70513698630137
24040,1.0,10874.0,9.196247930844215e-05,0.9486074076033201,0.05271636435856392,0.9311818078210019,0.9660330073856382,2.7442922374429224
24207,1.0,10871.0,9.198785760279643e-05,0.9485201472401885,0.05280835221616672,0.9310953110999913,0.9659449833803857,2.763356164383562
24239,1.0,10870.0,9.19963201471941e-05,0.948432886877057,0.05290034853631392,0.9310088144194127,0.9658569593347012,2.767009132420091
24240,1.0,10869.0,9.200478424878094e-05,0.9483456265139254,0.0529923533205627,0.9309223177792717,0.9657689352485791,2.767123287671233
24312,1.0,10868.0,9.201324990798675e-05,0.9482583661507937,0.053084366570470685,0.9308358211795732,0.9656809111220143,2.7753424657534245
24335,1.0,10867.0,9.202171712524156e-05,0.9481711057876622,0.053176388287595924,0.930749324620323,0.9655928869550013,2.77796803652968
24409,1.0,10866.0,9.203018590097552e-05,0.9480838454245306,0.0532684184734969,0.930662828101526,0.9655048627475352,2.786415525114155
24722,1.0,10865.0,9.203865623561896e-05,0.947996585061399,0.053360457129732516,0.9305763316231878,0.9654168384996104,2.822146118721461
24887,1.0,10864.0,9.204712812960235e-05,0.9479093246982675,0.05345250425786212,0.9304898351853136,0.9653288142112214,2.8409817351598172
24953,1.0,10863.0,9.205560158335634e-05,0.9478220643351359,0.05354455985944547,0.9304033387879087,0.9652407898823632,2.8485159817351597
24980,1.0,10862.0,9.206407659731172e-05,0.9477348039720044,0.053636623936042786,0.9303168424309785,0.9651527655130303,2.8515981735159817
25246,1.0,10860.0,9.208103130755064e-05,0.9476475355738486,0.053728704967350334,0.9302303380725372,0.96506473307516,2.8819634703196346
25338,1.0,10859.0,9.208951100469657e-05,0.9475602671756929,0.05382079447835503,0.9301438337545962,0.9649767005967895,2.8924657534246574
25418,1.0,10858.0,9.209799226376865e-05,0.9474729987775371,0.0539128924706188,0.9300573294771607,0.9648886680779135,2.901598173515982
25510,1.0,10857.0,9.210647508519849e-05,0.9473857303793813,0.054004998945704,0.9299708252402361,0.9648006355185266,2.9121004566210047
25516,1.0,10856.0,9.211495946941784e-05,0.9472984619812256,0.05409711390517342,0.9298843210438278,0.9647126029186234,2.912785388127854
25567,1.0,10855.0,9.212344541685859e-05,0.9472111935830698,0.05418923735059027,0.9297978168879409,0.9646245702781987,2.918607305936073
25681,1.0,10854.0,9.213193292795283e-05,0.947123925184914,0.054281369283518226,0.9297113127725809,0.964536537597247,2.93162100456621
25815,1.0,10853.0,9.214042200313278e-05,0.9470366567867582,0.05437350970552136,0.9296248086977533,0.9644485048757631,2.9469178082191783
25886,1.0,10852.0,9.214891264283081e-05,0.9469493883886023,0.05446565861816419,0.9295383046634631,0.9643604721137415,2.9550228310502282
25897,1.0,10851.0,9.21574048474795e-05,0.9468621199904466,0.054557816023011664,0.9294518006697159,0.9642724393111772,2.9562785388127852
25922,1.0,10850.0,9.216589861751152e-05,0.9467748515922908,0.054649981921629176,0.9293652967165169,0.9641844064680647,2.9591324200913243
26031,1.0,10844.0,9.221689413500554e-05,0.9466875429560319,0.054742198815764184,0.929278752530684,0.9640963333813797,2.9715753424657536
26356,1.0,10837.0,9.227646027498385e-05,0.9466001859805815,0.05483447527603917,0.9291921600036753,0.9640082119574876,3.008675799086758
26587,1.0,10836.0,9.228497600590623e-05,0.9465128290051311,0.05492676025204508,0.9291055675173959,0.9639200904928663,3.0350456621004565
26956,1.0,10835.0,9.229349330872173e-05,0.9464254720296806,0.0550190537453538,0.9290189750718509,0.9638319689875103,3.0771689497716896
26970,1.0,10834.0,9.230201218386561e-05,0.9463381150542302,0.055111355757537665,0.9289323826670458,0.9637438474414145,3.078767123287671
26973,1.0,10833.0,9.231053263177328e-05,0.9462507580787797,0.055203666290169436,0.9288457903029862,0.9636557258545732,3.0791095890410958
27111,1.0,10832.0,9.231905465288036e-05,0.9461634011033293,0.055295985344822315,0.9287591979796772,0.9635676042269814,3.09486301369863
27112,1.0,10831.0,9.232757824762257e-05,0.9460760441278789,0.055388312923069935,0.9286726056971244,0.9634794825586335,3.0949771689497716
27117,1.0,10830.0,9.233610341643582e-05,0.9459886871524286,0.05548064902648637,0.928586013455333,0.9633913608495241,3.0955479452054795
27211,1.0,10829.0,9.234463015975621e-05,0.9459013301769782,0.05557299365664613,0.9284994212543084,0.963303239099648,3.1062785388127856
27350,1.0,10828.0,9.235315847801995e-05,0.9458139732015278,0.055665346815124146,0.928412829094056,0.9632151173089997,3.122146118721461
27675,1.0,10827.0,9.236168837166343e-05,0.9457266162260775,0.05575770850349581,0.928326236974581,0.9631269954775739,3.1592465753424657
28010,1.0,10823.0,9.239582370876836e-05,0.9456392350363679,0.05585010432720458,0.9282396206600991,0.9630388494126367,3.1974885844748857
28035,1.0,10822.0,9.240436148586214e-05,0.9455518538466584,0.05594250868869044,0.9281530043864509,0.9629507033068659,3.2003424657534247
28467,1.0,10817.0,9.244707405010632e-05,0.9454644403444077,0.05603495576274055,0.9280663558121698,0.9628625248766456,3.2496575342465754
28502,1.0,10816.0,9.245562130177515e-05,0.9453770268421569,0.05612741138404232,0.9279797072787934,0.9627743464055203,3.25365296803653
28805,1.0,10815.0,9.246417013407305e-05,0.945289613339906,0.056219875554176395,0.9278930587863272,0.9626861678934848,3.28824200913242
28988,1.0,10813.0,9.248127254231018e-05,0.9452021917535433,0.05631235682671871,0.9278064022433917,0.9625979812636948,3.3091324200913244
29060,1.0,10811.0,9.249838127832763e-05,0.9451147620808253,0.05640485520799703,0.9277197376477481,0.9625097865139026,3.317351598173516
29276,1.0,10808.0,9.25240562546262e-05,0.9450273162294115,0.05649737926425166,0.9276330568997391,0.9624215755590839,3.3420091324200913
29353,1.0,10807.0,9.253261774775608e-05,0.9449398703779976,0.05658991188199942,0.9275463761927225,0.9623333645632728,3.350799086757991
29445,1.0,10803.0,9.256687957048968e-05,0.944852400242815,0.056682478761569906,0.9274596712208752,0.9622451292647548,3.3613013698630136
29891,1.0,10799.0,9.260116677470137e-05,0.9447649058081227,0.05677507992834461,0.9273729419683636,0.9621568696478817,3.412214611872146
29930,1.0,10797.0,9.261831990367695e-05,0.9446774032698427,0.056867698248248284,0.9272862046459311,0.9620686018937543,3.4166666666666665
29952,1.0,10796.0,9.262689885142645e-05,0.9445899007315628,0.056960325147099714,0.9271994673646191,0.9619803340985065,3.419178082191781
29972,1.0,10795.0,9.263547938860583e-05,0.9445023981932829,0.05705296062648832,0.9271127301244331,0.9618920662621326,3.4214611872146117
30023,1.0,10794.0,9.264406151565684e-05,0.9444148956550029,0.057145604688003976,0.9270259929253784,0.9618037983846275,3.427283105022831
30026,1.0,10793.0,9.26526452330214e-05,0.944327393116723,0.057238257333236994,0.9269392557674604,0.9617155304659856,3.4276255707762555
30101,1.0,10792.0,9.266123054114158e-05,0.944239890578443,0.05733091856377814,0.9268525186506846,0.9616272625062015,3.436187214611872
30295,1.0,10790.0,9.267840593141798e-05,0.9441523799305673,0.057423596969709556,0.9267657734580098,0.9615389864031249,3.4583333333333335
30380,1.0,10789.0,9.268699601445917e-05,0.9440648692826916,0.057516283965724016,0.9266790283065033,0.96145071025888,3.4680365296803655
30560,1.0,10786.0,9.271277582050807e-05,0.9439773424081058,0.05760899674154452,0.9265922669545094,0.9613624178617023,3.4885844748858448
30597,1.0,10785.0,9.27213722763097e-05,0.94388981553352,0.057701718113820834,0.9265055056437252,0.9612741254233148,3.492808219178082
30740,1.0,10784.0,9.27299703264095e-05,0.9438022886589342,0.05779444808414724,0.9264187443741563,0.9611858329437122,3.509132420091324
30751,1.0,10783.0,9.273856997125104e-05,0.9437147617843484,0.057887186654118496,0.926331983145808,0.9610975404228889,3.510388127853881
30818,1.0,10782.0,9.274717121127805e-05,0.9436272349097625,0.057979933825329774,0.9262452219586857,0.9610092478608393,3.5180365296803653
30942,1.0,10779.0,9.277298450691158e-05,0.9435396917949179,0.058072706809836686,0.9261584445575182,0.9609209390323177,3.532191780821918
31085,1.0,10778.0,9.278159213212098e-05,0.9434521486800733,0.05816548840196881,0.9260716671976181,0.9608326301625285,3.54851598173516
31196,1.0,10777.0,9.279020135473695e-05,0.9433646055652287,0.05825827860332354,0.9259848898789913,0.9607443212514661,3.561187214611872
31234,1.0,10776.0,9.279881217520415e-05,0.9432770624503841,0.05835107741549875,0.925898112601643,0.9606560122991252,3.565525114155251
31243,1.0,10775.0,9.280742459396752e-05,0.9431895193355395,0.05844388484009271,0.9258113353655786,0.9605677033055005,3.566552511415525
31386,1.0,10773.0,9.2824654228163e-05,0.9431019680945355,0.058536709494320875,0.9257245500371096,0.9604793861519614,3.5828767123287673
31441,1.0,10772.0,9.28332714444857e-05,0.9430144168535316,0.05862954276576536,0.925637764749951,0.9603910689571122,3.5891552511415523
31638,1.0,10770.0,9.285051067780872e-05,0.9429268574833503,0.05872239327644317,0.9255509713673792,0.9603027435993213,3.611643835616438
31657,1.0,10769.0,9.285913269570062e-05,0.9428392981131688,0.058815252409138874,0.9254641780261438,0.9602144182001938,3.6138127853881277
31728,1.0,10768.0,9.286775631500742e-05,0.9427517387429875,0.05890812016545388,0.9253773847262505,0.9601260927597244,3.621917808219178
31730,1.0,10767.0,9.287638153617534e-05,0.942664179372806,0.05900099654699006,0.9252905914677046,0.9600377672779074,3.622146118721461
31734,1.0,10766.0,9.288500835965076e-05,0.9425766200026245,0.05909388155534971,0.9252037982505117,0.9599494417547374,3.622602739726027
31743,1.0,10765.0,9.289363678588016e-05,0.9424890606324432,0.05918677519213559,0.9251170050746772,0.9598611161902092,3.6236301369863013
31809,1.0,10763.0,9.2910898448388e-05,0.942401493127042,0.059279686090583976,0.9250302037974174,0.9597727824566666,3.631164383561644
31967,1.0,10759.0,9.294544102611767e-05,0.9423139012046396,0.05937263153161009,0.9249433781217355,0.9596844242875437,3.649200913242009
31969,1.0,10758.0,9.295408068414203e-05,0.9422263092822373,0.05946558561229423,0.9248565524874902,0.9595960660769843,3.649429223744292
32079,1.0,10757.0,9.296272194849865e-05,0.9421387173598349,0.05955854833424273,0.9247697268946867,0.9595077078249831,3.661986301369863
32090,1.0,10756.0,9.297136481963555e-05,0.9420511254374325,0.059651519699062364,0.9246829013433305,0.9594193495315345,3.66324200913242
32108,1.0,10755.0,9.298000929800093e-05,0.9419635335150301,0.05974449970836036,0.9245960758334272,0.9593309911966331,3.665296803652968
32114,1.0,10754.0,9.298865538404315e-05,0.9418759415926278,0.059837488363744404,0.9245092503649822,0.9592426328202733,3.6659817351598174
32177,1.0,10753.0,9.299730307821073e-05,0.9417883496702254,0.05993048566682262,0.9244224249380011,0.9591542744024497,3.6731735159817354
32188,1.0,10752.0,9.300595238095238e-05,0.941700757747823,0.06002349161920357,0.9243355995524891,0.9590659159431569,3.6744292237442924
32344,1.0,10750.0,9.302325581395348e-05,0.9416131576773349,0.06011651487501752,0.9242487660527297,0.9589775493019401,3.6922374429223743
32350,1.0,10749.0,9.303190994511117e-05,0.9415255576068466,0.06020954678496263,0.9241619325944658,0.9588891826192275,3.692922374429224
32397,1.0,10747.0,9.304922303898763e-05,0.94143794938524,0.06030259600800162,0.9240750910189313,0.9588008077515486,3.6982876712328765
32399,1.0,10746.0,9.305788200260562e-05,0.9413503411636333,0.060395653890004224,0.923988249484919,0.9587124328423475,3.69851598173516
32402,1.0,10745.0,9.306654257794323e-05,0.9412627329420267,0.06048872043258217,0.9239014079924344,0.958624057891619,3.6988584474885844
32490,1.0,10744.0,9.307520476545048e-05,0.94117512472042,0.06058179563734762,0.9238145665414829,0.9585356828993571,3.708904109589041
32526,1.0,10743.0,9.308386856557759e-05,0.9410875164988134,0.060674879505913194,0.9237277251320701,0.9584473078655567,3.713013698630137
32560,1.0,10742.0,9.30925339787749e-05,0.9409999082772067,0.06076797203989197,0.9236408837642015,0.9583589327902119,3.7168949771689497
32582,1.0,10740.0,9.310986964618249e-05,0.94091229189841,0.06086108190953815,0.923554034273021,0.958270549523799,3.719406392694064
32586,1.0,10739.0,9.311853990129435e-05,0.9408246755196131,0.060954200449439444,0.923467184823411,0.9581821662158153,3.71986301369863
32587,1.0,10738.0,9.312721177127957e-05,0.9407370591408164,0.061047327661210724,0.9233803354153772,0.9580937828662556,3.7199771689497716
32621,1.0,10737.0,9.313588525658937e-05,0.9406494427620197,0.061140463546467315,0.9232934860489252,0.9580053994751141,3.7238584474885843
32641,1.0,10736.0,9.314456035767511e-05,0.9405618263832229,0.06123360810682499,0.9232066367240604,0.9579170160423854,3.7261415525114154
32660,1.0,10735.0,9.315323707498835e-05,0.9404742100044261,0.06132676134389998,0.9231197874407883,0.9578286325680639,3.728310502283105
32667,1.0,10734.0,9.31619154089808e-05,0.9403865936256294,0.06141992325930896,0.9230329381991144,0.9577402490521444,3.7291095890410957
32716,1.0,10733.0,9.317059536010435e-05,0.9402989772468326,0.06151309385466906,0.9229460889990443,0.957651865494621,3.734703196347032
32758,1.0,10732.0,9.317927692881103e-05,0.9402113608680359,0.061606273131597875,0.9228592398405835,0.9575634818954883,3.7394977168949772
32765,2.0,10731.0,0.00018637592023110615,0.9400361281104425,0.061792649051828984,0.9226855416485119,0.957386714572373,3.740296803652968
32811,1.0,10729.0,9.320533134495293e-05,0.9399485117316457,0.061885854383173934,0.922598692614912,0.9572983308483795,3.7455479452054794
32898,1.0,10728.0,9.321401938851603e-05,0.9398608953528489,0.06197906840256245,0.9225118436229435,0.9572099470827543,3.7554794520547947
32949,1.0,10727.0,9.322270905192505e-05,0.9397732789740522,0.06207229111161437,0.9224249946726119,0.9571215632754925,3.7613013698630136
32998,1.0,10725.0,9.324009324009324e-05,0.9396856544258961,0.06216553120485446,0.9223381375868709,0.9570331712649214,3.76689497716895
33000,1.0,10724.0,9.324878776575905e-05,0.9395980298777401,0.06225877999262022,0.9222512805427934,0.9569447792126868,3.767123287671233
33091,1.0,10723.0,9.325748391308402e-05,0.939510405329584,0.062352037476533305,0.9221644235403847,0.9568563871187832,3.777511415525114
33166,1.0,10722.0,9.326618168252192e-05,0.9394227807814279,0.06244530365821583,0.9220775665796509,0.956767994983205,3.7860730593607306
33280,1.0,10721.0,9.327488107452663e-05,0.9393351562332718,0.06253857853929036,0.9219907096605968,0.9566796028059468,3.7990867579908674
33313,1.0,10720.0,9.328358208955224e-05,0.9392475316851157,0.06263186212137992,0.9219038527832285,0.9565912105870028,3.802853881278539
33339,1.0,10719.0,9.329228472805298e-05,0.9391599071369595,0.06272515440610797,0.9218169959475512,0.9565028183263679,3.805821917808219
33352,1.0,10718.0,9.33009889904833e-05,0.9390722825888034,0.06281845539509845,0.9217301391535706,0.9564144260240361,3.8073059360730594
33405,2.0,10717.0,0.0001866193897545955,0.9388970334924912,0.06300507478485304,0.9215564256907218,0.9562376412942606,3.8133561643835616
33432,1.0,10715.0,9.332711152589827e-05,0.9388094089443352,0.06309840189637894,0.9214695690218646,0.9561492488668057,3.8164383561643835
33547,1.0,10716.0,9.33184023889511e-05,0.9387218007501448,0.06319172029876789,0.9213827287640681,0.9560608727362214,3.829566210045662
33569,1.0,10714.0,9.333582228859437e-05,0.9386341843789716,0.06328505612105649,0.9212958803633018,0.9559724883946414,3.8320776255707765
33650,1.0,10712.0,9.335324869305452e-05,0.9385465598285254,0.06337840936974955,0.9212090238172798,0.9558840958397711,3.8413242009132422
33658,1.0,10709.0,9.337940050424876e-05,0.9384589189134233,0.06347178877025379,0.9211221509328941,0.9557956868939524,3.8422374429223742
33663,1.0,10708.0,9.338812103100486e-05,0.9383712779983212,0.0635651768912848,0.9210352780902806,0.9557072779063618,3.842808219178082
33687,1.0,10707.0,9.33968431867003e-05,0.9382836370832192,0.0636585737344715,0.920948405289445,0.9556188688769933,3.8455479452054795
33757,1.0,10706.0,9.340556697179151e-05,0.938195996168117,0.06375197930144329,0.9208615325303925,0.9555304598058415,3.8535388127853882
33789,1.0,10705.0,9.341429238673517e-05,0.9381083552530148,0.06384539359383003,0.920774659813129,0.9554420506929007,3.8571917808219176
33815,1.0,10704.0,9.342301943198804e-05,0.9380207143379128,0.06393881661326202,0.92068778713766,0.9553536415381656,3.8601598173515983
33859,1.0,10702.0,9.344047841524949e-05,0.9379330652336016,0.06403225709167727,0.9206009063070337,0.9552652241601696,3.8651826484018263
33880,1.0,10701.0,9.344921035417251e-05,0.9378454161292905,0.06412570630203145,0.9205140255182286,0.9551768067403524,3.867579908675799
33886,1.0,10700.0,9.345794392523364e-05,0.9377577670249794,0.06421916424595668,0.9204271447712502,0.9550883892787085,3.8682648401826483
33912,1.0,10698.0,9.347541596560104e-05,0.9376701097276318,0.06431263966192229,0.9203402558653022,0.9549999635899613,3.871232876712329
33940,1.0,10697.0,9.348415443582313e-05,0.9375824524302842,0.06440612381635812,0.9202533670012077,0.9549115378593606,3.874429223744292
33954,1.0,10696.0,9.349289454001496e-05,0.9374947951329365,0.06449961671089813,0.9201664781789723,0.9548231120869007,3.876027397260274
33958,1.0,10695.0,9.350163627863488e-05,0.9374071378355889,0.06459311834717676,0.9200795893986016,0.9547346862725763,3.8764840182648403
33980,1.0,10693.0,9.351912466099317e-05,0.9373194723406075,0.06468663747183775,0.9199926924546841,0.954646252226531,3.8789954337899544
33982,1.0,10692.0,9.352787130564908e-05,0.9372318068456261,0.0647801653431434,0.919905795552658,0.9545578181385943,3.8792237442922373
34022,1.0,10691.0,9.353661958656815e-05,0.9371441413506448,0.06487370196272997,0.9198188986925291,0.9544693840087606,3.8837899543378995
34030,1.0,10689.0,9.355412105903265e-05,0.9370564676541951,0.064967256083789,0.9197319936650338,0.9543809416433565,3.884703196347032
34071,1.0,10688.0,9.356287425149701e-05,0.9369687939577455,0.0650608189580405,0.9196450886794624,0.9542924992360285,3.8893835616438355
34076,1.0,10687.0,9.357162908206232e-05,0.9368811202612958,0.06515439058712257,0.9195581837358203,0.9542040567867712,3.8899543378995434
34098,1.0,10686.0,9.358038555118848e-05,0.9367934465648461,0.06524797097267375,0.9194712788341134,0.9541156142955788,3.8924657534246574
34101,1.0,10685.0,9.358914365933551e-05,0.9367057728683964,0.06534156011633309,0.9193843739743471,0.9540271717624457,3.8928082191780824
34183,1.0,10684.0,9.359790340696369e-05,0.9366180991719467,0.06543515801974005,0.919297469156527,0.9539387291873664,3.9021689497716894
34197,1.0,10683.0,9.360666479453337e-05,0.936530425475497,0.06552876468453459,0.9192105643806586,0.9538502865703354,3.9037671232876714
34198,1.0,10682.0,9.361542782250516e-05,0.9364427517790473,0.06562238011235709,0.9191236596467477,0.953761843911347,3.9038812785388126
34201,1.0,10681.0,9.362419249133976e-05,0.9363550780825977,0.06571600430484843,0.9190367549547998,0.9536734012103956,3.9042237442922376
34242,1.0,10680.0,9.363295880149813e-05,0.936267404386148,0.06580963726364993,0.9189498503048203,0.9535849584674756,3.908904109589041
34244,2.0,10679.0,0.00018728345350688266,0.9360920569932486,0.0659969207171568,0.9187760411307895,0.9534080728557077,3.909132420091324
34247,1.0,10677.0,9.365926758452749e-05,0.9360043832967989,0.06609057998474134,0.9186891366067493,0.9533196299868485,3.909474885844749
34267,1.0,10676.0,9.366804046459348e-05,0.9359167096003492,0.06618424802520594,0.9186022321247,0.9532311870759984,3.9117579908675797
34295,1.0,10675.0,9.36768149882904e-05,0.9358290359038995,0.06627792484019422,0.9185153276846474,0.9531427441231517,3.9149543378995433
34365,1.0,10674.0,9.368559115608019e-05,0.9357413622074499,0.0663716104313503,0.9184284232865967,0.953054301128303,3.922945205479452
34409,1.0,10673.0,9.3694368968425e-05,0.9356536885110002,0.06646530480031873,0.9183415189305538,0.9529658580914465,3.9279680365296805
34419,1.0,10672.0,9.37031484257871e-05,0.9355660148145505,0.06655900794874452,0.9182546146165244,0.9528774150125766,3.929109589041096
34424,1.0,10671.0,9.371192952862899e-05,0.9354783411181008,0.06665271987827315,0.9181677103445137,0.9527889718916879,3.9296803652968038
34431,1.0,10670.0,9.372071227741331e-05,0.9353906674216511,0.06674644059055056,0.9180808061145276,0.9527005287287746,3.9304794520547945
34432,1.0,10669.0,9.372949667260286e-05,0.9353029937252014,0.06684017008722316,0.9179939019265717,0.9526120855238311,3.930593607305936
34436,1.0,10668.0,9.373828271466067e-05,0.9352153200287517,0.06693390836993783,0.9179069977806514,0.952523642276852,3.9310502283105024
34451,1.0,10667.0,9.374707040404987e-05,0.935127646332302,0.06702765544034188,0.9178200936767726,0.9524351989878315,3.9327625570776257
34455,1.0,10666.0,9.375585974123383e-05,0.9350399726358524,0.06712141130008312,0.9177331896149407,0.9523467556567641,3.933219178082192
34583,1.0,10663.0,9.378223764419019e-05,0.9349522824949318,0.06721519353772731,0.9176462691350233,0.9522582958548402,3.9478310502283107
34600,1.0,10662.0,9.379103357719002e-05,0.9348645923540112,0.0673089845713045,0.9175593486971958,0.9521698360108266,3.949771689497717
34657,1.0,10661.0,9.379983116030391e-05,0.9347769022130906,0.0674027844024648,0.9174724283014636,0.9520813761247177,3.9562785388127852
34661,1.0,10660.0,9.380863039399625e-05,0.93468921207217,0.0674965930328588,0.9173855079478324,0.9519929161965077,3.9567351598173515
34665,1.0,10659.0,9.381743127873159e-05,0.9346015219312495,0.06759041046413754,0.9172985876363077,0.9519044562261912,3.9571917808219177
34710,1.0,10658.0,9.382623381497467e-05,0.934513831790329,0.06768423669795251,0.9172116673668954,0.9518159962137626,3.962328767123288
34723,1.0,10657.0,9.38350380031904e-05,0.9344261416494084,0.0677780717359557,0.9171247471396008,0.951727536159216,3.9638127853881278
34759,1.0,10656.0,9.384384384384384e-05,0.9343384515084879,0.06787191557979953,0.9170378269544298,0.951639076062546,3.967922374429224
34812,1.0,10655.0,9.385265133740028e-05,0.9342507613675674,0.06796576823113694,0.9169509068113877,0.951550615923747,3.973972602739726
34816,1.0,10654.0,9.386146048432514e-05,0.9341630712266469,0.06805962969162127,0.9168639867104805,0.9514621557428132,3.974429223744292
34818,1.0,10653.0,9.387027128508402e-05,0.9340753810857264,0.06815349996290636,0.9167770666517137,0.9513736955197392,3.9746575342465755
34830,1.0,10652.0,9.38790837401427e-05,0.9339876909448058,0.0682473790466465,0.9166901466350926,0.951285235254519,3.9760273972602738
34831,1.0,10651.0,9.388789784996713e-05,0.9339000008038854,0.06834126694449646,0.9166032266606232,0.9511967749471475,3.9761415525114154
34859,1.0,10650.0,9.389671361502347e-05,0.9338123106629648,0.06843516365811149,0.9165163067283111,0.9511083145976185,3.979337899543379
34860,1.0,10649.0,9.3905531035778e-05,0.9337246205220442,0.06852906918914727,0.9164293868381617,0.9510198542059267,3.9794520547945207
34866,1.0,10648.0,9.391435011269723e-05,0.9336369303811236,0.06862298353925997,0.9163424669901808,0.9509313937720664,3.98013698630137
34954,1.0,10647.0,9.392317084624777e-05,0.933549240240203,0.06871690671010622,0.9162555471843741,0.950842933296032,3.9901826484018263
34958,1.0,10646.0,9.393199323689649e-05,0.9334615500992824,0.06881083870334312,0.9161686274207471,0.9507544727778178,3.9906392694063926
34970,1.0,10645.0,9.394081728511038e-05,0.9333738599583619,0.06890477952062823,0.9160817076993055,0.9506660122174182,3.9920091324200913
34990,1.0,10644.0,9.394964299135663e-05,0.9332861698174413,0.06899872916361958,0.9159947880200551,0.9505775516148275,3.9942922374429224
35002,1.0,10642.0,9.396729937981582e-05,0.933198471436515,0.0690926964629994,0.9159078601351303,0.9504890827378998,3.995662100456621
35038,1.0,10640.0,9.398496240601504e-05,0.9331107648132597,0.06918668142540542,0.9158209240422124,0.9504006055843071,3.999771689497717
35050,1.0,10639.0,9.399379640943698e-05,0.9330230581900044,0.06928067522181486,0.9157339879915343,0.9503121283884746,4.001141552511416
35075,1.0,10638.0,9.400263207369807e-05,0.9329353515667491,0.06937467785388855,0.9156470519831015,0.9502236511503968,4.003995433789954
35080,1.0,10637.0,9.401146939926671e-05,0.9328476449434938,0.06946868932328781,0.9155601160169198,0.9501351738700679,4.004566210045662
35118,1.0,10636.0,9.40203083866115e-05,0.9327599383202385,0.06956270963167442,0.9154731800929946,0.9500466965474824,4.008904109589041
35121,1.0,10635.0,9.402914903620122e-05,0.9326722316969832,0.06965673878071062,0.9153862442113319,0.9499582191826346,4.009246575342465
35122,1.0,10634.0,9.40379913485048e-05,0.9325845250737279,0.06975077677205913,0.915299308371937,0.9498697417755189,4.009360730593607
35127,1.0,10633.0,9.404683532399135e-05,0.9324968184504726,0.06984482360738312,0.9152123725748157,0.9497812643261295,4.009931506849315
35132,1.0,10632.0,9.405568096313017e-05,0.9324091118272173,0.06993887928834625,0.9151254368199737,0.9496927868344609,4.010502283105023
35185,1.0,10631.0,9.406452826639074e-05,0.932321405203962,0.07003294381661264,0.9150385011074167,0.9496043093005073,4.016552511415525
35186,1.0,10630.0,9.407337723424271e-05,0.9322336985807067,0.07012701719384688,0.9149515654371503,0.9495158317242631,4.016666666666667
35243,1.0,10629.0,9.408222786715589e-05,0.9321459919574514,0.07022109942171403,0.91486462980918,0.9494273541057228,4.0231735159817354
35254,1.0,10628.0,9.40910801656003e-05,0.9320582853341961,0.07031519050187963,0.9147776942235117,0.9493388764448805,4.024429223744292
35257,1.0,10627.0,9.409993413004611e-05,0.9319705787109408,0.07040929043600969,0.914690758680151,0.9492503987417306,4.024771689497717
35258,1.0,10626.0,9.410878976096367e-05,0.9318828720876854,0.07050339922577065,0.9146038231791034,0.9491619209962674,4.024885844748859
35270,1.0,10625.0,9.411764705882353e-05,0.9317951654644301,0.07059751687282947,0.9145168877203749,0.9490734432084853,4.026255707762557
35293,1.0,10624.0,9.412650602409639e-05,0.9317074588411748,0.07069164337885357,0.9144299523039707,0.9489849653783788,4.028881278538813
35299,1.0,10623.0,9.413536665725314e-05,0.9316197522179195,0.07078577874551083,0.914343016929897,0.948896487505942,4.029566210045662
35314,1.0,10622.0,9.414422895876483e-05,0.9315320455946641,0.07087992297446959,0.914256081598159,0.9488080095911692,4.031278538812785
35362,1.0,10621.0,9.415309292910272e-05,0.9314443389714088,0.0709740760673987,0.9141691463087627,0.9487195316340549,4.03675799086758
35421,1.0,10619.0,9.417082587814295e-05,0.9313566240887483,0.07106824689327684,0.9140822027944026,0.9486310453830941,4.043493150684932
35441,1.0,10618.0,9.417969485778867e-05,0.9312689092060878,0.07116242658813463,0.9139952593224114,0.9485425590897643,4.045776255707763
35445,1.0,10617.0,9.418856550814731e-05,0.9311811943234274,0.07125661515364277,0.9139083158927948,0.94845407275406,4.046232876712328
35470,1.0,10616.0,9.419743782969103e-05,0.9310934794407669,0.07135081259147247,0.9138213725055584,0.9483655863759755,4.049086757990867
35493,1.0,10615.0,9.420631182289213e-05,0.9310057645581065,0.07144501890329535,0.9137344291607079,0.948277099955505,4.051712328767123
35519,1.0,10614.0,9.42151874882231e-05,0.930918049675446,0.07153923409078358,0.913647485858249,0.948188613492643,4.054680365296804
35659,1.0,10612.0,9.423294383716548e-05,0.9308303265271539,0.07163346703462074,0.9135605343246311,0.9481001187296767,4.070662100456621
35661,1.0,10611.0,9.424182452172274e-05,0.9307426033788619,0.07172770885914247,0.9134735828334324,0.9480116239242915,4.070890410958904
35662,1.0,10610.0,9.425070688030161e-05,0.9306548802305699,0.07182195956602277,0.9133866313846581,0.9479231290764816,4.071004566210045
35670,1.0,10609.0,9.425959091337543e-05,0.9305671570822778,0.07191621915693615,0.9132996799783141,0.9478346341862415,4.071917808219178
35734,1.0,10608.0,9.42684766214178e-05,0.9304794339339857,0.07201048763355757,0.9132127286144062,0.9477461392535652,4.079223744292237
35739,1.0,10607.0,9.427736400490242e-05,0.9303917107856936,0.07210476499756246,0.9131257772929399,0.9476576442784473,4.079794520547945
35740,1.0,10606.0,9.428625306430322e-05,0.9303039876374015,0.07219905125062677,0.9130388260139211,0.947569149260882,4.079908675799087
35758,2.0,10605.0,0.0001885902876001886,0.9301285413408173,0.07238764153822695,0.9128649235832482,0.9473921590983865,4.081963470319635
35761,1.0,10603.0,9.431293030274451e-05,0.9300408181925253,0.0724819544685297,0.9127779724316056,0.9473036639534449,4.08230593607306
35762,1.0,10602.0,9.432182607055272e-05,0.9299530950442333,0.07257627629460026,0.9126910213224333,0.9472151687660333,4.082420091324201
35766,1.0,10601.0,9.433072351664937e-05,0.9298653718959412,0.07267060701811691,0.9126040702557368,0.9471266735361457,4.082876712328767
35776,1.0,10600.0,9.433962264150943e-05,0.9297776487476491,0.07276494664075842,0.9125171192315218,0.9470381782637765,4.084018264840183
35786,2.0,10599.0,0.00018869704689121616,0.9296022024510651,0.07295364368764963,0.9123432173105595,0.9468611875915707,4.085159817351598
35788,1.0,10597.0,9.436633009342267e-05,0.929514479302773,0.07304801001774305,0.9122562664138234,0.9467726921917226,4.085388127853881
35827,1.0,10595.0,9.438414346389807e-05,0.9294267478748067,0.07314239416120695,0.9121693072719707,0.9466841884776428,4.089840182648402
35834,1.0,10594.0,9.439305267132339e-05,0.9293390164468405,0.07323678721387827,0.9120823481726439,0.9465956847210371,4.090639269406393
35870,1.0,10592.0,9.441087613293051e-05,0.9292512767360732,0.07333119809001121,0.9119953808250837,0.9465071726470627,4.094748858447488
35876,1.0,10591.0,9.441979038806533e-05,0.929163537025306,0.07342561788039927,0.911908413520077,0.9464186605305349,4.095433789954338
35885,1.0,10590.0,9.442870632672332e-05,0.9290757973145387,0.07352004658672599,0.9118214462576297,0.9463301483714477,4.0964611872146115
35898,1.0,10589.0,9.443762394938144e-05,0.9289880576037715,0.07361448421067537,0.9117344790377474,0.9462416361697955,4.097945205479452
35912,1.0,10588.0,9.444654325651681e-05,0.9289003178930042,0.0737089307539319,0.9116475118604359,0.9461531239255725,4.099543378995434
35953,1.0,10587.0,9.445546424860678e-05,0.928812578182237,0.0738033862181805,0.9115605447257009,0.946064611638773,4.104223744292238
35974,1.0,10586.0,9.446438692612885e-05,0.9287248384714697,0.07389785060510663,0.9114735776335482,0.9459760993093912,4.10662100456621
36056,1.0,10585.0,9.44733112895607e-05,0.9286370987607024,0.0739923239163962,0.9113866105839833,0.9458875869374216,4.115981735159817
36069,1.0,10584.0,9.44822373393802e-05,0.9285493590499351,0.07408680615373557,0.911299643577012,0.9457990745228582,4.117465753424658
36084,1.0,10583.0,9.44911650760654e-05,0.9284616193391678,0.07418129731881164,0.9112126766126403,0.9457105620656954,4.119178082191781
36091,1.0,10582.0,9.45000945000945e-05,0.9283738796284006,0.07427579741331174,0.9111257096908735,0.9456220495659277,4.119977168949772
36110,1.0,10580.0,9.45179584120983e-05,0.928286131624655,0.07437031537172384,0.9110387345107542,0.9455335287385558,4.122146118721461
36114,1.0,10579.0,9.452689290103034e-05,0.9281983836209095,0.07446484226462487,0.9109517593732676,0.9454450078685513,4.122602739726028
36118,1.0,10578.0,9.453582907922102e-05,0.9281106356171638,0.07455937809370408,0.9108647842784192,0.9453564869559083,4.123059360730593
36143,1.0,10577.0,9.454476694714947e-05,0.9280228876134182,0.07465392286065123,0.9107778092262151,0.9452679660006214,4.1259132420091325
36194,1.0,10575.0,9.456264775413712e-05,0.9279351313119891,0.07474848550840536,0.9106908259109738,0.9451794367130044,4.131735159817351
36211,1.0,10574.0,9.457159069415548e-05,0.9278473750105599,0.07484305709909952,0.9106038426384043,0.9450909073827155,4.133675799086758
36214,1.0,10573.0,9.458053532582995e-05,0.9277596187091307,0.07493763763442536,0.9105168594085122,0.9450023780097492,4.134018264840183
36218,1.0,10572.0,9.458948164964057e-05,0.9276718624077015,0.075032227116075,0.9104298762213034,0.9449138485940995,4.134474885844749
36234,1.0,10571.0,9.459842966606754e-05,0.9275841061062723,0.07512682554574107,0.9103428930767835,0.9448253191357611,4.1363013698630136
36236,1.0,10570.0,9.46073793755913e-05,0.9274963498048431,0.07522143292511667,0.9102559099749583,0.9447367896347278,4.136529680365297
36265,1.0,10569.0,9.46163307786924e-05,0.927408593503414,0.07531604925589536,0.9101689269158337,0.9446482600909942,4.139840182648402
36280,1.0,10568.0,9.462528387585163e-05,0.9273208372019849,0.07541067453977121,0.9100819438994153,0.9445597305045544,4.141552511415525
36308,2.0,10567.0,0.00018926847733509984,0.9271453245991265,0.0755999430171063,0.90990797799472,0.9443826712035329,4.144748858447489
36314,1.0,10565.0,9.46521533364884e-05,0.9270575682976973,0.07569459517044279,0.9098209951064545,0.94429414148894,4.145433789954338
36315,2.0,10564.0,0.0001893222264293828,0.9268820556948388,0.07588391739687217,0.9096470294581172,0.9441170819315605,4.14554794520548
36391,2.0,10562.0,0.0001893580761219466,0.9267065430919805,0.07607327547299411,0.9094730639807426,0.9439400222032185,4.154223744292238
36424,1.0,10560.0,9.46969696969697e-05,0.9266187867905513,0.07616797244269108,0.9093860813061807,0.9438514922749219,4.157990867579909
36431,1.0,10559.0,9.470593806231651e-05,0.9265310304891222,0.0762626783807534,0.909299098674377,0.9437629623038675,4.1587899543379
36450,2.0,10558.0,0.00018942981625307822,0.9263555178862639,0.07645210819700649,0.9091251335390662,0.9435859022334616,4.160958904109589
36453,1.0,10556.0,9.473285335354301e-05,0.9262677615848347,0.07654684105036003,0.9090381510355708,0.9434973721340986,4.161301369863014
36460,1.0,10555.0,9.474182851729038e-05,0.9261800052834055,0.07664158287887732,0.9089511685748565,0.9434088419919545,4.162100456621005
36463,1.0,10554.0,9.475080538184574e-05,0.9260922489819764,0.07673633368425917,0.908864186156929,0.9433203118070238,4.162442922374429
36476,1.0,10553.0,9.47597839476926e-05,0.9260044926805472,0.07683109346820687,0.9087772037817939,0.9432317815793004,4.16392694063927
36490,1.0,10552.0,9.476876421531463e-05,0.925916736379118,0.07692586223242218,0.9086902214494572,0.9431432513087787,4.165525114155251
36497,1.0,10551.0,9.477774618519572e-05,0.9258289800776889,0.07702063997860738,0.9086032391599247,0.9430547209954531,4.166324200913242
36546,1.0,10550.0,9.47867298578199e-05,0.9257412237762597,0.0771154267084652,0.9085162569132019,0.9429661906393174,4.171917808219178
36563,1.0,10549.0,9.479571523367143e-05,0.9256534674748306,0.07721022242369888,0.9084292747092949,0.9428776602403662,4.173858447488584
36614,1.0,10548.0,9.480470231323473e-05,0.9255657111734014,0.07730502712601212,0.9083422925482092,0.9427891297985935,4.179680365296804
36743,1.0,10547.0,9.481369109699441e-05,0.9254779548719722,0.07739984081710911,0.9082553104299506,0.9427005993139937,4.194406392694064
36793,1.0,10545.0,9.48316737790422e-05,0.9253901902484661,0.07749467249088815,0.9081683200244175,0.9426120604725148,4.200114155251142
36819,1.0,10544.0,9.484066767830046e-05,0.92530242562496,0.07758951315856645,0.9080813296617393,0.9425235215881808,4.203082191780822
36860,1.0,10543.0,9.484966328369534e-05,0.9252146610014539,0.07768436282185015,0.9079943393419218,0.942434982660986,4.207762557077626
36910,1.0,10541.0,9.48676596148373e-05,0.9251268880519233,0.07777923048146498,0.9079073407308976,0.942346435372949,4.213470319634703
36958,1.0,10540.0,9.487666034155598e-05,0.9250391151023928,0.07787410714180654,0.9078203421627621,0.9422578880420235,4.2189497716894975
37001,1.0,10539.0,9.48856627763545e-05,0.9249513421528622,0.07796899280458289,0.9077333436375209,0.9421693406682036,4.223858447488585
37011,1.0,10538.0,9.48946669197191e-05,0.9248635692033317,0.07806388747150261,0.90764634515518,0.9420807932514834,4.225
37047,1.0,10537.0,9.490367277213628e-05,0.9247757962538011,0.07815879114427475,0.9075593467157449,0.9419922457918574,4.229109589041096
37144,1.0,10536.0,9.491268033409264e-05,0.9246880233042706,0.07825370382460885,0.9074723483192216,0.9419036982893195,4.240182648401826
37194,1.0,10535.0,9.492168960607498e-05,0.92460025035474,0.07834862551421493,0.9073853499656159,0.9418151507438641,4.245890410958904
37214,1.0,10534.0,9.493070058857034e-05,0.9245124774052095,0.07844355621480349,0.9072983516549336,0.9417266031554854,4.248173515981735
37238,1.0,10532.0,9.494872768704899e-05,0.924424696121749,0.07853850494249054,0.9072113450451817,0.9416380471983163,4.2509132420091325
37268,1.0,10531.0,9.495774380400722e-05,0.9243369148382886,0.07863346268629455,0.9071243384783813,0.941549491198196,4.254337899543379
37282,1.0,10530.0,9.49667616334283e-05,0.9242491335548282,0.07872842944792798,0.9070373319545377,0.9414609351551186,4.2559360730593605
37300,1.0,10529.0,9.497578117580017e-05,0.9241613522713678,0.07882340522910378,0.9069503254736571,0.9413723790690784,4.257990867579909
37341,1.0,10526.0,9.500285008550257e-05,0.9240735543089631,0.07891840807918928,0.9068633023406094,0.9412838062773168,4.262671232876713
37387,1.0,10525.0,9.501187648456056e-05,0.9239857563465584,0.07901341995567383,0.9067762792505689,0.941195233442548,4.267922374429224
37456,1.0,10524.0,9.502090459901178e-05,0.9238979583841538,0.07910844086027284,0.9066892562035413,0.9411066605647662,4.275799086757991
37501,1.0,10523.0,9.502993442934525e-05,0.9238101604217491,0.07920347079470219,0.9066022331995325,0.9410180876439658,4.280936073059361
37512,1.0,10522.0,9.503896597605019e-05,0.9237223624593445,0.07929850976067825,0.9065152102385482,0.9409295146801407,4.282191780821917
37531,1.0,10521.0,9.5047999239616e-05,0.9236345644969398,0.07939355775991787,0.9064281873205943,0.9408409416732854,4.284360730593607
37535,1.0,10520.0,9.505703422053231e-05,0.9235467665345352,0.0794886147941384,0.9063411644456765,0.9407523686233938,4.284817351598173
37550,1.0,10519.0,9.50660709192889e-05,0.9234589685721305,0.0795836808650577,0.9062541416138008,0.9406637955304602,4.286529680365297
37581,1.0,10518.0,9.507510933637573e-05,0.9233711706097258,0.07967875597439407,0.9061671188249728,0.9405752223944789,4.2900684931506845
37609,1.0,10517.0,9.508414947228297e-05,0.9232833726473212,0.07977384012386635,0.9060800960791985,0.9404866492154439,4.2932648401826485
37648,1.0,10516.0,9.509319132750095e-05,0.9231955746849165,0.07986893331519385,0.9059930733764837,0.9403980759933493,4.297716894977169
37649,1.0,10515.0,9.51022349025202e-05,0.9231077767225119,0.07996403555009636,0.9059060507168342,0.9403095027281896,4.297831050228311
37668,1.0,10514.0,9.511128019783147e-05,0.9230199787601072,0.08005914683029419,0.9058190281002556,0.9402209294199588,4.3
37680,1.0,10513.0,9.512032721392562e-05,0.9229321807977026,0.08015426715750812,0.9057320055267541,0.940132356068651,4.301369863013699
37699,1.0,10512.0,9.512937595129375e-05,0.9228443828352979,0.08024939653345942,0.9056449829963353,0.9400437826742605,4.303538812785388
37716,1.0,10511.0,9.513842641042717e-05,0.9227565848728932,0.08034453495986985,0.9055579605090052,0.9399552092367813,4.3054794520547945
37812,1.0,10509.0,9.515653249595585e-05,0.922668778555939,0.0804396914923658,0.9054709297020925,0.9398666274097854,4.316438356164384
37838,1.0,10508.0,9.516558812333461e-05,0.9225809722389847,0.08053485708048913,0.9053838989382966,0.9397780455396728,4.319406392694064
37839,1.0,10507.0,9.51746454744456e-05,0.9224931659220303,0.08063003172596357,0.9052968682176231,0.9396894636264376,4.3195205479452055
37840,1.0,10506.0,9.518370454978108e-05,0.9224053596050761,0.08072521543051335,0.905209837540078,0.9396008816700742,4.319634703196347
37845,2.0,10505.0,0.00019038553069966683,0.9222297469711674,0.08091560096121302,0.9050357763143959,0.939423717627939,4.320205479452055
37909,1.0,10503.0,9.521089212605922e-05,0.9221419406542132,0.08101081185333908,0.9049487457662707,0.9393351355421556,4.327511415525114
37917,1.0,10502.0,9.521995810321844e-05,0.9220541343372588,0.0811060318114423,0.9048617152612971,0.9392465534132205,4.328424657534247
37918,1.0,10501.0,9.522902580706599e-05,0.9219663280203045,0.08120126083724936,0.9047746847994811,0.939157971241128,4.328538812785388
37919,1.0,10500.0,9.523809523809524e-05,0.9218785217033502,0.08129649893248746,0.9046876543808284,0.9390693890258719,4.32865296803653
37965,1.0,10499.0,9.524716639679969e-05,0.9217907153863959,0.08139174609888426,0.9046006240053449,0.9389808067674469,4.333904109589041
38005,1.0,10498.0,9.525623928367309e-05,0.9217029090694416,0.08148700233816794,0.9045135936730365,0.9388922244658467,4.338470319634703
38011,1.0,10497.0,9.52653138992093e-05,0.9216151027524873,0.08158226765206715,0.9044265633839089,0.9388036421210656,4.339155251141553
38018,1.0,10496.0,9.527439024390244e-05,0.9215272964355329,0.08167754204231105,0.9043395331379681,0.9387150597330977,4.3399543378995435
38026,1.0,10495.0,9.528346831824679e-05,0.9214394901185786,0.0817728255106293,0.9042525029352199,0.9386264773019374,4.340867579908676
38031,1.0,10493.0,9.530162965786715e-05,0.9213516754335392,0.08186812714028717,0.9041654643994352,0.9385378864676432,4.3414383561643834
38105,1.0,10492.0,9.531071292413267e-05,0.9212638607484999,0.08196343785321131,0.9040784259068714,0.9384492955901284,4.349885844748859
38197,1.0,10491.0,9.53197979220284e-05,0.9211760460634605,0.08205875765113334,0.9039913874575342,0.9383607046693868,4.360388127853882
38213,1.0,10490.0,9.532888465204957e-05,0.9210882313784211,0.08215408653578539,0.9039043490514294,0.9382721137054129,4.3622146118721465
38217,1.0,10489.0,9.533797311469158e-05,0.9210004166933817,0.08224942450890008,0.903817310688563,0.9381835226982005,4.362671232876712
38225,1.0,10487.0,9.535615523982073e-05,0.9209125936346716,0.0823447806641399,0.9037302639871011,0.9380949232822421,4.363584474885845
38226,1.0,10486.0,9.536524890329964e-05,0.9208247705759615,0.0824401459130432,0.9036432173289057,0.9380063238230172,4.3636986301369864
38232,1.0,10485.0,9.537434430138292e-05,0.9207369475172513,0.08253552025734459,0.903556170713983,0.9379177243205197,4.364383561643836
38233,1.0,10484.0,9.538344143456696e-05,0.9206491244585412,0.08263090369877917,0.9034691241423384,0.937829124774744,4.364497716894977
38255,1.0,10483.0,9.539254030334828e-05,0.9205613013998311,0.08272629623908251,0.9033820776139779,0.9377405251856842,4.367009132420091
38261,1.0,10482.0,9.540164090822362e-05,0.9204734783411208,0.08282169787999073,0.9032950311289075,0.9376519255533341,4.36769406392694
38270,1.0,10481.0,9.541074324968991e-05,0.9203856552824107,0.08291710862324042,0.903207984687133,0.9375633258776883,4.3687214611872145
38277,1.0,10480.0,9.541984732824427e-05,0.9202978322237005,0.08301252847056867,0.9031209382886604,0.9374747261587407,4.369520547945205
38278,1.0,10478.0,9.54380606986066e-05,0.920210000783328,0.08310796653126727,0.9030338835436439,0.9373861180230122,4.369634703196347
38280,1.0,10476.0,9.545628102329134e-05,0.9201221609588929,0.08320342281229057,0.9029468204496881,0.9372975014680976,4.36986301369863
38282,1.0,10475.0,9.546539379474941e-05,0.9200343211344576,0.08329888820608532,0.9028597573990848,0.9372088848698304,4.370091324200914
38317,1.0,10472.0,9.549274255156608e-05,0.9199464645338908,0.08339438094863688,0.9027726775992415,0.9371202514685402,4.3740867579908675
38322,1.0,10471.0,9.550186228631458e-05,0.9198586079333241,0.08348988281092319,0.9026855978427956,0.9370316180238526,4.374657534246575
38449,1.0,10468.0,9.552923194497516e-05,0.9197707345470102,0.08358541204286817,0.9025985013274683,0.9369429677665521,4.389155251141553
38479,1.0,10467.0,9.553835865099838e-05,0.9196828611606964,0.08368095040151917,0.9025114048555836,0.9368543174658093,4.392579908675799
38480,1.0,10466.0,9.554748710108924e-05,0.9195949877743826,0.08377649788862025,0.902424308427147,0.9367656671216182,4.392694063926941
38484,1.0,10465.0,9.555661729574773e-05,0.9195071143880688,0.083872054505916,0.9023372120421645,0.936677016733973,4.3931506849315065
38510,1.0,10464.0,9.556574923547401e-05,0.9194192410017549,0.08396762025515148,0.9022501157006421,0.9365883663028677,4.396118721461187
38519,1.0,10463.0,9.557488292076843e-05,0.919331367615441,0.08406319513807224,0.9021630194025856,0.9364997158282964,4.397146118721461
38531,1.0,10462.0,9.558401835213153e-05,0.9192434942291272,0.08415877915642438,0.9020759231480011,0.9364110653102533,4.39851598173516
38535,2.0,10461.0,0.0001911863110601281,0.9190677474564996,0.08434996546748451,0.9019017307692712,0.9362337641437279,4.398972602739726
38545,1.0,10459.0,9.561143512764126e-05,0.9189798740701858,0.08444557690261215,0.9018146346451376,0.936145113495234,4.400114155251141
38550,1.0,10458.0,9.562057754828839e-05,0.9188920006838719,0.08454119748016044,0.9017275385644995,0.9360564628032443,4.4006849315068495
38559,1.0,10457.0,9.56297217175098e-05,0.918804127297558,0.08463682720187794,0.9016404425273628,0.9359678120677533,4.401712328767124
38560,1.0,10456.0,9.563886763580719e-05,0.9187162539112441,0.08473246606951375,0.9015533465337333,0.9358791612887549,4.401826484018265
38603,1.0,10455.0,9.564801530368245e-05,0.9186283805249302,0.08482811408481743,0.9014662505836171,0.9357905104662434,4.406735159817352
38650,1.0,10452.0,9.567546880979717e-05,0.9185404903239615,0.08492378955362723,0.9013791378457475,0.9357018428021754,4.412100456621005
38669,1.0,10451.0,9.56846234810066e-05,0.9184526001229928,0.08501947417710823,0.9012920251514365,0.9356131750945491,4.414269406392694
38678,1.0,10450.0,9.569377990430622e-05,0.9183647099220241,0.08511516795701253,0.9012049125006898,0.9355245073433585,4.415296803652968
38687,1.0,10449.0,9.570293808019906e-05,0.9182768197210555,0.08521087089509273,0.9011177998935133,0.9354358395485977,4.416324200913242
38702,1.0,10448.0,9.571209800918837e-05,0.9181889295200868,0.08530658299310191,0.9010306873299129,0.9353471717102607,4.418036529680365
38706,1.0,10447.0,9.572125969177755e-05,0.918101039319118,0.08540230425279369,0.9009435748098944,0.9352585038283416,4.418493150684932
38709,1.0,10446.0,9.573042312847023e-05,0.9180131491181492,0.08549803467592215,0.900856462333464,0.9351698359028345,4.418835616438356
38719,1.0,10445.0,9.573958831977022e-05,0.9179252589171806,0.08559377426424192,0.9007693499006275,0.9350811679337336,4.419977168949772
38727,1.0,10444.0,9.574875526618154e-05,0.9178373687162119,0.0856895230195081,0.900682237511391,0.9349924999210328,4.420890410958904
38730,1.0,10443.0,9.575792396820837e-05,0.9177494785152432,0.0857852809434763,0.9005951251657601,0.9349038318647264,4.421232876712328
38731,1.0,10442.0,9.57670944263551e-05,0.9176615883142745,0.08588104803790265,0.9005080128637409,0.934815163764808,4.42134703196347
38783,1.0,10441.0,9.577626664112633e-05,0.9175736981133057,0.08597682430454379,0.9004209006053393,0.9347264956212721,4.427283105022831
38787,1.0,10440.0,9.578544061302682e-05,0.9174858079123369,0.08607260974515682,0.9003337883905613,0.9346378274341125,4.427739726027397
38789,1.0,10439.0,9.579461634256155e-05,0.9173979177113682,0.08616840436149938,0.900246676219413,0.9345491592033235,4.4279680365296805
38800,1.0,10438.0,9.580379383023568e-05,0.9173100275103996,0.0862642081553296,0.9001595640919,0.9344604909288992,4.429223744292237
38817,1.0,10437.0,9.581297307655457e-05,0.9172221373094308,0.08636002112840616,0.9000724520080283,0.9343718226108333,4.431164383561644
38828,1.0,10436.0,9.582215408202377e-05,0.9171342471084621,0.08645584328248818,0.8999853399678042,0.9342831542491201,4.432420091324201
38837,1.0,10435.0,9.583133684714902e-05,0.9170463569074935,0.08655167461933533,0.8998982279712332,0.9341944858437538,4.433447488584475
38844,1.0,10434.0,9.584052137243626e-05,0.9169584667065247,0.08664751514070776,0.8998111160183213,0.9341058173947281,4.434246575342466
38846,1.0,10433.0,9.584970765839164e-05,0.9168705765055559,0.08674336484836614,0.8997240041090746,0.9340171489020372,4.4344748858447485
38851,1.0,10432.0,9.585889570552147e-05,0.9167826863045873,0.08683922374407167,0.8996368922434992,0.9339284803656753,4.435045662100457
38858,1.0,10431.0,9.586808551433228e-05,0.9166947961036186,0.086935091829586,0.8995497804216007,0.9338398117856365,4.435844748858448
38893,1.0,10430.0,9.587727708533077e-05,0.9166069059026498,0.08703096910667134,0.8994626686433852,0.9337511431619144,4.4398401826484015
38928,1.0,10429.0,9.588647041902388e-05,0.9165190157016812,0.08712685557709036,0.8993755569088587,0.9336624744945036,4.443835616438356
38929,1.0,10428.0,9.589566551591868e-05,0.9164311255007125,0.08722275124260628,0.8992884452180272,0.9335738057833978,4.443949771689498
38932,1.0,10427.0,9.59048623765225e-05,0.9163432352997437,0.08731865610498281,0.8992013335708964,0.933485137028591,4.444292237442922
38947,1.0,10426.0,9.59140610013428e-05,0.916255345098775,0.08741457016598415,0.8991142219674725,0.9333964682300776,4.446004566210045
38950,1.0,10425.0,9.592326139088728e-05,0.9161674548978064,0.08751049342737505,0.8990271104077613,0.9333077993878515,4.44634703196347
38963,1.0,10424.0,9.593246354566385e-05,0.9160795646968377,0.08760642589092071,0.8989399988917689,0.9332191305019065,4.44783105022831
38972,1.0,10423.0,9.594166746618056e-05,0.915991674495869,0.0877023675583869,0.8988528874195012,0.9331304615722369,4.448858447488584
38975,1.0,10422.0,9.595087315294569e-05,0.9159037842949004,0.08779831843153985,0.8987657759909641,0.9330417925988367,4.449200913242009
38983,1.0,10421.0,9.59600806064677e-05,0.9158158940939317,0.08789427851214632,0.8986786646061636,0.9329531235816998,4.450114155251142
38990,1.0,10420.0,9.596928982725528e-05,0.915728003892963,0.08799024780197358,0.8985915532651056,0.9328644545208205,4.450913242009133
39013,1.0,10419.0,9.597850081581725e-05,0.9156401136919944,0.0880862263027894,0.8985044419677963,0.9327757854161924,4.453538812785388
39024,1.0,10418.0,9.59877135726627e-05,0.9155522234910257,0.08818221401636206,0.8984173307142415,0.93268711626781,4.454794520547945
39029,1.0,10417.0,9.599692809830086e-05,0.915464333290057,0.08827821094446037,0.898330219504447,0.9325984470756671,4.455365296803653
39043,1.0,10416.0,9.600614439324117e-05,0.9153764430890884,0.08837421708885361,0.898243108338419,0.9325097778397577,4.456963470319635
39048,1.0,10415.0,9.601536245799327e-05,0.9152885528881197,0.08847023245131161,0.8981559972161635,0.932421108560076,4.457534246575342
39093,2.0,10414.0,0.00019204916458613405,0.9151127724861823,0.08866228161589775,0.8979817751029934,0.9322437698693712,4.462671232876712
39100,1.0,10412.0,9.604302727621975e-05,0.9150248822852136,0.08875832464317396,0.8978946641120908,0.9321551004583364,4.463470319634703
39138,1.0,10411.0,9.605225242531937e-05,0.9149369920842448,0.08885437689559927,0.8978075531649845,0.9320664310035052,4.467808219178083
39180,1.0,10410.0,9.606147934678194e-05,0.9148491018832761,0.08895043837494605,0.8977204422616806,0.9319777615048715,4.472602739726027
39190,1.0,10409.0,9.607070804111827e-05,0.9147612116823074,0.08904650908298717,0.8976333314021848,0.93188909196243,4.473744292237443
39202,1.0,10408.0,9.607993850883935e-05,0.9146733214813387,0.08914258902149601,0.8975462205865035,0.931800422376174,4.475114155251141
39212,1.0,10407.0,9.608917075045643e-05,0.9145854312803701,0.08923867819224647,0.8974591098146423,0.9317117527460979,4.476255707762557
39272,1.0,10406.0,9.609840476648087e-05,0.9144975410794014,0.08933477659701296,0.8973719990866073,0.9316230830721955,4.48310502283105
39331,1.0,10404.0,9.611687812379854e-05,0.9144096424307009,0.08943089347513676,0.8972848799463199,0.9315344049150819,4.489840182648402
39359,1.0,10403.0,9.612611746611554e-05,0.9143217437820005,0.08952701959260288,0.8971977608498877,0.9314457267141133,4.493036529680365
39371,1.0,10402.0,9.613535858488752e-05,0.9142338451333001,0.08962315495118776,0.8971106417973165,0.9313570484692837,4.494406392694064
39372,1.0,10401.0,9.614460148062687e-05,0.9141459464845996,0.08971929955266839,0.8970235227886122,0.931268370180587,4.494520547945205
39378,1.0,10400.0,9.615384615384615e-05,0.9140580478358992,0.08981545339882223,0.896936403823781,0.9311796918480173,4.495205479452054
39417,1.0,10399.0,9.616309260505818e-05,0.9139701491871988,0.08991161649142729,0.8968492849028289,0.9310910134715686,4.499657534246575
39441,1.0,10398.0,9.617234083477592e-05,0.9138822505384983,0.09000778883226207,0.8967621660257615,0.931002335051235,4.502397260273972
39458,1.0,10397.0,9.618159084351255e-05,0.9137943518897979,0.09010397042310558,0.8966750471925854,0.9309136565870103,4.504337899543379
39472,1.0,10396.0,9.619084263178146e-05,0.9137064532410974,0.09020016126573736,0.8965879284033061,0.9308249780788888,4.5059360730593605
39524,1.0,10395.0,9.62000962000962e-05,0.9136185545923969,0.09029636136193746,0.8965008096579299,0.930736299526864,4.511872146118722
39619,1.0,10394.0,9.620935154897056e-05,0.9135306559436965,0.09039257071348643,0.8964136909564626,0.9306476209309305,4.522716894977169
39658,1.0,10393.0,9.62186086789185e-05,0.9134427572949961,0.09048878932216535,0.8963265722989104,0.9305589422910818,4.527168949771689
39722,1.0,10392.0,9.622786759045419e-05,0.9133548586462957,0.0905850171897558,0.8962394536852791,0.9304702636073123,4.534474885844749
39727,1.0,10391.0,9.6237128284092e-05,0.9132669599975953,0.09068125431803989,0.8961523351155749,0.9303815848796158,4.5350456621004565
39791,1.0,10390.0,9.624639076034648e-05,0.9131790613488949,0.09077750070880024,0.8960652165898036,0.9302929061079862,4.542351598173516
39813,1.0,10389.0,9.62556550197324e-05,0.9130911627001945,0.09087375636381997,0.8959780981079715,0.9302042272924176,4.54486301369863
39829,1.0,10388.0,9.626492106276473e-05,0.9130032640514941,0.09097002128488274,0.8958909796700842,0.930115548432904,4.546689497716895
39837,1.0,10387.0,9.62741888899586e-05,0.9129153654027937,0.0910662954737727,0.8958038612761481,0.9300268695294394,4.5476027397260275
39848,1.0,10386.0,9.628345850182938e-05,0.9128274667540932,0.09116257893227453,0.8957167429261689,0.9299381905820175,4.548858447488584
39883,1.0,10385.0,9.629272989889263e-05,0.9127395681053928,0.09125887166217342,0.8956296246201528,0.9298495115906328,4.552853881278539
40005,1.0,10384.0,9.63020030816641e-05,0.9126516694566924,0.09135517366525508,0.895542506358106,0.9297608325552789,4.566780821917808
40025,1.0,10383.0,9.631127805065973e-05,0.912563770807992,0.09145148494330574,0.895455388140034,0.92967215347595,4.56906392694064
40117,1.0,10382.0,9.632055480639569e-05,0.9124758721592916,0.09154780549811213,0.8953682699659433,0.9295834743526399,4.5795662100456624
40134,1.0,10381.0,9.632983334938831e-05,0.9123879735105912,0.09164413533146151,0.8952811518358397,0.9294947951853427,4.581506849315068
40145,1.0,10380.0,9.633911368015414e-05,0.9123000748618908,0.09174047444514166,0.8951940337497292,0.9294061159740524,4.582762557077626
40147,1.0,10379.0,9.634839579920994e-05,0.9122121762131904,0.09183682284094087,0.8951069157076179,0.9293174367187629,4.582990867579909
40179,1.0,10378.0,9.635767970707265e-05,0.91212427756449,0.09193318052064794,0.8950197977095118,0.9292287574194682,4.586643835616439
40187,1.0,10377.0,9.636696540425942e-05,0.9120363789157896,0.0920295474860522,0.894932679755417,0.9291400780761622,4.587557077625571
40192,1.0,10376.0,9.637625289128758e-05,0.9119484802670892,0.09212592373894349,0.8948455618453394,0.929051398688839,4.588127853881279
40236,1.0,10375.0,9.63855421686747e-05,0.9118605816183888,0.09222230928111216,0.8947584439792851,0.9289627192574925,4.593150684931507
40270,1.0,10374.0,9.63948332369385e-05,0.9117726829696883,0.0923187041143491,0.89467132615726,0.9288740397821166,4.59703196347032
40309,1.0,10373.0,9.640412609659693e-05,0.9116847843209879,0.0924151082404457,0.8945842083792702,0.9287853602627055,4.60148401826484
40317,1.0,10372.0,9.641342074816814e-05,0.9115968856722875,0.09251152166119386,0.894497090645322,0.9286966806992529,4.602397260273973
40361,1.0,10371.0,9.642271719217047e-05,0.9115089870235871,0.09260794437838603,0.8944099729554211,0.928608001091753,4.607420091324201
40387,1.0,10370.0,9.643201542912247e-05,0.9114210883748867,0.09270437639381515,0.8943228553095737,0.9285193214401997,4.610388127853882
40395,1.0,10369.0,9.644131545954287e-05,0.9113331897261863,0.09280081770927469,0.8942357377077856,0.9284306417445869,4.611301369863014
40407,1.0,10368.0,9.645061728395061e-05,0.9112452910774859,0.09289726832655863,0.8941486201500632,0.9283419620049085,4.612671232876712
40422,1.0,10366.0,9.646922631680494e-05,0.9111573839492708,0.09299373755287543,0.8940614941485133,0.9282532737500283,4.614383561643836
40427,1.0,10365.0,9.64785335262904e-05,0.9110694768210557,0.09309021608640172,0.8939743681910578,0.9281645854510535,4.614954337899543
40451,1.0,10364.0,9.648784253184099e-05,0.9109815696928406,0.09318670392893356,0.8938872422777031,0.9280758971079781,4.61769406392694
40462,1.0,10363.0,9.649715333397665e-05,0.9108936625646256,0.09328320108226754,0.8938001164084551,0.927987208720796,4.618949771689498
40490,1.0,10362.0,9.650646593321752e-05,0.9108057554364105,0.09337970754820075,0.89371299058332,0.927898520289501,4.622146118721461
40509,1.0,10361.0,9.651578033008396e-05,0.9107178483081955,0.09347622332853084,0.8936258648023035,0.9278098318140874,4.624315068493151
40513,1.0,10360.0,9.652509652509652e-05,0.9106299411799803,0.09357274842505593,0.8935387390654118,0.9277211432945488,4.624771689497717
40533,1.0,10359.0,9.653441451877595e-05,0.9105420340517653,0.09366928283957471,0.8934516133726512,0.9276324547308793,4.627054794520548
40542,1.0,10358.0,9.654373431164318e-05,0.9104541269235502,0.09376582657388635,0.8933644877240274,0.927543766123073,4.6280821917808215
40588,1.0,10357.0,9.655305590421937e-05,0.9103662197953352,0.09386237962979058,0.8932773621195468,0.9274550774711235,4.633333333333334
40612,1.0,10356.0,9.656237929702588e-05,0.9102783126671201,0.09395894200908761,0.8931902365592151,0.9273663887750251,4.63607305936073
40623,1.0,10355.0,9.657170449058426e-05,0.910190405538905,0.09405551371357819,0.8931031110430385,0.9272777000347714,4.637328767123288
40638,1.0,10354.0,9.658103148541626e-05,0.9101024984106898,0.0941520947450636,0.8930159855710231,0.9271890112503565,4.639041095890411
40693,1.0,10353.0,9.659036028204386e-05,0.9100145912824746,0.09424868510534565,0.892928860143175,0.9271003224217743,4.645319634703196
40800,1.0,10351.0,9.660902328277462e-05,0.9099266756616378,0.09434529412862842,0.8928417262584708,0.9270116250648047,4.657534246575342
40807,1.0,10350.0,9.66183574879227e-05,0.9098387600408009,0.09444191248611634,0.8927545924179631,0.9269229276636387,4.658333333333333
40822,1.0,10349.0,9.662769349695623e-05,0.909750844419964,0.0945385401796133,0.8926674586216579,0.9268342302182702,4.6600456621004565
40909,1.0,10348.0,9.663703131039814e-05,0.9096629287991271,0.0946351772109237,0.8925803248695613,0.926745532728693,4.669977168949772
41012,1.0,10347.0,9.664637092877162e-05,0.9095750131782903,0.09473182358185246,0.8924931911616794,0.9266568351949012,4.681735159817352
41016,1.0,10346.0,9.665571235260003e-05,0.9094870975574534,0.09482847929420506,0.8924060574980182,0.9265681376168886,4.682191780821918
41051,1.0,10345.0,9.666505558240696e-05,0.9093991819366165,0.09492514434978747,0.8923189238785837,0.9264794399946493,4.686187214611872
41099,2.0,10343.0,0.00019336749492410325,0.9092233336949194,0.09511851184471157,0.892144639755557,0.9263020276342817,4.691666666666666
41106,1.0,10341.0,9.670244657189827e-05,0.9091354095740708,0.09521521429128346,0.8920574977604339,0.9262133213877077,4.692465753424657
41123,1.0,10340.0,9.671179883945841e-05,0.9090474854532223,0.09531192609012291,0.8919703558095791,0.9261246150968656,4.694406392694064
41130,1.0,10339.0,9.672115291614276e-05,0.9089595613323738,0.09540864724303906,0.8918832139029984,0.9260359087617491,4.695205479452055
41164,1.0,10338.0,9.67305088024763e-05,0.9088716372115252,0.09550537775184154,0.8917960720406982,0.9259472023823522,4.699086757990868
41217,1.0,10337.0,9.673986649898423e-05,0.9087837130906766,0.09560211761834052,0.8917089302226844,0.9258584959586689,4.70513698630137
41307,1.0,10334.0,9.676795045480937e-05,0.9086957719533542,0.09569888556879533,0.891621771415574,0.9257697724911343,4.715410958904109
41319,1.0,10333.0,9.677731539727088e-05,0.9086078308160317,0.0957956628841926,0.8915346126527964,0.925681048979267,4.7167808219178085
41346,1.0,10332.0,9.678668215253581e-05,0.9085198896787092,0.09589244956634513,0.891447453934358,0.9255923254230605,4.71986301369863
41347,1.0,10331.0,9.679605072113058e-05,0.9084319485413868,0.09598924561706626,0.8913602952602647,0.9255036018225088,4.719977168949772
41351,1.0,10330.0,9.68054211035818e-05,0.9083440074040643,0.09608605103816985,0.8912731366305228,0.9254148781776058,4.720433789954338
41390,1.0,10329.0,9.681479330041631e-05,0.9082560662667418,0.09618286583147026,0.891185978045138,0.9253261544883457,4.724885844748859
41391,1.0,10328.0,9.682416731216112e-05,0.9081681251294194,0.09627968999878242,0.8910988195041167,0.925237430754722,4.725
41421,1.0,10326.0,9.68429207824908e-05,0.9080801754756203,0.09637653291956491,0.8910116524825011,0.9251486984687394,4.728424657534247
41428,1.0,10325.0,9.685230024213075e-05,0.9079922258218212,0.09647338521980704,0.8909244855052784,0.9250599661383639,4.729223744292238
41437,1.0,10324.0,9.686168151879117e-05,0.907904276168022,0.09657024690132583,0.8908373185724545,0.9249712337635896,4.730251141552511
41439,1.0,10323.0,9.687106461300009e-05,0.907816326514223,0.09666711796593883,0.8907501516840358,0.9248825013444101,4.730479452054794
41440,1.0,10322.0,9.688044952528579e-05,0.9077283768604238,0.09676399841546411,0.8906629848400283,0.9247937688808194,4.730593607305936
41443,1.0,10321.0,9.688983625617673e-05,0.9076404272066247,0.09686088825172029,0.890575818040438,0.9247050363728115,4.730936073059361
41543,2.0,10319.0,0.00019381723035177828,0.9074645108528682,0.09705470548207207,0.8904014675113773,0.9245275541943591,4.742351598173516
41569,1.0,10317.0,9.69274013763691e-05,0.9073765526759899,0.09715163288344844,0.8903142923135232,0.9244388130384567,4.745319634703196
41573,1.0,10316.0,9.693679720822024e-05,0.9072885944991117,0.09724856968065666,0.8902271171601281,0.9243500718380953,4.745776255707763
41579,1.0,10315.0,9.694619486185167e-05,0.9072006363222335,0.09734551587551851,0.8901399420511982,0.9242613305932688,4.746461187214612
41587,1.0,10314.0,9.695559433779329e-05,0.9071126781453552,0.09744247146985631,0.8900527669867395,0.924172589303971,4.747374429223744
41634,1.0,10313.0,9.69649956365752e-05,0.907024719968477,0.09753943646549289,0.8899655919667581,0.9240838479701959,4.752739726027397
41661,1.0,10312.0,9.69743987587277e-05,0.9069367617915987,0.09763641086425162,0.88987841699126,0.9239951065919373,4.755821917808219
41669,1.0,10311.0,9.69838037047813e-05,0.9068488036147204,0.0977333946679564,0.8897912420602517,0.9239063651691891,4.756735159817351
41673,1.0,10310.0,9.699321047526673e-05,0.9067608454378422,0.09783038787843167,0.8897040671737392,0.9238176237019452,4.757191780821918
41685,1.0,10309.0,9.700261907071492e-05,0.906672887260964,0.09792739049750238,0.8896168923317284,0.9237288821901996,4.758561643835616
41691,1.0,10308.0,9.701202949165696e-05,0.9065849290840857,0.09802440252699403,0.8895297175342256,0.9236401406339458,4.759246575342465
41699,1.0,10307.0,9.702144173862424e-05,0.9064969709072075,0.09812142396873265,0.889442542781237,0.923551399033178,4.760159817351598
41703,1.0,10306.0,9.703085581214826e-05,0.9064090127303293,0.0982184548245448,0.8893553680727687,0.9234626573878898,4.760616438356164
41717,1.0,10305.0,9.704027171276079e-05,0.906321054553451,0.09831549509625756,0.8892681934088267,0.9233739156980754,4.762214611872146
41724,1.0,10304.0,9.704968944099378e-05,0.9062330963765728,0.09841254478569855,0.8891810187894174,0.9232851739637282,4.763013698630137
41736,1.0,10303.0,9.705910899737941e-05,0.9061451381996946,0.09850960389469593,0.8890938442145465,0.9231964321848426,4.764383561643836
41742,1.0,10302.0,9.706853038245001e-05,0.9060571800228163,0.09860667242507838,0.8890066696842206,0.923107690361412,4.765068493150685
41752,1.0,10301.0,9.707795359673819e-05,0.9059692218459381,0.09870375037867513,0.8889194951984456,0.9230189484934306,4.766210045662101
41759,1.0,10300.0,9.70873786407767e-05,0.9058812636690599,0.0988008377573159,0.8888323207572277,0.922930206580892,4.767009132420092
41760,1.0,10299.0,9.709680551509856e-05,0.9057933054921816,0.09889793456283101,0.8887451463605731,0.9228414646237901,4.767123287671233
41780,1.0,10298.0,9.710623422023694e-05,0.9057053473153034,0.09899504079705125,0.8886579720084878,0.9227527226221189,4.769406392694064
41782,1.0,10297.0,9.711566475672526e-05,0.9056173891384252,0.09909215646180798,0.8885707977009781,0.9226639805758722,4.769634703196347
41814,1.0,10296.0,9.712509712509713e-05,0.9055294309615469,0.09918928155893308,0.8884836234380501,0.9225752384850437,4.773287671232877
41855,1.0,10295.0,9.713453132588635e-05,0.9054414727846687,0.09928641609025897,0.88839644921971,0.9224864963496274,4.77796803652968
41866,1.0,10294.0,9.714396735962697e-05,0.9053535146077905,0.0993835600576186,0.8883092750459638,0.9223977541696171,4.779223744292238
41908,1.0,10292.0,9.71628449280995e-05,0.9052655478846455,0.0994807229025467,0.8882220923620152,0.9223090034072758,4.784018264840182
41970,1.0,10291.0,9.717228646390049e-05,0.9051775811615006,0.0995778951890106,0.8881349097226903,0.9222202526003109,4.791095890410959
41994,1.0,10289.0,9.719117504130625e-05,0.9050896058887665,0.09967508636405191,0.8880477185698513,0.9221314932076817,4.793835616438356
41999,1.0,10288.0,9.720062208398134e-05,0.9050016306160324,0.0997722869861359,0.8879605274616656,0.9220427337703992,4.794406392694064
42007,1.0,10287.0,9.72100709633518e-05,0.9049136553432984,0.09986949705709924,0.8878733363981395,0.9219539742884573,4.795319634703197
42021,1.0,10286.0,9.721952167995334e-05,0.9048256800705642,0.0999667165787792,0.8877861453792788,0.9218652147618496,4.796917808219178
42085,1.0,10285.0,9.722897423432182e-05,0.90473770479783,0.10006394555301353,0.8876989544050901,0.9217764551905699,4.804223744292237
42093,1.0,10284.0,9.723842862699339e-05,0.9046497295250959,0.10016118398164052,0.8876117634755792,0.9216876955746126,4.8051369863013695
42128,1.0,10282.0,9.725734292939116e-05,0.9045617456961205,0.10025844132456992,0.887524564025936,0.9215989273663049,4.809132420091324
42135,1.0,10281.0,9.726680284019065e-05,0.9044737618671451,0.10035570812741011,0.8874373646210008,0.9215101591132895,4.809931506849315
42147,1.0,10280.0,9.72762645914397e-05,0.9043857780381697,0.10045298439200155,0.8873501652607791,0.9214213908155602,4.811301369863013
42192,1.0,10279.0,9.728572818367545e-05,0.9042977942091942,0.10055027012018522,0.8872629659452776,0.9213326224731108,4.816438356164384
42194,1.0,10278.0,9.72951936174353e-05,0.9042098103802187,0.10064756531380266,0.8871757666745024,0.9212438540859351,4.816666666666666
42261,1.0,10277.0,9.730466089325679e-05,0.9041218265512433,0.10074486997469592,0.8870885674484594,0.9211550856540272,4.824315068493151
42266,1.0,10276.0,9.731413001167769e-05,0.9040338427222678,0.1008421841047076,0.8870013682671553,0.9210663171773804,4.8248858447488585
42286,3.0,10275.0,0.00029197080291970805,0.9037698912353416,0.10113415490762731,0.8867397709917362,0.920800011478947,4.827168949771689
42321,1.0,10272.0,9.735202492211838e-05,0.9036819074063662,0.10123150693254943,0.8866525719894482,0.9207112428232842,4.831164383561644
42323,1.0,10271.0,9.736150326161036e-05,0.9035939235773909,0.10132886843581104,0.88656537303193,0.9206224741228518,4.831392694063927
42324,1.0,10270.0,9.737098344693281e-05,0.9035059397484154,0.10142623941925798,0.8864781741191873,0.9205337053776436,4.831506849315068
42351,1.0,10269.0,9.738046547862498e-05,0.9034179559194401,0.1015236198847366,0.8863909752512267,0.9204449365876535,4.8345890410958905
42398,1.0,10268.0,9.738994935722633e-05,0.9033299720904646,0.10162100983409382,0.886303776428054,0.9203561677528752,4.8399543378995435
42417,1.0,10267.0,9.739943508327652e-05,0.9032419882614893,0.10171840926917709,0.8862165776496758,0.9202673988733028,4.842123287671233
42427,1.0,10266.0,9.74089226573154e-05,0.9031540044325139,0.10181581819183441,0.886129378916098,0.9201786299489298,4.843264840182648
42428,1.0,10265.0,9.74184120798831e-05,0.9030660206035385,0.1019132366039143,0.886042180227327,0.92008986097975,4.84337899543379
42452,1.0,10262.0,9.744689144416293e-05,0.9029780196270618,0.10201068349535847,0.8859549644186482,0.9200010748354754,4.846118721461187
42462,1.0,10261.0,9.745638826625085e-05,0.902890018650585,0.10210813988362472,0.8858677486548233,0.9199122886463468,4.847260273972603
42519,1.0,10259.0,9.747538746466517e-05,0.9028020090961791,0.10220561527108939,0.8857805243492918,0.9198234938430665,4.853767123287671
42520,1.0,10258.0,9.748488984207447e-05,0.9027139995417732,0.10230310016093146,0.8856933000886442,0.9197346989949022,4.853881278538813
42544,1.0,10257.0,9.749439407234084e-05,0.9026259899873673,0.1024005945550038,0.8856060758728868,0.9196459041018479,4.85662100456621
42548,1.0,10256.0,9.750390015600624e-05,0.9025379804329613,0.10249809845515981,0.8855188517020257,0.9195571091638969,4.857077625570776
42575,1.0,10254.0,9.752291788570315e-05,0.9024499622956068,0.10259562137304551,0.885431618984461,0.9194683056067526,4.860159817351598
42596,1.0,10253.0,9.753242953281966e-05,0.9023619441582523,0.10269315380257833,0.8853443863118226,0.9193795020046821,4.862557077625571
42618,1.0,10252.0,9.754194303550527e-05,0.9022739260208978,0.10279069574561384,0.8852571536841168,0.9192906983576788,4.865068493150685
42620,1.0,10251.0,9.7551458394303e-05,0.9021859078835434,0.10288824720400815,0.8851699211013497,0.919201894665737,4.865296803652968
42629,1.0,10250.0,9.75609756097561e-05,0.9020978897461889,0.1029858081796179,0.8850826885635278,0.91911309092885,4.866324200913242
42642,1.0,10249.0,9.757049468240804e-05,0.9020098716088344,0.10308337867430031,0.884995456070657,0.9190242871470118,4.867808219178082
42661,1.0,10247.0,9.758953840148337e-05,0.9019218448818306,0.1031809682127018,0.884908215024416,0.9189354747392452,4.869977168949772
42665,1.0,10246.0,9.759906304899473e-05,0.9018338181548268,0.1032785672757508,0.8848209740231561,0.9188466622864975,4.870433789954338
42667,1.0,10245.0,9.760858955588091e-05,0.9017457914278229,0.10337617586530667,0.8847337330668836,0.9187578497887621,4.870662100456621
42722,1.0,10242.0,9.763718023823472e-05,0.9016577475114561,0.10347381304554491,0.8846464749488276,0.9186690200740846,4.876940639269407
42746,1.0,10241.0,9.764671418806757e-05,0.9015697035950894,0.10357145975973298,0.8845592168758067,0.918580190314372,4.879680365296804
42792,1.0,10237.0,9.768486861385171e-05,0.9014816338770475,0.10366914462834682,0.88447193301989,0.918491334734205,4.884931506849315
42830,1.0,10235.0,9.770395701025892e-05,0.9013935555542456,0.10376684858535708,0.8843846405955224,0.9184024705129689,4.889269406392694
42877,1.0,10233.0,9.77230528681716e-05,0.9013054686241612,0.10386457163822525,0.8842973396001864,0.9183135976481359,4.894634703196347
42878,1.0,10232.0,9.773260359655981e-05,0.9012173816940767,0.10396230424182182,0.8842100386499986,0.9182247247381549,4.894748858447489
42884,1.0,10231.0,9.77421561919656e-05,0.9011292947639923,0.10406004639801378,0.8841227377449653,0.9181358517830193,4.895433789954338
42885,1.0,10230.0,9.775171065493646e-05,0.9010412078339078,0.10415779810866871,0.8840354368850928,0.9180469787827229,4.89554794520548
42894,1.0,10229.0,9.776126698602014e-05,0.9009531209038234,0.10425555937565473,0.8839481360703871,0.9179581057372597,4.896575342465753
42904,1.0,10228.0,9.777082518576456e-05,0.900865033973739,0.10435333020084049,0.8838608353008548,0.9178692326466231,4.897716894977169
42949,1.0,10227.0,9.77803852547179e-05,0.9007769470436544,0.10445111058609521,0.883773534576502,0.9177803595108068,4.9028538812785385
43001,1.0,10224.0,9.780907668231612e-05,0.9006888428821673,0.10454891966277753,0.883686216648251,0.9176914691160837,4.9087899543379
43002,1.0,10223.0,9.781864423359092e-05,0.9006007387206802,0.10464673830701113,0.8835988987652273,0.9176025786761332,4.908904109589041
43007,1.0,10222.0,9.782821365681862e-05,0.9005126345591933,0.10474456652066795,0.8835115809274376,0.9175136881909489,4.909474885844749
43024,1.0,10221.0,9.783778495254867e-05,0.9004245303977062,0.1048424043056205,0.8834242631348878,0.9174247976605246,4.911415525114156
43029,1.0,10220.0,9.784735812133073e-05,0.9003364262362191,0.10494025166374184,0.8833369453875841,0.9173359070848541,4.911986301369863
43073,2.0,10219.0,0.0001957138663274293,0.900160217913245,0.10513596553006926,0.8831623100287408,0.9171581257977491,4.917009132420091
43082,1.0,10217.0,9.78760888714887e-05,0.9000721137517579,0.10523384161894075,0.8830749924172137,0.9170692350863021,4.918036529680365
43124,1.0,10215.0,9.78952520802741e-05,0.8999840009652917,0.10533173687102103,0.8829876662171071,0.9169803357134764,4.922831050228311
43126,1.0,10214.0,9.790483649892304e-05,0.8998958881788256,0.10542964170751995,0.882900340062296,0.9168914362953552,4.923059360730593
43178,1.0,10213.0,9.791442279447762e-05,0.8998077753923595,0.10552755613031443,0.8828130139527867,0.9168025368319322,4.928995433789955
43197,1.0,10212.0,9.792401096748923e-05,0.8997196626058933,0.10562548014128192,0.8827256878885852,0.9167136373232014,4.931164383561644
43216,1.0,10211.0,9.793360101850946e-05,0.8996315498194272,0.10572341374230043,0.882638361869698,0.9166247377691563,4.933333333333334
43219,1.0,10210.0,9.79431929480901e-05,0.899543437032961,0.10582135693524852,0.8825510358961315,0.9165358381697906,4.933675799086758
43232,1.0,10209.0,9.795278675678323e-05,0.8994553242464948,0.1059193097220053,0.8824637099678917,0.9164469385250978,4.9351598173515985
43245,1.0,10208.0,9.796238244514106e-05,0.8993672114600285,0.10601727210445044,0.8823763840849851,0.9163580388350719,4.936643835616438
43268,1.0,10206.0,9.798157946306095e-05,0.8992790900401324,0.1061152536839135,0.8822890496050945,0.9162691304751703,4.939269406392694
43286,1.0,10205.0,9.799118079372857e-05,0.8991909686202363,0.10621324486470723,0.8822017151705674,0.9161802220699051,4.941324200913242
43314,1.0,10204.0,9.800078400627205e-05,0.8991028472003402,0.10631124564871351,0.8821143807814102,0.9160913136192701,4.9445205479452055
43334,1.0,10203.0,9.801038910124473e-05,0.899014725780444,0.10640925603781476,0.8820270464376291,0.9160024051232588,4.946803652968036
43338,1.0,10202.0,9.801999607920016e-05,0.8989266043605478,0.10650727603389396,0.8819397121392305,0.9159134965818652,4.947260273972603
43383,1.0,10201.0,9.802960494069208e-05,0.8988384829406517,0.10660530563883465,0.8818523778862207,0.9158245879950827,4.9523972602739725
43388,1.0,10200.0,9.80392156862745e-05,0.8987503615207556,0.10670334485452092,0.881765043678606,0.9157356793629052,4.95296803652968
43396,1.0,10199.0,9.804882831650162e-05,0.8986622401008594,0.10680139368283742,0.8816777095163926,0.9156467706853262,4.953881278538812
43412,1.0,10198.0,9.805844283192783e-05,0.8985741186809633,0.10689945212566934,0.881590375399587,0.9155578619623396,4.955707762557077
43420,1.0,10197.0,9.806805923310778e-05,0.8984859972610671,0.10699752018490245,0.8815030413281953,0.915468953193939,4.95662100456621
43429,1.0,10196.0,9.807767752059631e-05,0.898397875841171,0.10709559786242305,0.8814157073022242,0.9153800443801179,4.957648401826484
43432,1.0,10195.0,9.808729769494851e-05,0.8983097544212749,0.107193685160118,0.8813283733216796,0.9152911355208703,4.957990867579909
43433,1.0,10194.0,9.809691975671964e-05,0.8982216330013788,0.10729178207987472,0.881241039386568,0.9152022266161897,4.958105022831051
43507,1.0,10193.0,9.810654370646523e-05,0.8981335115814827,0.10738988862358119,0.8811537054968956,0.9151133176660697,4.966552511415525
43508,1.0,10192.0,9.811616954474098e-05,0.8980453901615866,0.10748800479312592,0.881066371652669,0.9150244086705042,4.966666666666667
43513,1.0,10191.0,9.812579727210283e-05,0.8979572687416905,0.10758613059039802,0.8809790378538942,0.9149354996294867,4.967237442922374
43520,1.0,10190.0,9.813542688910697e-05,0.8978691473217943,0.10768426601728713,0.8808917041005778,0.9148465905430109,4.968036529680365
43532,1.0,10188.0,9.815469179426777e-05,0.8977810172523674,0.1077824207090814,0.8808043617342758,0.9147576727704589,4.969406392694064
43558,1.0,10187.0,9.816432708353784e-05,0.8976928871829404,0.10788058503616493,0.8807170194134627,0.9146687549524181,4.972374429223744
43572,1.0,10186.0,9.817396426467701e-05,0.8976047571135134,0.10797875900042961,0.8806296771381447,0.9145798370888821,4.973972602739726
43578,1.0,10185.0,9.818360333824252e-05,0.8975166270440864,0.10807694260376785,0.8805423349083281,0.9144909191798447,4.9746575342465755
43596,1.0,10183.0,9.820288716488265e-05,0.8974284883200322,0.10817514549093274,0.8804549840604525,0.9144019925796119,4.976712328767123
43598,1.0,10182.0,9.821253191907288e-05,0.897340349595978,0.10827335802285182,0.880367633258109,0.914313065933847,4.976940639269406
43619,1.0,10181.0,9.822217856792063e-05,0.8972522108719237,0.10837158020141974,0.8802802825013037,0.9142241392425438,4.979337899543379
43643,1.0,10180.0,9.823182711198428e-05,0.8971640721478695,0.10846981202853172,0.8801929317900432,0.9141352125056958,4.982077625570776
43647,2.0,10179.0,0.00019648295510364477,0.8969877946997611,0.10866629498363536,0.8800182305041816,0.9139573588953406,4.982534246575343
43648,1.0,10177.0,9.826078412105728e-05,0.8968996559757069,0.10876455576775643,0.8799308799295933,0.9138684320218204,4.982648401826484
43684,1.0,10176.0,9.827044025157233e-05,0.8968115172516526,0.108862826208008,0.879843529400575,0.9137795051027303,4.98675799086758
43697,1.0,10175.0,9.828009828009828e-05,0.8967233785275984,0.1089611063062881,0.8797561789171331,0.9136905781380638,4.98824200913242
43729,1.0,10174.0,9.828975820719482e-05,0.8966352398035442,0.10905939606449529,0.879668828479274,0.9136016511278144,4.99189497716895
43742,1.0,10173.0,9.82994200334218e-05,0.89654710107949,0.10915769548452871,0.879581478087004,0.9135127240719759,4.99337899543379
43747,1.0,10172.0,9.830908375933936e-05,0.8964589623554358,0.10925600456828805,0.8794941277403296,0.9134237969705419,4.993949771689498
43752,1.0,10171.0,9.831874938550782e-05,0.8963708236313815,0.10935432331767356,0.879406777439257,0.9133348698235061,4.994520547945205
43794,1.0,10170.0,9.832841691248771e-05,0.8962826849073273,0.10945265173458604,0.8793194271837926,0.913245942630862,4.999315068493151
43800,1.0,10169.0,9.833808634083981e-05,0.8961945461832731,0.10955098982092688,0.8792320769739428,0.9131570153926034,5.0
43803,1.0,10168.0,9.83477576711251e-05,0.8961064074592189,0.109649337578598,0.8791447268097139,0.9130680881087239,5.000342465753425
43804,1.0,10167.0,9.83574309039048e-05,0.8960182687351647,0.1097476950095019,0.8790573766911123,0.912979160779217,5.000456621004566
43813,1.0,10166.0,9.83671060397403e-05,0.8959301300111104,0.10984606211554164,0.8789700266181443,0.9128902334040766,5.00148401826484
43839,1.0,10165.0,9.837678307919331e-05,0.8958419912870562,0.10994443889862084,0.8788826765908163,0.9128013059832961,5.004452054794521
43870,1.0,10164.0,9.838646202282565e-05,0.895753852563002,0.11004282536064366,0.8787953266091347,0.9127123785168693,5.007990867579909
43890,1.0,10163.0,9.839614287119945e-05,0.8956657138389478,0.11014122150351487,0.878707976673106,0.9126234510047896,5.010273972602739
43893,1.0,10162.0,9.8405825624877e-05,0.8955775751148936,0.11023962732913975,0.8786206267827363,0.9125345234470508,5.010616438356164
43913,1.0,10160.0,9.84251968503937e-05,0.895489427715768,0.11033805252599015,0.8785332682539935,0.9124455871775425,5.012899543378995
43944,1.0,10159.0,9.84348853233586e-05,0.8954012803166426,0.11043648741131351,0.8784459097709405,0.9123566508623446,5.016438356164383
43958,1.0,10158.0,9.844457570387872e-05,0.8953131329175171,0.11053493198701739,0.8783585513335838,0.9122677145014505,5.018036529680366
43964,1.0,10157.0,9.845426799251748e-05,0.8952249855183917,0.1106333862550099,0.8782711929419297,0.9121787780948537,5.018721461187215
43967,1.0,10156.0,9.846396218983852e-05,0.8951368381192663,0.11073185021719974,0.8781838345959846,0.9120898416425479,5.019063926940639
43978,1.0,10155.0,9.847365829640571e-05,0.8950486907201408,0.11083032387549614,0.8780964762957549,0.9120009051445267,5.020319634703196
44034,1.0,10154.0,9.848335631278314e-05,0.8949605433210154,0.11092880723180892,0.878009118041247,0.9119119686007837,5.026712328767124
44044,1.0,10153.0,9.849305623953512e-05,0.8948723959218899,0.11102730028804846,0.8779217598324672,0.9118230320113127,5.0278538812785385
44072,1.0,10151.0,9.851246182642104e-05,0.8947842398391471,0.11112581274987487,0.877834392976815,0.9117340867014793,5.0310502283105025
44079,1.0,10150.0,9.852216748768474e-05,0.8946960837564043,0.11122433491736256,0.8777470261669218,0.9116451413458868,5.031849315068493
44087,1.0,10149.0,9.853187506158242e-05,0.8946079276736615,0.11132286679242413,0.8776596594027939,0.9115561959445291,5.032762557077626
44101,1.0,10148.0,9.854158454867954e-05,0.8945197715909187,0.11142140837697281,0.8775722926844377,0.9114672504973996,5.034360730593607
44102,1.0,10147.0,9.855129594954174e-05,0.894431615508176,0.11151995967292236,0.8774849260118598,0.9113783050044921,5.034474885844749
44111,1.0,10146.0,9.856100926473487e-05,0.8943434594254331,0.1116185206821871,0.8773975593850664,0.9112893594657999,5.035502283105023
44124,1.0,10145.0,9.857072449482504e-05,0.8942553033426903,0.11171709140668193,0.8773101928040637,0.9112004138813169,5.036986301369863
44161,1.0,10143.0,9.859016070196194e-05,0.8941671385686252,0.11181568156738389,0.8772228175685248,0.9111114595687255,5.0412100456621
44180,1.0,10142.0,9.859988168014199e-05,0.89407897379456,0.11191428144906403,0.8771354423788077,0.9110225052103124,5.04337899543379
44181,1.0,10141.0,9.860960457548565e-05,0.8939908090204949,0.11201289105363951,0.8770480672349188,0.910933550806071,5.043493150684932
44194,1.0,10140.0,9.861932938856015e-05,0.8939026442464297,0.11211151038302808,0.8769606921368646,0.9108445963559949,5.044977168949772
44196,1.0,10139.0,9.862905611993293e-05,0.8938144794723646,0.11221013943914801,0.8768733170846513,0.9107556418600778,5.045205479452055
44204,1.0,10138.0,9.863878477017163e-05,0.8937263146982994,0.11230877822391819,0.8767859420782854,0.9106666873183135,5.046118721461188
44228,1.0,10137.0,9.864851533984413e-05,0.8936381499242343,0.11240742673925803,0.8766985671177735,0.9105777327306951,5.048858447488584
44231,1.0,10136.0,9.865824782951855e-05,0.8935499851501691,0.11250608498708756,0.8766111922031218,0.9104887780972165,5.049200913242009
44241,1.0,10135.0,9.86679822397632e-05,0.893461820376104,0.11260475296932732,0.8765238173343367,0.9103998234178713,5.050342465753425
44245,1.0,10134.0,9.867771857114664e-05,0.8933736556020389,0.11270343068789847,0.8764364425114248,0.9103108686926529,5.050799086757991
44247,1.0,10133.0,9.868745682423764e-05,0.8932854908279737,0.1128021181447227,0.8763490677343924,0.910221913921555,5.051027397260274
44303,1.0,10132.0,9.869719699960521e-05,0.8931973260539086,0.1129008153417223,0.876261693003246,0.9101329591045711,5.057420091324201
44305,1.0,10131.0,9.870693909781858e-05,0.8931091612798434,0.11299952228082012,0.8761743183179918,0.9100440042416951,5.0576484018264845
44309,1.0,10130.0,9.871668311944718e-05,0.8930209965057783,0.11309823896393957,0.8760869436786365,0.90995504933292,5.05810502283105
44310,1.0,10129.0,9.872642906506072e-05,0.8929328317317131,0.11319696539300463,0.8759995690851864,0.9098660943782398,5.058219178082192
44325,1.0,10128.0,9.873617693522907e-05,0.892844666957648,0.11329570156993986,0.8759121945376478,0.9097771393776481,5.059931506849315
44329,1.0,10127.0,9.874592673052236e-05,0.8927565021835828,0.11339444749667038,0.8758248200360275,0.9096881843311382,5.060388127853881
44373,2.0,10124.0,0.00019755037534571315,0.8925801378014842,0.1135919978720161,0.8756500363004466,0.9095102393025217,5.06541095890411
44376,1.0,10122.0,9.879470460383324e-05,0.8924919556104348,0.11369079257661993,0.8755626445016135,0.9094212667192562,5.065753424657534
44396,1.0,10121.0,9.880446596186147e-05,0.8924037734193855,0.11378959704258179,0.8754752527487605,0.9093322940900105,5.0680365296803656
44419,1.0,10120.0,9.881422924901186e-05,0.892315591228336,0.1138884112718308,0.8753878610418939,0.9092433214147781,5.070662100456621
44461,1.0,10119.0,9.882399446585631e-05,0.8922274090372867,0.11398723526629666,0.8753004693810205,0.9091543486935529,5.075456621004566
44462,1.0,10118.0,9.8833761612967e-05,0.8921392268462374,0.11408606902790963,0.8752130777661464,0.9090653759263283,5.075570776255708
44486,1.0,10117.0,9.884353069091628e-05,0.892051044655188,0.11418491255860055,0.8751256861972783,0.9089764031130978,5.078310502283105
44488,1.0,10116.0,9.885330170027679e-05,0.8919628624641387,0.11428376586030083,0.8750382946744224,0.908887430253855,5.078538812785388
44502,1.0,10115.0,9.886307464162135e-05,0.8918746802730894,0.11438262893494244,0.8749509031975854,0.9087984573485933,5.08013698630137
44511,1.0,10114.0,9.887284951552304e-05,0.89178649808204,0.11448150178445797,0.8748635117667736,0.9087094843973065,5.081164383561644
44513,1.0,10113.0,9.888262632255513e-05,0.8916983158909907,0.11458038441078053,0.8747761203819935,0.9086205113999879,5.081392694063927
44530,1.0,10112.0,9.889240506329114e-05,0.8916101336999414,0.11467927681584382,0.8746887290432515,0.9085315383566313,5.083333333333333
44557,1.0,10110.0,9.891196834817012e-05,0.8915219427866179,0.11477818878419199,0.874601329019199,0.9084425565540368,5.086415525114155
44566,1.0,10109.0,9.892175289346128e-05,0.8914337518732944,0.11487711053708545,0.8745139290412157,0.9083535747053731,5.0874429223744295
44606,1.0,10108.0,9.893153937475267e-05,0.891345560959971,0.1149760420764602,0.8744265291093082,0.9082645928106338,5.092009132420091
44608,1.0,10107.0,9.894132779261898e-05,0.8912573700466475,0.11507498340425282,0.8743391292234829,0.9081756108698121,5.092237442922374
44609,1.0,10106.0,9.895111814763506e-05,0.891169179133324,0.11517393452240045,0.8742517293837463,0.9080866288829018,5.092351598173516
44613,1.0,10105.0,9.896091044037604e-05,0.8910809882200006,0.11527289543284082,0.8741643295901047,0.9079976468498965,5.092808219178083
44673,1.0,10104.0,9.897070467141726e-05,0.8909927973066771,0.11537186613751224,0.8740769298425648,0.9079086647707895,5.0996575342465755
44679,1.0,10103.0,9.898050084133426e-05,0.8909046063933537,0.11547084663835358,0.8739895301411329,0.9078196826455744,5.100342465753425
44699,1.0,10102.0,9.899029895070283e-05,0.8908164154800303,0.11556983693730428,0.8739021304858157,0.907730700474245,5.102625570776255
44700,1.0,10101.0,9.9000099000099e-05,0.8907282245667069,0.11566883703630439,0.8738147308766193,0.9076417182567944,5.102739726027397
44705,1.0,10100.0,9.900990099009902e-05,0.8906400336533834,0.11576784693729449,0.8737273313135505,0.9075527359932163,5.103310502283105
44710,1.0,10098.0,9.902951079421667e-05,0.890551834006557,0.1158668764480887,0.873639923054008,0.9074637449591061,5.103881278538813
44727,1.0,10097.0,9.903931860948797e-05,0.8904636343597306,0.11596591576669818,0.873552514840624,0.9073747538788373,5.105821917808219
44729,1.0,10096.0,9.904912836767037e-05,0.8903754347129043,0.11606496489506585,0.8734651066734054,0.9072857627524031,5.106050228310503
44743,1.0,10095.0,9.905894006934126e-05,0.8902872350660778,0.11616402383513519,0.8733776985523583,0.9071967715797973,5.107648401826484
44783,1.0,10094.0,9.906875371507826e-05,0.8901990354192513,0.11626309258885027,0.8732902904774894,0.9071077803610131,5.1122146118721465
44798,1.0,10093.0,9.907856930545922e-05,0.8901108357724248,0.11636217115815572,0.8732028824488051,0.9070187890960445,5.11392694063927
44813,1.0,10092.0,9.908838684106223e-05,0.8900226361255984,0.11646125954499678,0.873115474466312,0.9069297977848848,5.115639269406393
44816,1.0,10091.0,9.909820632246556e-05,0.8899344364787719,0.11656035775131925,0.8730280665300164,0.9068408064275274,5.115981735159817
44829,1.0,10090.0,9.910802775024777e-05,0.8898462368319454,0.1166594657790695,0.872940658639925,0.9067518150239658,5.117465753424658
44849,1.0,10089.0,9.911785112498761e-05,0.8897580371851189,0.11675858363019448,0.8728532507960441,0.9066628235741937,5.119748858447489
44869,1.0,10088.0,9.912767644726408e-05,0.8896698375382924,0.11685771130664174,0.8727658429983803,0.9065738320782045,5.122031963470319
44876,1.0,10087.0,9.91375037176564e-05,0.8895816378914659,0.11695684881035939,0.8726784352469402,0.9064848405359917,5.12283105022831
44880,1.0,10086.0,9.9147332936744e-05,0.8894934382446396,0.11705599614329613,0.8725910275417302,0.9063958489475489,5.123287671232877
44898,1.0,10085.0,9.915716410510659e-05,0.8894052385978131,0.11715515330740124,0.8725036198827567,0.9063068573128694,5.125342465753425
44911,1.0,10084.0,9.916699722332408e-05,0.8893170389509866,0.11725432030462457,0.8724162122700263,0.9062178656319468,5.126826484018265
44925,1.0,10083.0,9.917683229197659e-05,0.8892288393041601,0.11735349713691655,0.8723288047035455,0.9061288739047747,5.1284246575342465
44942,1.0,10082.0,9.918666931164451e-05,0.8891406396573337,0.1174526838062282,0.8722413971833207,0.9060398821313467,5.130365296803653
44948,1.0,10081.0,9.919650828290844e-05,0.8890524400105072,0.11755188031451111,0.8721539897093586,0.9059508903116558,5.131050228310502
44974,2.0,10080.0,0.0001984126984126984,0.8888760407168543,0.1177502930129238,0.8719791749002482,0.9057729065334604,5.134018264840183
44977,1.0,10078.0,9.922603691208574e-05,0.888787841070028,0.1178495190498359,0.871891767565113,0.9056839145749429,5.134360730593607
45016,1.0,10077.0,9.92358836955443e-05,0.8886996414232016,0.11794875493353145,0.8718043602762664,0.9055949225701367,5.138812785388128
45042,1.0,10076.0,9.924573243350536e-05,0.8886114417763752,0.11804800066596495,0.8717169530337149,0.9055059305190355,5.141780821917808
45091,1.0,10075.0,9.925558312655087e-05,0.8885232421295488,0.1181472562490915,0.8716295458374651,0.9054169384216325,5.147374429223745
45092,1.0,10074.0,9.926543577526305e-05,0.8884350424827224,0.11824652168486677,0.8715421386875235,0.9053279462779213,5.147488584474885
45127,1.0,10073.0,9.927529038022436e-05,0.8883468428358959,0.118345796975247,0.8714547315838964,0.9052389540878955,5.15148401826484
45135,1.0,10072.0,9.928514694201747e-05,0.8882586431890694,0.11844508212218902,0.8713673245265906,0.9051499618515483,5.152397260273973
45156,1.0,10071.0,9.92950054612253e-05,0.888170443542243,0.11854437712765024,0.8712799175156124,0.9050609695688735,5.154794520547945
45192,1.0,10069.0,9.931472837421789e-05,0.8880822351358926,0.11864369185602446,0.8711925017823089,0.9049719684894763,5.158904109589041
45205,1.0,10068.0,9.932459276916965e-05,0.8879940267295422,0.11874301644879362,0.8711050860953645,0.9048829673637199,5.1603881278538815
45209,1.0,10067.0,9.933445912387007e-05,0.8879058183231917,0.11884235090791749,0.8710176704547857,0.9047939661915977,5.160844748858447
45218,1.0,10066.0,9.934432743890324e-05,0.8878176099168413,0.11894169523535639,0.8709302548605793,0.9047049649731034,5.161872146118721
45251,1.0,10065.0,9.935419771485345e-05,0.8877294015104908,0.11904104943307124,0.8708428393127515,0.9046159637082302,5.165639269406393
45261,1.0,10064.0,9.936406995230525e-05,0.8876411931041405,0.11914041350302354,0.8707554238113092,0.9045269623969717,5.166780821917809
45264,1.0,10063.0,9.937394415184339e-05,0.8875529846977901,0.11923978744717538,0.8706680083562587,0.9044379610393215,5.167123287671233
45284,1.0,10062.0,9.938382031405287e-05,0.8874647762914397,0.11933917126748943,0.8705805929476066,0.9043489596352728,5.169406392694064
45285,2.0,10061.0,0.00019878739687903787,0.8872883594787389,0.11953795866436846,0.8704057622695236,0.9041709566879541,5.169520547945205
45310,1.0,10058.0,9.942334460131238e-05,0.8872001423024136,0.11963738200896977,0.8703183382209716,0.9040819463838556,5.172374429223744
45314,1.0,10057.0,9.943323058566172e-05,0.8871119251260884,0.11973681523955543,0.8702309142188627,0.9039929360333141,5.172831050228311
45329,1.0,10055.0,9.945300845350572e-05,0.8870236991762996,0.11983626824800893,0.8701434814805602,0.9039039168720391,5.174543378995434
45331,2.0,10054.0,0.00019892580067634773,0.886847247276722,0.12003519404868528,0.8699686161433854,0.9037258784100587,5.1747716894977165
45359,1.0,10052.0,9.948269001193792e-05,0.8867590213269333,0.12013467673869721,0.8698811835445263,0.9036368591093403,5.1779680365296805
45376,1.0,10051.0,9.949258780220874e-05,0.8866707953771445,0.12023416932649941,0.8697937509921615,0.9035478397621276,5.179908675799087
45384,1.0,10050.0,9.950248756218905e-05,0.8865825694273558,0.1203336718140616,0.8697063184862974,0.9034588203684142,5.1808219178082195
45414,1.0,10049.0,9.95123892924669e-05,0.886494343477567,0.12043318420335407,0.8696188860269407,0.9033698009281932,5.184246575342466
45417,1.0,10048.0,9.952229299363058e-05,0.8864061175277782,0.1205327064963477,0.8695314536140979,0.9032807814414585,5.18458904109589
45423,1.0,10047.0,9.953219866626854e-05,0.8863178915779893,0.12063223869501397,0.8694440212477755,0.9031917619082032,5.18527397260274
45429,1.0,10046.0,9.954210631096954e-05,0.8862296656282005,0.12073178080132493,0.8693565889279803,0.9031027423284207,5.185958904109589
45446,1.0,10046.0,9.954210631096954e-05,0.8861414484606085,0.1208313229076359,0.8692691654460993,0.9030137314751177,5.187899543378996
45456,1.0,10045.0,9.955201592832254e-05,0.8860532312930166,0.12093087492356422,0.8691817420107402,0.902924720575293,5.189041095890411
45462,1.0,10044.0,9.956192751891676e-05,0.8859650141254247,0.12103043685108314,0.8690943186219091,0.9028357096289403,5.18972602739726
45468,1.0,10043.0,9.957184108334163e-05,0.8858767969578328,0.12113000869216649,0.869006895279613,0.9027466986360527,5.19041095890411
45473,1.0,10042.0,9.958175662218681e-05,0.885788579790241,0.12122959044878867,0.8689194719838581,0.9026576875966238,5.190981735159817
45497,2.0,10041.0,0.00019918334827208445,0.8856121454550572,0.12142877379706075,0.8687446255319988,0.9024796653781155,5.193721461187215
45547,1.0,10039.0,9.961151509114453e-05,0.8855239282874653,0.1215283853121519,0.8686572023759076,0.902390654199023,5.199429223744292
45559,2.0,10037.0,0.00019926272790674504,0.8853474763738881,0.12172764804005864,0.868482338606685,0.9022126141410912,5.200799086757991
45569,1.0,10035.0,9.96512207274539e-05,0.8852592504170995,0.1218272992607861,0.8683949067919695,0.9021235940422295,5.201940639269407
45577,1.0,10034.0,9.966115208291808e-05,0.8851710244603109,0.12192696041286902,0.86830747502386,0.9020345738967619,5.202853881278539
45608,1.0,10033.0,9.96710854181202e-05,0.8850827985035223,0.12202663149828714,0.868220043302363,0.9019455537046817,5.206392694063927
45619,1.0,10031.0,9.969095803010666e-05,0.8849945637514036,0.12212632245631726,0.8681326028229461,0.9018565246798611,5.207648401826484
45622,2.0,10030.0,0.00019940179461615153,0.8848180942471661,0.12232572425093341,0.8679577220040517,0.9016784664902804,5.207990867579909
45636,1.0,10028.0,9.972078181092939e-05,0.8847298594950472,0.12242544503274434,0.8678702816645875,0.901589437325507,5.2095890410958905
45638,1.0,10027.0,9.97307270370001e-05,0.8846416247429285,0.12252517575978135,0.8677828413717874,0.9015004081140696,5.209817351598174
45642,1.0,10026.0,9.974067424695791e-05,0.8845533899908097,0.12262491643402831,0.8676954011256579,0.9014113788559615,5.21027397260274
45651,1.0,10025.0,9.975062344139652e-05,0.884465155238691,0.1227246670574697,0.8676079609262058,0.9013223495511761,5.211301369863014
45652,1.0,10024.0,9.976057462090982e-05,0.8843769204865721,0.12282442763209062,0.8675205207734376,0.9012333201997067,5.211415525114155
45664,1.0,10023.0,9.977052778609199e-05,0.8842886857344533,0.12292419815987671,0.8674330806673598,0.9011442908015468,5.212785388127854
45665,1.0,10022.0,9.978048293753742e-05,0.8842004509823345,0.12302397864281424,0.8673456406079791,0.9010552613566898,5.212899543378995
45666,1.0,10021.0,9.979044007584074e-05,0.8841122162302157,0.12312376908289008,0.8672582005953022,0.9009662318651293,5.213013698630137
45686,1.0,10020.0,9.98003992015968e-05,0.884023981478097,0.12322356948209168,0.8671707606293356,0.9008772023268584,5.215296803652968
45729,1.0,10019.0,9.981036031540073e-05,0.8839357467259783,0.12332337984240707,0.8670833207100861,0.9007881727418705,5.220205479452055
45749,1.0,10018.0,9.982032341784787e-05,0.8838475119738596,0.12342320016582492,0.86699588083756,0.9006991431101592,5.222488584474886
45750,1.0,10017.0,9.98302885095338e-05,0.8837592772217407,0.12352303045433445,0.8669084410117639,0.9006101134317176,5.222602739726027
45757,1.0,10016.0,9.984025559105431e-05,0.8836710424696219,0.1236228707099255,0.8668210012327046,0.9005210837065393,5.223401826484018
45758,1.0,10015.0,9.985022466300549e-05,0.8835828077175032,0.12372272093458851,0.8667335615003888,0.9004320539346176,5.22351598173516
45759,1.0,10014.0,9.986019572598362e-05,0.8834945729653845,0.1238225811303145,0.8666461218148229,0.900343024115946,5.223630136986301
45765,1.0,10013.0,9.987016878058524e-05,0.8834063382132658,0.12392245129909508,0.8665586821760137,0.9002539942505178,5.2243150684931505
45767,1.0,10012.0,9.988014382740711e-05,0.8833181034611469,0.12402233144292249,0.8664712425839677,0.9001649643383262,5.224543378995434
45785,1.0,10011.0,9.989012086704625e-05,0.8832298687090281,0.12412222156378953,0.8663838030386914,0.9000759343793647,5.226598173515982
45787,1.0,10010.0,9.99000999000999e-05,0.8831416339569093,0.12422212166368964,0.8662963635401917,0.8999869043736268,5.2268264840182646
45809,1.0,10009.0,9.991008092716555e-05,0.8830533992047905,0.1243220317446168,0.8662089240884752,0.8998978743211059,5.229337899543379
45815,1.0,10008.0,9.992006394884092e-05,0.8829651644526717,0.12442195180856563,0.8661214846835482,0.8998088442217952,5.230022831050229
45828,1.0,10007.0,9.9930048965724e-05,0.882876929700553,0.12452188185753135,0.8660340453254177,0.8997198140756882,5.2315068493150685
45846,1.0,10006.0,9.994003597841295e-05,0.8827886949484341,0.12462182189350976,0.8659466060140901,0.8996307838827782,5.233561643835617
45856,1.0,10005.0,9.995002498750625e-05,0.8827004601963153,0.12472177191849726,0.8658591667495722,0.8995417536430584,5.234703196347032
45857,1.0,10004.0,9.996001599360256e-05,0.8826122254441966,0.12482173193449086,0.8657717275318706,0.8994527233565226,5.234817351598173
45862,1.0,10003.0,9.997000899730081e-05,0.8825239906920778,0.12492170194348817,0.8656842883609918,0.8993636930231638,5.235388127853882
45896,1.0,10002.0,9.998000399920016e-05,0.8824357559399589,0.12502168194748736,0.8655968492369425,0.8992746626429754,5.239269406392694
45904,1.0,10001.0,9.999000099990002e-05,0.8823475211878401,0.12512167194848725,0.8655094101597294,0.8991856322159508,5.240182648401826
45912,1.0,10000.0,0.0001,0.8822592864357214,0.12522167194848724,0.8654219711293591,0.8990966017420836,5.241095890410959
45934,1.0,9999.0,0.00010001000100010001,0.8821710516836025,0.12532168194948734,0.8653345321458382,0.8990075712213669,5.243607305936073
45935,1.0,9998.0,0.00010002000400080016,0.8820828169314838,0.12542170195348815,0.8652470932091736,0.8989185406537941,5.2437214611872145
45963,1.0,9997.0,0.00010003000900270081,0.881994582179365,0.12552173196249083,0.8651596543193715,0.8988295100393585,5.2469178082191785
45969,1.0,9996.0,0.00010004001600640257,0.8819063474272463,0.12562177197849725,0.8650722154764389,0.8987404793780537,5.247602739726028
45976,1.0,9995.0,0.00010005002501250626,0.8818181126751276,0.12572182200350976,0.8649847766803823,0.8986514486698728,5.248401826484018
45980,1.0,9994.0,0.00010006003602161297,0.8817298779230088,0.12582188203953137,0.8648973379312085,0.8985624179148092,5.248858447488584
45981,1.0,9993.0,0.00010007004903432403,0.88164164317089,0.1259219520885657,0.8648098992289238,0.8984733871128562,5.248972602739726
45986,1.0,9992.0,0.00010008006405124099,0.8815534084187712,0.12602203215261693,0.8647224605735351,0.8983843562640073,5.249543378995434
45991,1.0,9991.0,0.00010009008107296567,0.8814651736666524,0.1261221222336899,0.8646350219650492,0.8982953253682557,5.250114155251142
46003,1.0,9990.0,0.0001001001001001001,0.8813769389145337,0.12622222233379,0.8645475834034726,0.8982062944255949,5.25148401826484
46012,1.0,9989.0,0.00010011012113324657,0.881288704162415,0.12632233245492325,0.8644601448888118,0.8981172634360182,5.252511415525114
46018,1.0,9988.0,0.00010012014417300761,0.8812004694102962,0.12642245259909626,0.8643727064210737,0.8980282323995187,5.253196347031963
46049,1.0,9987.0,0.00010013016921998598,0.8811122346581775,0.12652258276831624,0.8642852680002648,0.8979392013160901,5.256735159817351
46129,1.0,9986.0,0.0001001401962747847,0.8810239999060586,0.126622722964591,0.8641978296263919,0.8978501701857253,5.265867579908676
46142,1.0,9985.0,0.00010015022533800701,0.8809357651539398,0.12672287318992903,0.8641103912994615,0.897761139008418,5.267351598173516
46143,1.0,9984.0,0.00010016025641025641,0.8808475304018211,0.1268230334463393,0.8640229530194805,0.8976721077841616,5.267465753424657
46145,1.0,9983.0,0.00010017028949213663,0.8807592956497022,0.12692320373583144,0.8639355147864554,0.8975830765129491,5.267694063926941
46152,1.0,9982.0,0.00010018032458425165,0.8806710608975834,0.1270233840604157,0.8638480766003928,0.897494045194774,5.2684931506849315
46197,1.0,9981.0,0.00010019036168720569,0.8805828261454647,0.1271235744221029,0.8637606384612996,0.8974050138296298,5.273630136986301
46215,1.0,9980.0,0.0001002004008016032,0.8804945913933458,0.1272237748229045,0.8636732003691822,0.8973159824175095,5.2756849315068495
46270,1.0,9979.0,0.0001002104419280489,0.880406356641227,0.12732398526483255,0.8635857623240475,0.8972269509584065,5.281963470319635
46271,1.0,9978.0,0.00010022048506714773,0.8803181218891082,0.12742420574989968,0.863498324325902,0.8971379194523144,5.282077625570777
46311,1.0,9977.0,0.00010023053021950487,0.8802298871369895,0.1275244362801192,0.8634108863747527,0.8970488878992262,5.286643835616438
46326,1.0,9976.0,0.00010024057738572574,0.8801416523848706,0.12762467685750492,0.8633234484706058,0.8969598562991354,5.288356164383561
46330,1.0,9975.0,0.00010025062656641604,0.8800534176327519,0.12772492748407133,0.8632360106134686,0.8968708246520353,5.288812785388128
46339,2.0,9974.0,0.00020052135552436334,0.8798769481285144,0.1279254488395957,0.8630611350402485,0.8966927612167802,5.289840182648402
46340,1.0,9972.0,0.00010028078620136381,0.8797887133763955,0.12802572962579706,0.8629736973241792,0.8966037294286119,5.289954337899544
46342,1.0,9971.0,0.00010029084344599338,0.8797004786242768,0.12812602046924304,0.862886259655146,0.8965146975934076,5.290182648401826
46353,1.0,9970.0,0.00010030090270812437,0.8796122438721581,0.12822632137195117,0.8627988220331556,0.8964256657111606,5.291438356164384
46365,1.0,9969.0,0.00010031096398836393,0.8795240091200394,0.12832663233593952,0.8627113844582146,0.8963366337818641,5.292808219178082
46366,1.0,9968.0,0.00010032102728731942,0.8794357743679206,0.12842695336322685,0.8626239469303298,0.8962476018055114,5.2929223744292235
46377,1.0,9967.0,0.00010033109260559848,0.8793475396158019,0.12852728445583245,0.862536509449508,0.8961585697820958,5.294178082191781
46381,1.0,9966.0,0.00010034115994380895,0.8792593048636831,0.12862762561577626,0.8624490720157555,0.8960695377116107,5.294634703196347
46396,1.0,9965.0,0.00010035122930255896,0.8791710701115644,0.1287279768450788,0.8623616346290793,0.8959805055940494,5.29634703196347
46401,1.0,9964.0,0.00010036130068245685,0.8790828353594455,0.12882833814576125,0.862274197289486,0.8958914734294051,5.296917808219178
46414,2.0,9963.0,0.00020074274816822243,0.878906365855208,0.12902908089392948,0.8620993227515752,0.8957134089588408,5.298401826484018
46444,1.0,9961.0,0.00010039152695512498,0.8788181311030892,0.1291294724208846,0.8620118855532709,0.8956243766529074,5.301826484018265
46468,1.0,9960.0,0.00010040160642570282,0.8787298963509704,0.12922987402731032,0.8619244484020765,0.8955353442998644,5.304566210045662
46484,2.0,9959.0,0.0002008233758409479,0.8785534268467329,0.12943069740315127,0.8617495742410437,0.895357279452422,5.306392694063927
46488,1.0,9957.0,0.00010043185698503566,0.878465192094614,0.1295311292601363,0.8616621372312186,0.8952682469580094,5.306849315068493
46492,1.0,9956.0,0.0001004419445560466,0.8783769573424952,0.12963157120469235,0.8615747002685303,0.8951792144164601,5.3073059360730594
46509,1.0,9955.0,0.00010045203415369161,0.8782887225903765,0.12973202323884603,0.8614872633529853,0.8950901818277677,5.309246575342466
46514,1.0,9954.0,0.00010046212577858148,0.8782004878382577,0.1298324853646246,0.8613998264845902,0.8950011491919251,5.3098173515981735
46539,1.0,9953.0,0.00010047221943132724,0.8781122530861388,0.12993295758405593,0.861312389663352,0.8949121165089257,5.3126712328767125
46540,1.0,9952.0,0.00010048231511254019,0.8780240183340201,0.13003343989916846,0.8612249528892773,0.894823083778763,5.312785388127854
46557,1.0,9951.0,0.00010049241282283188,0.8779357835819013,0.1301339323119913,0.8611375161623727,0.8947340510014299,5.31472602739726
46559,1.0,9950.0,0.00010050251256281407,0.8778475488297826,0.13023443482455413,0.861050079482645,0.8946450181769201,5.314954337899543
46564,1.0,9949.0,0.0001005126143330988,0.8777593140776638,0.13033494743888724,0.860962642850101,0.8945559853052266,5.3155251141552515
46566,1.0,9948.0,0.00010052271813429835,0.877671079325545,0.13043547015702153,0.8608752062647472,0.8944669523863428,5.315753424657534
46606,1.0,9947.0,0.00010053282396702523,0.8775828445734262,0.13053600298098855,0.8607877697265907,0.8943779194202617,5.320319634703196
46625,1.0,9946.0,0.00010054293183189222,0.8774946098213073,0.13063654591282045,0.8607003332356378,0.8942888864069769,5.322488584474886
46629,1.0,9945.0,0.00010055304172951231,0.8774063750691885,0.13073709895454996,0.8606128967918956,0.8941998533464814,5.322945205479452
46678,2.0,9944.0,0.00020112630732099757,0.877229905564951,0.13093822526187096,0.8604380240460697,0.8940217870838322,5.328538812785388
46683,1.0,9942.0,0.00010058338362502515,0.8771416708128321,0.131038808645496,0.8603505877439994,0.8939327538816648,5.329109589041096
46702,1.0,9941.0,0.00010059350165979277,0.8770534360607133,0.13113940214715578,0.8602631514891668,0.8938437206322598,5.331278538812786
46705,1.0,9940.0,0.00010060362173038229,0.8769652013085946,0.13124000576888617,0.8601757152815783,0.8937546873356108,5.33162100456621
46720,1.0,9939.0,0.00010061374383740819,0.8768769665564757,0.13134061951272358,0.8600882791212409,0.8936656539917106,5.333333333333333
46721,1.0,9938.0,0.0001006238679814852,0.8767887318043569,0.13144124338070506,0.860000843008161,0.8935766206005528,5.333447488584475
46768,1.0,9935.0,0.00010065425264217414,0.8767004792898321,0.13154189763334723,0.8599133891613807,0.8934875694182834,5.338812785388128
46781,1.0,9934.0,0.00010066438494060802,0.8766122267753073,0.13164256201828783,0.8598259353619098,0.8933985181887047,5.340296803652968
46814,1.0,9933.0,0.00010067451927917044,0.8765239742607824,0.131743236537567,0.8597384816097547,0.8933094669118101,5.344063926940639
46857,1.0,9932.0,0.00010068465565847765,0.8764357217462576,0.1318439211932255,0.8596510279049225,0.8932204155875927,5.348972602739726
46867,1.0,9931.0,0.0001006947940791461,0.8763474692317328,0.13194461598730464,0.8595635742474199,0.8931313642160457,5.350114155251141
46887,1.0,9929.0,0.00010071507704703394,0.8762592078288491,0.13204533106435168,0.8594761117395832,0.8930423039181151,5.352397260273973
46937,1.0,9928.0,0.0001007252215954875,0.8761709464259655,0.13214605628594717,0.8593886492791086,0.8929532435728224,5.35810502283105
46960,1.0,9927.0,0.00010073536818777072,0.8760826850230818,0.13224679165413494,0.8593011868660029,0.8928641831801608,5.360730593607306
46964,1.0,9926.0,0.00010074551682450131,0.8759944236201982,0.13234753717095946,0.8592137245002729,0.8927751227401235,5.361187214611872
46971,1.0,9924.0,0.00010076582023377671,0.8759061533235819,0.13244830299119323,0.8591262532788594,0.8926860533683044,5.361986301369863
46972,1.0,9923.0,0.0001007759750075582,0.8758178830269656,0.13254907896620077,0.8590387821048542,0.892596983949077,5.362100456621005
46979,1.0,9922.0,0.00010078613182826043,0.8757296127303493,0.13264986509802904,0.858951310978264,0.8925079144824346,5.362899543378996
46995,1.0,9921.0,0.00010079629069650237,0.875641342433733,0.13275066138872554,0.8588638398990958,0.8924188449683703,5.364726027397261
46999,1.0,9920.0,0.00010080645161290323,0.8755530721371168,0.13285146784033844,0.8587763688673562,0.8923297754068773,5.365182648401826
47010,1.0,9919.0,0.00010081661457808247,0.8754648018405005,0.13295228445491653,0.8586888978830519,0.892240705797949,5.366438356164384
47035,1.0,9917.0,0.00010083694665725522,0.8753765226429769,0.13305312140157377,0.8586014180359267,0.8921516272500272,5.369292237442922
47043,1.0,9916.0,0.0001008471157724889,0.8752882434454534,0.13315396851734626,0.8585139382362696,0.8920625486546372,5.370205479452054
47062,1.0,9915.0,0.00010085728693898134,0.8751999642479299,0.13325482580428524,0.8584264584840875,0.8919734700117723,5.372374429223744
47081,1.0,9914.0,0.00010086746015735324,0.8751116850504064,0.1333556932644426,0.858338978779387,0.8918843913214257,5.374543378995434
47085,1.0,9913.0,0.00010087763542822556,0.8750234058528829,0.13345657089987084,0.858251499122175,0.8917953125835907,5.375
47089,1.0,9912.0,0.00010088781275221953,0.8749351266553593,0.13355745871262306,0.8581640195124584,0.8917062337982603,5.375456621004566
47117,1.0,9911.0,0.00010089799212995662,0.8748468474578358,0.133658356704753,0.8580765399502437,0.8916171549654279,5.37865296803653
47154,1.0,9909.0,0.00010091835704914725,0.8747585593513207,0.13375927506180216,0.8579890515171672,0.8915280671854743,5.382876712328767
47164,1.0,9908.0,0.00010092854259184497,0.8746702712448057,0.133860203604394,0.8579015631316257,0.8914389793579857,5.384018264840183
47170,1.0,9907.0,0.0001009387301907742,0.8745819831382906,0.13396114233458475,0.8578140747936257,0.8913498914829555,5.384703196347032
47198,1.0,9906.0,0.00010094891984655764,0.8744936950317755,0.1340620912544313,0.8577265865031742,0.8912608035603768,5.387899543378995
47208,1.0,9905.0,0.00010095911155981827,0.8744054069252605,0.13416305036599113,0.857639098260278,0.891171715590243,5.389041095890411
47248,1.0,9904.0,0.00010096930533117933,0.8743171188187454,0.13426401967132232,0.8575516100649438,0.891082627572547,5.393607305936073
47251,1.0,9903.0,0.00010097950116126426,0.8742288307122303,0.13436499917248357,0.8574641219171786,0.8909935395072821,5.393949771689497
47255,1.0,9902.0,0.00010098969905069682,0.8741405426057153,0.13446598887153427,0.857376633816989,0.8909044513944415,5.394406392694064
47308,1.0,9901.0,0.000100999899000101,0.8740522544992002,0.13456698877053438,0.8572891457643819,0.8908153632340186,5.400456621004566
47315,1.0,9900.0,0.00010101010101010101,0.8739639663926851,0.1346679988715445,0.8572016577593641,0.8907262750260062,5.401255707762557
47317,1.0,9899.0,0.00010102030508132135,0.8738756782861701,0.13476901917662581,0.8571141698019424,0.8906371867703977,5.40148401826484
47326,1.0,9898.0,0.00010103051121438674,0.873787390179655,0.1348700496878402,0.8570266818921237,0.8905480984671863,5.402511415525114
47327,2.0,9897.0,0.0002020814388198444,0.8736108139666249,0.13507213112666003,0.8568517062153225,0.8903699217179273,5.402625570776256
47328,1.0,9895.0,0.0001010611419909045,0.8735225258601098,0.13517319226865093,0.8567642184483535,0.8902808332718661,5.402739726027397
47398,1.0,9894.0,0.00010107135637760258,0.8734342377535947,0.13527426362502853,0.8566767307290147,0.8901917447781748,5.410730593607306
47415,1.0,9893.0,0.00010108157282927322,0.8733459496470797,0.13537534519785782,0.8565892430573131,0.8901026562368463,5.412671232876712
47428,1.0,9892.0,0.00010109179134654265,0.8732576615405646,0.13547643698920436,0.8565017554332552,0.890013567647874,5.414155251141553
47435,1.0,9891.0,0.00010110201193003741,0.8731693734340495,0.1355775390011344,0.8564142678568482,0.8899244790112509,5.414954337899544
47441,1.0,9890.0,0.00010111223458038423,0.8730810853275345,0.1356786512357148,0.8563267803280986,0.8898353903269703,5.415639269406393
47445,1.0,9889.0,0.00010112245929821013,0.8729927972210194,0.135779773695013,0.8562392928470134,0.8897463015950254,5.416095890410959
47451,1.0,9888.0,0.0001011326860841424,0.8729045091145043,0.13588090638109715,0.8561518054135994,0.8896572128154093,5.416780821917809
47485,1.0,9887.0,0.00010114291493880854,0.8728162210079893,0.13598204929603597,0.8560643180278634,0.8895681239881151,5.420662100456621
47540,1.0,9886.0,0.00010115314586283633,0.8727279329014742,0.1360832024418988,0.8559768306898123,0.8894790351131361,5.426940639269406
47587,1.0,9885.0,0.00010116337885685381,0.8726396447949591,0.13618436582075566,0.855889343399453,0.8893899461904653,5.4323059360730594
47604,1.0,9884.0,0.00010117361392148928,0.8725513566884441,0.13628553943467714,0.8558018561567923,0.8893008572200959,5.434246575342466
47627,1.0,9883.0,0.00010118385105737125,0.872463068581929,0.1363867232857345,0.8557143689618368,0.8892117682020212,5.436872146118722
47641,1.0,9882.0,0.00010119409026512852,0.872374780475414,0.13648791737599963,0.8556268818145937,0.8891226791362342,5.438470319634703
47642,1.0,9881.0,0.00010120433154539014,0.8722864923688989,0.13658912170754503,0.8555393947150696,0.8890335900227282,5.438584474885845
47649,1.0,9880.0,0.00010121457489878542,0.8721982042623838,0.13669033628244381,0.8554519076632714,0.8889445008614962,5.439383561643836
47651,1.0,9879.0,0.00010122482032594392,0.8721099161558687,0.13679156110276977,0.855364420659206,0.8888554116525315,5.439611872146119
47657,1.0,9878.0,0.00010123506782749544,0.8720216280493537,0.13689279617059727,0.8552769337028804,0.888766322395827,5.440296803652968
47658,1.0,9877.0,0.00010124531740407007,0.8719333399428386,0.13699404148800134,0.8551894467943011,0.8886772330913761,5.44041095890411
47705,1.0,9876.0,0.0001012555690562981,0.8718450518363235,0.13709529705705764,0.8551019599334753,0.8885881437391718,5.445776255707763
47711,1.0,9875.0,0.00010126582278481013,0.8717567637298085,0.13719656287984244,0.8550144731204096,0.8884990543392074,5.446461187214612
47714,1.0,9874.0,0.00010127607859023699,0.8716684756232934,0.13729783895843267,0.8549269863551109,0.888409964891476,5.446803652968036
47731,1.0,9873.0,0.00010128633647320976,0.8715801875167783,0.1373991252949059,0.8548394996375862,0.8883208753959705,5.448744292237443
47737,1.0,9872.0,0.0001012965964343598,0.8714918994102633,0.13750042189134024,0.8547520129678423,0.8882317858526843,5.449429223744292
47753,1.0,9871.0,0.00010130685847431871,0.8714036113037482,0.13760172874981455,0.854664526345886,0.8881426962616105,5.451255707762557
47784,1.0,9870.0,0.00010131712259371833,0.8713153231972331,0.13770304587240828,0.8545770397717242,0.8880536066227421,5.454794520547945
47795,1.0,9869.0,0.0001013273887931908,0.8712270350907181,0.13780437326120148,0.8544895532453637,0.8879645169360725,5.456050228310502
47806,1.0,9868.0,0.00010133765707336846,0.871138746984203,0.13790571091827486,0.8544020667668115,0.8878754272015945,5.45730593607306
47830,1.0,9867.0,0.00010134792743488395,0.871050458877688,0.13800705884570974,0.8543145803360744,0.8877863374193015,5.460045662100456
47831,1.0,9866.0,0.00010135819987837016,0.8709621707711729,0.1381084170455881,0.8542270939531593,0.8876972475891864,5.460159817351598
47835,1.0,9865.0,0.00010136847440446021,0.8708738826646578,0.13820978551999255,0.8541396076180732,0.8876081577112425,5.460616438356165
47836,1.0,9864.0,0.00010137875101378751,0.8707855945581428,0.13831116427100634,0.8540521213308226,0.8875190677854629,5.460730593607306
47857,1.0,9863.0,0.0001013890297069857,0.8706973064516277,0.13841255330071334,0.8539646350914147,0.8874299778118406,5.463127853881279
47858,1.0,9862.0,0.00010139931048468871,0.8706090183451126,0.13851395261119803,0.8538771488998563,0.8873408877903689,5.46324200913242
47872,1.0,9861.0,0.00010140959334753067,0.8705207302385976,0.13861536220454557,0.8537896627561542,0.8872517977210409,5.464840182648402
47904,1.0,9860.0,0.00010141987829614604,0.8704324421320825,0.13871678208284172,0.8537021766603154,0.8871627076038495,5.468493150684932
47916,1.0,9859.0,0.00010143016533116949,0.8703441540255674,0.1388182122481729,0.8536146906123467,0.8870736174387881,5.46986301369863
47920,1.0,9858.0,0.00010144045445323595,0.8702558659190524,0.13891965270262613,0.8535272046122551,0.8869845272258496,5.470319634703197
47927,1.0,9857.0,0.00010145074566298062,0.8701675778125373,0.1390211034482891,0.8534397186600473,0.8868954369650273,5.471118721461187
47938,1.0,9856.0,0.00010146103896103897,0.8700792897060222,0.13912256448725013,0.8533522327557304,0.8868063466563141,5.472374429223744
47940,1.0,9855.0,0.00010147133434804668,0.8699910015995072,0.13922403582159817,0.8532647468993111,0.8867172562997032,5.472602739726027
47945,1.0,9854.0,0.00010148163182463974,0.8699027134929921,0.1393255174534228,0.8531772610907964,0.8866281658951878,5.473173515981735
47947,1.0,9853.0,0.00010149193139145438,0.869814425386477,0.13942700938481425,0.8530897753301931,0.8865390754427609,5.473401826484018
47951,1.0,9852.0,0.00010150223304912708,0.869726137279962,0.1395285116178634,0.8530022896175082,0.8864499849424157,5.473858447488585
47976,1.0,9851.0,0.00010151253679829459,0.8696378491734469,0.1396300241546617,0.8529148039527485,0.8863608943941452,5.476712328767123
47997,1.0,9850.0,0.0001015228426395939,0.8695495610669318,0.13973154699730128,0.8528273183359212,0.8862718037979425,5.479109589041096
47999,1.0,9849.0,0.0001015331505736623,0.8694612729604168,0.13983308014787493,0.8527398327670328,0.8861827131538007,5.479337899543379
48013,1.0,9848.0,0.00010154346060113728,0.8693729848539017,0.13993462360847608,0.8526523472460903,0.8860936224617131,5.480936073059361
48016,2.0,9847.0,0.0002031075454453133,0.8691964086408716,0.1401377311539214,0.852477376348071,0.8859154409336721,5.481278538812785
48019,1.0,9845.0,0.00010157440325038091,0.8691081205343565,0.14023930555717176,0.8523898909710079,0.885826350097705,5.48162100456621
48024,1.0,9844.0,0.00010158472165786265,0.8690198324278414,0.14034089027882962,0.8523024056419184,0.8857372592137644,5.482191780821918
48045,1.0,9843.0,0.0001015950421619425,0.8689315443213264,0.14044248532099157,0.8522149203608094,0.8856481682818433,5.484589041095891
48087,1.0,9842.0,0.0001016053647632595,0.8688432562148113,0.14054409068575482,0.8521274351276877,0.8855590773019348,5.489383561643836
48089,1.0,9841.0,0.000101615689462453,0.8687549681082962,0.14064570637521728,0.8520399499425605,0.885469986274032,5.489611872146119
48107,1.0,9840.0,0.0001016260162601626,0.8686666800017812,0.14074733239147744,0.8519524648054345,0.8853808951981278,5.491666666666666
48118,2.0,9839.0,0.0002032726903140563,0.868490103788751,0.1409506050817915,0.851777494675214,0.885202712902288,5.492922374429224
48159,1.0,9837.0,0.00010165700925078785,0.868401815682236,0.1410522620910423,0.8516900096821333,0.8851136216823386,5.497602739726028
48160,1.0,9836.0,0.00010166734444896299,0.8683135275757209,0.14115392943549127,0.8516025247370814,0.8850245304143604,5.497716894977169
48162,1.0,9835.0,0.00010167768174885612,0.8682252394692058,0.1412556071172401,0.8515150398400655,0.8849354390983462,5.497945205479452
48184,1.0,9834.0,0.0001016880211511084,0.8681369513626908,0.1413572951383912,0.8514275549910924,0.8848463477342892,5.500456621004566
48186,1.0,9833.0,0.00010169836265636123,0.8680486632561757,0.14145899350104757,0.8513400701901689,0.8847572563221825,5.500684931506849
48191,1.0,9832.0,0.0001017087062652563,0.8679603751496606,0.14156070220731282,0.8512525854373021,0.8846681648620192,5.5012557077625575
48199,1.0,9831.0,0.00010171905197843556,0.8678720870431456,0.14166242125929124,0.851165100732499,0.8845790733537922,5.50216894977169
48202,1.0,9830.0,0.0001017293997965412,0.8677837989366305,0.1417641506590878,0.8510776160757663,0.8844899817974947,5.502511415525114
48212,1.0,9829.0,0.00010173974972021569,0.8676955108301154,0.141865890408808,0.850990131467111,0.8844008901931198,5.50365296803653
48214,1.0,9828.0,0.00010175010175010175,0.8676072227236004,0.1419676405105581,0.8509026469065402,0.8843117985406606,5.503881278538813
48233,1.0,9827.0,0.00010176045588684237,0.8675189346170853,0.14206940096644494,0.8508151623940606,0.88422270684011,5.506050228310502
48234,1.0,9826.0,0.0001017708121310808,0.8674306465105702,0.14217117177857602,0.8507276779296793,0.8841336150914612,5.506164383561644
48300,2.0,9826.0,0.0002035416242621616,0.8672540882678447,0.1423747134028382,0.8505527271343577,0.8839554494013316,5.513698630136986
48307,1.0,9824.0,0.00010179153094462541,0.8671658091464819,0.1424765049337828,0.8504652518088426,0.8838663664841212,5.514497716894978
48328,1.0,9823.0,0.00010180189351521938,0.8670775300251191,0.14257830682729802,0.850377776531434,0.8837772835188042,5.51689497716895
48330,1.0,9822.0,0.00010181225819588678,0.8669892509037563,0.1426801190854939,0.8502903013021389,0.8836882005053738,5.517123287671233
48334,1.0,9821.0,0.00010182262498727217,0.8669009717823936,0.1427819417104812,0.850202826120964,0.8835991174438231,5.517579908675799
48347,1.0,9820.0,0.00010183299389002037,0.8668126926610308,0.14288377470437122,0.8501153509879166,0.883510034334145,5.519063926940639
48376,1.0,9819.0,0.00010184336490477646,0.866724413539668,0.14298561806927598,0.8500278759030033,0.8834209511763327,5.522374429223745
48379,1.0,9818.0,0.00010185373803218578,0.8666361344183052,0.14308747180730816,0.8499404008662312,0.8833318679703792,5.522716894977169
48385,1.0,9817.0,0.00010186411327289395,0.8665478552969424,0.14318933592058106,0.8498529258776074,0.8832427847162775,5.523401826484018
48407,1.0,9816.0,0.00010187449062754686,0.8664595761755797,0.1432912104112086,0.8497654509371386,0.8831537014140207,5.525913242009133
48432,1.0,9813.0,0.00010190563538163661,0.866371279061937,0.14339311604659025,0.8496779580336883,0.8830646000901857,5.528767123287671
48445,1.0,9812.0,0.00010191602119853241,0.8662829819482943,0.14349503206778877,0.8495904651784463,0.8829754987181424,5.530251141552512
48446,1.0,9811.0,0.00010192640913260625,0.8661946848346517,0.1435969584769214,0.8495029723714196,0.8828863972978838,5.530365296803653
48454,1.0,9810.0,0.00010193679918450561,0.866106387721009,0.14369889527610588,0.8494154796126152,0.8827972958294028,5.531278538812785
48469,1.0,9809.0,0.00010194719135487817,0.8660180906073663,0.14380084246746075,0.84932798690204,0.8827081943126927,5.532990867579909
48484,1.0,9808.0,0.00010195758564437195,0.8659297934937237,0.14390280005310513,0.849240494239701,0.8826190927477463,5.534703196347032
48502,1.0,9807.0,0.00010196798205363516,0.865841496380081,0.14400476803515877,0.8491530016256053,0.8825299911345568,5.53675799086758
48515,1.0,9806.0,0.00010197838058331633,0.8657531992664383,0.1441067464157421,0.8490655090597595,0.8824408894731172,5.5382420091324205
48528,1.0,9805.0,0.00010198878123406426,0.8656649021527957,0.14420873519697616,0.8489780165421711,0.8823517877634203,5.53972602739726
48533,1.0,9804.0,0.00010199918400652795,0.865576605039153,0.14431073438098269,0.8488905240728467,0.8822626860054593,5.540296803652968
48565,1.0,9803.0,0.00010200958890135672,0.8654883079255103,0.14441274396988404,0.8488030316517935,0.8821735841992272,5.543949771689498
48595,1.0,9802.0,0.00010201999591920016,0.8654000108118677,0.14451476396580323,0.8487155392790183,0.882084482344717,5.547374429223744
48673,1.0,9802.0,0.00010201999591920016,0.8653117227062962,0.14461678396172242,0.848628055972047,0.8819953894405453,5.556278538812785
48675,1.0,9801.0,0.00010203040506070809,0.8652234346007247,0.14471881436678313,0.8485405727133482,0.8819062964881013,5.556506849315069
48693,1.0,9800.0,0.00010204081632653062,0.8651351464951532,0.14482085518310966,0.8484530895029285,0.8818172034873779,5.558561643835616
48696,1.0,9799.0,0.0001020512297173181,0.8650468583895817,0.14492290641282699,0.8483656063407953,0.8817281104383682,5.558904109589041
48715,1.0,9798.0,0.00010206164523372117,0.8649585702840102,0.1450249680580607,0.8482781232269554,0.8816390173410651,5.561073059360731
48724,1.0,9797.0,0.00010207206287639073,0.8648702821784388,0.14512704012093708,0.8481906401614158,0.8815499241954617,5.562100456621004
48727,1.0,9796.0,0.00010208248264597796,0.8647819940728673,0.14522912260358306,0.8481031571441835,0.881460831001551,5.562442922374429
48734,1.0,9795.0,0.00010209290454313425,0.8646937059672958,0.1453312155081262,0.8480156741752656,0.881371737759326,5.56324200913242
48737,1.0,9794.0,0.00010210332856851133,0.8646054178617243,0.1454333188366947,0.8479281912546689,0.8812826444687797,5.563584474885845
48772,1.0,9793.0,0.00010211375472276115,0.8645171297561528,0.14553543259141746,0.8478407083824006,0.881193551129905,5.567579908675799
48786,1.0,9792.0,0.00010212418300653595,0.8644288416505812,0.145637556774424,0.8477532255584674,0.881104457742695,5.5691780821917805
48795,1.0,9791.0,0.0001021346134204882,0.8643405535450097,0.14573969138784448,0.8476657427828767,0.8810153643071428,5.570205479452055
48824,1.0,9789.0,0.00010215548064153642,0.8642522564203243,0.14584184686848603,0.8475782510270683,0.8809262618135804,5.573515981735159
48828,1.0,9788.0,0.0001021659174499387,0.8641639592956389,0.14594401278593597,0.847490759319636,0.8808371592716419,5.573972602739726
48835,1.0,9787.0,0.00010217635639113109,0.8640756621709537,0.1460461891423271,0.8474032676605869,0.8807480566813204,5.574771689497717
48840,1.0,9786.0,0.00010218679746576743,0.8639873650462683,0.14614837593979285,0.8473157760499279,0.8806589540426086,5.575342465753424
48842,1.0,9785.0,0.00010219724067450178,0.8638990679215829,0.14625057318046736,0.847228284487666,0.8805698513554998,5.575570776255708
48860,1.0,9784.0,0.00010220768601798856,0.8638107707968975,0.14635278086648534,0.8471407929738081,0.8804807486199869,5.577625570776256
48862,1.0,9783.0,0.00010221813349688235,0.8637224736722121,0.14645499899998224,0.8470533015083614,0.8803916458360628,5.577853881278539
48878,1.0,9782.0,0.00010222858311183807,0.8636341765475267,0.14655722758309409,0.846965810091333,0.8803025430037205,5.579680365296803
48901,1.0,9781.0,0.00010223903486351089,0.8635458794228413,0.1466594666179576,0.8468783187227297,0.880213440122953,5.58230593607306
48908,1.0,9780.0,0.00010224948875255624,0.863457582298156,0.14676171610671015,0.8467908274025586,0.8801243371937533,5.583105022831051
48945,1.0,9778.0,0.00010227040294538761,0.8633692761432881,0.14686398650965554,0.846703327091166,0.8800352251954101,5.587328767123288
48948,1.0,9777.0,0.00010228086325048584,0.8632809699884202,0.14696626737290602,0.8466158268282395,0.8799461131486008,5.587671232876712
48950,1.0,9776.0,0.00010229132569558102,0.8631926638335523,0.1470685586986016,0.8465283266137862,0.8798570010533184,5.587899543378995
48953,1.0,9775.0,0.00010230179028132993,0.8631043576786844,0.14717086048888295,0.8464408264478129,0.8797678889095559,5.58824200913242
48954,2.0,9774.0,0.0002046245140167792,0.8629277453689487,0.14737548500289974,0.8462658262613351,0.8795896644765623,5.588356164383562
48957,1.0,9772.0,0.00010233319688907081,0.8628394392140808,0.1474778181997888,0.8461783262408445,0.879500552187317,5.588698630136986
48966,1.0,9771.0,0.00010234367004400778,0.8627511330592129,0.1475801618698328,0.8460908262688623,0.8794114398495635,5.58972602739726
48967,1.0,9770.0,0.00010235414534288638,0.862662826904345,0.14768251601517568,0.8460033263453955,0.8793223274632945,5.589840182648402
48973,1.0,9769.0,0.00010236462278636504,0.8625745207494772,0.14778488063796205,0.845915826470451,0.8792332150285033,5.590525114155251
48976,1.0,9768.0,0.00010237510237510238,0.8624862145946093,0.14788725574033715,0.8458283266440361,0.8791441025451825,5.590867579908676
48977,1.0,9767.0,0.00010238558410975735,0.8623979084397414,0.14798964132444692,0.8457408268661576,0.8790549900133252,5.590981735159818
48980,1.0,9766.0,0.00010239606799098914,0.8623096022848735,0.1480920373924379,0.8456533271368226,0.8789658774329244,5.591324200913242
49007,1.0,9765.0,0.00010240655401945725,0.8622212961300056,0.14819444394645737,0.8455658274560381,0.8788767648039731,5.594406392694064
49027,1.0,9764.0,0.00010241704219582139,0.8621329899751378,0.1482968609886532,0.8454783278238115,0.878787652126464,5.596689497716895
49031,1.0,9763.0,0.00010242753252074157,0.8620446838202699,0.14839928852117393,0.8453908282401494,0.8786985394003903,5.5971461187214615
49036,1.0,9762.0,0.0001024380249948781,0.861956377665402,0.1485017265461688,0.8453033287050591,0.8786094266257449,5.597716894977169
49041,1.0,9761.0,0.00010244851961889151,0.8618680715105341,0.14860417506578769,0.8452158292185477,0.8785203138025206,5.598287671232876
49052,2.0,9760.0,0.00020491803278688525,0.8616914592007984,0.14880909309857457,0.8450408303912894,0.8783420880103073,5.599543378995434
49055,1.0,9758.0,0.00010248001639680262,0.8616031530459305,0.14891157311497139,0.8449533310505568,0.8782529750413042,5.599885844748859
49057,1.0,9757.0,0.00010249051962693452,0.8615148468910626,0.14901406363459832,0.8448658317584312,0.878163862023694,5.600114155251141
49076,1.0,9756.0,0.0001025010250102501,0.8614265407361947,0.14911656465960857,0.8447783325149197,0.8780747489574697,5.602283105022831
49079,1.0,9755.0,0.00010251153254741159,0.8613382345813269,0.149219076192156,0.8446908333200295,0.8779856358426242,5.602625570776255
49080,1.0,9754.0,0.0001025220422390814,0.861249928426459,0.1493215982343951,0.8446033341737675,0.8778965226791504,5.602739726027397
49087,1.0,9753.0,0.00010253255408592229,0.8611616222715911,0.14942413078848102,0.8445158350761408,0.8778074094670414,5.603538812785388
49155,1.0,9751.0,0.00010255358424776946,0.8610733070606105,0.14952668437272879,0.8444283269615329,0.877718287159688,5.611301369863014
49160,1.0,9750.0,0.00010256410256410256,0.8609849918496298,0.14962924847529288,0.8443408188955943,0.8776291648036654,5.6118721461187215
49186,1.0,9749.0,0.00010257462303826033,0.8608966766386492,0.14973182309833113,0.8442533108783323,0.8775400423989661,5.614840182648402
49191,1.0,9748.0,0.00010258514567090685,0.8608083614276687,0.14983440824400204,0.8441658029097541,0.8774509199455833,5.61541095890411
49206,1.0,9747.0,0.00010259567046270647,0.8607200462166882,0.14993700391446474,0.8440782949898665,0.8773617974435098,5.617123287671233
49217,1.0,9746.0,0.00010260619741432382,0.8606317310057077,0.15003961011187905,0.8439907871186768,0.8772726748927385,5.61837899543379
49263,1.0,9746.0,0.00010260619741432382,0.8605434248564151,0.15014221630929336,0.8439032883673937,0.8771835613454365,5.623630136986302
49265,1.0,9745.0,0.0001026167265264238,0.8604551187071224,0.15024483303581979,0.8438157896648024,0.8770944477494425,5.623858447488584
49267,1.0,9744.0,0.00010262725779967159,0.8603668125578299,0.15034746029361945,0.8437282910109103,0.8770053341047495,5.6240867579908675
49288,1.0,9743.0,0.00010263779123473263,0.8602785064085372,0.15045009808485418,0.8436407924057242,0.8769162204113502,5.62648401826484
49333,1.0,9742.0,0.00010264832683227263,0.8601902002592446,0.15055274641168645,0.8435532938492515,0.8768271066692378,5.63162100456621
49343,1.0,9741.0,0.0001026588645929576,0.8601018941099521,0.1506554052762794,0.8434657953414991,0.876737992878405,5.632762557077625
49359,1.0,9740.0,0.0001026694045174538,0.8600135879606595,0.15075807468079686,0.8433782968824742,0.8766488790388448,5.63458904109589
49374,1.0,9739.0,0.00010267994660642776,0.859925281811367,0.15086075462740328,0.8432907984721838,0.8765597651505501,5.6363013698630136
49390,1.0,9738.0,0.00010269049086054631,0.8598369756620744,0.15096344511826382,0.8432033001106352,0.8764706512135136,5.6381278538812785
49412,2.0,9736.0,0.00020542317173377156,0.8596603452233599,0.1511688682899976,0.8430282853746458,0.876292405072074,5.6406392694063925
49414,1.0,9734.0,0.0001027326895418122,0.8595720300040026,0.1512716009795394,0.842940778079822,0.8762032819281832,5.640867579908676
49424,1.0,9733.0,0.00010274324463166547,0.8594837147846454,0.15137434422417106,0.8428532708337884,0.8761141587355024,5.642009132420092
49439,1.0,9732.0,0.00010275380189066995,0.8593953995652882,0.15147709802606174,0.8427657636365521,0.8760250354940243,5.643721461187215
49440,1.0,9731.0,0.0001027643613194944,0.859307084345931,0.15157986238738125,0.8426782564881199,0.875935912203742,5.6438356164383565
49441,1.0,9730.0,0.00010277492291880781,0.8592187691265737,0.15168263731030004,0.8425907493884992,0.8758467888646482,5.643949771689497
49447,1.0,9729.0,0.00010278548668927948,0.8591304539072164,0.1517854227969893,0.8425032423376971,0.8757576654767357,5.644634703196347
49449,1.0,9728.0,0.00010279605263157894,0.8590421386878593,0.1518882188496209,0.8424157353357208,0.8756685420399978,5.64486301369863
49453,1.0,9727.0,0.00010280662074637607,0.858953823468502,0.15199102547036727,0.8423282283825771,0.8755794185544269,5.645319634703196
49459,1.0,9726.0,0.00010281719103434094,0.8588655082491448,0.1520938426614016,0.8422407214782733,0.8754902950200162,5.6460045662100455
49502,1.0,9725.0,0.00010282776349614396,0.8587771930297875,0.15219667042489776,0.8421532146228167,0.8754011714367583,5.650913242009133
49505,1.0,9724.0,0.00010283833813245579,0.8586888778104304,0.15229950876303022,0.8420657078162143,0.8753120478046464,5.651255707762557
49538,1.0,9723.0,0.00010284891494394734,0.8586005625910731,0.15240235767797417,0.841978201058473,0.8752229241236732,5.655022831050228
49551,1.0,9722.0,0.00010285949393128986,0.8585122473717158,0.15250521717190546,0.8418906943496002,0.8751338003938315,5.656506849315068
49555,1.0,9721.0,0.00010287007509515482,0.8584239321523586,0.15260808724700062,0.8418031876896028,0.8750446766151143,5.656963470319635
49573,1.0,9720.0,0.00010288065843621399,0.8583356169330013,0.15271096790543684,0.8417156810784883,0.8749555527875144,5.659018264840182
49614,1.0,9719.0,0.00010289124395513942,0.858247301713644,0.15281385914939197,0.8416281745162636,0.8748664289110245,5.663698630136986
49618,1.0,9718.0,0.00010290183165260341,0.8581589864942868,0.15291676098104456,0.8415406680029358,0.8747773049856378,5.664155251141553
49632,1.0,9717.0,0.00010291242152927858,0.8580706712749295,0.15301967340257383,0.841453161538512,0.874688181011347,5.6657534246575345
49634,1.0,9716.0,0.0001029230135858378,0.8579823560555723,0.15312259641615966,0.8413656551229997,0.8745990569881449,5.665981735159817
49653,1.0,9715.0,0.0001029336078229542,0.857894040836215,0.15322553002398262,0.8412781487564055,0.8745099329160245,5.668150684931507
49668,1.0,9714.0,0.00010294420424130121,0.8578057256168578,0.15332847422822393,0.841190642438737,0.8744208087949785,5.66986301369863
49672,1.0,9713.0,0.00010295480284155256,0.8577174103975006,0.1534314290310655,0.8411031361700012,0.874331684625,5.670319634703197
49674,1.0,9712.0,0.00010296540362438221,0.8576290951781433,0.15353439443468989,0.8410156299502052,0.8742425604060815,5.670547945205479
49691,1.0,9711.0,0.00010297600659046442,0.8575407799587861,0.15363737044128034,0.8409281237793561,0.8741534361382161,5.672488584474886
49699,1.0,9710.0,0.00010298661174047374,0.8574524647394288,0.1537403570530208,0.8408406176574612,0.8740643118213964,5.673401826484018
49714,1.0,9709.0,0.00010299721907508497,0.8573641495200716,0.1538433542720959,0.8407531115845275,0.8739751874556156,5.6751141552511415
49734,1.0,9708.0,0.00010300782859497322,0.8572758343007143,0.15394636210069088,0.8406656055605622,0.8738860630408664,5.677397260273972
49752,1.0,9706.0,0.0001030290541932825,0.8571875099823236,0.15404939115488417,0.8405780904769868,0.8737969294876604,5.67945205479452
49754,1.0,9705.0,0.00010303967027305513,0.8570991856639328,0.15415243082515723,0.8404905754424142,0.8737077958854514,5.679680365296804
49764,1.0,9704.0,0.00010305028854080792,0.857010861345542,0.15425548111369802,0.8404030604568518,0.8736186622342323,5.6808219178082195
49767,1.0,9703.0,0.00010306090899721736,0.8569225370271513,0.15435854202269525,0.8403155455203065,0.873529528533996,5.681164383561644
49820,1.0,9702.0,0.00010307153164296021,0.8568342127087606,0.1544616135543382,0.8402280306327858,0.8734403947847353,5.687214611872146
49822,1.0,9701.0,0.00010308215647871353,0.8567458883903698,0.15456469571081694,0.8401405157942966,0.873351260986443,5.687442922374429
49862,1.0,9700.0,0.00010309278350515464,0.856657564071979,0.15466778849432208,0.8400530010048463,0.8732621271391118,5.692009132420091
49911,1.0,9699.0,0.00010310341272296113,0.8565692397535882,0.15477089190704504,0.8399654862644418,0.8731729932427347,5.697602739726028
49930,1.0,9697.0,0.00010312467773538208,0.8564809063267805,0.15487401658478042,0.8398779624550963,0.8730838501984648,5.699771689497717
49967,1.0,9696.0,0.00010313531353135314,0.856392572899973,0.15497715189831177,0.8397904386948315,0.8729947071051144,5.703995433789954
49991,1.0,9694.0,0.00010315659170621003,0.85630423036099,0.15508030849001797,0.8397029058618797,0.8729055548601004,5.7067351598173515
50008,2.0,9693.0,0.00020633446817290828,0.8561275452830243,0.1552866429581909,0.8395278403433291,0.8727272502227195,5.708675799086758
50011,1.0,9691.0,0.00010318852543597152,0.8560392027440413,0.15538983148362687,0.8394403076577444,0.8726380978303383,5.709018264840183
50026,1.0,9690.0,0.00010319917440660474,0.8559508602050585,0.15549303065803347,0.8393527750212965,0.8725489453888206,5.710730593607306
50027,1.0,9689.0,0.00010320982557539478,0.8558625176660756,0.15559624048360887,0.8392652424339925,0.8724597928981587,5.710844748858447
50032,1.0,9688.0,0.00010322047894302229,0.8557741751270926,0.15569946096255188,0.8391777098958395,0.8723706403583458,5.711415525114155
50037,1.0,9687.0,0.00010323113451016826,0.8556858325881098,0.15580269209706205,0.8390901774068451,0.8722814877693745,5.711986301369863
50055,1.0,9686.0,0.00010324179227751394,0.855597490049127,0.15590593388933957,0.839002644967016,0.872192335131238,5.714041095890411
50078,1.0,9685.0,0.00010325245224574084,0.8555091475101442,0.1560091863415853,0.8389151125763599,0.8721031824439285,5.716666666666667
50081,1.0,9684.0,0.00010326311441553078,0.8554208049711612,0.15611244945600083,0.8388275802348834,0.8720140297074391,5.717009132420091
50085,1.0,9683.0,0.00010327377878756583,0.8553324624321783,0.1562157232347884,0.838740047942594,0.8719248769217626,5.717465753424658
50109,1.0,9682.0,0.0001032844453625284,0.8552441198931954,0.15631900768015095,0.8386525156994991,0.8718357240868917,5.720205479452055
50116,1.0,9681.0,0.00010329511414110113,0.8551557773542126,0.15642230279429203,0.8385649835056057,0.8717465712028194,5.721004566210046
50137,1.0,9680.0,0.00010330578512396694,0.8550674348152297,0.156525608579416,0.8384774513609211,0.8716574182695384,5.723401826484018
50145,1.0,9679.0,0.00010331645831180907,0.8549790922762468,0.1566289250377278,0.8383899192654524,0.8715682652870412,5.7243150684931505
50146,1.0,9678.0,0.00010332713370531102,0.854890749737264,0.1567322521714331,0.8383023872192068,0.8714791122553212,5.724429223744292
50151,1.0,9676.0,0.00010334849111202976,0.854802398068213,0.15683560066254515,0.8382148460824951,0.8713899500539309,5.725
50154,1.0,9675.0,0.00010335917312661498,0.854714046399162,0.15693895983567177,0.8381273049950414,0.8713007878032827,5.725342465753425
50173,1.0,9674.0,0.00010336985734959685,0.8546256947301111,0.15704232969302137,0.8380397639568528,0.8712116255033694,5.727511415525115
50183,1.0,9673.0,0.00010338054378166029,0.8545373430610601,0.15714571023680304,0.8379522229679366,0.8711224631541836,5.7286529680365295
50184,1.0,9672.0,0.00010339123242349049,0.8544489913920091,0.15724910146922652,0.8378646820283001,0.8710333007557182,5.728767123287671
50208,1.0,9671.0,0.00010340192327577293,0.8543606397229582,0.15735250339250229,0.8377771411379504,0.8709441383079659,5.7315068493150685
50232,1.0,9670.0,0.00010341261633919338,0.8542722880539072,0.15745591600884148,0.8376896002968948,0.8708549758109196,5.734246575342466
50241,1.0,9669.0,0.0001034233116144379,0.8541839363848562,0.15755933932045593,0.8376020595051406,0.8707658132645719,5.73527397260274
50284,1.0,9668.0,0.0001034340091021928,0.8540955847158053,0.15766277332955814,0.8375145187626948,0.8706766506689158,5.740182648401826
50319,1.0,9666.0,0.00010345541071798055,0.854007223906296,0.15776622874027613,0.8374269689194526,0.8705874788931395,5.744178082191781
50331,1.0,9665.0,0.00010346611484738747,0.8539188630967869,0.1578696948551235,0.8373394191255539,0.8704983070680199,5.745547945205479
50356,1.0,9664.0,0.00010347682119205298,0.8538305022872777,0.15797317167631555,0.8372518693810058,0.8704091351935497,5.748401826484018
50371,1.0,9663.0,0.0001034875297526648,0.8537421414777686,0.15807665920606823,0.8371643196858158,0.8703199632697214,5.750114155251142
50393,1.0,9662.0,0.00010349824052991099,0.8536537806682595,0.15818015744659814,0.8370767700399909,0.870230791296528,5.752625570776256
50434,1.0,9660.0,0.00010351966873706004,0.8535654107116686,0.1582836771153352,0.8369892112867788,0.8701416101365583,5.75730593607306
50444,1.0,9659.0,0.00010353038616834041,0.8534770407550776,0.15838720750150354,0.8369016525829669,0.8700524289271883,5.7584474885844745
50449,1.0,9657.0,0.00010355182768975873,0.8533886616476162,0.1584907593291933,0.8368140847679917,0.8699632385272407,5.759018264840183
50470,1.0,9656.0,0.00010356255178127589,0.8533002825401548,0.15859432188097458,0.8367265170024517,0.8698740480778578,5.761415525114155
50518,1.0,9655.0,0.00010357327809425168,0.8532119034326933,0.15869789515906885,0.8366389492863539,0.8697848575790327,5.76689497716895
50525,1.0,9654.0,0.00010358400662937643,0.8531235243252319,0.15880147916569823,0.8365513816197058,0.869695667030758,5.767694063926941
50538,1.0,9653.0,0.00010359473738734072,0.8530351452177705,0.15890507390308556,0.8364638140025146,0.8696064764330264,5.769178082191781
50556,1.0,9652.0,0.00010360547036883547,0.8529467661103091,0.1590086793734544,0.8363762464347876,0.8695172857858305,5.771232876712329
50567,1.0,9651.0,0.00010361620557455187,0.8528583870028477,0.15911229557902895,0.836288678916532,0.8694280950891633,5.772488584474885
50576,1.0,9650.0,0.00010362694300518135,0.8527700078953863,0.15921592252203412,0.836201111447755,0.8693389043430175,5.77351598173516
50581,1.0,9649.0,0.00010363768266141569,0.8526816287879249,0.15931956020469554,0.836113544028464,0.8692497135473857,5.774086757990868
50658,1.0,9648.0,0.00010364842454394693,0.8525932496804635,0.15942320862923948,0.8360259766586663,0.8691605227022606,5.782876712328767
50684,1.0,9647.0,0.0001036591686534674,0.852504870573002,0.15952686779789294,0.8359384093383689,0.869071331807635,5.785844748858447
50702,1.0,9646.0,0.00010366991499066971,0.8524164914655405,0.1596305377128836,0.8358508420675795,0.8689821408635016,5.7878995433789955
50715,1.0,9644.0,0.00010369141435089174,0.8523281031939245,0.1597342291272345,0.8357632656724232,0.8688929407154258,5.789383561643835
50747,1.0,9642.0,0.00010371292263015972,0.8522397057553025,0.15983794204986468,0.8356756801500547,0.8688037313605503,5.793036529680365
50770,1.0,9640.0,0.0001037344398340249,0.8521512991468216,0.1599416764896987,0.8355880854976269,0.8687145127960164,5.795662100456621
50772,1.0,9639.0,0.00010374520178441747,0.8520628925383408,0.16004542169148311,0.8355004908947975,0.8686252941818841,5.795890410958904
50782,1.0,9638.0,0.00010375596596804317,0.8519744859298599,0.16014917765745115,0.8354128963415741,0.8685360755181457,5.79703196347032
50807,1.0,9637.0,0.00010376673238559718,0.8518860793213792,0.16025294438983675,0.835325301837964,0.8684468568047943,5.799885844748858
50822,1.0,9636.0,0.00010377750103777501,0.8517976727128983,0.16035672189087452,0.8352377073839743,0.8683576380418223,5.801598173515981
50823,1.0,9635.0,0.00010378827192527245,0.8517092661044174,0.1604605101627998,0.8351501129796124,0.8682684192292225,5.801712328767123
50826,1.0,9634.0,0.00010379904504878556,0.8516208594959366,0.1605643092078486,0.8350625186248856,0.8681792003669876,5.802054794520548
50879,1.0,9633.0,0.00010380982040901069,0.8515324528874557,0.1606681190282576,0.8349749243198011,0.8680899814551103,5.80810502283105
50918,1.0,9632.0,0.00010382059800664452,0.8514440462789749,0.16077193962626424,0.8348873300643664,0.8680007624935833,5.812557077625571
50941,1.0,9631.0,0.00010383137784238397,0.851355639670494,0.16087577100410663,0.8347997358585887,0.8679115434823993,5.8151826484018265
50949,1.0,9630.0,0.00010384215991692627,0.8512672330620132,0.16097961316402357,0.8347121417024754,0.867822324421551,5.816095890410959
50950,1.0,9629.0,0.00010385294423096895,0.8511788264535324,0.16108346610825452,0.8346245475960337,0.8677331053110311,5.816210045662101
50959,1.0,9628.0,0.0001038637307852098,0.8510904198450515,0.16118732983903974,0.8345369535392709,0.8676438861508321,5.817237442922375
51039,1.0,9627.0,0.00010387451958034694,0.8510020132365707,0.1612912043586201,0.8344493595321943,0.867554666940947,5.826369863013698
51054,1.0,9626.0,0.00010388531061707874,0.8509136066280898,0.16139508966923719,0.8343617655748115,0.8674654476813681,5.828082191780822
51086,1.0,9625.0,0.0001038961038961039,0.850825200019609,0.1614989857731333,0.8342741716671295,0.8673762283720886,5.8317351598173515
51089,2.0,9624.0,0.00020781379883624273,0.8506483868026473,0.16170679957196954,0.8340989840008974,0.8671977896043972,5.8320776255707765
51090,1.0,9622.0,0.00010392849719393057,0.8505599801941665,0.16181072806916347,0.834011390242362,0.8671085701459709,5.832191780821918
51114,1.0,9620.0,0.00010395010395010396,0.8504715643958094,0.16191467817311356,0.8339237873338787,0.8670193414577401,5.8349315068493155
51126,1.0,9619.0,0.00010396091069757771,0.8503831485974525,0.16201863908381114,0.8338361844751538,0.8669301127197511,5.836301369863014
51160,1.0,9618.0,0.0001039717196922437,0.8502947327990955,0.16212261080350338,0.8337485816661945,0.8668408839319965,5.840182648401827
51212,1.0,9616.0,0.00010399334442595674,0.8502063078060839,0.16222660414792933,0.8336609697025282,0.8667516459096395,5.846118721461187
51223,1.0,9615.0,0.00010400416016640666,0.8501178828130723,0.16233060830809573,0.8335733577886631,0.8666624078374815,5.847374429223744
51287,1.0,9614.0,0.00010401497815685458,0.8500294578200608,0.16243462328625258,0.8334857459246063,0.8665731697155152,5.854680365296804
51294,1.0,9613.0,0.00010402579839800271,0.8499410328270492,0.16253864908465057,0.8333981341103651,0.8664839315437334,5.855479452054794
51301,1.0,9612.0,0.00010403662089055348,0.8498526078340377,0.16264268570554113,0.8333105223459468,0.8663946933221286,5.856278538812785
51330,1.0,9611.0,0.00010404744563520966,0.8497641828410262,0.16274673315117635,0.8332229106313589,0.8663054550506935,5.859589041095891
51342,1.0,9610.0,0.0001040582726326743,0.8496757578480146,0.16285079142380904,0.8331352989666087,0.8662162167294206,5.860958904109589
51376,1.0,9609.0,0.00010406910188365075,0.8495873328550031,0.1629548605256927,0.8330476873517033,0.8661269783583029,5.864840182648402
51377,1.0,9608.0,0.00010407993338884263,0.8494989078619916,0.16305894045908154,0.8329600757866504,0.8660377399373327,5.864954337899543
51387,1.0,9607.0,0.00010409076714895389,0.84941048286898,0.1631630312262305,0.8328724642714573,0.8659485014665027,5.866095890410959
51392,1.0,9606.0,0.00010410160316468874,0.8493220578759685,0.16326713282939517,0.8327848528061312,0.8658592629458057,5.866666666666666
51424,1.0,9604.0,0.00010412328196584757,0.8492336236758564,0.16337125611136102,0.8326972321737272,0.8657700151779857,5.870319634703196
51425,1.0,9603.0,0.00010413412475268145,0.8491451894757445,0.1634753902361137,0.8326096115912257,0.8656807673602632,5.870433789954338
51449,1.0,9602.0,0.00010414496979795876,0.8490567552756324,0.16357953520591167,0.8325219910586341,0.8655915194926307,5.873173515981735
51475,1.0,9601.0,0.00010415581710238516,0.8489683210755203,0.16368369102301406,0.8324343705759599,0.8655022715750808,5.876141552511416
51496,1.0,9600.0,0.00010416666666666667,0.8488798868754083,0.1637878576896807,0.8323467501432104,0.8654130236076062,5.878538812785388
51509,1.0,9599.0,0.00010417751849150954,0.8487914526752963,0.16389203520817222,0.832259129760393,0.8653237755901997,5.880022831050228
51522,1.0,9598.0,0.00010418837257762034,0.8487030184751843,0.16399622358074983,0.8321715094275149,0.8652345275228536,5.881506849315069
51524,1.0,9597.0,0.00010419922892570594,0.8486145842750722,0.16410042280967554,0.8320838891445838,0.8651452794055606,5.881735159817351
51538,1.0,9596.0,0.00010421008753647353,0.8485261500749601,0.16420463289721202,0.8319962689116067,0.8650560312383135,5.883333333333334
51585,1.0,9591.0,0.00010426441455531227,0.8484376789926876,0.16430889731176732,0.8319086118067874,0.8649667461785878,5.888698630136986
51619,1.0,9588.0,0.00010429703796412182,0.8483491894558716,0.16441319434973145,0.8318209362775234,0.8648774426342197,5.892579908675799
51692,1.0,9587.0,0.00010430791697089809,0.8482606999190555,0.16451750226670234,0.831733260798361,0.86478813903975,5.900913242009133
51706,1.0,9586.0,0.00010431879824744419,0.8481722103822394,0.16462182106494977,0.8316455853693074,0.8646988353951715,5.902511415525114
51731,1.0,9583.0,0.00010435145570280705,0.8480837023773994,0.16472617252065258,0.8315578915023021,0.8646095132524967,5.905365296803653
51732,1.0,9582.0,0.00010436234606553955,0.8479951943725593,0.16483053486671811,0.8314701976854624,0.8645201910596563,5.905479452054794
51760,1.0,9581.0,0.00010437323870159691,0.8479066863677193,0.16493490810541972,0.8313825039187956,0.8644308688166429,5.908675799086758
51917,1.0,9578.0,0.00010440593025683859,0.847818159881358,0.16503931403567657,0.8312947917006533,0.8643415280620627,5.926598173515981
51929,1.0,9577.0,0.00010441683199331732,0.8477296333949967,0.16514373086766987,0.8312070795327409,0.8642521872572526,5.9279680365296805
51965,1.0,9575.0,0.00010443864229765013,0.8476410976630494,0.1652481695099675,0.8311193581593782,0.8641628371667206,5.932077625570776
51972,1.0,9574.0,0.00010444955086693127,0.8475525619311021,0.16535261906083445,0.8310316368362812,0.8640734870259229,5.932876712328767
52055,1.0,9572.0,0.00010447137484329294,0.8474640169497052,0.16545709043567774,0.8309439063038834,0.863984127595527,5.9423515981735155
52056,1.0,9571.0,0.00010448229025180232,0.8473754719683083,0.16556157272592956,0.8308561758217872,0.8638947681148295,5.942465753424657
52097,1.0,9569.0,0.00010450412791305256,0.8472869177335953,0.1656660768538426,0.8307684361265364,0.8638053993406543,5.947146118721461
52101,1.0,9568.0,0.00010451505016722408,0.8471983634988824,0.16577059190400983,0.8306806964816231,0.8637160305161418,5.947602739726028
52124,2.0,9567.0,0.00020905194940942825,0.8470212550294565,0.16597964385341926,0.8305052173428388,0.8635372927160742,5.9502283105022835
52151,1.0,9565.0,0.00010454783063251438,0.8469327007947435,0.16608419168405178,0.8304174778489825,0.8634479237405045,5.953310502283105
52171,1.0,9564.0,0.00010455876202425763,0.8468441465600305,0.16618875044607603,0.8303297384054935,0.8633585547145675,5.955593607305936
52195,1.0,9563.0,0.00010456969570218551,0.8467555923253175,0.16629332014177822,0.8302419990123793,0.8632691856382557,5.958333333333333
52208,1.0,9562.0,0.00010458063166701528,0.8466670380906046,0.16639790077344524,0.8301542596696473,0.863179816511562,5.959817351598174
52214,1.0,9561.0,0.00010459156991946449,0.8465784838558916,0.1665024923433647,0.8300665203773048,0.8630904473344785,5.960502283105023
52234,1.0,9560.0,0.00010460251046025104,0.8464899296211786,0.16660709485382494,0.8299787811353594,0.8630010781069979,5.962785388127854
52243,1.0,9559.0,0.0001046134532900931,0.8464013753864658,0.16671170830711504,0.8298910419438187,0.8629117088291128,5.963812785388128
52245,1.0,9558.0,0.00010462439840970915,0.8463128211517528,0.16681633270552476,0.8298033028026899,0.8628223395008157,5.964041095890411
52366,1.0,9557.0,0.00010463534581981794,0.8462242669170398,0.16692096805134457,0.8297155637119806,0.8627329701220989,5.977853881278539
52403,1.0,9556.0,0.00010464629552113855,0.8461357126823269,0.16702561434686572,0.8296278246716984,0.8626436006929554,5.982077625570776
52430,1.0,9555.0,0.00010465724751439037,0.8460471584476139,0.1671302715943801,0.8295400856818504,0.8625542312133774,5.985159817351598
52434,1.0,9554.0,0.00010466820180029308,0.8459586042129009,0.1672349397961804,0.8294523467424444,0.8624648616833575,5.985616438356164
52464,1.0,9553.0,0.00010467915837956663,0.845870049978188,0.16733961895455995,0.8293646078534879,0.8623754921028882,5.989041095890411
52538,1.0,9552.0,0.00010469011725293132,0.8457814957434752,0.16744430907181287,0.8292768690149882,0.8622861224719621,5.997488584474886
52645,1.0,9551.0,0.00010470107842110774,0.8456929415087622,0.167549010150234,0.8291891302269527,0.8621967527905716,6.009703196347032
52669,1.0,9550.0,0.00010471204188481675,0.8456043872740493,0.1676537221921188,0.8291013914893891,0.8621073830587095,6.012442922374429
52766,1.0,9549.0,0.00010472300764477956,0.8455158330393364,0.16775844519976357,0.8290136528023049,0.862018013276368,6.02351598173516
52788,1.0,9548.0,0.00010473397570171764,0.8454272788046234,0.16786317917546528,0.8289259141657073,0.8619286434435396,6.026027397260274
52811,1.0,9547.0,0.00010474494605635278,0.8453387245699104,0.16796792412152164,0.8288381755796039,0.861839273560217,6.028652968036529
52819,1.0,9546.0,0.00010475591870940707,0.8452501703351974,0.16807268004023104,0.8287504370440024,0.8617499036263925,6.029566210045662
52840,1.0,9545.0,0.00010476689366160294,0.8451616161004846,0.16817744693389264,0.8286626985589102,0.861660533642059,6.031963470319635
52865,1.0,9544.0,0.00010477787091366304,0.8450730618657716,0.1682822248048063,0.8285749601243346,0.8615711636072085,6.034817351598173
52905,1.0,9543.0,0.00010478885046631039,0.8449845076310587,0.16838701365527262,0.8284872217402833,0.8614817935218341,6.039383561643835
52906,1.0,9542.0,0.00010479983232026829,0.8448959533963457,0.16849181348759287,0.8283994834067637,0.8613924233859277,6.039497716894977
52908,1.0,9541.0,0.00010481081647626035,0.8448073991616327,0.16859662430406913,0.8283117451237832,0.8613030531994822,6.03972602739726
52919,1.0,9540.0,0.00010482180293501048,0.8447188449269197,0.16870144610700413,0.8282240068913496,0.8612136829624899,6.040981735159817
52920,1.0,9539.0,0.0001048327916972429,0.8446302906922067,0.16880627889870137,0.8281362687094701,0.8611243126749434,6.041095890410959
52923,1.0,9538.0,0.00010484378276368212,0.8445417364574938,0.16891112268146505,0.8280485305781524,0.8610349423368351,6.041438356164384
52935,2.0,9537.0,0.0002097095522701059,0.8443646279880679,0.16912083223373514,0.8278730544672322,0.8608562015089035,6.042808219178082
52945,1.0,9535.0,0.0001048767697954903,0.8442760737533549,0.16922570900353062,0.8277853164876448,0.860766831019065,6.043949771689498
52954,1.0,9534.0,0.00010488777008600797,0.8441875195186419,0.16933059677361664,0.827697578558649,0.8606774604786348,6.044977168949772
52964,2.0,9533.0,0.0002097975453687192,0.8440104110492159,0.16954039431898535,0.8275221028524629,0.860498719245969,6.046118721461188
52976,1.0,9531.0,0.00010492078480747036,0.8439218568145029,0.16964531510379283,0.8274343650752876,0.8604093485537183,6.047488584474886
52996,1.0,9530.0,0.0001049317943336831,0.84383330257979,0.1697502468981265,0.827346627348734,0.8603199778108459,6.0497716894977165
53061,1.0,9529.0,0.000104942806170637,0.843744748345077,0.16985518970429714,0.8272588896728098,0.8602306070173441,6.057191780821918
53076,1.0,9528.0,0.00010495382031905961,0.843656194110364,0.1699601435246162,0.8271711520475226,0.8601412361732054,6.058904109589041
53105,1.0,9526.0,0.00010497585555322275,0.8435676305795944,0.1700651193801694,0.8270834051666326,0.8600518559925562,6.062214611872146
53112,1.0,9525.0,0.00010498687664041995,0.8434790670488249,0.17017010625680984,0.8269956583364159,0.859962475761234,6.063013698630137
53113,1.0,9524.0,0.00010499790004199917,0.8433905035180553,0.17027510415685185,0.8269079115568798,0.8598730954792309,6.063127853881278
53124,1.0,9523.0,0.00010500892575868948,0.8433019399872858,0.17038011308261053,0.826820164828032,0.8597837151465395,6.064383561643836
53170,1.0,9522.0,0.00010501995379122033,0.8432133764565163,0.17048513303640175,0.8267324181498802,0.8596943347631524,6.069634703196347
53271,1.0,9521.0,0.00010503098414032139,0.8431248129257468,0.17059016402054208,0.8266446715224316,0.859604954329062,6.081164383561644
53296,1.0,9520.0,0.0001050420168067227,0.8430362493949773,0.1706952060373488,0.826556924945694,0.8595155738442607,6.084018264840183
53403,1.0,9519.0,0.00010505305179115453,0.8429476858642078,0.17080025908913996,0.8264691784196747,0.8594261933087408,6.096232876712329
53426,1.0,9518.0,0.00010506408909434755,0.8428591223334382,0.17090532317823431,0.8263814319443813,0.8593368127224951,6.098858447488585
53499,1.0,9517.0,0.00010507512871703268,0.8427705588026687,0.17101039830695133,0.8262936855198216,0.8592474320855158,6.107191780821918
53514,1.0,9516.0,0.00010508617065994115,0.8426819952718991,0.17111548447761127,0.8262059391460028,0.8591580513977954,6.108904109589041
53520,1.0,9515.0,0.00010509721492380452,0.8425934317411297,0.17122058169253507,0.8261181928229328,0.8590686706593266,6.109589041095891
53546,1.0,9514.0,0.00010510826150935464,0.8425048682103602,0.17132568995404443,0.8260304465506189,0.8589792898701015,6.112557077625571
53556,1.0,9513.0,0.00010511931041732366,0.8424163046795906,0.17143080926446175,0.8259427003290686,0.8588899090301126,6.1136986301369864
53563,1.0,9512.0,0.00010513036164844407,0.842327741148821,0.1715359396261102,0.8258549541582896,0.8588005281393525,6.114497716894977
53589,1.0,9511.0,0.00010514141520344864,0.8422391776180516,0.17164108104131365,0.8257672080382896,0.8587111471978135,6.117465753424658
53616,1.0,9510.0,0.00010515247108307045,0.842150614087282,0.1717462335123967,0.8256794619690758,0.8586217662054881,6.120547945205479
53634,1.0,9509.0,0.0001051635292880429,0.8420620505565125,0.17185139704168476,0.8255917159506562,0.8585323851623688,6.122602739726028
53654,1.0,9508.0,0.00010517458981909971,0.841973487025743,0.17195657163150385,0.825503969983038,0.8584430040684481,6.124885844748858
53655,2.0,9507.0,0.00021037130535394972,0.841796359964204,0.1721669429368578,0.8253284782002364,0.8582642417281716,6.125
53659,1.0,9505.0,0.00010520778537611783,0.8417077964334344,0.17227215072223392,0.825240732385068,0.8581748604818008,6.125456621004566
53737,1.0,9504.0,0.00010521885521885521,0.8416192329026649,0.17237736957745278,0.8251529866207316,0.8580854791845983,6.134360730593607
53775,1.0,9503.0,0.0001052299273913501,0.8415306693718954,0.17248259950484413,0.8250652409072344,0.8579960978365563,6.138698630136986
53790,1.0,9502.0,0.00010524100189433803,0.8414421058411259,0.17258784050673848,0.8249774952445844,0.8579067164376674,6.140410958904109
53842,1.0,9500.0,0.00010526315789473685,0.8413535329878795,0.17269310366463322,0.8248897403000864,0.8578173256756726,6.1463470319634705
53847,1.0,9499.0,0.00010527423939362039,0.841264960134633,0.17279837790402686,0.8248019854064719,0.8577279348627942,6.146917808219178
53959,1.0,9498.0,0.0001052853232259423,0.8411763872813866,0.17290366322725279,0.8247142305637485,0.8576385439990246,6.159703196347032
53979,1.0,9497.0,0.00010529640939243972,0.8410878144281402,0.17300895963664523,0.8246264757719238,0.8575491530843565,6.161986301369863
53986,2.0,9496.0,0.00021061499578770007,0.8409106687216473,0.17321957463243293,0.8244509663410009,0.8573703711022937,6.162785388127854
54049,1.0,9494.0,0.00010532968190436065,0.8408220958684008,0.17332490431433728,0.8243632117019178,0.8572809800348838,6.169977168949772
54061,1.0,9493.0,0.00010534077741493732,0.8407335230151544,0.17343024509175223,0.8242754571137638,0.8571915889165449,6.17134703196347
54095,1.0,9492.0,0.00010535187526337969,0.8406449501619079,0.17353559696701562,0.8241877025765464,0.8571021977472694,6.175228310502283
54100,1.0,9491.0,0.00010536297545042672,0.8405563773086615,0.17364095994246606,0.8240999480902734,0.8570128065270496,6.175799086757991
54106,1.0,9490.0,0.00010537407797681771,0.840467804455415,0.17374633402044287,0.8240121936549522,0.8569234152558779,6.176484018264841
54128,1.0,9489.0,0.00010538518284329223,0.8403792316021685,0.17385171920328615,0.8239244392705903,0.8568340239337467,6.178995433789955
54148,1.0,9488.0,0.00010539629005059021,0.8402906587489222,0.17395711549333676,0.8238366849371956,0.8567446325606487,6.181278538812785
54156,1.0,9487.0,0.00010540739959945188,0.8402020858956758,0.1740625228929362,0.8237489306547757,0.8566552411365759,6.182191780821918
54196,2.0,9486.0,0.0002108370229812355,0.840024940189183,0.17427335991591744,0.8235734222428901,0.8564764581354758,6.18675799086758
54200,1.0,9484.0,0.00010544074230282581,0.8399363673359366,0.17437880065822026,0.8234856681134398,0.8563870665584333,6.187214611872146
54203,1.0,9483.0,0.00010545186122535063,0.8398477944826901,0.1744842525194456,0.8233979140349945,0.8562976749303857,6.187557077625571
54204,1.0,9482.0,0.0001054629824931449,0.8397592216294436,0.17458971550193875,0.823310160007562,0.8562082832513253,6.1876712328767125
54209,1.0,9481.0,0.00010547410610695074,0.8396706487761971,0.1746951896080457,0.8232224060311497,0.8561188915212445,6.18824200913242
54222,1.0,9480.0,0.00010548523206751055,0.8395820759229506,0.17480067484011322,0.8231346521057655,0.8560294997401358,6.18972602739726
54290,1.0,9479.0,0.00010549636037556704,0.8394935030697042,0.1749061712004888,0.8230468982314169,0.8559401079079915,6.197488584474886
54296,1.0,9478.0,0.00010550749103186326,0.8394049302164577,0.17501167869152065,0.8229591444081115,0.8558507160248039,6.198173515981735
54304,1.0,9477.0,0.00010551862403714256,0.8393163573632112,0.1751171973155578,0.8228713906358569,0.8557613240905655,6.199086757990868
54336,1.0,9476.0,0.00010552975939214858,0.8392277845099647,0.17522272707494996,0.8227836369146608,0.8556719321052686,6.2027397260273975
54338,1.0,9475.0,0.00010554089709762533,0.8391392116567183,0.1753282679720476,0.8226958832445309,0.8555825400689058,6.20296803652968
54367,1.0,9474.0,0.00010555203715431708,0.8390506388034719,0.1754338200092019,0.8226081296254747,0.855493147981469,6.206278538812786
54413,1.0,9473.0,0.00010556317956296844,0.8389620659502254,0.17553938318876489,0.8225203760574998,0.8554037558429509,6.211529680365297
54416,1.0,9472.0,0.00010557432432432433,0.8388734930969789,0.1756449575130892,0.822432622540614,0.8553143636533438,6.211872146118721
54417,1.0,9471.0,0.00010558547143912998,0.8387849202437324,0.17575054298452833,0.8223448690748247,0.8552249714126401,6.211986301369863
54421,1.0,9470.0,0.00010559662090813094,0.8386963473904859,0.17585613960543647,0.8222571156601398,0.855135579120832,6.2124429223744295
54448,1.0,9467.0,0.00010563008344776593,0.8386077558253238,0.17596176968888425,0.822169343564101,0.8550461680865465,6.215525114155251
54484,1.0,9466.0,0.00010564124234100993,0.8385191642601616,0.17606741093122524,0.822081571519225,0.8549567570010982,6.219634703196347
54491,1.0,9465.0,0.00010565240359218173,0.8384305726949994,0.17617306333481741,0.8219937995255195,0.8548673458644793,6.220433789954338
54495,1.0,9464.0,0.00010566356720202873,0.8383419811298373,0.17627872690201946,0.821906027582992,0.8547779346766825,6.220890410958904
54518,1.0,9463.0,0.00010567473317129874,0.8382533895646751,0.17638440163519076,0.8218182556916503,0.8546885234376999,6.22351598173516
54531,1.0,9462.0,0.0001056859015007398,0.8381647979995129,0.1764900875366915,0.821730483851502,0.8545991121475238,6.225
54590,1.0,9461.0,0.00010569707219110031,0.8380762064343508,0.1765957846088826,0.8216427120625549,0.8545097008061466,6.231735159817352
54592,1.0,9460.0,0.00010570824524312896,0.8379876148691886,0.17670149285412573,0.8215549403248164,0.8544202894135609,6.231963470319634
54607,1.0,9459.0,0.0001057194206575748,0.8378990233040263,0.1768072122747833,0.8214671686382942,0.8543308779697585,6.233675799086758
54608,1.0,9458.0,0.00010573059843518714,0.8378104317388642,0.1769129428732185,0.8213793970029961,0.8542414664747322,6.233789954337899
54656,1.0,9456.0,0.00010575296108291032,0.8377218308048816,0.1770186958343014,0.8212916160397954,0.8541520455699678,6.239269406392694
54693,1.0,9455.0,0.00010576414595452142,0.837633229870899,0.17712445998025594,0.8212038351278557,0.8540626246139424,6.243493150684931
54787,1.0,9453.0,0.00010578652279699566,0.8375446195641317,0.17723024650305294,0.821116044884062,0.8539731942442015,6.254223744292237
54789,1.0,9452.0,0.00010579771476936098,0.8374560092573644,0.17733604421782231,0.8210282546915666,0.8538837638231622,6.254452054794521
54799,1.0,9451.0,0.00010580890911014708,0.8373673989505971,0.17744185312693245,0.820940464550377,0.8537943333508172,6.255593607305936
54800,1.0,9450.0,0.00010582010582010582,0.8372787886438299,0.17754767323275256,0.8208526744605009,0.8537049028271588,6.255707762557078
54809,1.0,9449.0,0.00010583130489998942,0.8371901783370627,0.17765350453765255,0.8207648844219461,0.8536154722521793,6.256735159817351
54925,1.0,9448.0,0.00010584250635055038,0.8371015680302953,0.1777593470440031,0.82067709443472,0.8535260416258706,6.269977168949771
54929,1.0,9447.0,0.00010585371017254155,0.837012957723528,0.17786520075417564,0.8205893044988305,0.8534366109482255,6.270433789954338
54975,1.0,9446.0,0.00010586491636671607,0.8369243474167607,0.17797106567054236,0.8205015146142853,0.8533471802192361,6.2756849315068495
54992,1.0,9444.0,0.00010588733587462939,0.8368357277272842,0.178076953006417,0.8204137153880181,0.8532577400665503,6.277625570776256
55023,1.0,9443.0,0.00010589854918987609,0.8367471080378076,0.17818285155560687,0.8203259162131322,0.853168299862483,6.281164383561644
55087,1.0,9440.0,0.0001059322033898305,0.8366584695729731,0.1782887837589967,0.8202380982934776,0.8530788408524685,6.288470319634703
55098,1.0,9438.0,0.00010595465140919687,0.836569821716481,0.1783947384104059,0.8201502710231711,0.8529893724097909,6.28972602739726
55101,1.0,9437.0,0.0001059658789869662,0.8364811738599889,0.17850070428939288,0.8200624438043345,0.8528999039156433,6.2900684931506845
55120,1.0,9436.0,0.000105977108944468,0.8363925260034968,0.17860668139833735,0.8199746166369755,0.8528104353700181,6.292237442922374
55123,1.0,9435.0,0.00010598834128245893,0.8363038781470046,0.1787126697396198,0.8198867895211017,0.8527209667729074,6.292579908675799
55125,1.0,9434.0,0.00010599957600169599,0.8362152302905125,0.1788186693156215,0.8197989624567211,0.8526314981243038,6.292808219178082
55144,1.0,9433.0,0.0001060108131029365,0.8361265824340204,0.17892468012872442,0.8197111354438413,0.8525420294241994,6.294977168949772
55149,1.0,9432.0,0.00010602205258693808,0.8360379345775283,0.17903070218131137,0.8196233084824701,0.8524525606725865,6.295547945205479
55159,1.0,9431.0,0.0001060332944544587,0.8359492867210361,0.17913673547576583,0.8195354815726149,0.8523630918694572,6.296689497716895
55162,1.0,9430.0,0.00010604453870625662,0.835860638864544,0.17924278001447208,0.8194476547142839,0.852273623014804,6.29703196347032
55174,1.0,9429.0,0.00010605578534309046,0.8357719910080519,0.17934883579981517,0.8193598279074846,0.8521841541086191,6.298401826484018
55182,1.0,9428.0,0.00010606703436571913,0.8356833431515598,0.1794549028341809,0.8192720011522248,0.8520946851508948,6.299315068493151
55186,1.0,9427.0,0.00010607828577490188,0.8355946952950676,0.1795609811199558,0.819184174448512,0.8520052161416232,6.2997716894977165
55258,1.0,9424.0,0.00010611205432937182,0.835506028625363,0.17966709317428517,0.8190963289621912,0.8519157282885349,6.307990867579909
55264,1.0,9423.0,0.00010612331529236973,0.8354173619556585,0.17977321648957753,0.8190084835274768,0.8518262403838402,6.308675799086758
55265,1.0,9422.0,0.00010613457864572278,0.835328695285954,0.17987935106822325,0.8189206381443767,0.8517367524275313,6.308789954337899
55280,1.0,9421.0,0.00010614584439019212,0.8352400286162496,0.17998549691261345,0.8188327928128984,0.8516472644196007,6.310502283105023
55281,1.0,9420.0,0.00010615711252653928,0.835151361946545,0.18009165402514,0.8187449475330499,0.8515577763600402,6.310616438356164
55283,1.0,9419.0,0.00010616838305552606,0.8350626952768405,0.1801978224081955,0.8186571023048389,0.8514682882488421,6.310844748858448
55314,1.0,9418.0,0.00010617965597791463,0.834974028607136,0.18030400206417344,0.818569257128273,0.851378800085999,6.314383561643836
55352,1.0,9417.0,0.00010619093129446746,0.8348853619374315,0.1804101929954679,0.8184814120033601,0.8512893118715028,6.318721461187215
55357,1.0,9416.0,0.00010620220900594733,0.834796695267727,0.18051639520447385,0.818393566930108,0.8511998236053461,6.319292237442922
55359,1.0,9415.0,0.00010621348911311737,0.8347080285980225,0.18062260869358696,0.8183057219085244,0.8511103352875207,6.3195205479452055
55367,1.0,9413.0,0.00010623605651758207,0.8346193525087207,0.18072884475010453,0.8182178675085047,0.8510208375089366,6.320433789954338
55417,1.0,9410.0,0.00010626992561105207,0.834530657572216,0.18083511467571559,0.8181299942918879,0.8509313208525441,6.326141552511416
55426,1.0,9409.0,0.00010628122010840685,0.8344419626357114,0.180941395895824,0.818042121127029,0.8508418041443937,6.327168949771689
55437,1.0,9406.0,0.00010631511800978098,0.8343532488399814,0.1810477110138338,0.8179542291335158,0.850752268546447,6.328424657534247
55456,1.0,9405.0,0.0001063264221158958,0.8342645350442515,0.18115403743594968,0.81786633719182,0.8506627328966829,6.330593607305936
55466,1.0,9404.0,0.00010633772862611655,0.8341758212485215,0.1812603751645758,0.8177784453019493,0.8505731971950937,6.3317351598173515
55473,1.0,9403.0,0.00010634903754121025,0.8340871074527916,0.181366724202117,0.8176905534639115,0.8504836614416716,6.332534246575342
55481,1.0,9402.0,0.00010636034886194426,0.8339983936570616,0.18147308455097894,0.8176026616777146,0.8503941256364087,6.333447488584475
55482,1.0,9401.0,0.00010637166258908626,0.8339096798613317,0.18157945621356802,0.817514769943366,0.8503045897792973,6.333561643835616
55483,1.0,9400.0,0.00010638297872340425,0.8338209660656017,0.18168583919229142,0.8174268782608739,0.8502150538703296,6.333675799086758
55496,1.0,9399.0,0.00010639429726566656,0.8337322522698718,0.1817922334895571,0.817338986630246,0.8501255179094976,6.335159817351598
55498,1.0,9398.0,0.00010640561821664184,0.8336435384741419,0.18189863910777374,0.8172510950514899,0.8500359818967939,6.335388127853881
55522,1.0,9397.0,0.00010641694157709908,0.8335548246784119,0.18200505604935083,0.8171632035246136,0.8499464458322102,6.338127853881279
55527,1.0,9396.0,0.00010642826734780758,0.833466110882682,0.18211148431669863,0.8170753120496248,0.8498569097157391,6.338698630136986
55600,2.0,9392.0,0.00021294718909710392,0.8332886266171617,0.18232443150579572,0.8168994725173817,0.8496777807169418,6.34703196347032
55618,1.0,9390.0,0.00010649627263045793,0.8331998844844016,0.18243092777842618,0.8168115528292222,0.849588216139581,6.349086757990867
55620,1.0,9389.0,0.00010650761529449355,0.8331111423516415,0.18253743539372067,0.8167236331930481,0.849498651510235,6.3493150684931505
55623,2.0,9388.0,0.00021303792074989347,0.8329336580861214,0.18275047331447056,0.8165477940766864,0.8493195220955564,6.3496575342465755
55682,1.0,9386.0,0.00010654165778819518,0.8328449159533613,0.18285701497225876,0.8164598745965147,0.8492299573102079,6.356392694063927
55690,1.0,9385.0,0.00010655301012253596,0.8327561738206012,0.18296356798238128,0.8163719551683595,0.8491403924728429,6.357305936073059
55711,1.0,9384.0,0.00010656436487638534,0.8326674316878411,0.18307013234725766,0.8162840357922285,0.8490508275834536,6.359703196347032
55738,1.0,9383.0,0.00010657572205051689,0.832578689555081,0.1831767080693082,0.8161961164681297,0.8489612626420322,6.362785388127854
55761,1.0,9382.0,0.00010658708164570453,0.8324899474223209,0.1832832951509539,0.816108197196071,0.8488716976485707,6.36541095890411
55764,1.0,9381.0,0.00010659844366272253,0.8324012052895609,0.18338989359461663,0.8160202779760602,0.8487821326030615,6.365753424657535
55827,1.0,9379.0,0.00010662117496534811,0.8323124536950104,0.18349651476958198,0.815932349335601,0.8486925580544198,6.372945205479452
55898,1.0,9377.0,0.00010664391596459421,0.8322236926356422,0.18360315868554658,0.8158444112716721,0.8486029739996124,6.381050228310502
55911,1.0,9376.0,0.00010665529010238908,0.8321349315762742,0.18370981397564898,0.8157564732598592,0.8485133898926891,6.382534246575342
55940,1.0,9375.0,0.00010666666666666667,0.832046170516906,0.18381648064231565,0.8156685353001699,0.8484238057336421,6.385844748858448
55968,1.0,9374.0,0.00010667804565820355,0.8319574094575378,0.18392315868797385,0.8155805973926122,0.8483342215224634,6.389041095890411
55981,1.0,9373.0,0.0001066894270777766,0.8318686483981697,0.18402984811505163,0.8154926595371939,0.8482446372591455,6.390525114155251
56027,1.0,9372.0,0.00010670081092616304,0.8317798873388016,0.1841365489259778,0.8154047217339229,0.8481550529436803,6.395776255707762
56064,1.0,9371.0,0.00010671219720414043,0.8316911262794334,0.18424326112318196,0.8153167839828069,0.8480654685760599,6.4
56090,1.0,9370.0,0.00010672358591248666,0.8316023652200654,0.18434998470909444,0.8152288462838542,0.8479758841562766,6.40296803652968
56171,1.0,9369.0,0.00010673497705197993,0.8315136041606973,0.18445671968614644,0.8151409086370722,0.8478862996843224,6.412214611872146
56180,1.0,9368.0,0.0001067463706233988,0.8314248431013292,0.18456346605676985,0.815052971042469,0.8477967151601895,6.4132420091324205
56182,1.0,9367.0,0.00010675776662752215,0.8313360820419611,0.18467022382339737,0.8149650335000523,0.8477071305838698,6.413470319634703
56201,1.0,9366.0,0.00010676916506512919,0.8312473209825929,0.1847769929884625,0.8148770960098302,0.8476175459553557,6.415639269406393
56287,1.0,9365.0,0.00010678056593699947,0.8311585599232247,0.1848837735543995,0.8147891585718103,0.8475279612746391,6.4254566210045665
56318,1.0,9364.0,0.00010679196924391286,0.8310697988638566,0.1849905655236434,0.8147012211860009,0.8474383765417123,6.428995433789955
56334,1.0,9363.0,0.00010680337498664957,0.8309810378044884,0.18509736889863004,0.8146132838524094,0.8473487917565674,6.4308219178082195
56341,1.0,9362.0,0.00010681478316599017,0.8308922767451202,0.18520418368179603,0.814525346571044,0.8472592069191964,6.43162100456621
56411,1.0,9361.0,0.00010682619378271552,0.8308035156857522,0.18531100987557875,0.8144374093419127,0.8471696220295917,6.439611872146119
56412,1.0,9360.0,0.00010683760683760684,0.830714754626384,0.18541784748241635,0.814349472165023,0.847080037087745,6.43972602739726
56423,1.0,9359.0,0.00010684902233144567,0.8306259935670158,0.1855246965047478,0.8142615350403829,0.8469904520936488,6.440981735159817
56451,1.0,9358.0,0.00010686044026501389,0.8305372325076478,0.1856315569450128,0.8141735979680006,0.846900867047295,6.4441780821917805
56466,1.0,9357.0,0.00010687186063909372,0.8304484714482796,0.1857384288056519,0.8140856609478837,0.8468112819486755,6.445890410958904
56523,1.0,9354.0,0.00010690613641223006,0.8303596914107076,0.18584533494206412,0.8139977049802684,0.8467216778411469,6.4523972602739725
56531,1.0,9353.0,0.00010691756655618518,0.8302709113731356,0.1859522525086203,0.8139097490649789,0.8466320736812922,6.453310502283105
56625,1.0,9352.0,0.000106928999144568,0.8301821313355636,0.18605918150776488,0.8138217932020235,0.8465424694691037,6.464041095890411
56630,1.0,9351.0,0.00010694043417816276,0.8300933512979917,0.18616612194194304,0.8137338373914099,0.8464528652045734,6.4646118721461185
56649,1.0,9350.0,0.000106951871657754,0.8300045712604197,0.1862730738136008,0.813645881633146,0.8463632608876934,6.4667808219178085
56650,1.0,9349.0,0.00010696331158412665,0.8299157912228478,0.18638003712518494,0.8135579259272397,0.8462736565184558,6.46689497716895
56690,1.0,9348.0,0.0001069747539580659,0.8298270111852758,0.18648701187914302,0.813469970273699,0.8461840520968525,6.4714611872146115
56728,1.0,9347.0,0.00010698619878035734,0.8297382311477038,0.18659399807792337,0.8133820146725319,0.8460944476228758,6.47579908675799
56785,1.0,9344.0,0.00010702054794520547,0.8296494321075554,0.18670101862586858,0.813294040099499,0.8460048241156117,6.482305936073059
56819,1.0,9341.0,0.00010705491917353603,0.8295606140546588,0.1868080735450421,0.8132060465443863,0.8459151815649312,6.486187214611872
56869,1.0,9340.0,0.00010706638115631691,0.8294717960017621,0.18691513992619843,0.8131180530417608,0.8458255389617635,6.49189497716895
56912,1.0,9339.0,0.00010707784559374665,0.8293829779488655,0.18702221777179218,0.8130300595916301,0.8457358963061009,6.496803652968037
56937,1.0,9338.0,0.00010708931248661383,0.8292941598959689,0.1871293070842788,0.8129420661940024,0.8456462535979353,6.499657534246575
56991,1.0,9336.0,0.00010711225364181663,0.8292053323295705,0.18723641933792062,0.8128540633244634,0.8455566013346776,6.505821917808219
57004,1.0,9334.0,0.00010713520462824084,0.8291164952466126,0.18734355454254886,0.8127660509799617,0.8454669395132635,6.50730593607306
57018,1.0,9333.0,0.00010714668381013607,0.8290276581636545,0.187450701226359,0.8126780386880315,0.8453772776392776,6.508904109589041
57087,1.0,9332.0,0.00010715816545220746,0.8289388210806965,0.18755785939181122,0.8125900264486811,0.8452876157127119,6.516780821917808
57111,1.0,9330.0,0.00010718113612004287,0.828849974476079,0.18766504052793126,0.812502004729289,0.845197944222869,6.519520547945206
57117,1.0,9329.0,0.00010719262514738985,0.8287611278714616,0.18777223315307864,0.8124139830625153,0.8451082726804079,6.520205479452055
57126,1.0,9328.0,0.0001072041166380789,0.8286722812668441,0.18787943726971673,0.8123259614483678,0.8450186010853205,6.521232876712329
57159,1.0,9325.0,0.00010723860589812332,0.8285834156066546,0.18798667587561485,0.8122379208092682,0.8449289104040411,6.525
57161,1.0,9324.0,0.00010725010725010725,0.8284945499464651,0.18809392598286495,0.812149880222856,0.8448392196700742,6.525228310502283
57177,1.0,9323.0,0.00010726161106939826,0.8284056842862756,0.18820118759393434,0.8120618396891389,0.8447495288834123,6.527054794520548
57187,1.0,9322.0,0.00010727311735679038,0.8283168186260861,0.18830846071129112,0.8119737992081252,0.844659838044047,6.5281963470319635
57219,1.0,9320.0,0.00010729613733905579,0.8282279434309545,0.18841575684863018,0.8118857492338358,0.8445701376280732,6.531849315068493
57221,1.0,9319.0,0.00010730765103551884,0.828139068235823,0.18852306449966572,0.8117976993122883,0.8444804371593576,6.532077625570777
57293,1.0,9314.0,0.00010736525660296328,0.8280501548722589,0.18863042975626867,0.8117096112306367,0.844390698513881,6.540296803652968
57299,1.0,9312.0,0.00010738831615120275,0.8279612319604384,0.18873781807241988,0.8116215136424118,0.844300950278465,6.540981735159817
57303,1.0,9311.0,0.0001073998496402105,0.8278723090486179,0.18884521792206008,0.8115334161070661,0.8442112019901696,6.541438356164384
57323,1.0,9309.0,0.0001074229240519927,0.8277833765844382,0.18895264084611207,0.8114453090610582,0.8441214441078183,6.543721461187214
57325,1.0,9308.0,0.00010743446497636442,0.8276944441202585,0.18906007531108843,0.8113572020679681,0.8440316861725489,6.543949771689498
57332,1.0,9307.0,0.00010744600838078866,0.8276055116560789,0.1891675213194692,0.8112690951278043,0.8439419281843534,6.544748858447488
57343,1.0,9306.0,0.0001074575542660649,0.8275165791918991,0.18927497887373526,0.8111809882405744,0.8438521701432239,6.546004566210046
57368,1.0,9305.0,0.00010746910263299302,0.8274276467277194,0.18938244797636825,0.8110928814062865,0.8437624120491523,6.548858447488584
57389,1.0,9303.0,0.00010749220681500591,0.8273387047039928,0.18948994018318324,0.811004765054185,0.8436726443538007,6.551255707762557
57393,2.0,9302.0,0.00021500752526338422,0.8271608206565398,0.18970494770844662,0.8108285325089325,0.8434931088041472,6.551712328767123
57394,1.0,9300.0,0.00010752688172043011,0.8270718786328133,0.18981247459016706,0.8107404163157977,0.8434033409498288,6.551826484018265
57395,1.0,9299.0,0.00010753844499408539,0.8269829366090867,0.18992001303516115,0.810652300175668,0.8433135730425054,6.551940639269406
57428,1.0,9298.0,0.00010755001075500108,0.8268939945853602,0.19002756304591614,0.8105641840885514,0.843223805082169,6.555707762557078
57432,1.0,9297.0,0.00010756157900397978,0.8268050525616337,0.19013512462492013,0.8104760680544559,0.8431340370688115,6.556164383561644
57435,1.0,9296.0,0.00010757314974182444,0.8267161105379072,0.19024269777466196,0.8103879520733895,0.8430442690024248,6.556506849315069
57445,1.0,9295.0,0.00010758472296933836,0.8266271685141806,0.1903502824976313,0.8102998361453604,0.8429545008830008,6.5576484018264845
57522,2.0,9293.0,0.00021521575379317766,0.826449265325003,0.1905654982514245,0.810123585284252,0.8427749453657539,6.566438356164384
57562,1.0,9291.0,0.00010763104079216446,0.8263603137304141,0.19067312929221666,0.81003545993332,0.8426851675275081,6.571004566210045
57573,1.0,9290.0,0.00010764262648008612,0.8262713621358252,0.19078077191869675,0.8099473346354804,0.84259538963617,6.572260273972603
57574,1.0,9289.0,0.00010765421466250404,0.8261824105412363,0.19088842613335924,0.8098592093907411,0.8425056116917315,6.5723744292237445
57577,1.0,9288.0,0.00010766580534022394,0.8260934589466474,0.19099609193869946,0.8097710841991101,0.8424158336941847,6.572716894977169
57591,1.0,9287.0,0.0001076773985140519,0.8260045073520585,0.1911037693372135,0.8096829590605956,0.8423260556435215,6.574315068493151
57597,1.0,9286.0,0.00010768899418479432,0.8259155557574697,0.1912114583313983,0.8095948339752057,0.8422362775397336,6.575
57599,1.0,9285.0,0.00010770059235325795,0.8258266041628809,0.19131915892375156,0.8095067089429485,0.8421464993828133,6.5752283105022835
57649,1.0,9284.0,0.00010771219302024989,0.825737652568292,0.1914268711167718,0.8094185839638318,0.8420567211727522,6.580936073059361
57665,1.0,9283.0,0.00010772379618657762,0.8256487009737031,0.19153459491295838,0.8093304590378639,0.8419669429095423,6.582762557077626
57690,2.0,9282.0,0.00021547080370609782,0.8254707977845255,0.19175006571666448,0.8091542093454069,0.841787386223644,6.585616438356165
57729,1.0,9280.0,0.00010775862068965517,0.8253818461899366,0.19185782433735413,0.8090660845789338,0.8416976078009394,6.590068493150685
57740,1.0,9279.0,0.00010777023386140747,0.8252928945953477,0.19196559457121554,0.8089779598656418,0.8416078293250536,6.591324200913242
57792,1.0,9276.0,0.00010780508840017249,0.8252039238218899,0.1920733996596157,0.8088898160040886,0.8415180316396912,6.597260273972603
57814,1.0,9274.0,0.00010782833728703904,0.8251149434548615,0.19218122799690274,0.8088016625908806,0.8414282243188423,6.599771689497717
57816,1.0,9273.0,0.00010783996549121104,0.8250259630878329,0.19228906796239395,0.8087135092309466,0.8413384169447192,6.6
57827,1.0,9272.0,0.00010785159620362382,0.8249369827208045,0.19239691955859758,0.8086253559242952,0.8412486095173138,6.601255707762557
57844,1.0,9270.0,0.00010787486515641856,0.824847992755031,0.192504794423754,0.8085371930608357,0.8411587924492262,6.603196347031964
57847,1.0,9269.0,0.00010788650339842486,0.8247590027892574,0.19261268092715245,0.8084490302506978,0.841068975327817,6.603538812785388
57862,1.0,9268.0,0.00010789814415192059,0.8246700128234838,0.19272057907130435,0.8083608674938895,0.8409791581530782,6.605251141552511
57872,1.0,9267.0,0.00010790978741771878,0.8245810228577103,0.19282848885872209,0.808272704790419,0.8408893409250016,6.606392694063927
57920,1.0,9266.0,0.00010792143319663285,0.8244920328919367,0.19293641029191871,0.8081845421402944,0.840799523643579,6.6118721461187215
58018,1.0,9252.0,0.00010808473843493298,0.8244029178862199,0.19304449503035365,0.808096254353745,0.8407095814186948,6.623059360730593
58063,1.0,9251.0,0.00010809642200843153,0.824313802880503,0.19315259145236208,0.8080079666208583,0.8406196391401478,6.628196347031963
58068,1.0,9250.0,0.00010810810810810811,0.8242246878747862,0.19326069956047018,0.8079196789416424,0.84052969680793,6.6287671232876715
58071,1.0,9249.0,0.00010811979673478214,0.8241355728690695,0.19336881935720496,0.8078313913161057,0.8404397544220332,6.629109589041096
58115,1.0,9084.0,0.00011008366358432408,0.8240448490059179,0.1934789030207893,0.8077414926307941,0.8403482053810417,6.6341324200913245
58118,1.0,8958.0,0.00011163206072784104,0.8239528591812912,0.19359053508151713,0.8076503258379139,0.8402553925246686,6.634474885844749
58126,1.0,8515.0,0.00011743981209630065,0.8238560943123328,0.19370797489361344,0.8075543723518515,0.840157816272814,6.635388127853881
58243,1.0,8325.0,0.00012012012012012012,0.8237571326193223,0.19382809501373355,0.8074562149253601,0.8400580503132844,6.648744292237443
58282,1.0,8324.0,0.0001201345506967804,0.8236581709263118,0.19394822956443034,0.8073580575805641,0.8399582842720594,6.6531963470319635
58404,1.0,8323.0,0.00012014898474107894,0.8235592092333013,0.19406837854917142,0.8072599003174753,0.8398585181491273,6.667123287671233
58444,1.0,8322.0,0.0001201634222542658,0.8234602475402908,0.19418854197142568,0.807161743136106,0.8397587519444756,6.671689497716895
58492,1.0,8321.0,0.00012017786323759164,0.8233612858472803,0.19430871983466327,0.8070635860364681,0.8396589856580925,6.67716894977169
58583,1.0,8320.0,0.0001201923076923077,0.8232623241542698,0.19442891214235558,0.8069654290185739,0.8395592192899657,6.687557077625571
58594,1.0,8319.0,0.00012020675561966583,0.8231633624612593,0.19454911889797524,0.8068672720824354,0.8394594528400833,6.688812785388128
58615,1.0,8318.0,0.00012022120702091849,0.8230644007682488,0.19466934010499617,0.8067691152280647,0.8393596863084329,6.691210045662101
58650,1.0,8317.0,0.00012023566189731875,0.8229654390752383,0.19478957576689349,0.8066709584554739,0.8392599196950028,6.695205479452055
58654,1.0,8315.0,0.00012026458208057727,0.8228664654806412,0.19490984034897407,0.8065727898210603,0.8391601411402222,6.695662100456621
58657,1.0,8314.0,0.00012027904738994468,0.822767491886044,0.19503011939636403,0.8064746212684901,0.839060362503598,6.696004566210045
58718,1.0,8313.0,0.00012029351617947793,0.8226685182914469,0.1951504129125435,0.8063764527977757,0.8389605837851182,6.70296803652968
58739,1.0,8312.0,0.00012030798845043312,0.8225695446968498,0.19527072090099395,0.8062782844089291,0.8388608049847706,6.705365296803653
58747,1.0,8311.0,0.0001203224642040669,0.8224705711022527,0.19539104336519802,0.8061801161019625,0.838761026102543,6.706278538812786
58767,1.0,8310.0,0.00012033694344163658,0.8223715975076556,0.19551138030863965,0.8060819478768879,0.8386612471384234,6.708561643835616
58819,1.0,8308.0,0.00012036591237361579,0.8222726120000114,0.19563174622101326,0.8059837677785862,0.8385614562214367,6.714497716894977
58830,1.0,8307.0,0.00012038040207054291,0.8221736264923674,0.1957521266230838,0.8058855877622404,0.8384616652224943,6.715753424657534
58843,1.0,8306.0,0.00012039489525644112,0.8220746409847233,0.19587252151834025,0.8057874078278626,0.8383618741415839,6.717237442922374
58870,1.0,8305.0,0.00012040939193257074,0.8219756554770791,0.1959929309102728,0.8056892279754649,0.8382620829786932,6.720319634703197
58927,1.0,8304.0,0.00012042389210019268,0.8218766699694349,0.196113354802373,0.8055910482050596,0.8381622917338102,6.7268264840182646
59007,1.0,8303.0,0.00012043839576056847,0.8217776844617907,0.19623379319813355,0.8054928685166587,0.8380625004069227,6.735958904109589
59157,1.0,8301.0,0.00012046741356463077,0.8216786870296184,0.1963542606116982,0.805394676943606,0.8379626971156309,6.7530821917808215
59159,1.0,8300.0,0.00012048192771084337,0.8215796895974462,0.19647474253940903,0.8052964854526218,0.8378628937422706,6.753310502283105
59202,1.0,8299.0,0.00012049644535486203,0.821480692165274,0.1965952389847639,0.8051982940437181,0.8377630902868298,6.758219178082192
59240,1.0,8298.0,0.00012051096649795132,0.8213816947331017,0.19671574995126184,0.8051001027169071,0.8376632867492964,6.762557077625571
59242,1.0,8297.0,0.0001205254911413764,0.8212826973009295,0.19683627544240323,0.8050019114722011,0.8375634831296579,6.7627853881278535
59294,1.0,8296.0,0.00012054001928640309,0.8211836998687573,0.19695681546168964,0.8049037203096123,0.8374636794279022,6.768721461187215
59307,1.0,8295.0,0.00012055455093429777,0.821084702436585,0.19707737001262393,0.8048055292291529,0.8373638756440172,6.770205479452055
59311,1.0,8294.0,0.00012056908608632747,0.8209857050044128,0.19719793909871025,0.804707338230835,0.8372640717779907,6.770662100456621
59337,1.0,8292.0,0.000120598166907863,0.8208866956333317,0.19731853726561813,0.8046091353335612,0.8371642559331023,6.773630136986301
59406,1.0,8291.0,0.00012061271257990592,0.8207876862622506,0.19743914997819803,0.8045109325184929,0.8370644400060083,6.781506849315068
59407,1.0,8290.0,0.00012062726176115802,0.8206886768911695,0.19755977723995918,0.8044127297856426,0.8369646239966965,6.78162100456621
59417,1.0,8289.0,0.00012064181445288937,0.8205896675200884,0.19768041905441208,0.8043145271350223,0.8368648079051546,6.782762557077626
59428,1.0,8288.0,0.00012065637065637066,0.8204906581490073,0.19780107542506845,0.8042163245666443,0.8367649917313704,6.784018264840182
59430,1.0,8287.0,0.00012067093037287318,0.8203916487779263,0.19792174635544132,0.8041181220805208,0.8366651754753317,6.784246575342466
59433,1.0,8286.0,0.00012068549360366884,0.8202926394068452,0.198042431849045,0.8040199196766641,0.8365653591370262,6.784589041095891
59511,1.0,8284.0,0.00012071463061323032,0.8201936180838844,0.19816314647965821,0.8039217053609474,0.8364655308068213,6.793493150684932
59547,1.0,8282.0,0.0001207437816952427,0.8200945848047146,0.19828389026135346,0.8038234791290473,0.836365690480382,6.7976027397260275
59647,1.0,8281.0,0.00012075836251660427,0.8199955515255449,0.19840464862387006,0.8037252529795303,0.8362658500715595,6.809018264840183
59670,2.0,8278.0,0.00024160425223483932,0.8197974371134827,0.1986462528761049,0.803528752904549,0.8360661213224165,6.811643835616438
59688,1.0,8275.0,0.00012084592145015106,0.8196983679367923,0.19876709879755505,0.8034304909776961,0.8359662448958884,6.813698630136987
59710,1.0,8274.0,0.00012086052695189751,0.8195992987601018,0.19888795932450695,0.803332229133395,0.8358663683868087,6.816210045662101
59712,1.0,8273.0,0.00012087513598452798,0.8195002295834114,0.19900883446049147,0.8032339673716579,0.8357664917951649,6.816438356164384
59769,1.0,8269.0,0.00012093360744951022,0.8194011244643422,0.19912976806794097,0.8031356696224968,0.8356665793061876,6.822945205479452
59770,1.0,8268.0,0.00012094823415578132,0.819302019345273,0.19925071630209676,0.8030373719560443,0.8355666667345018,6.823059360730594
59788,1.0,8267.0,0.00012096286440062901,0.8192029142262037,0.1993716791664974,0.8029390743723124,0.8354667540800951,6.825114155251142
59794,1.0,8266.0,0.00012097749818533752,0.8191038091071345,0.19949265666468274,0.8028407768713137,0.8353668413429554,6.825799086757991
59795,1.0,8265.0,0.00012099213551119177,0.8190047039880654,0.19961364880019394,0.8027424794530605,0.8352669285230702,6.825913242009133
59799,1.0,8264.0,0.00012100677637947725,0.8189055988689962,0.1997346555765734,0.802644182117565,0.8351670156204273,6.826369863013698
59802,1.0,8263.0,0.00012102142079148009,0.8188064937499269,0.1998556769973649,0.8025458848648397,0.835067102635014,6.826712328767123
59809,1.0,8262.0,0.00012103606874848704,0.8187073886308577,0.1999767130661134,0.8024475876948968,0.8349671895668186,6.827511415525114
59816,1.0,8260.0,0.00012106537530266344,0.8186082715135901,0.20009777844141605,0.8023492785669044,0.8348672644602757,6.828310502283105
59824,1.0,8252.0,0.0001211827435773146,0.818509070317333,0.20021896118499335,0.8022508851429908,0.8347672554916752,6.829223744292237
59830,1.0,8251.0,0.00012119743061447097,0.8184098691210759,0.20034015861560783,0.8021524918022184,0.8346672464399335,6.829908675799087
59843,1.0,8041.0,0.00012436264146250465,0.8183080895079531,0.20046452125707034,0.8020515101249311,0.834564668890975,6.831392694063927
59852,1.0,7586.0,0.0001318217769575534,0.8182002186814954,0.2005963430340279,0.8019444074598395,0.8344560299031513,6.832420091324201
59855,1.0,7477.0,0.00013374348000534973,0.8180907897369077,0.20073008651403326,0.8018357377459334,0.8343458417278821,6.832762557077626
59866,1.0,7395.0,0.0001352265043948614,0.8179801621791339,0.20086531301842814,0.8017258621927371,0.8342344621655308,6.834018264840183
59981,1.0,7093.0,0.00014098406880022558,0.817864840007672,0.20100629708722836,0.8016112601037262,0.8341184199116178,6.8471461187214615
60013,2.0,6065.0,0.00032976092333058534,0.8175951401428715,0.20133605801055895,0.8013426226208827,0.8338476576648602,6.85079908675799
60213,1.0,6038.0,0.00016561775422325274,0.8174597318718971,0.2015016757647822,0.8012077392348644,0.8337117245089298,6.873630136986302
60220,1.0,6009.0,0.00016641704110500916,0.8173236926420966,0.2016680928058872,0.801072217483416,0.8335751678007772,6.8744292237442925
60242,1.0,5267.0,0.00018986140117714068,0.8171685144205962,0.20185795420706434,0.8009172789341086,0.8334197499070839,6.876940639269407
60252,1.0,5247.0,0.0001905850962454736,0.8170127742806266,0.20204853930330982,0.8007617694936523,0.8332637790676009,6.8780821917808215
60268,1.0,5246.0,0.00019062142584826535,0.816857034140657,0.2022391607291581,0.8006062605589345,0.8331078077223796,6.879908675799086
60305,1.0,5245.0,0.00019065776930409913,0.8167012940006875,0.2024298184984622,0.8004507521299765,0.8329518358713984,6.8841324200913245
60306,2.0,5244.0,0.00038138825324180017,0.8163898137207481,0.202811206751704,0.8001397367894268,0.8326398906520694,6.884246575342465
60312,1.0,5242.0,0.00019076688286913393,0.8162340735807785,0.20300197363457315,0.7999842298778785,0.8324839172836784,6.884931506849315
60313,1.0,5241.0,0.00019080328181644724,0.8160783334408089,0.2031927769163896,0.7998287234721773,0.8323279434094406,6.885045662100457
60318,1.0,5240.0,0.00019083969465648855,0.8159225933008393,0.2033836166110461,0.7996732175723443,0.8321719690293342,6.885616438356164
60333,1.0,5217.0,0.00019168104274487253,0.8157661964073563,0.20357529765379095,0.7995170442764334,0.8320153485382791,6.887328767123288
60336,1.0,5211.0,0.00019190174630589137,0.8156096494496884,0.20376719940009685,0.7993607188696339,0.8318585800297429,6.887671232876713
60397,1.0,5199.0,0.00019234468166955183,0.8154527712712984,0.20395954408176642,0.7992040570877142,0.8317014854548826,6.894634703196347
60408,1.0,5198.0,0.00019238168526356292,0.8152958930929084,0.20415192576702998,0.7990473958266981,0.8315443903591186,6.895890410958904
60535,1.0,5195.0,0.00019249278152069297,0.8151389545186846,0.20434441854855068,0.7988906736543006,0.8313872353830686,6.9103881278538815
60593,1.0,5194.0,0.00019252984212552945,0.8149820159444607,0.2045369483906762,0.798733952003651,0.8312300798852704,6.917009132420091
60883,1.0,4187.0,0.0002388344877000239,0.8147873701321979,0.20477578287837622,0.7985387085140302,0.8310360317503657,6.950114155251142
60897,1.0,4186.0,0.00023889154323936931,0.814592724319935,0.20501467442161558,0.7983434662589112,0.8308419823809589,6.951712328767123
60916,1.0,4185.0,0.00023894862604540023,0.8143980785076721,0.20525362304766098,0.7981482252381581,0.8306479317771861,6.953881278538812
61033,1.0,4182.0,0.00023912003825920613,0.8142033396079811,0.2054927430859202,0.7979528899382569,0.8304537892777053,6.967237442922374
61147,1.0,4181.0,0.00023917723032767282,0.8140086007082902,0.20573192031624787,0.7977575558748126,0.8302596455417678,6.980251141552511
61259,1.0,4178.0,0.00023934897079942556,0.8138137685874888,0.2059712692870473,0.7975621273964342,0.8300654097785434,6.993036529680365
61450,1.0,4175.0,0.00023952095808383233,0.8136188431339348,0.20621079024513111,0.7973666043894176,0.829871081878452,7.014840182648402
61489,1.0,4165.0,0.00024009603841536616,0.8134234964729183,0.2064508862835465,0.7971706504066349,0.8296763425392017,7.019292237442922
61597,1.0,3164.0,0.0003160556257901391,0.8131664094007082,0.20676694190933664,0.7969108908965049,0.8294219279049114,7.03162100456621
61622,1.0,3163.0,0.0003161555485298767,0.812909322328498,0.20708309745786652,0.7966511351385476,0.8291675095184484,7.034474885844749
61751,1.0,3162.0,0.00031625553447185326,0.8126522352562878,0.20739935299233836,0.7963913831309153,0.8289130873816604,7.049200913242009
61777,1.0,3161.0,0.00031635558367605187,0.8123951481840777,0.2077157085760144,0.7961316348717646,0.8286586614963907,7.05216894977169
61780,1.0,3160.0,0.00031645569620253165,0.8121380611118675,0.20803216427221694,0.7958718903592558,0.8284042318644792,7.052511415525114
61842,1.0,3159.0,0.00031655587211142766,0.8118809740396573,0.20834872014432837,0.7956121495915528,0.8281497984877618,7.05958904109589
61980,1.0,3157.0,0.0003167564143173899,0.811623805533468,0.20866547655864576,0.795352327822659,0.8278952832442771,7.075342465753424
62385,1.0,2135.0,0.000468384074941452,0.8112436538681128,0.20913386063358722,0.7949627467920946,0.8275245609441311,7.1215753424657535
62541,1.0,2134.0,0.00046860356138706655,0.8108635022027575,0.20960246419497428,0.7945731836163863,0.8271538207891287,7.139383561643836
62834,1.0,2132.0,0.00046904315196998124,0.8104831722298669,0.21007150734694427,0.7941834475673794,0.8267828968923544,7.172831050228311
63706,1.0,1950.0,0.0005128205128205128,0.8100675398338515,0.21058432785976477,0.7937558293850114,0.8263792502826915,7.272374429223745
63707,1.0,1915.0,0.0005221932114882506,0.8096445280637032,0.21110652107125302,0.7933202779620521,0.8259687781653544,7.272488584474885
64333,1.0,1137.0,0.0008795074758135445,0.8089324396485197,0.21198602854706658,0.7925629909795396,0.8253018883174997,7.3439497716894975
64616,1.0,1135.0,0.000881057268722467,0.8082197238426619,0.21286708581578906,0.7918052010634588,0.8246342466218651,7.3762557077625575
