t,d,n_at_risk,hazard_increment,survival,cum_hazard,survival_lo,survival_hi,age_years
172,1.0,2690.0,0.0003717472118959108,0.9996282527881041,0.0003717472118959108,0.9988997636974468,1.0,0.019634703196347032
219,1.0,2691.0,0.0003716090672612412,0.9992567818654775,0.000743356279157152,0.9982271169293905,1.0,0.025
427,1.0,2702.0,0.0003700962250185048,0.998886960702685,0.0011134525041756568,0.9976281368139984,1.0,0.04874429223744292
431,1.0,2702.0,0.0003700962250185048,0.9985172764093088,0.0014835487291941615,0.9970652817491937,0.9999692710694238,0.049200913242009134
448,1.0,2701.0,0.00037023324694557573,0.9981475921159324,0.0018537819761397373,0.996525386449852,0.9997697977820128,0.05114155251141553
485,1.0,2700.0,0.00037037037037037035,0.9977779078225562,0.0022241523465101076,0.9960018375049982,0.9995539781401142,0.055365296803652965
649,1.0,2701.0,0.00037023324694557573,0.9974084972680124,0.0025943855934556833,0.995491171767217,0.9993258227688078,0.07408675799086759
766,1.0,2703.0,0.0003699593044765076,0.9970394967140842,0.002964344897932191,0.9949910090554651,0.9990879843727033,0.08744292237442923
854,1.0,2535.0,0.0003944773175542406,0.9966461872479248,0.0033588222154864317,0.9944582605345752,0.9988341139612743,0.09748858447488584
886,1.0,1722.0,0.0005807200929152149,0.9960674147814625,0.003939542308401647,0.9936041714720151,0.99853065809091,0.10114155251141553
931,1.0,1721.0,0.0005810575246949448,0.9954886423150003,0.004520599833096592,0.9927781773125148,0.9981991073174858,0.10627853881278539
934,1.0,1720.0,0.0005813953488372093,0.9949098698485381,0.005101995181933801,0.9919731740713982,0.9978465656256781,0.10662100456621004
944,1.0,1722.0,0.0005807200929152149,0.9943321056964775,0.0056827152748490165,0.9911863476384496,0.9974778637545053,0.10776255707762557
994,1.0,1721.0,0.0005810575246949448,0.9937543415444168,0.006263772799543961,0.9904127967141602,0.9970958863746734,0.11347031963470319
1166,1.0,701.0,0.0014265335235378032,0.9923367176620423,0.0076903063230817645,0.9879958220944717,0.996677613229613,0.13310502283105022
1178,1.0,700.0,0.0014285714285714286,0.990919093779668,0.009118877751653194,0.9857713908243865,0.9960667967349496,0.13447488584474887
1219,1.0,699.0,0.001430615164520744,0.9895014698972937,0.010549492916173938,0.9836591813033954,0.995343758491192,0.1391552511415525
1400,1.0,701.0,0.0014265335235378032,0.9880899128788952,0.01197602643971174,0.9816340266991433,0.9945457990586472,0.1598173515981735
1530,1.0,700.0,0.0014285714285714286,0.9866783558604968,0.013404597868283168,0.9796638781730224,0.9936928335479712,0.17465753424657535
1533,1.0,699.0,0.001430615164520744,0.9852667988420984,0.014835213032803912,0.9777364848645216,0.9927971128196753,0.175
2104,1.0,700.0,0.0014285714285714286,0.9838592748437526,0.01626378446137534,0.975850308552756,0.9918682411347491,0.2401826484018265
2170,1.0,700.0,0.0014285714285714286,0.9824537615939758,0.01769235588994677,0.9739957169464415,0.9909118062415101,0.24771689497716895
2629,1.0,701.0,0.0014265335235378032,0.9810522583677361,0.019118889413484573,0.9721714075898996,0.9899331091455726,0.30011415525114155
3216,1.0,699.0,0.001430615164520744,0.979648750129728,0.020549504578005317,0.9703643275966413,0.9889331726628147,0.36712328767123287
3338,1.0,701.0,0.0014265335235378032,0.978251248346376,0.02197603810154312,0.9685844636429631,0.9879180330497889,0.3810502283105023
4104,1.0,667.0,0.0014992503748125937,0.9767846047956318,0.023475288476355716,0.9667139645254945,0.986855245065769,0.4684931506849315
5426,1.0,681.0,0.0014684287812041115,0.9753502661689127,0.02494371725755983,0.9649093855817589,0.9857911467560666,0.619406392694064
6299,1.0,694.0,0.001440922190201729,0.9739448623271708,0.02638463944776156,0.9631617783855437,0.9847279462687979,0.7190639269406393
6319,1.0,693.0,0.001443001443001443,0.9725394584854289,0.027827640890763002,0.9614256653868688,0.983653251583989,0.7213470319634703
6696,1.0,701.0,0.0014265335235378032,0.9711520983449361,0.029254174414300806,0.9597263428279778,0.9825778538618944,0.7643835616438356
6738,1.0,700.0,0.0014285714285714286,0.9697647382044433,0.030682745842872235,0.9580361923516014,0.9814932840572852,0.7691780821917809
7519,1.0,708.0,0.0014124293785310734,0.9683950139979399,0.03209517522140331,0.9563797031615279,0.980410324834352,0.8583333333333333
7807,1.0,715.0,0.0013986013986013986,0.9670406153769638,0.03349377662000471,0.9547523563692986,0.9793288743846291,0.8912100456621005
7937,1.0,723.0,0.0013831258644536654,0.9657030764898588,0.03487690248445838,0.9531552859755301,0.9782508670041874,0.9060502283105023
8785,1.0,758.0,0.0013192612137203166,0.9644290618770753,0.03619616369817869,0.9516517766021634,0.9772063471519873,1.0028538812785388
9193,1.0,769.0,0.0013003901170351106,0.963174927856429,0.0374965538152138,0.9501799632269541,0.9761698924859039,1.0494292237442922
9567,1.0,781.0,0.0012804097311139564,0.9619416693060366,0.03877696354632776,0.9487404477739071,0.9751428908381662,1.0921232876712328
9647,1.0,782.0,0.0012787723785166241,0.960711564869584,0.040055735924844384,0.9473088660349774,0.9741142637041905,1.101255707762557
9892,1.0,795.0,0.0012578616352201257,0.9595031226496222,0.04131359756006451,0.9459096068383387,0.9730966384609058,1.1292237442922375
11050,1.0,827.0,0.0012091898428053204,0.9583429012195743,0.04252278740286983,0.944576927121854,0.9721088753172946,1.2614155251141552
11064,1.0,826.0,0.0012106537530266344,0.9571826797895264,0.04373344115589646,0.943246810675378,0.9711185489036749,1.263013698630137
11230,1.0,826.0,0.0012106537530266344,0.9560238629859071,0.04494409490892309,0.9419209921466872,0.970126733825127,1.2819634703196348
11246,1.0,825.0,0.0012121212121212121,0.9548650461822878,0.046156216121044306,0.9405975459701199,0.9691325463944558,1.2837899543378994
12662,1.0,850.0,0.001176470588235294,0.9537416755397204,0.0473326867092796,0.9393220665339029,0.968161284545538,1.445433789954338
12667,1.0,850.0,0.001176470588235294,0.9526196265096737,0.04850915729751489,0.9380502395126245,0.9671890135067229,1.4460045662100456
12745,1.0,850.0,0.001176470588235294,0.9514988975373093,0.049685627885750185,0.9367819895483719,0.9662158055262468,1.4549086757990868
13239,1.0,879.0,0.0011376564277588168,0.9504164187005205,0.050823284313509,0.9355641067318894,0.9652687306691516,1.5113013698630138
13489,1.0,888.0,0.0011261261261261261,0.9493461299407225,0.05194941043963513,0.9343631299072434,0.9643291299742017,1.5398401826484018
14199,1.0,909.0,0.0011001100110011,0.9483017447592696,0.053049520450636226,0.9331960434402209,0.9634074460783184,1.6208904109589042
14442,1.0,910.0,0.001098901098901099,0.9472596549298639,0.05414842154953733,0.9320330927993317,0.962486217060396,1.6486301369863015
15074,1.0,929.0,0.001076426264800861,0.9462399997577111,0.05522484781433819,0.9308992329137945,0.9615807666016277,1.7207762557077626
15495,1.0,939.0,0.0010649627263045794,0.9452322894278307,0.05628981054064277,0.9297812359567886,0.9606833428988727,1.768835616438356
15957,1.0,955.0,0.0010471204188481676,0.9442425173970163,0.05733693095949094,0.9286863345740834,0.9597987002199491,1.8215753424657535
16694,1.0,980.0,0.0010204081632653062,0.9432790046241621,0.058357339122756244,0.9276244862485173,0.9589335229998069,1.9057077625570775
17315,1.0,1000.0,0.001,0.9423357256195379,0.059357339122756245,0.926588065307501,0.9580833859315748,1.9765981735159817
17679,1.0,1008.0,0.000992063492063492,0.9414008687488836,0.06034940261481973,0.9255625900554888,0.9572391474422784,2.018150684931507
17699,1.0,1007.0,0.0009930486593843098,0.9404660118782293,0.06134245127420404,0.9245378241195763,0.9563941996368823,2.020433789954338
18592,1.0,1030.0,0.000970873786407767,0.9395529380802893,0.06231332506061181,0.9235399928159121,0.9555658833446664,2.1223744292237443
18943,1.0,1036.0,0.0009652509652509653,0.9386460336999028,0.06327857602586277,0.9225501889354012,0.9547418784644045,2.1624429223744293
19237,1.0,1040.0,0.0009615384615384616,0.9377434894367299,0.06424011448740123,0.9215662047479339,0.9539207741255259,2.196004566210046
19628,1.0,1043.0,0.0009587727708533077,0.936844406513013,0.06519888725825454,0.9205869365214906,0.9531018765045355,2.2406392694063926
19639,1.0,1042.0,0.0009596928982725527,0.9359453235892962,0.06615858015652709,0.9196082293671118,0.9522824178114805,2.2418949771689496
20040,1.0,1047.0,0.0009551098376313276,0.9350513930032509,0.06711368999415841,0.9186362174508037,0.9514665685556981,2.287671232876712
20084,1.0,1048.0,0.0009541984732824427,0.9341591683916065,0.06806788846744086,0.917666768771344,0.950651568011869,2.2926940639269406
20258,1.0,1049.0,0.0009532888465204957,0.933268644875504,0.06902117731396135,0.9166998636059646,0.9498374261450434,2.312557077625571
20680,1.0,1053.0,0.000949667616334283,0.9323823498661256,0.06997084493029562,0.9157384882442059,0.9490262114880452,2.3607305936073057
20794,1.0,1052.0,0.0009505703422053232,0.931496054856747,0.07092141527250094,0.9147776066553133,0.9482145030581808,2.373744292237443
21061,1.0,1054.0,0.0009487666034155598,0.9306122825086856,0.0718701818759165,0.9138201999226008,0.9474043650947703,2.4042237442922376
21177,1.0,1054.0,0.0009487666034155598,0.929729348654313,0.07281894847933205,0.9128642604701821,0.9465944368384439,2.4174657534246577
22177,1.0,1061.0,0.000942507068803016,0.9288530721711327,0.07376145554813507,0.91191665201003,0.9457894923322353,2.53162100456621
22783,1.0,1067.0,0.0009372071227741331,0.9279825444558832,0.0746986626709092,0.910976268390609,0.9449888205211575,2.600799086757991
22973,1.0,1069.0,0.0009354536950420954,0.9271144597557374,0.0756341163659513,0.9100391911597076,0.9441897283517672,2.622488584474886
23315,1.0,1073.0,0.0009319664492078285,0.9262504201846696,0.07656608281515913,0.9091072897093905,0.9433935506599488,2.661529680365297
23673,1.0,1080.0,0.000925925925925926,0.925392780906721,0.07749200874108506,0.9081833069686326,0.9426022548448093,2.7023972602739725
23845,1.0,1080.0,0.000925925925925926,0.9245359357392148,0.07841793466701098,0.907260646452071,0.9418112250263585,2.72203196347032
23919,1.0,1080.0,0.000925925925925926,0.9236798839468637,0.07934386059293691,0.9063393006281916,0.9410204672655359,2.7304794520547944
24124,1.0,1079.0,0.0009267840593141798,0.9228238321545126,0.08027064465225109,0.9054183348027847,0.9402293295062405,2.7538812785388127
24931,1.0,1089.0,0.0009182736455463728,0.921976427349963,0.08118891829779747,0.9045078467191127,0.9394450079808133,2.8460045662100457
24971,1.0,1088.0,0.0009191176470588235,0.9211290225454133,0.08210803594485629,0.9035977155489411,0.9386603295418855,2.850570776255708
25076,2.0,1090.0,0.001834862385321101,0.9194388775499172,0.08394289833017739,0.9017839419124372,0.9370938131873972,2.8625570776255707
25667,1.0,1090.0,0.0009174311926605505,0.918595355643908,0.08486032952283794,0.9008793742444131,0.936311337043403,2.9300228310502283
25804,1.0,1090.0,0.0009174311926605505,0.9177526076112072,0.08577776071549849,0.8999760423383758,0.9355291728840387,2.945662100456621
26155,1.0,1090.0,0.0009174311926605505,0.9169106327418391,0.08669519190815904,0.8990739400592277,0.9347473254244506,2.9857305936073057
26555,1.0,1090.0,0.0009174311926605505,0.9160694303264797,0.08761262310081959,0.8981730613824209,0.9339657992705385,3.031392694063927
26760,1.0,1087.0,0.0009199632014719411,0.915226680160586,0.08853258630229154,0.8972707089527172,0.9331826513684547,3.0547945205479454
27095,1.0,1090.0,0.0009174311926605505,0.9143870226558515,0.08945001749495209,0.8963722642356955,0.9324017810760075,3.0930365296803655
27766,1.0,1090.0,0.0009174311926605505,0.913548135479103,0.09036744868761264,0.8954750256511349,0.931621245307071,3.169634703196347
27832,1.0,1079.0,0.0009267840593141798,0.9127014736297246,0.09129423274692682,0.8945690887608508,0.9308338584985985,3.1771689497716893
29072,1.0,1024.0,0.0009765625,0.9118101635968832,0.09227079524692682,0.8936115247687374,0.9300088024250289,3.3187214611872147
29764,1.0,4504.0,0.00022202486678507994,0.9116077190667773,0.09249282011371189,0.8934087956136519,0.9298066425199026,3.3977168949771688
29896,1.0,5509.0,0.0001815211472136504,0.9114422429878034,0.09267434126092554,0.8932437331934054,0.9296407527822014,3.412785388127854
29981,1.0,6418.0,0.0001558117793705204,0.91130022955013,0.09283015304029606,0.8931024267678058,0.9294980323324542,3.422488584474886
30068,1.0,6637.0,0.00015067048365225252,0.9111629235037912,0.0929808235239483,0.8929658727504041,0.9293599742571784,3.432420091324201
30158,1.0,6633.0,0.00015076134479119553,0.91102555535612,0.0931315848687395,0.8928292562892095,0.9292218544230304,3.4426940639269406
30500,1.0,7374.0,0.00013561160835367508,0.9109020097153069,0.09326719647709318,0.8927065671324939,0.9290974522981199,3.4817351598173514
30529,1.0,7771.0,0.00012868356710848025,0.9107847915954104,0.09339588004420166,0.8925902400539509,0.9289793431368698,3.4850456621004566
30566,1.0,7765.0,0.000128783000643915,0.9106674979970079,0.09352466304484557,0.892473837251859,0.9288611587421567,3.489269406392694
30638,1.0,8938.0,0.00011188185276348176,0.9105656108300805,0.09363654489760904,0.8923728896824575,0.9287583319777034,3.497488584474886
30652,1.0,8936.0,0.00011190689346463742,0.9104637122612768,0.09374845179107368,0.8922719307597096,0.928655493762844,3.4990867579908675
30709,1.0,8926.0,0.00011203226529240422,0.9103617109491255,0.09386048405636609,0.8921708690007499,0.9285525528975012,3.505593607305936
30929,1.0,8919.0,0.0001121201928467317,0.9102596410185337,0.09397260424921282,0.8920697385823159,0.9284495434547516,3.5307077625570775
30973,1.0,8913.0,0.00011219566924716706,0.910157513828921,0.09408479991845999,0.8919685508810373,0.9283464767768046,3.535730593607306
30982,1.0,8912.0,0.00011220825852782765,0.9100553866393082,0.09419700817698781,0.8918673632464558,0.9282434100321606,3.5367579908675797
31030,1.0,8912.0,0.00011220825852782765,0.9099532709092095,0.09430921643551564,0.891766187156233,0.928140354662186,3.5422374429223744
31365,1.0,10039.0,9.961151509114453e-05,0.9098626290852321,0.09440882795060679,0.8916764892824272,0.928048768888037,3.5804794520547945
31431,1.0,10127.0,9.874592673052236e-05,0.9097727838567256,0.09450757387733731,0.8915875873079737,0.9279579804054774,3.588013698630137
31439,1.0,10572.0,9.458948164964057e-05,0.9096867289206816,0.09460216335898695,0.8915024703208352,0.927870987520528,3.5889269406392694
31486,1.0,11169.0,8.95335303071e-05,0.9096052814563679,0.09469169688929406,0.8914219502554559,0.9277886126572799,3.5942922374429225
31520,1.0,11167.0,8.954956568460644e-05,0.909523826698469,0.09478124645497867,0.8913414229437938,0.9277062304531442,3.598173515981735
31582,1.0,11164.0,8.957362952346828e-05,0.9094423573481736,0.09487082008450214,0.891260881107327,0.9276238335890201,3.6052511415525115
31589,1.0,11163.0,8.958165367732689e-05,0.9093608879978781,0.09496040173817946,0.8911803392979032,0.9275414366978529,3.6060502283105023
31628,1.0,11162.0,8.958967926894822e-05,0.9092794186475825,0.09504999141744841,0.8910997975155264,0.9274590397796387,3.610502283105023
31844,1.0,11173.0,8.950147677436678e-05,0.9091980367968131,0.09513949289422277,0.8910193430157984,0.9273767305778278,3.635159817351598
31846,1.0,11172.0,8.950948800572861e-05,0.9091166549460437,0.0952290023822285,0.8909388885430097,0.9272944213490776,3.635388127853881
32144,1.0,11162.0,8.958967926894822e-05,0.909035207476509,0.09531859206149745,0.8908583686614668,0.9272120462915512,3.669406392694064
32213,1.0,11196.0,8.931761343336905e-05,0.9089540146212504,0.09540790967493082,0.8907781027058377,0.927129926536663,3.677283105022831
32309,1.0,12311.0,8.122816992933149e-05,0.9088801819500928,0.09548913784486016,0.8907051703594717,0.9270551935407139,3.68824200913242
32322,1.0,12307.0,8.125457056959453e-05,0.9088063312812092,0.09557039241542975,0.8906322201126502,0.9269804424497683,3.6897260273972603
32571,1.0,12291.0,8.136034496786266e-05,0.9087323904845872,0.09565175276039761,0.8905591801509851,0.9269056008181893,3.7181506849315067
32626,1.0,12285.0,8.14000814000814e-05,0.9086584195940308,0.09573315284179769,0.8904861102451359,0.9268307289429257,3.724429223744292
32659,1.0,12279.0,8.143985666585227e-05,0.9085844185825809,0.09581459269846354,0.8904130103680977,0.926755826797064,3.7281963470319637
32698,1.0,12278.0,8.144648965629581e-05,0.9085104175711309,0.09589603918811984,0.890339910509499,0.9266809246327629,3.732648401826484
32706,1.0,12277.0,8.145312372729494e-05,0.908436416559681,0.09597749231184714,0.8902668106693425,0.9266060224500194,3.7335616438356163
32753,1.0,12274.0,8.147303242626691e-05,0.9083624034900575,0.09605896534427341,0.8901936988419608,0.9265311081381542,3.7389269406392693
32754,1.0,12273.0,8.147967082212988e-05,0.9082883904204339,0.09614044501509554,0.8901205870330385,0.9264561938078292,3.739041095890411
32757,1.0,12272.0,8.148631029986962e-05,0.9082143773508102,0.09622193132539542,0.8900474752425788,0.9263812794590417,3.7393835616438356
32764,1.0,12271.0,8.149295085975064e-05,0.9081403642811866,0.09630342427625517,0.8899743634705843,0.9263063650917889,3.7401826484018263
32856,1.0,12269.0,8.150623522699487e-05,0.9080663451790364,0.09638493051148217,0.889901245710783,0.9262314446472898,3.750684931506849
32906,1.0,12268.0,8.151287903488751e-05,0.9079923260768862,0.09646644339051706,0.8898281279694584,0.9261565241843139,3.7563926940639267
32932,1.0,12268.0,8.151287903488751e-05,0.9079183130082461,0.09654795626955195,0.8897550162538692,0.926081609762623,3.7593607305936074
32945,1.0,12268.0,8.151287903488751e-05,0.9078443059726243,0.09662946914858685,0.8896819105635155,0.9260067013817331,3.7608447488584473
32948,1.0,12267.0,8.151952392598027e-05,0.9077702989370026,0.09671098867251282,0.8896088048916349,0.9259317929823703,3.7611872146118723
32952,1.0,12266.0,8.152616990053807e-05,0.9076962919013808,0.09679251484241336,0.88953569923823,0.9258568845645316,3.7616438356164386
33071,1.0,12259.0,8.157272208173587e-05,0.9076222486440269,0.09687408756449509,0.8894625575390974,0.9257819397489563,3.7752283105022832
33190,1.0,12623.0,7.922047056959519e-05,0.9075503463823898,0.09695330803506469,0.8893915470668355,0.9257091456979442,3.788812785388128
33216,1.0,13402.0,7.461572899567229e-05,0.9074826288516943,0.09702792376406036,0.8893246994126769,0.9256405582907117,3.791780821917808
33311,1.0,13394.0,7.466029565477079e-05,0.9074148759303227,0.09710258405971513,0.8892578165817862,0.9255719352788592,3.8026255707762555
33317,1.0,13391.0,7.467702188036741e-05,0.9073471128897782,0.0971772610815955,0.8891909237021273,0.9255033020774291,3.803310502283105
33353,1.0,13390.0,7.468259895444362e-05,0.9072793498492338,0.09725194368054994,0.889124030835466,0.9254346688630015,3.807420091324201
33410,1.0,13379.0,7.474400179385604e-05,0.907211536159881,0.0973266876823438,0.8890570876200398,0.9253659846997223,3.8139269406392695
33424,1.0,13377.0,7.475517679599313e-05,0.907143717401104,0.09740144285913979,0.8889901393769288,0.9252972954252792,3.815525114155251
33485,1.0,14539.0,6.878052135635188e-05,0.907081323583276,0.09747022338049614,0.8889285822656746,0.9252340649008773,3.8224885844748857
33540,1.0,14535.0,6.879944960440316e-05,0.907018916887467,0.09753902283010055,0.8888670123734477,0.9251708214014864,3.828767123287671
33579,1.0,14532.0,6.881365262868153e-05,0.9069565016027927,0.09760783648272923,0.8888054339601557,0.9251075692454298,3.833219178082192
33673,1.0,14526.0,6.884207627702051e-05,0.9068940648341295,0.09767667855900626,0.8887438342183558,0.9250442954499032,3.843949771689498
33714,1.0,14519.0,6.887526689165921e-05,0.9068316022633716,0.09774555382589792,0.8886822088591919,0.9249809956675512,3.8486301369863014
33738,1.0,14514.0,6.889899407468652e-05,0.9067691224781804,0.0978144528199726,0.8886205664118987,0.9249176785444622,3.8513698630136988
33749,1.0,14510.0,6.891798759476223e-05,0.9067066297750461,0.09788337080756736,0.8885589111437556,0.9248543484063366,3.852625570776256
33838,1.0,14506.0,6.893699158968702e-05,0.906644124147735,0.09795230779915705,0.8884972430485432,0.9247910052469268,3.862785388127854
33917,1.0,14502.0,6.895600606812854e-05,0.9065816055900086,0.09802126380522518,0.8884355621200367,0.9247276490599804,3.8718036529680364
34001,1.0,14497.0,6.897978892184589e-05,0.9065190697822145,0.09809024359414702,0.8883738640678325,0.9246642754965966,3.8813926940639267
34037,1.0,14493.0,6.899882701994065e-05,0.9064565210297284,0.09815924242116696,0.8883121531680884,0.9246008888913684,3.8855022831050228
34106,1.0,14492.0,6.90035881865857e-05,0.9063939722772422,0.09822824600935354,0.8882504422777983,0.9245375022766861,3.89337899543379
34118,1.0,14491.0,6.900835001035126e-05,0.906331423524756,0.09829725435936389,0.8881887313969634,0.9244741156525487,3.8947488584474885
34131,1.0,14490.0,6.901311249137337e-05,0.9062688747722698,0.09836626747185526,0.888127020525585,0.9244107290189546,3.896232876712329
34159,1.0,14489.0,6.901787562978811e-05,0.9062063260197837,0.09843528534748504,0.8880653096636647,0.9243473423759027,3.899429223744292
34218,1.0,14483.0,6.904646827314783e-05,0.9061437556734453,0.09850433181575818,0.8880035773635659,0.9242839339833246,3.9061643835616437
34227,1.0,14481.0,6.905600441958428e-05,0.9060811810062488,0.09857338782017777,0.8879418407813273,0.9242205212311703,3.907191780821918
34342,1.0,14476.0,6.907985631389887e-05,0.9060185890484562,0.09864246767649167,0.8878800870349546,0.9241570910619579,3.9203196347031963
34346,1.0,14475.0,6.90846286701209e-05,0.9059559970906635,0.09871155230516179,0.8878183332980711,0.924093660883256,3.9207762557077626
34355,1.0,14474.0,6.90894016857814e-05,0.9058934051328709,0.09878064170684757,0.8877565795706782,0.9240302306950635,3.9218036529680367
34386,1.0,14471.0,6.910372469076083e-05,0.9058308045244035,0.09884974543153834,0.8876948172606034,0.9239667917882035,3.925342465753425
34390,1.0,14470.0,6.910850034554251e-05,0.9057682039159359,0.09891885393188388,0.8876330549600269,0.923903352871845,3.925799086757991
34423,1.0,14467.0,6.912283127116886e-05,0.9057055946532059,0.09898797676315504,0.8875712840731943,0.9238399052332175,3.929566210045662
34460,2.0,14466.0,0.00013825521913452232,0.9055803761277457,0.09912623198228956,0.8874477423280495,0.9237130099274419,3.9337899543378994
34482,1.0,14464.0,6.913716814159292e-05,0.9055177668650156,0.09919536915043116,0.88738597146974,0.9236495622602913,3.936301369863014
34512,1.0,14460.0,6.915629322268326e-05,0.905455144612812,0.09926452544365384,0.8873241877192439,0.92358610150638,3.9397260273972603
34529,1.0,14459.0,6.916107614634484e-05,0.9053925223606083,0.0993336865198002,0.8872624039782674,0.9235226407429492,3.941666666666667
34552,1.0,14456.0,6.91754288876591e-05,0.9053298914445623,0.09940286194868785,0.887200611641493,0.9234591712476317,3.9442922374429226
34556,1.0,14455.0,6.918021445866483e-05,0.9052672605285164,0.0994720421631465,0.8871388193142461,0.9233957017427866,3.944748858447489
34560,1.0,14452.0,6.91945751453086e-05,0.9052046209450312,0.09954123673829182,0.8870770183876181,0.9233322235024443,3.9452054794520546
34606,1.0,14450.0,6.920415224913495e-05,0.9051419770266267,0.09961044089054095,0.8870152131648722,0.9232687408883812,3.9504566210045664
34619,1.0,14448.0,6.921373200442968e-05,0.9050793287724028,0.09967965462254538,0.8869534036451138,0.9232052538996919,3.9519406392694063
34627,1.0,14447.0,6.92185228767218e-05,0.905016680518179,0.0997488731454221,0.8868915941348987,0.9231417669014592,3.9528538812785388
34695,1.0,14442.0,6.924248719013987e-05,0.9049540149122713,0.09981811563261225,0.886829767399626,0.9230782624249166,3.960616438356164
34719,1.0,14441.0,6.924728204417977e-05,0.9048913493063637,0.09988736291465643,0.88676794067391,0.9230147579388175,3.9633561643835615
34728,1.0,14439.0,6.925687374471916e-05,0.9048286793604321,0.09995661978840115,0.886706109647001,0.9229512490738632,3.9643835616438357
34744,1.0,14437.0,6.926646810279144e-05,0.9047660050735747,0.10002588625650394,0.8866442743180029,0.9228877358291466,3.9662100456621006
34795,1.0,14436.0,6.927126627874758e-05,0.9047033307867173,0.10009515752278268,0.8865824389985705,0.9228242225748641,3.97203196347032
34836,1.0,14433.0,6.928566479595372e-05,0.9046406478150006,0.10016444318757864,0.886520595062401,0.9227607005676003,3.9767123287671233
34840,1.0,14432.0,6.929046563192905e-05,0.9045779648432839,0.10023373365321057,0.8864587511358052,0.9226971785507626,3.9771689497716896
34847,1.0,14431.0,6.92952671332548e-05,0.9045152818715672,0.10030302892034383,0.8863969072187845,0.9226336565243498,3.9779680365296803
34848,1.0,14430.0,6.93000693000693e-05,0.9044525988998505,0.1003723289896439,0.8863350633113405,0.9225701344883606,3.978082191780822
34869,1.0,14429.0,6.930487213251092e-05,0.9043899159281339,0.10044163386177642,0.8862732194134741,0.9225066124427936,3.9804794520547944
34900,1.0,14427.0,6.931447979482915e-05,0.9043272286115797,0.10051094834157125,0.8862113712096337,0.9224430860135256,3.9840182648401825
34904,1.0,14424.0,6.932889628397117e-05,0.9042645326029405,0.10058027723785522,0.886149514381863,0.922379550824018,3.9844748858447487
35019,1.0,14422.0,6.933851060879212e-05,0.9042018322470535,0.10064961574846401,0.8860876532457215,0.9223160112483856,3.997602739726027
35113,1.0,14418.0,6.935774726036899e-05,0.9041391188449002,0.10071897349572438,0.8860257791607733,0.922252458529027,4.008333333333334
35128,1.0,14416.0,6.936736958934517e-05,0.9040764010924831,0.10078834086531373,0.8859639007644547,0.9221889014205115,4.010045662100457
35175,1.0,14412.0,6.938662225922843e-05,0.9040136702847471,0.10085772748757296,0.8859020094102991,0.9221253311591951,4.015410958904109
35178,1.0,14411.0,6.939143709666228e-05,0.9039509394770111,0.10092711892466963,0.8858401180657598,0.9220617608882624,4.015753424657534
35203,1.0,14408.0,6.94058856191005e-05,0.9038881999615005,0.10099652481028873,0.8857782180816525,0.9219981818413485,4.018607305936073
35281,1.0,14403.0,6.942997986530584e-05,0.9038254430219768,0.10106595479015404,0.8857163008003403,0.9219345852436133,4.027511415525114
35322,1.0,14401.0,6.943962224845496e-05,0.9037626817246347,0.10113539441240249,0.8856543792001434,0.921870984249126,4.032191780821917
35385,1.0,14396.0,6.94637399277577e-05,0.9036999029887549,0.10120485815233025,0.8855924402882448,0.921807365689265,4.039383561643835
35479,1.0,14392.0,6.948304613674263e-05,0.9036371111667018,0.101274341198467,0.8855304883877264,0.9217437339456771,4.0501141552511415
35580,1.0,14390.0,6.949270326615705e-05,0.9035743149810751,0.10134383390173315,0.8854685321625981,0.9216800977995521,4.061643835616438
35673,1.0,14385.0,6.951685783802571e-05,0.9035115013338745,0.10141335075957118,0.8854065586027746,0.9216164440649743,4.072260273972603
35782,1.0,14379.0,6.954586549829613e-05,0.9034486658445265,0.10148289662506949,0.8853445633570053,0.9215527683320478,4.084703196347032
35928,1.0,14435.0,6.927606511950121e-05,0.9033860784759193,0.10155217269018899,0.8852828145712863,0.9214893423805524,4.101369863013699
36033,1.0,14434.0,6.928086462519052e-05,0.9033234911073121,0.10162145355481418,0.8852210657951094,0.9214259164195149,4.113356164383561
36096,1.0,14432.0,6.929046563192905e-05,0.903260899401997,0.10169074402044612,0.8851593127210742,0.9213624860829199,4.120547945205479
36113,1.0,14431.0,6.92952671332548e-05,0.903198307696682,0.10176003928757937,0.8850975596565862,0.9212990557367777,4.122488584474886
36157,1.0,14429.0,6.930487213251092e-05,0.9031357116534567,0.10182934415971188,0.8850358022930456,0.9212356210138679,4.127511415525114
36244,1.0,14428.0,6.930967563071805e-05,0.9030731156102315,0.1018986538353426,0.8849740449390577,0.9211721862814053,4.137442922374429
36311,1.0,14427.0,6.931447979482915e-05,0.9030105195670063,0.10196796831513744,0.8849122875946237,0.9211087515393889,4.145091324200913
36313,1.0,14426.0,6.931928462498267e-05,0.9029479235237811,0.10203728759976242,0.884850530259745,0.9210453167878171,4.145319634703196
36358,1.0,14424.0,6.932889628397117e-05,0.9028853231408412,0.1021066164960464,0.8847887686240228,0.9209818776576597,4.150456621004566
36363,1.0,14423.0,6.933370311308327e-05,0.9028227227579014,0.10217595019915948,0.8847270069978611,0.9209184385179418,4.151027397260274
36365,2.0,14422.0,0.00013867702121758425,0.9026975219920218,0.10231462722037707,0.8846034837742248,0.9207915602098188,4.151255707762557
36396,1.0,14420.0,6.934812760055478e-05,0.902634921609082,0.10238397534797762,0.8845417221767529,0.9207281210414111,4.154794520547945
36465,1.0,14418.0,6.935774726036899e-05,0.9025723168843206,0.10245333309523799,0.8844799562763466,0.9206646774922946,4.162671232876712
36504,1.0,14417.0,6.93625580911424e-05,0.9025097121595593,0.10252269565332914,0.8844181903855103,0.9206012339336084,4.167123287671233
36568,1.0,14415.0,6.937218175511619e-05,0.9024471030917717,0.10259206783508426,0.884356420190543,0.9205377859930004,4.174429223744292
36605,1.0,14414.0,6.937699458859442e-05,0.9023844940239839,0.10266144482967285,0.8842946500051506,0.9204743380428172,4.17865296803653
36637,1.0,14413.0,6.938180808991882e-05,0.9023218849561963,0.10273082663776277,0.884232879829335,0.9204108900830575,4.1823059360730594
36712,1.0,14411.0,6.939143709666228e-05,0.9022592715438754,0.10280021807485944,0.8841711053478922,0.9203474377398586,4.190867579908676
36718,1.0,14410.0,6.939625260235948e-05,0.9021966581315545,0.10286961432746179,0.8841093308760313,0.9202839853870777,4.191552511415525
36723,1.0,14409.0,6.940106877645916e-05,0.9021340447192335,0.10293901539623825,0.8840475564137534,0.9202205330247136,4.192123287671233
36733,1.0,14408.0,6.94058856191005e-05,0.9020714313069127,0.10300842128185735,0.8839857819610604,0.920157080652765,4.193264840182648
36737,1.0,14407.0,6.941070313042272e-05,0.9020088178945919,0.10307783198498777,0.8839240075179531,0.9200936282712306,4.193721461187215
36758,1.0,14405.0,6.942034015966679e-05,0.9019462001356267,0.10314725232514743,0.8838622287671237,0.9200301715041296,4.196118721461187
36835,1.0,14403.0,6.942997986530584e-05,0.9018835780291117,0.10321668230501274,0.8838004457076722,0.9199667103505511,4.204908675799087
36837,1.0,14402.0,6.943480072212192e-05,0.9018209559225967,0.10328611710573486,0.883738662657816,0.9199032491873774,4.20513698630137
36840,1.0,14401.0,6.943962224845496e-05,0.9017583338160817,0.10335555672798331,0.8836768796175564,0.9198397880146071,4.205479452054795
36867,1.0,14400.0,6.944444444444444e-05,0.9016957117095667,0.10342500117242776,0.8836150965868945,0.919776326832239,4.208561643835616
36885,1.0,14399.0,6.944926731022988e-05,0.9016330896030518,0.10349445043973798,0.8835533135658319,0.9197128656402717,4.210616438356165
36901,1.0,14398.0,6.945409084595083e-05,0.9015704674965368,0.10356390453058394,0.8834915305543698,0.9196494044387038,4.2124429223744295
36954,1.0,14397.0,6.94589150517469e-05,0.9015078453900218,0.10363336344563569,0.8834297475525096,0.9195859432275341,4.218493150684932
36960,1.0,14396.0,6.94637399277577e-05,0.9014452232835068,0.10370282718556345,0.8833679645602526,0.9195224820067611,4.219178082191781
36965,1.0,14395.0,6.946856547412296e-05,0.9013826011769919,0.10377229575103758,0.8833061815776002,0.9194590207763835,4.219748858447488
36983,1.0,14394.0,6.947339169098236e-05,0.9013199790704769,0.10384176914272857,0.8832443986045536,0.9193955595364002,4.2218036529680365
37013,1.0,14392.0,6.948304613674263e-05,0.9012573526127872,0.10391125218886531,0.8831826113192898,0.9193320939062846,4.225228310502283
37014,1.0,14391.0,6.948787436592315e-05,0.9011947261550974,0.10398074006323123,0.8831208240436371,0.9192686282665578,4.225342465753425
37045,1.0,14388.0,6.950236308034473e-05,0.9011320909920341,0.10405024242631157,0.8830590281309294,0.9192051538531387,4.228881278538813
37049,1.0,14387.0,6.950719399457844e-05,0.9010694558289708,0.10411974962030615,0.882997232227841,0.9191416794301006,4.229337899543379
37053,1.0,14386.0,6.951202558042541e-05,0.9010068206659074,0.10418926164588657,0.8829354363343731,0.9190782049974418,4.229794520547945
37121,1.0,14385.0,6.951685783802571e-05,0.900944185502844,0.1042587785037246,0.8828736404505272,0.9190147305551609,4.237557077625571
37122,1.0,14384.0,6.952169076751947e-05,0.9008815503397807,0.10432830019449212,0.8828118445763046,0.9189512561032568,4.237671232876712
37125,1.0,14383.0,6.952652436904678e-05,0.9008189151767173,0.10439782671886116,0.8827500487117065,0.9188877816417281,4.238013698630137
37194,1.0,14381.0,6.953619358876295e-05,0.9007562756582432,0.10446736291244993,0.8826882485306851,0.9188243027858014,4.245890410958904
37324,1.0,14380.0,6.954102920723227e-05,0.9006936361397692,0.10453690394165716,0.8826264483592935,0.9187608239202448,4.260730593607306
37345,1.0,14378.0,6.955070246209486e-05,0.9006309922646726,0.10460645464411925,0.8825646438702748,0.9186973406590704,4.2631278538812785
37347,1.0,14377.0,6.955554009876887e-05,0.9005683483895759,0.10467601018421802,0.8825028393908914,0.9186338573882604,4.263356164383562
37350,1.0,14376.0,6.956037840845854e-05,0.9005057045144792,0.10474557056262647,0.8824410349211446,0.9185703741078138,4.263698630136986
37383,1.0,14375.0,6.956521739130434e-05,0.9004430606393825,0.10481513578001778,0.8823792304610358,0.9185068908177292,4.267465753424657
37420,1.0,14374.0,6.957005704744678e-05,0.9003804167642858,0.10488470583706522,0.8823174260105666,0.918443407518005,4.271689497716895
37460,1.0,14373.0,6.957489737702637e-05,0.9003177728891891,0.10495428073444224,0.8822556215697379,0.9183799242086403,4.276255707762557
37510,1.0,14372.0,6.957973838018369e-05,0.9002551290140924,0.10502386047282243,0.8821938171385514,0.9183164408896335,4.281963470319635
37515,1.0,14371.0,6.958458005705935e-05,0.9001924851389959,0.10509344505287949,0.8821320127170085,0.9182529575609832,4.282534246575342
37647,1.0,14368.0,6.959910913140311e-05,0.9001298325439834,0.10516304416201089,0.8820701996439443,0.9181894654440225,4.2976027397260275
37658,1.0,14367.0,6.960395350455906e-05,0.9000671799489709,0.10523264811551544,0.8820083865805316,0.9181259733174102,4.298858447488584
37707,1.0,14365.0,6.961364427427775e-05,0.900004522992483,0.10530226175978973,0.8819465691946742,0.9180624767902918,4.30445205479452
37722,1.0,14364.0,6.961849067112225e-05,0.8999418660359951,0.10537188025046085,0.8818847518184737,0.9179989802535166,4.306164383561644
37723,1.0,14363.0,6.962333774281139e-05,0.8998792090795071,0.10544150358820366,0.8818229344519312,0.9179354837070831,4.306278538812785
37753,1.0,14362.0,6.962818548948615e-05,0.8998165521230193,0.10551113177369315,0.8817611170950483,0.9178719871509902,4.309703196347032
37755,1.0,14361.0,6.963303391128752e-05,0.8997538951665314,0.10558076480760444,0.8816992997478265,0.9178084905852363,4.309931506849315
37756,1.0,14360.0,6.963788300835655e-05,0.8996912382100434,0.1056504026906128,0.8816374824102667,0.91774499400982,4.310045662100457
37918,1.0,14358.0,6.964758322886195e-05,0.8996285768896498,0.10572005027384165,0.881575660747851,0.9176814930314486,4.328538812785388
37960,1.0,14356.0,6.965728615213152e-05,0.8995659112044387,0.10578970755999378,0.8815138347596729,0.9176179876492045,4.333333333333333
37970,1.0,14355.0,6.966213862765588e-05,0.8995032455192277,0.10585936969862143,0.8814520087811665,0.9175544822572889,4.334474885844749
38067,1.0,14351.0,6.968155529231412e-05,0.8994405667340895,0.10592905125391375,0.8813901698005767,0.9174909636676022,4.345547945205479
38089,1.0,14349.0,6.969126768415918e-05,0.8993778835807872,0.10599874252159791,0.8813283264908971,0.9174274406706773,4.348059360730594
38099,1.0,14348.0,6.969612489545581e-05,0.8993152004274849,0.10606843864649336,0.8812664831909041,0.9173639176640658,4.349200913242009
38229,1.0,14343.0,6.972042111134351e-05,0.8992524997929993,0.10613815906760471,0.8812046225369936,0.9173003770490049,4.364041095890411
38254,1.0,14342.0,6.972528238739367e-05,0.8991897991585136,0.10620788434999211,0.8811427618927832,0.917236836424244,4.36689497716895
38273,2.0,14341.0,0.00013946028868279758,0.8990643978895423,0.1063473446386749,0.8810190406334678,0.9171097551456168,4.3690639269406395
38441,1.0,14338.0,6.974473427256242e-05,0.8990016928820176,0.10641708937294746,0.8809571756747266,0.9170462100893085,4.38824200913242
38446,1.0,14337.0,6.97495989398061e-05,0.8989389878744929,0.10648683897188727,0.8808953107256937,0.9169826650232921,4.388812785388128
38456,1.0,14336.0,6.975446428571428e-05,0.8988762828669682,0.10655659343617298,0.8808334457863702,0.9169191199475661,4.389954337899543
38481,1.0,14335.0,6.975933031042901e-05,0.8988135778594435,0.10662635276648341,0.8807715808567577,0.9168555748621293,4.392808219178082
38517,1.0,14334.0,6.976419701409237e-05,0.8987508728519188,0.1066961169634975,0.8807097159368574,0.9167920297669802,4.396917808219178
38546,1.0,14332.0,6.977393245883338e-05,0.8986881634692191,0.10676589089595633,0.8806478466809026,0.9167284802575356,4.400228310502283
38596,1.0,14331.0,6.977880120019538e-05,0.8986254540865194,0.10683566969715652,0.8805859774346655,0.9166649307383733,4.405936073059361
38638,1.0,14330.0,6.978367062107467e-05,0.8985627447038197,0.1069054533677776,0.8805241081981474,0.916601381209492,4.410730593607306
38641,1.0,14329.0,6.978854072161351e-05,0.89850003532112,0.1069752419084992,0.8804622389713498,0.9165378316708902,4.411073059360731
38667,1.0,14328.0,6.979341150195422e-05,0.8984373259384203,0.10704503532000116,0.8804003697542738,0.9164742821225668,4.414041095890411
38671,1.0,14327.0,6.979828296223913e-05,0.8983746165557206,0.1071148336029634,0.880338500546921,0.9164107325645202,4.414497716894977
38837,1.0,14325.0,6.980802792321117e-05,0.8983119027954025,0.1071846416308866,0.8802766270010893,0.9163471785897157,4.433447488584475
38845,1.0,14324.0,6.981290142418318e-05,0.8982491890350845,0.10725445453231079,0.8802147534649865,0.9162836246051826,4.434360730593608
38848,1.0,14323.0,6.981777560566921e-05,0.8981864752747666,0.10732427230791645,0.8801528799386134,0.9162200706109198,4.434703196347032
38876,1.0,14322.0,6.982265046781176e-05,0.8981237615144485,0.10739409495838427,0.8800910064219715,0.9161565166069255,4.437899543378996
38930,1.0,14321.0,6.982752601075344e-05,0.8980610477541305,0.10746392248439503,0.8800291329150624,0.9160929625931987,4.44406392694064
38967,1.0,14320.0,6.983240223463687e-05,0.8979983339938125,0.10753375488662967,0.879967259417887,0.9160294085697379,4.448287671232877
38979,1.0,14319.0,6.983727913960472e-05,0.8979356202334945,0.10760359216576927,0.8799053859304471,0.9159658545365419,4.449657534246575
38995,1.0,14318.0,6.98421567257997e-05,0.8978729064731765,0.10767343432249507,0.879843512452744,0.9159023004936091,4.45148401826484
38996,1.0,14317.0,6.984703499336453e-05,0.8978101927128586,0.10774328135748844,0.8797816389847788,0.9158387464409383,4.451598173515982
39045,1.0,14314.0,6.98616738857063e-05,0.897747470189964,0.10781314303137414,0.8797197568228318,0.9157751835570963,4.457191780821918
39047,1.0,14313.0,6.986655488017886e-05,0.8976847476670695,0.10788300958625432,0.8796578746706308,0.9157116206635082,4.457420091324201
39068,1.0,14311.0,6.987631891551953e-05,0.8976220207613559,0.10795288590516984,0.8795959881747889,0.9156480533479229,4.459817351598174
39075,1.0,14310.0,6.988120195667365e-05,0.8975592938556423,0.10802276710712651,0.8795341016886985,0.915584486022586,4.460616438356165
39087,1.0,14308.0,6.98909700866648e-05,0.8974965625658844,0.10809265807721317,0.8794722108577501,0.9155209142740187,4.461986301369863
39088,1.0,14307.0,6.989585517578807e-05,0.8974338312761265,0.10816255393238897,0.8794103200365587,0.9154573425156943,4.4621004566210045
39090,1.0,14306.0,6.990074094785405e-05,0.8973710999863687,0.10823245467333682,0.879348429225126,0.9153937707476113,4.462328767123288
39114,1.0,14304.0,6.991051454138702e-05,0.897308364311034,0.10830236518787821,0.8792865340673135,0.9153301945547545,4.465068493150685
39136,1.0,14302.0,6.992029086841001e-05,0.8972456242492027,0.10837228547874662,0.879224634562207,0.9152666139361985,4.467579908675799
39169,1.0,14301.0,6.992518005733865e-05,0.8971828841873715,0.10844221065880397,0.8791627350668686,0.9152030333078743,4.471347031963471
39221,1.0,14299.0,6.993496048674733e-05,0.8971201397378163,0.10851214561929072,0.8791008312230172,0.9151394482526155,4.477283105022831
39256,1.0,14295.0,6.995452955578873e-05,0.8970573821204859,0.1085821001488465,0.8790389143094923,0.9150758499314795,4.481278538812785
39265,1.0,14294.0,6.995942353435007e-05,0.8969946245031555,0.10865205957238086,0.8789769974057506,0.9150122516005603,4.482305936073059
39281,1.0,14291.0,6.997410957945561e-05,0.8969318581030084,0.10872203368196032,0.8789150717878678,0.9149486444181489,4.484132420091324
39293,1.0,14289.0,6.998390370214851e-05,0.8968690873102234,0.10879201758566247,0.8788531418165855,0.9148850328038614,4.485502283105022
39353,1.0,14283.0,7.001330252748022e-05,0.896806294543486,0.10886203088818995,0.878791190028388,0.9148213990585841,4.492351598173516
39413,1.0,14279.0,7.003291547027102e-05,0.896743488584067,0.10893206380366022,0.8787292251456686,0.9147577520224655,4.499200913242009
39468,1.0,14277.0,7.004272606289837e-05,0.8966806782255474,0.10900210652972311,0.8786672559031199,0.914694100547975,4.505479452054795
39474,1.0,14276.0,7.004763239002522e-05,0.8966178678670278,0.10907215416211313,0.8786052866703954,0.9146304490636602,4.506164383561644
39497,1.0,14275.0,7.005253940455341e-05,0.8965550575085083,0.10914220670151768,0.8785433174474967,0.9145667975695199,4.5087899543378995
39548,1.0,14274.0,7.005744710662743e-05,0.8964922471499887,0.10921226414862431,0.8784813482344249,0.9145031460655524,4.514611872146118
39552,1.0,14273.0,7.006235549639179e-05,0.8964294367914691,0.1092823265041207,0.8784193790311817,0.9144394945517565,4.515068493150685
39555,1.0,14272.0,7.006726457399103e-05,0.8963666264329495,0.1093523937686947,0.8783574098377681,0.9143758430281309,4.515410958904109
39560,1.0,14271.0,7.007217433956976e-05,0.89630381607443,0.10942246594303427,0.8782954406541859,0.9143121914946741,4.5159817351598175
39624,1.0,14266.0,7.009673349221926e-05,0.8962409881047065,0.10949256267652649,0.8782334539870751,0.914248522222338,4.523287671232877
39678,1.0,14264.0,7.010656197420079e-05,0.8961781557303302,0.10956266923850069,0.8781714629546186,0.9141848485060419,4.529452054794521
39686,1.0,14263.0,7.011147724882563e-05,0.8961153233559539,0.10963278071574951,0.878109471932011,0.9141211747798967,4.530365296803653
39712,1.0,14262.0,7.011639321273313e-05,0.8960524909815775,0.10970289710896225,0.878047480919254,0.9140575010439009,4.533333333333333
39714,1.0,14261.0,7.01213098660683e-05,0.8959896586072011,0.10977301841882832,0.877985489916349,0.9139938272980533,4.5335616438356166
39742,1.0,14260.0,7.012622720897616e-05,0.8959268262328248,0.1098431446460373,0.877923498923297,0.9139301535423526,4.53675799086758
39747,1.0,14259.0,7.01311452416018e-05,0.8958639938584485,0.1099132757912789,0.8778615079400998,0.9138664797767972,4.537328767123288
39768,1.0,14258.0,7.013606396409034e-05,0.8958011614840721,0.10998341185524299,0.8777995169667584,0.9138028060013857,4.53972602739726
39774,1.0,14257.0,7.014098337658694e-05,0.8957383291096958,0.11005355283861958,0.8777375260032746,0.9137391322161169,4.5404109589041095
39833,1.0,14256.0,7.014590347923682e-05,0.8956754967353194,0.11012369874209882,0.8776755350496495,0.9136754584209894,4.547146118721461
39841,1.0,14255.0,7.01508242721852e-05,0.895612664360943,0.110193849566371,0.8776135441058843,0.9136117846160017,4.548059360730593
39855,1.0,14254.0,7.015574575557738e-05,0.8955498319865667,0.11026400531212657,0.877551553171981,0.9135481108011524,4.549657534246576
39900,1.0,14253.0,7.016066792955869e-05,0.8954869996121904,0.11033416598005613,0.8774895622479404,0.9134844369764403,4.554794520547945
40003,1.0,14250.0,7.017543859649122e-05,0.8954241584192352,0.11040434141865263,0.8774275625741426,0.9134207542643278,4.566552511415525
40006,1.0,14249.0,7.01803635342831e-05,0.89536131722628,0.11047452178218692,0.877365562910216,0.913357071542344,4.56689497716895
40042,1.0,14248.0,7.018528916339136e-05,0.8952984760333248,0.1105447070713503,0.8773035632561619,0.9132933888104877,4.571004566210045
40055,1.0,14247.0,7.019021548396153e-05,0.8952356348403696,0.11061489728683427,0.8772415636119819,0.9132297060687573,4.572488584474886
40101,1.0,14246.0,7.019514249613927e-05,0.8951727936474143,0.1106850924293304,0.8771795639776772,0.9131660233171515,4.5777397260273975
40108,1.0,14245.0,7.02000702000702e-05,0.895109952454459,0.11075529249953048,0.8771175643532492,0.9131023405556689,4.578538812785388
40164,1.0,14244.0,7.020499859590003e-05,0.8950471112615038,0.11082549749812638,0.8770555647386994,0.9130386577843083,4.5849315068493155
40168,1.0,14243.0,7.020992768377449e-05,0.8949842700685485,0.11089570742581016,0.876993565134029,0.912974975003068,4.585388127853881
40198,1.0,14242.0,7.021485746383936e-05,0.8949214288755933,0.110965922283274,0.8769315655392398,0.9129112922119469,4.588812785388128
40201,1.0,14241.0,7.021978793624044e-05,0.8948585876826382,0.11103614207121024,0.8768695659543329,0.9128476094109435,4.589155251141553
40265,1.0,14240.0,7.02247191011236e-05,0.894795746489683,0.11110636679031136,0.8768075663793096,0.9127839266000564,4.5964611872146115
40299,1.0,14238.0,7.023458350891979e-05,0.8947329008831026,0.11117660137382028,0.87674556243004,0.9127202393361653,4.600342465753425
40303,1.0,14237.0,7.023951675212475e-05,0.8946700552765224,0.11124684089057241,0.8766835584906598,0.912656552062385,4.60079908675799
40336,1.0,14235.0,7.024938531787847e-05,0.894607205255077,0.11131709027589029,0.8766215501758015,0.9125928603343525,4.604566210045662
40362,1.0,14234.0,7.02543206407194e-05,0.8945443552336315,0.111387344596531,0.876559541870838,0.9125291685964251,4.607534246575343
40440,1.0,14232.0,7.026419336706015e-05,0.8944815007960799,0.11145760878989806,0.8764975291891638,0.912465472402996,4.616438356164384
40504,1.0,14231.0,7.026913077085236e-05,0.8944186463585283,0.11152787792066891,0.8764355165173899,0.9124017761996667,4.6237442922374425
40578,1.0,14227.0,7.028888732691362e-05,0.8943557786670713,0.11159816680799582,0.8763734906901184,0.9123380666440242,4.632191780821918
40599,1.0,14225.0,7.0298769771529e-05,0.894292906556093,0.11166846557776736,0.8763114604827403,0.9122743526294456,4.63458904109589
40618,1.0,14224.0,7.030371203599551e-05,0.8942300344451146,0.11173876928980335,0.8762494302852779,0.9122106386049513,4.63675799086758
40630,1.0,14221.0,7.031854299978904e-05,0.8941671534919858,0.11180908783280313,0.8761873913145942,0.9121469156693774,4.6381278538812785
40638,1.0,14218.0,7.033338022225348e-05,0.8941042636935971,0.11187942121302538,0.8761253435675893,0.9120831838196048,4.639041095890411
40669,1.0,14217.0,7.033832735457551e-05,0.8940413738952082,0.11194975954037996,0.8760632958305153,0.9120194519599011,4.642579908675799
40740,1.0,14216.0,7.034327518289252e-05,0.8939784840968195,0.11202010281556285,0.8760012481033739,0.911955720090265,4.6506849315068495
40766,1.0,14215.0,7.034822370735139e-05,0.8939155942984307,0.1120904510392702,0.8759392003861664,0.9118919882106951,4.653652968036529
40790,1.0,14213.0,7.035812284528248e-05,0.8938527000752338,0.11216080916211549,0.8758771482835985,0.911828251866869,4.656392694063927
40816,1.0,14212.0,7.036307345904869e-05,0.8937898058520367,0.11223117223557454,0.8758150961909701,0.9117645155131033,4.659360730593607
40819,2.0,14211.0,0.00014073604953908944,0.8936640174056427,0.11237190828511362,0.8756909920355371,0.9116370427757483,4.659703196347032
40855,1.0,14209.0,7.037792948131466e-05,0.8936011231824458,0.11244228621459493,0.8756289399727355,0.9115733063921561,4.663812785388128
40921,1.0,14207.0,7.038783698176955e-05,0.8935382245322605,0.1125126740515767,0.8755668835224102,0.9115095655421108,4.67134703196347
40924,1.0,14206.0,7.039279177812192e-05,0.8934753258820752,0.11258306684335481,0.875504827082034,0.9114458246821164,4.671689497716895
40958,1.0,14205.0,7.039774727208729e-05,0.8934124272318898,0.1126534645906269,0.8754427706516084,0.9113820838121713,4.675570776255708
40963,1.0,14204.0,7.0402703463813e-05,0.8933495285817046,0.11272386729409072,0.875380714231135,0.9113183429322742,4.676141552511416
41021,1.0,14203.0,7.040766035344645e-05,0.8932866299315192,0.11279427495444416,0.8753186578206147,0.9112546020424237,4.682762557077625
41038,1.0,14202.0,7.041261794113505e-05,0.8932237312813339,0.1128646875723853,0.8752566014200494,0.9111908611426185,4.684703196347032
41090,1.0,14200.0,7.042253521126761e-05,0.8931608282016662,0.11293511010759656,0.8751945406294858,0.9111271157738466,4.690639269406392
41110,2.0,14199.0,0.00014085498978801323,0.8930350220423308,0.11307596509738457,0.8750704190782412,0.9109996250064203,4.692922374429224
41189,1.0,14195.0,7.044734061289187e-05,0.8929721100999537,0.11314641243799746,0.8750083495139179,0.9109358706859895,4.701940639269407
41207,1.0,14194.0,7.045230379033395e-05,0.8929091981575766,0.1132168647417878,0.8749462799595649,0.9108721163555884,4.703995433789954
41228,1.0,14193.0,7.045726766715987e-05,0.8928462862151996,0.11328732200945496,0.8748842104151834,0.9108083620152158,4.706392694063927
41301,1.0,14184.0,7.050197405527355e-05,0.8927833387894936,0.11335782398351023,0.8748221056337343,0.9107445719452528,4.71472602739726
41318,1.0,14181.0,7.051688879486637e-05,0.8927203824860742,0.11342834087230509,0.8747599920436433,0.9106807729285051,4.716666666666667
41397,1.0,14173.0,7.055669230226487e-05,0.8926573950887352,0.11349889756460736,0.8746978475764052,0.9106169426010652,4.72568493150685
41538,1.0,14165.0,7.05965407695023e-05,0.8925943765645497,0.11356949410537687,0.8746356721991212,0.9105530809299781,4.741780821917808
41646,1.0,14163.0,7.060650992021465e-05,0.892531353590846,0.11364010061529708,0.874573492411906,0.9104892147697861,4.754109589041096
41659,1.0,14162.0,7.061149555147578e-05,0.8924683306171424,0.11371071211084856,0.8745113126347415,0.9104253485995433,4.755593607305936
41702,1.0,14158.0,7.063144511936714e-05,0.8924052942892277,0.11378134355596793,0.8744491196020474,0.9103614689764079,4.760502283105023
41712,1.0,14157.0,7.06364342727979e-05,0.8923422579613128,0.11385197999024073,0.8743869265794153,0.9102975893432104,4.761643835616439
41737,1.0,14156.0,7.064142413111048e-05,0.892279221633398,0.11392262141437184,0.8743247335668467,0.9102337096999493,4.764497716894978
41758,1.0,14155.0,7.064641469445426e-05,0.8922161853054833,0.1139932678290663,0.874262540564343,0.9101698300466236,4.76689497716895
41777,1.0,14154.0,7.065140596297866e-05,0.8921531489775686,0.11406391923502927,0.8742003475719058,0.9101059503832314,4.769063926940639
41850,1.0,14151.0,7.066638400113066e-05,0.8920901037405552,0.11413458561903041,0.8741381457395373,0.9100420617415731,4.777397260273973
41859,1.0,14150.0,7.06713780918728e-05,0.8920270585035417,0.11420525699712228,0.8740759439172435,0.9099781730898399,4.778424657534247
41873,1.0,14149.0,7.067637288854337e-05,0.8919640132665283,0.11427593337001082,0.8740137421050261,0.9099142844280305,4.780022831050228
41904,1.0,14147.0,7.06863646002686e-05,0.8919009635730762,0.11434661973461109,0.8739515358760018,0.9098503912701507,4.7835616438356166
41942,1.0,14145.0,7.069635913750442e-05,0.8918379094222404,0.1144173160937486,0.8738893252292308,0.90978649361525,4.7878995433789955
41951,1.0,14144.0,7.070135746606335e-05,0.8917748552714045,0.11448801745121466,0.8738271145925461,0.909722595950263,4.78892694063927
42037,1.0,14141.0,7.071635669330315e-05,0.8917117922026491,0.11455873380790796,0.8737648951071453,0.9096586892981529,4.798744292237443
42049,1.0,14139.0,7.072635971426551e-05,0.8916487246736723,0.11462946016762222,0.8737026712011772,0.9095947781461674,4.8001141552511415
42060,1.0,14138.0,7.073136228603763e-05,0.8915856571446955,0.11470019152990826,0.8736404473053082,0.9095308669840828,4.801369863013699
42085,1.0,14136.0,7.074136955291455e-05,0.8915225851542354,0.11477093289946118,0.8735782189876182,0.9094669513208526,4.804223744292237
42090,1.0,14135.0,7.074637424831977e-05,0.8914595131637753,0.1148416792737095,0.8735159906800329,0.9094030356475176,4.804794520547945
42102,1.0,14134.0,7.075137965190322e-05,0.8913964411733151,0.1149124306533614,0.8734537623825539,0.9093391199640762,4.806164383561644
42104,1.0,14133.0,7.075638576381519e-05,0.8913333691828549,0.11498318703912522,0.8733915340951824,0.9092752042705273,4.806392694063927
42150,1.0,14132.0,7.076139258420605e-05,0.8912702971923947,0.11505394843170942,0.8733293058179199,0.9092112885668695,4.811643835616438
42151,1.0,14131.0,7.076640011322624e-05,0.8912072252019345,0.11512471483182264,0.8732670775507679,0.9091473728531011,4.81175799086758
42228,2.0,14129.0,0.00014155283459551277,0.8910810722929952,0.11526626766641815,0.8731426121779254,0.9090195324080649,4.82054794520548
42253,1.0,14127.0,7.078643731860976e-05,0.8910179958385255,0.11533705410373676,0.8730803795066798,0.9089556121703711,4.823401826484019
42295,1.0,14126.0,7.079144839303412e-05,0.8909549193840558,0.1154078455521298,0.8730181468455532,0.9088916919225584,4.828196347031963
42330,1.0,14125.0,7.079646017699115e-05,0.8908918429295862,0.11547864201230679,0.8729559141945473,0.9088277716646251,4.832191780821918
42362,1.0,14124.0,7.080147267063155e-05,0.8908287664751167,0.11554944348497742,0.8728936815536632,0.9087638513965701,4.835844748858447
42399,1.0,14122.0,7.08114997875655e-05,0.8907656855541086,0.11562025498476498,0.8728314444859424,0.9086999266222748,4.840068493150685
42454,1.0,14120.0,7.082152974504249e-05,0.8907026001656133,0.11569107651451002,0.8727692029904418,0.9086359973407848,4.846347031963471
42472,1.0,14119.0,7.082654578936186e-05,0.890639514777118,0.11576190306029939,0.872706961505073,0.908572068049163,4.848401826484018
42480,1.0,14118.0,7.083156254426973e-05,0.8905764293886227,0.11583273462284366,0.8726447200298376,0.9085081387474078,4.8493150684931505
42485,1.0,14117.0,7.083658000991713e-05,0.8905133440001274,0.11590357120285358,0.872582478564737,0.9084442094355177,4.849885844748859
42502,1.0,14115.0,7.084661707403471e-05,0.8904502541422457,0.11597441781992761,0.8725202326699715,0.9083802756145198,4.8518264840182646
42507,1.0,14114.0,7.085163667280714e-05,0.890387164284364,0.11604526945660042,0.8724579867853466,0.9083163417833815,4.852397260273973
42516,1.0,14113.0,7.085665698292355e-05,0.8903240744264823,0.11611612611358334,0.8723957409108635,0.9082524079421012,4.853424657534247
42518,1.0,14112.0,7.086167800453515e-05,0.8902609845686006,0.11618698779158787,0.8723334950465238,0.9081884740906774,4.8536529680365295
42527,1.0,14111.0,7.086669973779322e-05,0.8901978947107189,0.11625785449132567,0.8722712491923288,0.9081245402291089,4.854680365296804
42548,1.0,14110.0,7.087172218284904e-05,0.8901348048528371,0.11632872621350852,0.8722090033482802,0.908060606357394,4.857077625570776
42552,1.0,14109.0,7.0876745339854e-05,0.8900717149949554,0.11639960295884838,0.8721467575143792,0.9079966724755316,4.857534246575343
42570,1.0,14108.0,7.088176920895946e-05,0.8900086251370737,0.11647048472805734,0.8720845116906274,0.90793273858352,4.859589041095891
42620,1.0,14106.0,7.08918190840777e-05,0.8899455308066372,0.11654137654714142,0.8720222614340676,0.9078688001792068,4.865296803652968
42625,2.0,14105.0,0.00014179369018078695,0.8898193421457643,0.1166831702373222,0.8718977609514141,0.9077409233401145,4.8658675799086755
42637,1.0,14103.0,7.090689924129617e-05,0.8897562478153278,0.11675407713656351,0.8718355107253233,0.9076769849053323,4.867237442922375
42638,1.0,14102.0,7.091192738618636e-05,0.8896931534848913,0.1168249890639497,0.8717732605093915,0.9076130464603911,4.867351598173516
42714,1.0,14099.0,7.092701610043265e-05,0.8896300502042697,0.11689591608005014,0.8717110014126416,0.9075490989958978,4.876027397260274
42719,1.0,14098.0,7.093204709887927e-05,0.889566946923648,0.11696684812714901,0.8716487423260594,0.9074851515212367,4.876598173515982
42739,1.0,14096.0,7.094211123723042e-05,0.8895038391663463,0.11703779023838624,0.8715864788025722,0.9074211995301205,4.878881278538813
42769,1.0,14095.0,7.094714437743881e-05,0.8894407314090448,0.11710873738276369,0.8715242152892587,0.9073572475288308,4.88230593607306
42770,1.0,14094.0,7.095217823187172e-05,0.8893776236517432,0.11717968956099556,0.8714619517861202,0.9072932955173663,4.882420091324201
42777,2.0,14093.0,0.00014191442560136238,0.88925140813714,0.11732160398659693,0.8713374248103739,0.9071653914639061,4.883219178082192
42786,1.0,14091.0,7.096728408203818e-05,0.8891883003798383,0.11739257127067897,0.8712751613377689,0.9071014394219077,4.884246575342465
42793,1.0,14090.0,7.097232079489e-05,0.8891251926225366,0.11746354359147386,0.8712128978753447,0.9070374873697286,4.885045662100457
42864,1.0,14089.0,7.097735822272695e-05,0.8890620848652351,0.11753452094969659,0.8711506344231028,0.9069735353073674,4.8931506849315065
42871,1.0,14088.0,7.098239636570131e-05,0.8889989771079334,0.11760550334606229,0.8710883709810444,0.9069095832348224,4.893949771689497
42889,1.0,14086.0,7.099247479767145e-05,0.888935864870456,0.11767649582085996,0.8710261030986136,0.9068456266422983,4.8960045662100455
42891,1.0,14085.0,7.099751508697196e-05,0.8888727526329785,0.11774749333594693,0.8709638352263722,0.9067816700395848,4.896232876712329
42999,1.0,14081.0,7.101768340316739e-05,0.8888096269492464,0.1178185110193501,0.8709015540069296,0.9067176998915631,4.9085616438356166
43023,1.0,14080.0,7.102272727272727e-05,0.8887465012655141,0.11788953374662284,0.8708392727976877,0.9066537297333406,4.911301369863014
43024,1.0,14078.0,7.103281716152862e-05,0.8886833710977868,0.11796056656378437,0.8707769871442768,0.9065897550512969,4.911415525114156
43046,1.0,14076.0,7.104290991759022e-05,0.8886202364451087,0.11803160947370196,0.8707146970457463,0.906525775844471,4.91392694063927
43058,1.0,14075.0,7.104795737122558e-05,0.8885571017924305,0.11810265743107319,0.8706524069574271,0.906461796627434,4.915296803652968
43075,1.0,14074.0,7.105300554213443e-05,0.8884939671397524,0.11817371043661533,0.8705901168793204,0.9063978174001843,4.917237442922374
43081,1.0,14073.0,7.105805443046969e-05,0.8884308324870742,0.1182447684910458,0.8705278268114277,0.9063338381627207,4.9179223744292235
43100,1.0,14072.0,7.10631040363843e-05,0.8883676978343961,0.11831583159508219,0.8704655367537505,0.9062698589150416,4.920091324200913
43145,1.0,14071.0,7.106815436003127e-05,0.8883045631817179,0.11838689974944222,0.8704032467062902,0.9062058796571456,4.925228310502283
43152,1.0,14070.0,7.107320540156361e-05,0.8882414285290398,0.11845797295484378,0.8703409566690482,0.9061419003890313,4.926027397260274
43154,1.0,14069.0,7.107825716113441e-05,0.8881782938763616,0.11852905121200491,0.870278666642026,0.9060779211106972,4.926255707762557
43167,1.0,14068.0,7.108330963889678e-05,0.8881151592236834,0.11860013452164381,0.8702163766252251,0.9060139418221418,4.927739726027397
43169,1.0,14067.0,7.108836283500391e-05,0.8880520245710053,0.11867122288447882,0.8701540866186468,0.9059499625233638,4.9279680365296805
43276,1.0,14064.0,7.110352673492605e-05,0.8879888809401343,0.11874232641121374,0.8700917877033769,0.9058859741768917,4.9401826484018265
43280,1.0,14063.0,7.110858280594468e-05,0.8879257373092633,0.11881343499401968,0.8700294887983384,0.9058219858201881,4.940639269406392
43291,1.0,14062.0,7.111363959607453e-05,0.8878625936783922,0.11888454863361575,0.8699671899035326,0.9057579974532517,4.94189497716895
43316,1.0,14059.0,7.112881428266591e-05,0.887799441064858,0.11895567744789842,0.8699048820955831,0.9056940000341328,4.944748858447489
43363,1.0,14058.0,7.113387395077535e-05,0.8877362884513237,0.1190268113218492,0.8698425742978751,0.9056300026047722,4.950114155251142
43373,1.0,14057.0,7.113893433876361e-05,0.8876731358377894,0.11909795025618795,0.8697802665104101,0.9055660051651687,4.951255707762557
43388,1.0,14056.0,7.11439954467843e-05,0.8876099832242551,0.11916909425163474,0.8697179587331896,0.9055020077153206,4.95296803652968
43392,1.0,14055.0,7.114905727499111e-05,0.8875468306107208,0.11924024330890974,0.869655650966215,0.9054380102552266,4.953424657534247
43498,1.0,14051.0,7.116931179275497e-05,0.8874836645136024,0.1193114126207025,0.8695933298148513,0.9053739992123535,4.965525114155251
43537,1.0,14050.0,7.117437722419929e-05,0.8874204984164841,0.1193825869979267,0.8695310086737453,0.9053099881592228,4.969977168949772
43609,1.0,14049.0,7.11794433767528e-05,0.8873573323193656,0.11945376644130346,0.8694686875428982,0.9052459770958331,4.978196347031964
43630,1.0,14048.0,7.118451025056947e-05,0.8872941662222472,0.11952495095155402,0.8694063664223116,0.9051819660221828,4.980593607305936
43631,1.0,14047.0,7.118957784580338e-05,0.8872310001251288,0.11959614052939982,0.8693440453119871,0.9051179549382705,4.980707762557078
43666,1.0,14046.0,7.119464616260858e-05,0.8871678340280105,0.11966733517556243,0.8692817242119258,0.9050539438440951,4.984703196347032
43686,1.0,14045.0,7.119971520113919e-05,0.8871046679308922,0.11973853489076357,0.8692194031221296,0.9049899327396547,4.986986301369863
43702,2.0,14044.0,0.00014240956992309884,0.8869783357366554,0.11988094446068667,0.8690947609733374,0.9048619104999734,4.988812785388128
43777,1.0,14042.0,7.121492664862555e-05,0.886915169639537,0.11995215938733529,0.8690324399143443,0.9047978993647297,4.997374429223744
43793,2.0,14041.0,0.00014243999715120005,0.8867888374453001,0.1200945993844865,0.8689077978271715,0.9046698770634287,4.999200913242009
43851,1.0,14039.0,7.123014459719353e-05,0.8867256713481817,0.12016582952908368,0.8688454767989949,0.9046058658973685,5.005821917808219
43854,1.0,14038.0,7.123521869212138e-05,0.8866625052510633,0.1202370647477758,0.8687831557810932,0.9045418547210333,5.006164383561644
43869,1.0,14037.0,7.124029351000925e-05,0.8865993391539448,0.12030830504128581,0.8687208347734682,0.9044778435344215,5.007876712328767
43872,1.0,14036.0,7.124536905101169e-05,0.8865361730568264,0.12037955041033682,0.8686585137761209,0.9044138323375319,5.008219178082192
43914,1.0,14035.0,7.125044531528322e-05,0.886473006959708,0.1204508008556521,0.8685961927890532,0.9043498211303628,5.013013698630137
43943,1.0,14034.0,7.125552230297848e-05,0.8864098408625896,0.12052205637795509,0.8685338718122663,0.9042858099129129,5.016324200913242
44002,1.0,14033.0,7.126060001425212e-05,0.8863466747654711,0.12059331697796934,0.8684715508457618,0.9042217986851805,5.023059360730594
44014,1.0,14032.0,7.126567844925884e-05,0.8862835086683527,0.12066458265641859,0.868409229889541,0.9041577874471645,5.024429223744292
44029,1.0,14031.0,7.127075760815338e-05,0.8862203425712343,0.12073585341402675,0.8683469089436054,0.9040937761988631,5.026141552511415
44056,2.0,14030.0,0.00014255167498218105,0.8860940103769974,0.12087840508900893,0.8682222670825961,0.9039657536713988,5.029223744292238
44062,1.0,14028.0,7.128599942971201e-05,0.886030844279879,0.12094969108843864,0.8681599461675251,0.9039017423922329,5.029908675799087
44078,1.0,14027.0,7.129108148570614e-05,0.8859676781827606,0.12102098216992435,0.8680976252627451,0.903837731102776,5.031735159817352
44092,1.0,14026.0,7.129616426636246e-05,0.8859045120856421,0.12109227833419071,0.8680353043682578,0.9037737198030265,5.033333333333333
44130,1.0,14025.0,7.130124777183601e-05,0.8858413459885237,0.12116357958196255,0.8679729834840645,0.9037097084929829,5.037671232876712
44156,1.0,14024.0,7.13063320022818e-05,0.8857781798914053,0.12123488591396483,0.8679106626101666,0.903645697172644,5.040639269406393
44157,1.0,14023.0,7.131141695785496e-05,0.8857150137942869,0.1213061973309227,0.8678483417465656,0.9035816858420082,5.0407534246575345
44194,1.0,14019.0,7.133176403452457e-05,0.8856518341799211,0.12137752909495722,0.8677860074650843,0.9035176608947579,5.044977168949772
44197,1.0,14018.0,7.133685261806249e-05,0.8855886545655552,0.12144886594757529,0.8677236731939116,0.9034536359371989,5.045319634703197
44225,1.0,14015.0,7.135212272565108e-05,0.8855254659351902,0.12152021807030093,0.8676613299764339,0.9033896018939466,5.04851598173516
44245,1.0,14014.0,7.135721421435707e-05,0.8854622773048252,0.1215915752845153,0.8675989867692737,0.9033255678403767,5.050799086757991
44272,1.0,14013.0,7.136230642974381e-05,0.8853990886744602,0.12166293759094504,0.8675366435724324,0.9032615337764879,5.053881278538813
44276,1.0,14012.0,7.136739937196689e-05,0.8853359000440951,0.12173430499031701,0.8674743003859116,0.9031974997022787,5.054337899543379
44299,1.0,14011.0,7.137249304118193e-05,0.8852727114137301,0.12180567748335819,0.8674119572097126,0.9031334656177475,5.0569634703196344
44349,1.0,14009.0,7.138268256121065e-05,0.8852095182727912,0.1218770601659194,0.8673496095629619,0.9030694269826204,5.0626712328767125
44370,1.0,14008.0,7.138777841233581e-05,0.8851463251318522,0.12194844794433174,0.867287261926539,0.9030053883371654,5.065068493150685
44382,1.0,14007.0,7.139287499107589e-05,0.8850831319909133,0.12201984081932281,0.8672249143004453,0.9029413496813812,5.066438356164384
44388,1.0,14006.0,7.139797229758674e-05,0.8850199388499743,0.1220912387916204,0.8671625666846824,0.9028773110152662,5.067123287671233
44393,1.0,14005.0,7.140307033202428e-05,0.8849567457090354,0.12216264186195243,0.8671002190792515,0.9028132723388193,5.0676940639269406
44414,1.0,14004.0,7.140816909454442e-05,0.8848935525680964,0.12223405003104697,0.8670378714841543,0.9027492336520385,5.070091324200913
44440,1.0,14003.0,7.141326858530314e-05,0.8848303594271575,0.12230546329963227,0.8669755238993923,0.9026851949549227,5.073059360730594
44442,1.0,14002.0,7.141836880445651e-05,0.8847671662862185,0.12237688166843673,0.8669131763249668,0.9026211562474703,5.073287671232877
44564,1.0,13999.0,7.143367383384528e-05,0.8847039641170431,0.12244831534227058,0.8668508197920626,0.9025571084420236,5.087214611872146
44577,1.0,13998.0,7.143877696813831e-05,0.8846407619478677,0.12251975411923871,0.8667884632695038,0.9024930606262316,5.088698630136986
44631,1.0,13996.0,7.144898542440698e-05,0.8845775552629614,0.12259120310466312,0.8667261022712737,0.9024290082546492,5.09486301369863
44658,2.0,13995.0,0.0001429081814933905,0.8844511418931489,0.12273411128615651,0.8666013803058686,0.9023009034804291,5.097945205479452
44690,1.0,13993.0,7.14643035803616e-05,0.8843879352082425,0.12280557558973687,0.8665390193386967,0.9022368510777884,5.101598173515982
44724,1.0,13991.0,7.147451933385748e-05,0.8843247240056689,0.12287705010907073,0.8664766538939311,0.9021727941174066,5.105479452054794
44737,1.0,13989.0,7.14847380084352e-05,0.8842615082844589,0.12294853484707916,0.8664142839706088,0.902108732598309,5.106963470319634
44792,1.0,13987.0,7.149495960534782e-05,0.8841982880436435,0.1230200298066845,0.8663519095677661,0.902044666519521,5.11324200913242
44848,1.0,13986.0,7.15000715000715e-05,0.8841350678028282,0.12309152987818457,0.8662895351752925,0.901980600430364,5.119634703196347
44862,1.0,13985.0,7.150518412584913e-05,0.884071847562013,0.12316303506231042,0.8662271607931894,0.9019165343308365,5.1212328767123285
44889,1.0,13984.0,7.151029748283753e-05,0.8840086273211976,0.12323454535979327,0.8661647864214582,0.9018524682209369,5.124315068493151
44927,2.0,13979.0,0.00014307175048286716,0.8838821506594448,0.12337761711027613,0.8660400017668137,0.9017242995520758,5.12865296803653
44976,2.0,13972.0,0.000143143429716576,0.8837556287369341,0.12352076053999271,0.8659151721902586,0.9015960852836097,5.134246575342465
44990,1.0,13970.0,7.158196134574088e-05,0.8836923677756788,0.12359234250133845,0.8658527574175895,0.9015319781337682,5.135844748858448
45090,1.0,13962.0,7.162297665090961e-05,0.883629075097855,0.12366396547798936,0.8657903111468777,0.9014678390488324,5.147260273972603
45102,1.0,13961.0,7.162810686913545e-05,0.8835657824200313,0.12373559358485849,0.8657278648865959,0.9014036999534666,5.148630136986301
45193,1.0,13958.0,7.164350193437455e-05,0.8835024806731894,0.12380723708679287,0.8656654096271941,0.9013395517191847,5.159018264840182
45214,1.0,13957.0,7.164863509350147e-05,0.8834391789263475,0.12387888572188636,0.8656029543782311,0.9012754034744639,5.161415525114156
45223,1.0,13956.0,7.165376898824878e-05,0.8833758771795056,0.12395053949087462,0.8655404991397085,0.9012112552193027,5.162442922374429
45229,1.0,13955.0,7.165890361877464e-05,0.8833125754326636,0.1240221983944934,0.8654780439116279,0.9011471069536994,5.163127853881279
45241,1.0,13954.0,7.166403898523721e-05,0.8832492736858216,0.12409386243347863,0.8654155886939905,0.9010829586776528,5.164497716894977
45324,1.0,13949.0,7.168972686214065e-05,0.8831859537866399,0.12416555216034077,0.8653531154534175,0.9010187921198622,5.173972602739726
45325,1.0,13948.0,7.169486664754803e-05,0.8831226338874582,0.12423724702698831,0.865290642223303,0.9009546255516133,5.174086757990867
45343,1.0,13947.0,7.170000717000071e-05,0.8830593139882764,0.1243089470341583,0.8652281690036483,0.9008904589729045,5.176141552511416
45353,1.0,13946.0,7.170514842965726e-05,0.8829959940890947,0.12438065218258797,0.8651656957944549,0.9008262923837345,5.177283105022831
45358,1.0,13945.0,7.171029042667623e-05,0.8829326741899131,0.12445236247301464,0.8651032225957244,0.9007621257841018,5.177853881278539
45367,1.0,13944.0,7.171543316121629e-05,0.8828693542907313,0.12452407790617585,0.8650407494074581,0.9006979591740045,5.178881278538813
45401,1.0,13943.0,7.172057663343613e-05,0.8828060343915496,0.12459579848280929,0.8649782762296577,0.9006337925534414,5.182762557077625
45415,1.0,13941.0,7.17308657915501e-05,0.8827427099503766,0.12466752934860084,0.8649157985500827,0.9005696213506705,5.184360730593608
45527,1.0,13937.0,7.175145296692258e-05,0.8826793718783418,0.12473928080156776,0.8648533073393684,0.9005054364173152,5.197146118721461
45562,1.0,13934.0,7.176690110521028e-05,0.8826160247151525,0.12481104770267297,0.8647908071074847,0.9004412423228204,5.201141552511416
45587,1.0,13933.0,7.177205196296562e-05,0.8825526775519633,0.12488281975463593,0.8647283068860907,0.9003770482178359,5.203995433789954
45604,1.0,13932.0,7.17772035601493e-05,0.8824893303887742,0.12495459695819608,0.8646658066751882,0.9003128541023602,5.205936073059361
45605,1.0,13931.0,7.178235589692053e-05,0.8824259832255851,0.125026379314093,0.8646033064747786,0.9002486599763916,5.206050228310502
45616,1.0,13930.0,7.178750897343863e-05,0.882362636062396,0.12509816682306643,0.8645408062848632,0.9001844658399287,5.20730593607306
45636,1.0,13928.0,7.179781734635267e-05,0.8822992843510187,0.12516996464041277,0.8644783015870136,0.9001202671150238,5.2095890410958905
45662,1.0,13926.0,7.18081286801666e-05,0.8822359280904736,0.12524177276909293,0.8644157923802558,0.9000560638006914,5.212557077625571
45673,1.0,13924.0,7.181844297615628e-05,0.8821725672797806,0.1253135912120691,0.8643532786636154,0.8999918558959457,5.213812785388128
45675,1.0,13923.0,7.182360123536594e-05,0.8821092064690874,0.12538541481330445,0.8642907649574842,0.8999276479806906,5.214041095890411
45687,1.0,13922.0,7.182876023559833e-05,0.8820458456583944,0.12545724357354004,0.8642282512618641,0.8998634400549247,5.215410958904109
45717,1.0,13919.0,7.184424168402903e-05,0.8819824757434825,0.12552908781522407,0.8641657285320664,0.8997992229548987,5.218835616438356
45738,1.0,13918.0,7.184940364994971e-05,0.8819191058285707,0.12560093721887403,0.8641032058127887,0.8997350058443527,5.221232876712329
45741,1.0,13917.0,7.185456635769203e-05,0.8818557359136588,0.12567279178523172,0.8640406831040323,0.8996707887232854,5.221575342465753
45767,1.0,13916.0,7.185972980741592e-05,0.881792365998747,0.12574465151503914,0.8639781604057988,0.8996065715916952,5.224543378995434
45784,1.0,13915.0,7.186489399928136e-05,0.8817289960838351,0.1258165164090384,0.8639156377180897,0.8995423544495806,5.22648401826484
45786,1.0,13914.0,7.187005893344832e-05,0.8816656261689232,0.12588838646797185,0.8638531150409063,0.89947813729694,5.226712328767123
45809,1.0,13913.0,7.18752246100769e-05,0.8816022562540113,0.12596026169258193,0.8637905923742506,0.8994139201337721,5.229337899543379
45811,1.0,13912.0,7.18803910293272e-05,0.8815388863390995,0.12603214208361124,0.8637280697181238,0.8993497029600752,5.229566210045662
45812,1.0,13911.0,7.188555819135935e-05,0.8814755164241876,0.1261040276418026,0.8636655470725273,0.899285485775848,5.229680365296804
45829,1.0,13910.0,7.189072609633358e-05,0.8814121465092757,0.12617591836789893,0.8636030244374626,0.8992212685810888,5.23162100456621
45833,1.0,13909.0,7.189589474441009e-05,0.8813487765943638,0.12624781426264334,0.8635405018129315,0.8991570513757962,5.232077625570776
45850,1.0,13907.0,7.190623427051126e-05,0.88128540212276,0.12631972049691384,0.863477974672023,0.8990928295734969,5.2340182648401825
45951,1.0,13904.0,7.192174913693901e-05,0.8812220185351505,0.1263916422460508,0.8634154384852102,0.8990285985850908,5.245547945205479
45952,1.0,13903.0,7.192692224699705e-05,0.881158634947541,0.1264635691682978,0.8633529023089445,0.8989643675861375,5.245662100456621
45966,1.0,13902.0,7.193209610128039e-05,0.8810952513599315,0.12653550126439908,0.8632903661432272,0.8989001365766358,5.247260273972603
45984,1.0,13901.0,7.193727069994964e-05,0.8810318677723219,0.12660743853509904,0.8632278299880598,0.898835905556584,5.249315068493151
46007,1.0,13900.0,7.194244604316547e-05,0.8809684841847124,0.1266793809811422,0.8631652938434441,0.8987716745259807,5.251940639269407
46074,1.0,13899.0,7.194762213108857e-05,0.8809051005971028,0.1267513286032733,0.8631027577093814,0.8987074434848242,5.25958904109589
46148,1.0,13898.0,7.19527989638797e-05,0.8808417170094933,0.12682328140223717,0.8630402215858733,0.8986432124331133,5.268036529680366
46209,1.0,13895.0,7.196833393306946e-05,0.8807783242986614,0.12689524973617025,0.8629776764092797,0.8985789721880432,5.275
46284,1.0,13890.0,7.199424046076313e-05,0.8807149133321892,0.126967243976631,0.8629151131067744,0.898514713557604,5.2835616438356166
46302,1.0,13888.0,7.200460829493088e-05,0.8806514977998352,0.12703924858492593,0.8628525452787568,0.8984504503209136,5.285616438356165
46328,1.0,13887.0,7.200979333189313e-05,0.8805880822674812,0.12711125837825782,0.862789977461321,0.8983861870736414,5.288584474885845
46360,1.0,13886.0,7.201497911565606e-05,0.8805246667351272,0.12718327335737348,0.8627274096544686,0.8983219238157858,5.292237442922374
46397,1.0,13883.0,7.203054094936253e-05,0.880461242067063,0.12725530389832285,0.8626648327820832,0.8982576513520428,5.296461187214612
46471,1.0,13880.0,7.204610951008646e-05,0.8803978082599977,0.12732735000783293,0.8626022468408832,0.8981933696791122,5.304908675799087
46505,1.0,13878.0,7.205649228995533e-05,0.8803343698821148,0.12739940650012288,0.862539656369264,0.8981290833949656,5.308789954337899
46553,1.0,13875.0,7.207207207207208e-05,0.8802709223599612,0.12747147857219496,0.8624770568235773,0.898064787896345,5.314269406392694
46581,1.0,13874.0,7.207726683004181e-05,0.8802074748378076,0.127543555839025,0.8624144572885031,0.8980004923871121,5.317465753424657
46583,1.0,13873.0,7.208246233691343e-05,0.8801440273156539,0.1276156383013619,0.8623518577640426,0.8979361968672652,5.3176940639269406
46585,1.0,13872.0,7.20876585928489e-05,0.8800805797935002,0.12768772595995476,0.8622892582501974,0.897871901336803,5.317922374429224
46590,1.0,13871.0,7.209285559801023e-05,0.8800171322713465,0.12775981881555276,0.8622266587469691,0.8978076057957238,5.318493150684931
46603,1.0,13870.0,7.209805335255949e-05,0.8799536847491929,0.12783191686890533,0.8621640592543595,0.8977433102440263,5.319977168949772
46605,1.0,13869.0,7.210325185665874e-05,0.8798902372270392,0.127904020120762,0.8621014597723696,0.8976790146817087,5.320205479452055
46627,1.0,13867.0,7.211365111415591e-05,0.879826785129453,0.12797613377187614,0.8620388557553778,0.8976147145035283,5.322716894977169
46636,1.0,13865.0,7.21240533717995e-05,0.8797633284554445,0.12804825782524792,0.8619762472023995,0.8975504097084894,5.323744292237443
46637,1.0,13864.0,7.212925562608193e-05,0.8796998717814358,0.128120387080874,0.8619136386600519,0.8974861049028198,5.323858447488584
46681,1.0,13863.0,7.213445863088797e-05,0.8796364151074273,0.1281925215395049,0.8618510301283365,0.8974218000865181,5.328881278538812
46704,1.0,13862.0,7.213966238638003e-05,0.8795729584334187,0.12826466120189126,0.8617884216072547,0.8973574952595826,5.331506849315068
46771,1.0,13860.0,7.215007215007215e-05,0.8795094971810063,0.12833681127404134,0.8617258085482199,0.8972931858137928,5.339155251141553
46773,1.0,13859.0,7.21552781585973e-05,0.879446035928594,0.12840896655219994,0.8616631954998251,0.897228876357363,5.339383561643835
46819,1.0,13856.0,7.217090069284065e-05,0.8793825655160703,0.12848113745289277,0.861600573361596,0.8971645576705446,5.344634703196347
46847,1.0,13855.0,7.217610970768675e-05,0.8793190951035466,0.12855331356260047,0.8615379512340161,0.897100238973077,5.347831050228311
46853,1.0,13854.0,7.218131947451999e-05,0.8792556246910228,0.12862549488207498,0.8614753291170866,0.897035920264959,5.34851598173516
46875,1.0,13853.0,7.218652999350322e-05,0.8791921542784991,0.12869768141206847,0.8614127070108092,0.8969716015461889,5.351027397260274
46894,1.0,13851.0,7.219695328857122e-05,0.8791286792836049,0.12876987836535705,0.8613500803626383,0.8969072782045716,5.353196347031964
46961,1.0,13847.0,7.221780891167762e-05,0.8790651905366357,0.12884209617426873,0.8612874400625234,0.8968429410107479,5.360844748858447
46978,1.0,13846.0,7.222302470027445e-05,0.8790017017896664,0.128914319198969,0.8612247997730776,0.8967786038062552,5.362785388127854
46981,1.0,13845.0,7.222824124232574e-05,0.8789382130426971,0.12898654744021135,0.8611621594943022,0.8967142665910921,5.363127853881278
46989,1.0,13844.0,7.22334585379948e-05,0.8788747242957279,0.12905878089874934,0.8610995192261989,0.8966499293652569,5.364041095890411
47021,1.0,13842.0,7.224389539083947e-05,0.8788112309620842,0.12913102479414018,0.8610368744119241,0.8965855875122444,5.36769406392694
47090,1.0,13841.0,7.224911494834188e-05,0.8787477376284406,0.12920327390908853,0.8609742296083276,0.8965212456485536,5.3755707762557075
47150,1.0,13839.0,7.225955632632416e-05,0.8786842397067969,0.12927553346541487,0.8609115802572428,0.896456899156351,5.382420091324201
47172,1.0,13838.0,7.226477814713109e-05,0.878620741785153,0.129347798243562,0.8608489309168421,0.896392552653464,5.384931506849315
47188,1.0,13837.0,7.22700007227e-05,0.8785572438635092,0.1294200682442847,0.8607862815871272,0.8963282061398912,5.38675799086758
47233,1.0,13836.0,7.227522405319457e-05,0.8784937459418655,0.1294923434683379,0.8607236322680999,0.896263859615631,5.39189497716895
47258,1.0,13835.0,7.228044813877847e-05,0.8784302480202216,0.1295646239164767,0.8606609829597612,0.896199513080682,5.394748858447489
47298,1.0,13834.0,7.228567297961544e-05,0.8783667500985779,0.1296369095894563,0.8605983336621131,0.8961351665350427,5.39931506849315
47308,1.0,13833.0,7.22908985758693e-05,0.8783032521769342,0.1297092004880322,0.8605356843751569,0.8960708199787114,5.400456621004566
47317,1.0,13832.0,7.229612492770387e-05,0.8782397542552904,0.1297814966129599,0.8604730350988942,0.8960064734116867,5.40148401826484
47321,1.0,13831.0,7.230135203528306e-05,0.8781762563336466,0.1298537979649952,0.8604103858333263,0.8959421268339669,5.401940639269406
47367,1.0,13830.0,7.230657989877079e-05,0.8781127584120029,0.12992610454489395,0.8603477365784551,0.8958777802455506,5.407191780821917
47389,1.0,13829.0,7.231180851833104e-05,0.8780492604903591,0.12999841635341228,0.860285087334282,0.8958134336464363,5.409703196347032
47402,1.0,13828.0,7.231703789412785e-05,0.8779857625687153,0.1300707333913064,0.8602224381008083,0.8957490870366223,5.411187214611872
47466,1.0,13827.0,7.23222680263253e-05,0.8779222646470715,0.13014305565933273,0.8601597888780358,0.8956847404161071,5.418493150684932
47468,1.0,13826.0,7.232749891508752e-05,0.8778587667254277,0.13021538315824782,0.860097139665966,0.8956203937848894,5.418721461187214
47475,1.0,13825.0,7.233273056057866e-05,0.8777952688037839,0.13028771588880841,0.8600344904646003,0.8955560471429674,5.419520547945205
47595,1.0,13824.0,7.233796296296296e-05,0.8777317708821402,0.13036005385177138,0.8599718412739406,0.8954917004903398,5.433219178082192
47599,1.0,13823.0,7.234319612240469e-05,0.8776682729604964,0.13043239704789378,0.859909192093988,0.8954273538270049,5.433675799086758
47620,1.0,13822.0,7.234843003906815e-05,0.8776047750388526,0.13050474547793284,0.859846542924744,0.8953630071529611,5.436073059360731
47657,1.0,13821.0,7.235366471311772e-05,0.8775412771172088,0.13057709914264595,0.8597838937662106,0.8952986604682069,5.440296803652968
47672,1.0,13820.0,7.23589001447178e-05,0.877477779195565,0.13064945804279068,0.859721244618389,0.8952343137727411,5.442009132420091
47680,1.0,13819.0,7.236413633403285e-05,0.8774142812739212,0.13072182217912473,0.8596585954812808,0.8951699670665616,5.442922374429224
47710,1.0,13818.0,7.236937328122738e-05,0.8773507833522773,0.13079419155240596,0.8595959463548875,0.8951056203496672,5.44634703196347
47729,1.0,13816.0,7.237984944991314e-05,0.8772872808346635,0.13086657140185587,0.8595332926731039,0.895041268996223,5.448515981735159
47738,1.0,13815.0,7.238508867173362e-05,0.8772237783170497,0.1309389564905276,0.8594706390020416,0.8949769176320578,5.4495433789954335
47784,1.0,13814.0,7.239032865209208e-05,0.8771602757994358,0.1310113468191797,0.8594079853417018,0.8949125662571698,5.454794520547945
47813,1.0,13813.0,7.239556939115326e-05,0.8770967732818219,0.13108374238857085,0.8593453316920863,0.8948482148715575,5.458105022831051
47819,1.0,13812.0,7.240081088908195e-05,0.8770332707642081,0.13115614319945992,0.8592826780531965,0.8947838634752198,5.4587899543379
47856,1.0,13811.0,7.240605314604301e-05,0.8769697682465943,0.13122854925260596,0.8592200244250341,0.8947195120681546,5.463013698630137
47885,1.0,13810.0,7.24112961622013e-05,0.8769062657289806,0.13130096054876816,0.8591573708076005,0.8946551606503607,5.466324200913242
47947,1.0,13808.0,7.242178447276941e-05,0.8768427586124011,0.13137338233324095,0.8590947126318046,0.8945908045929977,5.473401826484018
48029,1.0,13806.0,7.243227582210633e-05,0.8767792468958567,0.13144581460906304,0.859032049896653,0.8945264438950604,5.482762557077626
48056,1.0,13805.0,7.243752263672582e-05,0.8767157351793123,0.13151825213169976,0.8589693871722411,0.8944620831863835,5.485844748858447
48060,1.0,13804.0,7.24427702115329e-05,0.8766522234627678,0.1315906949019113,0.8589067244585703,0.8943977224669654,5.486301369863014
48063,1.0,13803.0,7.244801854669275e-05,0.8765887117462234,0.131663142920458,0.8588440617556423,0.8943333617368046,5.486643835616438
48091,1.0,13802.0,7.245326764237067e-05,0.876525200029679,0.13173559618810038,0.8587813990634586,0.8942690009958995,5.489840182648402
48125,1.0,13801.0,7.245851749873198e-05,0.8764616883131346,0.13180805470559911,0.8587187363820208,0.8942046402442485,5.4937214611872145
48157,1.0,13800.0,7.246376811594203e-05,0.8763981765965901,0.13188051847371507,0.8586560737113302,0.89414027948185,5.497374429223744
48182,1.0,13799.0,7.246901949416625e-05,0.8763346648800456,0.13195298749320925,0.8585934110513885,0.8940759187087027,5.500228310502283
48188,1.0,13798.0,7.247427163357009e-05,0.8762711531635012,0.1320254617648428,0.8585307484021973,0.8940115579248051,5.5009132420091325
48192,1.0,13797.0,7.247952453431905e-05,0.8762076414469567,0.13209794128937713,0.8584680857637581,0.8939471971301554,5.501369863013698
48197,1.0,13796.0,7.248477819657872e-05,0.8761441297304123,0.1321704260675737,0.8584054231360726,0.8938828363247521,5.501940639269407
48239,1.0,13795.0,7.249003262051468e-05,0.8760806180138678,0.13224291610019423,0.8583427605191419,0.8938184755085937,5.506735159817351
48289,1.0,13793.0,7.250054375407815e-05,0.8760171016926894,0.1323154166439483,0.8582800933382252,0.8937541100471537,5.512442922374429
48323,1.0,13792.0,7.250580046403712e-05,0.875953585371511,0.13238792244441233,0.8582174261680698,0.8936897445749522,5.516324200913242
48342,1.0,13791.0,7.251105793633529e-05,0.8758900690503326,0.13246043350234868,0.8581547590086772,0.893625379091988,5.5184931506849315
48358,1.0,13790.0,7.25163161711385e-05,0.8758265527291542,0.13253294981851982,0.858092091860049,0.8935610135982595,5.520319634703196
48384,1.0,13789.0,7.252157516861267e-05,0.8757630364079758,0.13260547139368842,0.8580294247221867,0.893496648093765,5.523287671232877
48394,1.0,13788.0,7.25268349289237e-05,0.8756995200867973,0.13267799822861734,0.8579667575950918,0.8934322825785028,5.524429223744292
48395,1.0,13787.0,7.253209545223762e-05,0.8756360037656189,0.13275053032406958,0.857904090478766,0.8933679170524718,5.524543378995434
48436,1.0,13786.0,7.253735673872045e-05,0.8755724874444405,0.13282306768080832,0.8578414233732109,0.8933035515156701,5.529223744292238
48451,1.0,13784.0,7.254788160185723e-05,0.8755089665152875,0.13289561556241017,0.8577787517003556,0.8932391813302195,5.530936073059361
48463,1.0,13783.0,7.25531451788435e-05,0.8754454455861346,0.132968168707589,0.8577160800382772,0.893174811133992,5.532305936073059
48480,1.0,13782.0,7.255840951966333e-05,0.8753819246569816,0.13304072711710868,0.857653408386977,0.8931104409269862,5.534246575342466
48517,1.0,13781.0,7.256367462448299e-05,0.8753184037278287,0.13311329079173317,0.8575907367464568,0.8930460707092005,5.538470319634703
48551,1.0,13780.0,7.256894049346879e-05,0.8752548827986757,0.13318585973222663,0.857528065116718,0.8929817004806334,5.542351598173516
48574,1.0,13779.0,7.257420712678714e-05,0.8751913618695227,0.1332584339393534,0.8574653934977622,0.8929173302412833,5.544977168949772
48612,1.0,13778.0,7.257947452460444e-05,0.8751278409403698,0.133331013413878,0.8574027218895909,0.8928529599911487,5.549315068493151
48615,1.0,13777.0,7.258474268708717e-05,0.8750643200112168,0.1334035981565651,0.8573400502922057,0.8927885897302279,5.549657534246576
48622,1.0,13776.0,7.259001161440186e-05,0.8750007990820639,0.13347618816817952,0.8572773787056082,0.8927242194585195,5.5504566210045665
48638,1.0,13775.0,7.259528130671507e-05,0.8749372781529109,0.13354878344948623,0.8572147071297999,0.8926598491760219,5.552283105022831
48663,1.0,13774.0,7.26005517641934e-05,0.8748737572237579,0.13362138400125043,0.8571520355647823,0.8925954788827336,5.5551369863013695
48673,1.0,13773.0,7.260582298700355e-05,0.874810236294605,0.13369398982423744,0.857089364010557,0.8925311085786529,5.556278538812785
48674,1.0,13772.0,7.261109497531223e-05,0.874746715365452,0.13376660091921275,0.8570266924671256,0.8924667382637784,5.556392694063927
48676,1.0,13771.0,7.261636772928619e-05,0.874683194436299,0.13383921728694204,0.8569640209344895,0.8924023679381086,5.55662100456621
48719,1.0,13768.0,7.26321905868681e-05,0.8746196642798176,0.1339118494775289,0.8569013402451661,0.8923379883144692,5.561529680365297
48724,1.0,13767.0,7.263746640517178e-05,0.8745561341233362,0.13398448694393408,0.8568386595666474,0.892273608680025,5.562100456621004
48730,1.0,13766.0,7.26427429899753e-05,0.8744926039668548,0.13405712968692407,0.856775978898935,0.8922092290347746,5.562785388127854
48732,1.0,13765.0,7.264802034144569e-05,0.8744290738103734,0.13412977770726553,0.8567132982420306,0.8921448493787162,5.563013698630137
48741,1.0,13764.0,7.265329845975008e-05,0.874365543653892,0.1342024310057253,0.8566506175959355,0.8920804697118484,5.564041095890411
48748,1.0,13763.0,7.265857734505559e-05,0.8743020134974105,0.13427508958307036,0.8565879369606515,0.8920160900341696,5.5648401826484015
48761,1.0,13762.0,7.266385699752942e-05,0.8742384833409291,0.13434775344006789,0.85652525633618,0.8919517103456782,5.566324200913242
48767,2.0,13761.0,0.0001453382748346777,0.8741114230279663,0.13449309171490256,0.8563998951196811,0.8918229509362515,5.567009132420091
48785,1.0,13759.0,7.26797005596337e-05,0.8740478928714848,0.1345657714154622,0.8563372145276564,0.8917585712153131,5.56906392694064
48788,1.0,13758.0,7.268498328245384e-05,0.8739843627150033,0.13463845639874464,0.8562745339464508,0.8916941914835559,5.569406392694064
48837,1.0,13756.0,7.269555103227682e-05,0.8739208279401621,0.13471115194977692,0.8562118487876431,0.8916298070926811,5.575
48847,1.0,13755.0,7.270083605961468e-05,0.873857293165321,0.13478385278583654,0.8561491636396605,0.8915654226909815,5.576141552511416
48855,1.0,13754.0,7.270612185546023e-05,0.8737937583904798,0.134856558907692,0.8560864785025044,0.8915010382784552,5.5770547945205475
48865,1.0,13753.0,7.271140841998109e-05,0.8737302236156386,0.13492927031611196,0.8560237933761765,0.8914366538551006,5.578196347031963
48904,1.0,13752.0,7.271669575334496e-05,0.8736666888407973,0.1350019870118653,0.8559611082606783,0.8913722694209164,5.582648401826484
48907,1.0,13751.0,7.272198385571959e-05,0.8736031540659561,0.13507470899572102,0.8558984231560114,0.8913078849759009,5.582990867579909
48917,1.0,13750.0,7.272727272727273e-05,0.873539619291115,0.1351474362684483,0.8558357380621775,0.8912435005200525,5.584132420091324
48954,1.0,13749.0,7.273256236817223e-05,0.8734760845162739,0.13522016883081647,0.8557730529791778,0.89117911605337,5.588356164383562
48977,1.0,13748.0,7.273785277858598e-05,0.8734125497414327,0.13529290668359506,0.8557103679070142,0.8911147315758512,5.590981735159818
48984,1.0,13745.0,7.275372862859222e-05,0.873349005721808,0.13536566041222364,0.8556476736608043,0.8910503377828116,5.5917808219178085
48995,1.0,13744.0,7.275902211874272e-05,0.8732854617021832,0.13543841943434237,0.8555849794254399,0.8909859439789266,5.593036529680365
49002,1.0,13743.0,7.276431637924761e-05,0.8732219176825585,0.13551118375072163,0.8555222852009224,0.8909215501641946,5.593835616438356
49008,1.0,13742.0,7.276961141027506e-05,0.8731583736629339,0.13558395336213191,0.8554595909872535,0.8908571563386143,5.594520547945206
49011,2.0,13741.0,0.0001455498144239866,0.8730312856236846,0.1357295031765559,0.8553342025924675,0.8907283686549017,5.59486301369863
49028,1.0,13739.0,7.278550112817527e-05,0.8729677416040599,0.1358022886776841,0.8552715084113535,0.8906639747967663,5.5968036529680365
49047,1.0,13738.0,7.279079924297569e-05,0.8729041975844352,0.13587507947692706,0.8552088142410941,0.8905995809277762,5.598972602739726
49068,1.0,13737.0,7.279609812914028e-05,0.8728406535648104,0.1359478755750562,0.8551461200816912,0.8905351870479297,5.601369863013699
49073,1.0,13736.0,7.280139778683751e-05,0.8727771095451857,0.13602067697284304,0.8550834259331461,0.8904707931572253,5.601940639269406
49099,2.0,13735.0,0.0001456133964324718,0.8726500215059363,0.1361662903692755,0.854958037668636,0.8903420053432366,5.604908675799087
49103,1.0,13733.0,7.281730139081045e-05,0.8725864774863116,0.1362391076706663,0.8548953435526739,0.8902776114199492,5.605365296803653
49109,1.0,13732.0,7.282260413632391e-05,0.8725229334666869,0.13631193027480262,0.8548326494475761,0.8902132174857976,5.606050228310503
49175,1.0,13730.0,7.283321194464675e-05,0.8724593848189471,0.13638476348674727,0.8547699507551987,0.8901488188826956,5.613584474885845
49194,1.0,13729.0,7.283851700779372e-05,0.8723958361712074,0.13645760200375506,0.8547072520736917,0.8900844202687231,5.615753424657535
49200,1.0,13727.0,7.284912945290303e-05,0.872332282894004,0.13653045113320797,0.8546445488035652,0.8900200169844428,5.616438356164384
49216,1.0,13726.0,7.285443683520327e-05,0.8722687296168006,0.13660330557004316,0.8545818455443156,0.8899556136892856,5.618264840182649
49222,1.0,13725.0,7.285974499089253e-05,0.8722051763395972,0.13667616531503404,0.8545191422959443,0.88989121038325,5.618949771689498
49232,1.0,13724.0,7.28650539201399e-05,0.8721416230623937,0.1367490303689542,0.8544564390584528,0.8898268070663347,5.620091324200914
49233,1.0,13723.0,7.287036362311447e-05,0.8720780697851903,0.1368219007325773,0.8543937358318429,0.8897624037385378,5.620205479452054
49238,1.0,13722.0,7.287567409998542e-05,0.8720145165079869,0.1368947764066773,0.8543310326161159,0.8896980003998579,5.620776255707763
49248,1.0,13721.0,7.288098535092194e-05,0.8719509632307835,0.1369676573920282,0.8542683294112735,0.8896335970502934,5.6219178082191785
49271,1.0,13719.0,7.289161017566878e-05,0.8718874053210793,0.1370405490022039,0.8542056216147986,0.88956918902736,5.624543378995434
49292,1.0,13716.0,7.290755322251386e-05,0.8718238381436718,0.1371134565554264,0.8541429046214775,0.8895047716658662,5.626940639269407
49317,1.0,13715.0,7.291286912139993e-05,0.8717602709662644,0.1371863694245478,0.8540801876390552,0.8894403542934736,5.629794520547946
49357,1.0,13714.0,7.291818579553741e-05,0.8716967037888569,0.13725928761034334,0.8540174706675333,0.8893759369101805,5.634360730593607
49365,1.0,13713.0,7.29235032450959e-05,0.8716331366114495,0.13733221111358843,0.8539547537069134,0.8893115195159855,5.635273972602739
49387,1.0,13711.0,7.293414047115454e-05,0.8715695647978245,0.13740514525405959,0.853892032150968,0.8892470974446811,5.6377853881278535
49392,1.0,13710.0,7.293946024799416e-05,0.8715059929841996,0.13747808471430759,0.8538293106059309,0.8891826753624683,5.638356164383562
49401,1.0,13709.0,7.29447808009337e-05,0.8714424211705747,0.13755102949510853,0.8537665890718037,0.8891182532693457,5.639383561643836
49413,1.0,13708.0,7.295010213014298e-05,0.8713788493569498,0.13762397959723868,0.853703867548588,0.8890538311653116,5.640753424657534
49467,1.0,13704.0,7.297139521307647e-05,0.871315263626553,0.13769695099245177,0.853641132209494,0.888989395043612,5.646917808219178
49528,1.0,13702.0,7.298204641658152e-05,0.8712516732555395,0.13776993303886836,0.853578392270702,0.8889249542403771,5.653881278538813
49551,1.0,13700.0,7.299270072992701e-05,0.8711880782428931,0.1378429257395983,0.8535156477312015,0.8888605087545848,5.656506849315068
49576,1.0,13698.0,7.30033581544751e-05,0.8711244785875972,0.13791592909775277,0.8534528985899819,0.8887960585852126,5.659360730593607
49578,1.0,13697.0,7.300868803387604e-05,0.8710608789323014,0.13798893778578664,0.8533901494597009,0.888731608404902,5.659589041095891
49588,1.0,13696.0,7.301401869158878e-05,0.8709972792770055,0.13806195180447822,0.8533274003403598,0.8886671582136513,5.660730593607306
49589,1.0,13695.0,7.301935012778386e-05,0.8709336796217096,0.13813497115460602,0.8532646512319605,0.8886027080114588,5.660844748858447
49607,1.0,13694.0,7.30246823426318e-05,0.8708700799664137,0.13820799583694865,0.8532019021345043,0.8885382577983232,5.6628995433789955
49623,1.0,13693.0,7.303001533630322e-05,0.8708064803111178,0.13828102585228494,0.8531391530479929,0.8884738075742428,5.66472602739726
49679,1.0,13692.0,7.303534910896874e-05,0.870742880655822,0.1383540612013939,0.8530764039724279,0.888409357339216,5.671118721461188
49685,1.0,13691.0,7.304068366079907e-05,0.870679281000526,0.1384271018850547,0.8530136549078109,0.8883449070932412,5.671803652968037
49695,1.0,13690.0,7.304601899196493e-05,0.8706156813452302,0.13850014790404666,0.8529509058541435,0.8882804568363168,5.6729452054794525
49696,1.0,13689.0,7.305135510263716e-05,0.8705520816899343,0.1385731992591493,0.8528881568114272,0.8882160065684414,5.673059360730593
49703,1.0,13688.0,7.305669199298655e-05,0.8704884820346384,0.13864625595114227,0.8528254077796635,0.8881515562896132,5.673858447488584
49705,1.0,13687.0,7.306202966318405e-05,0.8704248823793425,0.13871931798080545,0.8527626587588542,0.8880871059998308,5.674086757990867
49734,1.0,13686.0,7.306736811340056e-05,0.8703612827240466,0.13879238534891886,0.8526999097490007,0.8880226556990924,5.677397260273972
49753,1.0,13685.0,7.307270734380708e-05,0.8702976830687507,0.13886545805626266,0.8526371607501048,0.8879582053873966,5.679566210045662
49760,1.0,13684.0,7.307804735457468e-05,0.8702340834134548,0.13893853610361723,0.8525744117621677,0.8878937550647418,5.680365296803653
49761,1.0,13683.0,7.308338814587444e-05,0.870170483758159,0.1390116194917631,0.8525116627851915,0.8878293047311264,5.6804794520547945
49763,1.0,13682.0,7.30887297178775e-05,0.8701068841028631,0.13908470822148097,0.8524489138191774,0.8877648543865487,5.680707762557078
49770,1.0,13681.0,7.309407207075506e-05,0.8700432844475672,0.13915780229355174,0.8523861648641272,0.8877004040310071,5.681506849315069
49801,1.0,13680.0,7.309941520467836e-05,0.8699796847922713,0.1392309017087564,0.8523234159200422,0.8876359536645003,5.685045662100457
49810,1.0,13679.0,7.31047591198187e-05,0.8699160851369754,0.13930400646787622,0.8522606669869243,0.8875715032870265,5.686073059360731
49812,1.0,13678.0,7.311010381634741e-05,0.8698524854816795,0.13937711657169258,0.8521979180647749,0.8875070528985841,5.686301369863013
49831,1.0,13677.0,7.311544929443592e-05,0.8697888858263836,0.13945023202098702,0.8521351691535957,0.8874426024991715,5.688470319634703
49862,1.0,13676.0,7.312079555425563e-05,0.8697252861710878,0.13952335281654127,0.8520724202533881,0.8873781520887875,5.692009132420091
49867,1.0,13675.0,7.312614259597807e-05,0.8696616865157919,0.13959647895913724,0.852009671364154,0.8873137016674298,5.692579908675799
49890,1.0,13672.0,7.314218841427736e-05,0.8695980775568601,0.13966962114755152,0.8519469132423205,0.8872492418713998,5.695205479452055
49908,1.0,13671.0,7.31475385853266e-05,0.8695344685979283,0.13974276868613686,0.85188415513147,0.8871847820643866,5.697260273972603
49909,1.0,13670.0,7.31528895391368e-05,0.8694708596389965,0.139815921575676,0.851821397031604,0.887120322246389,5.6973744292237445
49915,1.0,13669.0,7.315824127587973e-05,0.8694072506800647,0.13988907981695187,0.8517586389427241,0.8870558624174054,5.698059360730594
49928,1.0,13667.0,7.316894709885125e-05,0.8693436370669324,0.13996224876405072,0.8516958762406676,0.8869913978931973,5.6995433789954335
49951,1.0,13664.0,7.318501170960187e-05,0.869280014142674,0.14003543377576033,0.8516331042985517,0.8869269239867963,5.702168949771689
49966,1.0,13663.0,7.319036814755179e-05,0.8692163912184155,0.14010862414390787,0.8515703323674364,0.8868624500693947,5.703881278538812
49970,1.0,13661.0,7.320108337603396e-05,0.8691527636368901,0.1401818252272839,0.8515075558200957,0.8867979714536844,5.704337899543379
50006,1.0,13660.0,7.320644216691069e-05,0.8690891360553648,0.1402550316694508,0.8514447792837622,0.8867334928269673,5.708447488584475
50014,1.0,13659.0,7.321180174244088e-05,0.8690255084738393,0.14032824347119324,0.8513820027584369,0.8866690141892417,5.709360730593607
50015,2.0,13658.0,0.0001464343242055938,0.8688982533107885,0.14047467779539885,0.8512564497408185,0.8865400568807585,5.709474885844749
50018,2.0,13656.0,0.00014645577035735208,0.8687709981477377,0.1406211335657562,0.8511308967672533,0.8864110995282222,5.709817351598174
50044,1.0,13654.0,7.323861139592794e-05,0.8687073705662123,0.14069437217715214,0.8510681202969945,0.88634662083543,5.712785388127854
50056,1.0,13653.0,7.324397568300007e-05,0.8686437429846869,0.14076761615283515,0.851005343837754,0.8862821421316199,5.714155251141553
50063,1.0,13652.0,7.32493407559332e-05,0.8685801154031616,0.14084086549359107,0.850942567389533,0.8862176634167902,5.7149543378995435
50081,1.0,13651.0,7.32547066149e-05,0.8685164878216362,0.14091412020020597,0.8508797909523332,0.8861531846909391,5.717009132420091
50102,1.0,13650.0,7.326007326007326e-05,0.8684528602401108,0.14098738027346605,0.8508170145261564,0.8860887059540652,5.719406392694064
50110,1.0,13649.0,7.326544069162575e-05,0.8683892326585854,0.1410606457141577,0.8507542381110039,0.8860242272061668,5.720319634703197
50112,1.0,13648.0,7.327080890973036e-05,0.8683256050770599,0.14113391652306742,0.8506914617068776,0.8859597484472422,5.720547945205479
50162,1.0,13647.0,7.327617791455998e-05,0.8682619774955346,0.14120719270098198,0.8506286853137789,0.8858952696772903,5.726255707762557
50164,1.0,13646.0,7.328154770628756e-05,0.8681983499140092,0.14128047424868825,0.8505659089317095,0.885830790896309,5.72648401826484
50173,1.0,13645.0,7.328691828508612e-05,0.8681347223324838,0.14135376116697335,0.8505031325606709,0.8857663121042967,5.727511415525115
50184,1.0,13644.0,7.32922896511287e-05,0.8680710947509583,0.14142705345662449,0.8504403562006646,0.8857018333012521,5.728767123287671
50186,1.0,13643.0,7.329766180458844e-05,0.8680074671694329,0.14150035111842907,0.8503775798516924,0.8856373544871734,5.7289954337899545
50195,1.0,13642.0,7.330303474563847e-05,0.8679438395879076,0.14157365415317472,0.850314803513756,0.8855728756620591,5.730022831050229
50197,1.0,13641.0,7.330840847445201e-05,0.8678802120063822,0.14164696256164916,0.8502520271868568,0.8855083968259077,5.730251141552511
50205,1.0,13640.0,7.331378299120235e-05,0.8678165844248568,0.14172027634464035,0.8501892508709963,0.8854439179787172,5.7311643835616435
50211,1.0,13639.0,7.331915829606276e-05,0.8677529568433313,0.1417935955029364,0.8501264745661762,0.8853794391204864,5.7318493150684935
50213,1.0,13638.0,7.332453438920662e-05,0.8676893292618059,0.14186692003732562,0.8500636982723981,0.8853149602512136,5.732077625570776
50227,1.0,13637.0,7.332991127080736e-05,0.8676257016802804,0.14194024994859644,0.8500009219896638,0.885250481370897,5.733675799086758
50231,1.0,13636.0,7.333528894103843e-05,0.867562074098755,0.1420135852375375,0.8499381457179747,0.8851860024795353,5.734132420091324
50250,1.0,13635.0,7.334066740007334e-05,0.8674984465172296,0.14208692590493757,0.8498753694573324,0.8851215235771268,5.736301369863014
50257,1.0,13634.0,7.334604664808566e-05,0.8674348189357042,0.14216027195158565,0.8498125932077385,0.8850570446636699,5.737100456621005
50258,1.0,13633.0,7.335142668524903e-05,0.8673711913541787,0.1422336233782709,0.8497498169691947,0.8849925657391627,5.7372146118721465
50264,1.0,13632.0,7.335680751173709e-05,0.8673075637726533,0.14230698018578264,0.8496870407417024,0.8849280868036041,5.737899543378996
50303,1.0,13631.0,7.336218912772357e-05,0.8672439361911279,0.14238034237491037,0.8496242645252635,0.8848636078569924,5.742351598173516
50310,1.0,13630.0,7.336757153338224e-05,0.8671803086096025,0.14245370994644377,0.8495614883198794,0.8847991288993255,5.743150684931507
50338,1.0,13629.0,7.337295472888693e-05,0.8671166810280772,0.14252708290117266,0.8494987121255518,0.8847346499306025,5.74634703196347
50350,1.0,13628.0,7.33783387144115e-05,0.8670530534465517,0.14260046123988707,0.8494359359422822,0.8846701709508212,5.747716894977169
50351,1.0,13627.0,7.338372349012989e-05,0.8669894258650264,0.1426738449633772,0.8493731597700723,0.8846056919599804,5.74783105022831
50360,1.0,13626.0,7.338910905621606e-05,0.866925798283501,0.14274723407243342,0.8493103836089236,0.8845412129580784,5.748858447488584
50379,1.0,13625.0,7.339449541284403e-05,0.8668621707019756,0.14282062856784628,0.8492476074588378,0.8844767339451134,5.751027397260274
50400,1.0,13624.0,7.33998825601879e-05,0.8667985431204502,0.14289402845040647,0.8491848313198165,0.884412254921084,5.7534246575342465
50402,1.0,13623.0,7.340527049842179e-05,0.8667349155389249,0.1429674337209049,0.8491220551918612,0.8843477758859886,5.75365296803653
50403,1.0,13622.0,7.341065922771986e-05,0.8666712879573994,0.14304084438013262,0.8490592790749736,0.8842832968398253,5.7537671232876715
50423,1.0,13621.0,7.341604874825637e-05,0.8666076603758741,0.14311426042888087,0.8489965029691553,0.8842188177825929,5.756050228310502
50457,1.0,13620.0,7.342143906020558e-05,0.8665440327943488,0.14318768186794106,0.8489337268744078,0.8841543387142897,5.759931506849315
50462,1.0,13619.0,7.342683016374182e-05,0.8664804052128233,0.1432611086981048,0.8488709507907328,0.8840898596349138,5.760502283105023
50464,1.0,13618.0,7.34322220590395e-05,0.866416777631298,0.14333454092016384,0.848808174718132,0.884025380544464,5.760730593607306
50499,1.0,13617.0,7.343761474627305e-05,0.8663531500497725,0.1434079785349101,0.8487453986566067,0.8839609014429384,5.76472602739726
50517,1.0,13616.0,7.344300822561692e-05,0.8662895224682471,0.14348142154313573,0.8486826226061588,0.8838964223303354,5.766780821917808
50539,1.0,13615.0,7.344840249724569e-05,0.8662258948867217,0.14355486994563296,0.8486198465667899,0.8838319432066536,5.769292237442922
50562,1.0,13614.0,7.345379756133391e-05,0.8661622673051964,0.14362832374319429,0.8485570705385015,0.8837674640718913,5.771917808219178
50564,1.0,13613.0,7.345919341805627e-05,0.866098639723671,0.14370178293661234,0.8484942945212952,0.8837029849260467,5.772146118721461
50586,1.0,13612.0,7.346459006758743e-05,0.8660350121421455,0.14377524752667994,0.8484315185151725,0.8836385057691185,5.774657534246575
50592,1.0,13611.0,7.346998751010212e-05,0.8659713845606201,0.14384871751419004,0.8483687425201353,0.8835740266011048,5.7753424657534245
50610,1.0,13609.0,7.34807847747814e-05,0.8659077523036901,0.14392219829896483,0.8483059618908939,0.8835095427164863,5.777397260273973
50631,1.0,13608.0,7.348618459729571e-05,0.86584412004676,0.14399568448356212,0.8482431812727441,0.883445058820776,5.779794520547945
50636,1.0,13607.0,7.349158521349305e-05,0.86578048778983,0.14406917606877562,0.8481804006656878,0.8833805749139721,5.780365296803653
50642,1.0,13606.0,7.349698662354843e-05,0.8657168555329,0.14414267305539916,0.8481176200697267,0.8833160909960733,5.7810502283105025
50654,1.0,13605.0,7.350238882763689e-05,0.8656532232759699,0.1442161754442268,0.8480548394848622,0.8832516070670777,5.782420091324201
50696,1.0,13604.0,7.350779182593354e-05,0.86558959101904,0.14428968323605273,0.8479920589110959,0.8831871231269841,5.787214611872146
50709,1.0,13603.0,7.351319561861354e-05,0.8655259587621099,0.14436319643167134,0.8479292783484295,0.8831226391757904,5.788698630136986
50711,1.0,13602.0,7.351860020585208e-05,0.8654623265051798,0.1444367150318772,0.8478664977968645,0.8830581552134952,5.78892694063927
50714,1.0,13601.0,7.352400558782443e-05,0.8653986942482499,0.14451023903746502,0.8478037172564028,0.882993671240097,5.789269406392694
50732,1.0,13599.0,7.353481873667182e-05,0.8653350573121334,0.1445837738562017,0.8477409320779854,0.8829291825462815,5.791324200913242
50749,1.0,13598.0,7.354022650389763e-05,0.865271420376017,0.1446573140827056,0.8476781469106777,0.8828646938413564,5.7932648401826485
50750,1.0,13597.0,7.35456350665588e-05,0.8652077834399005,0.14473085971777216,0.847615361754481,0.8828002051253199,5.79337899543379
50752,1.0,13596.0,7.355104442483083e-05,0.8651441465037839,0.144804410762197,0.8475525766093972,0.8827357163981706,5.793607305936073
50779,1.0,13595.0,7.35564545788893e-05,0.8650805095676675,0.14487796721677587,0.8474897914754279,0.882671227659907,5.796689497716895
50855,1.0,13592.0,7.357268981753973e-05,0.8650168632676698,0.1449515399065934,0.8474269970489593,0.8826067294863803,5.805365296803653
50875,1.0,13591.0,7.357810315650063e-05,0.8649532169676722,0.1450251180097499,0.847364202633615,0.8825422313017295,5.8076484018264845
50881,1.0,13590.0,7.358351729212656e-05,0.8648895706676746,0.14509870152704202,0.8473014082293964,0.8824777331059528,5.808333333333334
50917,1.0,13589.0,7.358893222459342e-05,0.8648259243676769,0.1451722904592666,0.8472386138363053,0.8824132348990485,5.812442922374429
50934,1.0,13587.0,7.359976448075366e-05,0.8647622733833266,0.14524589022374737,0.8471758148001287,0.8823487319665244,5.814383561643836
50946,1.0,13586.0,7.360518180479906e-05,0.8646986223989763,0.14531949540555217,0.8471130157750862,0.8822842290228664,5.815753424657534
50948,1.0,13585.0,7.36105999263894e-05,0.864634971414626,0.14539310600547856,0.8470502167611792,0.8822197260680728,5.815981735159817
51017,1.0,13580.0,7.363770250368188e-05,0.8645713016818267,0.14546674370798224,0.8469873991305273,0.8821552042331261,5.823858447488584
51024,1.0,13579.0,7.364312541424258e-05,0.8645076319490274,0.14554038683339648,0.8469245815110272,0.8820906823870275,5.824657534246575
51040,1.0,13578.0,7.364854912358227e-05,0.864443962216228,0.14561403538252007,0.8468617639026808,0.8820261605297752,5.82648401826484
51049,1.0,13577.0,7.365397363187744e-05,0.8643802924834286,0.14568768935615195,0.8467989463054895,0.8819616386613678,5.827511415525114
51063,1.0,13576.0,7.365939893930465e-05,0.8643166227506293,0.14576134875509125,0.8467361287194549,0.8818971167818036,5.829109589041096
51078,1.0,13574.0,7.367025195226167e-05,0.8642529483272647,0.14583501900704351,0.8466733064841618,0.8818325901703676,5.830821917808219
51092,1.0,13573.0,7.367567965814484e-05,0.8641892739039002,0.14590869468670167,0.846610484260032,0.8817680635477684,5.832420091324201
51093,1.0,13572.0,7.368110816386678e-05,0.8641255994805357,0.14598237579486553,0.8465476620470672,0.8817035369140042,5.832534246575342
51097,1.0,13571.0,7.36865374696043e-05,0.864061925057171,0.14605606233233515,0.8464848398452689,0.8816390102690732,5.832990867579909
51119,1.0,13570.0,7.369196757553427e-05,0.8639982506338064,0.14612975429991068,0.8464220176546388,0.8815744836129741,5.835502283105023
51122,1.0,13569.0,7.369739848183359e-05,0.8639345762104419,0.14620345169839252,0.8463591954751786,0.8815099569457052,5.835844748858447
51157,2.0,13568.0,0.00014740566037735848,0.8638072273637127,0.14635085735876988,0.8462335511497742,0.8813809035776513,5.839840182648402
51159,1.0,13566.0,7.371369600471768e-05,0.8637435529403482,0.1464245710547746,0.8461707290038333,0.8813163768768632,5.840068493150685
51188,1.0,13565.0,7.371913011426465e-05,0.8636798785169837,0.14649829018488886,0.8461079068690688,0.8812518501648986,5.84337899543379
51190,1.0,13563.0,7.37300007373e-05,0.8636161993989039,0.14657202018562615,0.8460450800809293,0.8811873187168785,5.843607305936073
51196,1.0,13562.0,7.37354372511429e-05,0.8635525202808241,0.1466457556228773,0.8459822533039727,0.8811227872576755,5.8442922374429225
51222,1.0,13560.0,7.374631268436578e-05,0.863488836466644,0.14671950193556166,0.8459194218722652,0.8810582510610228,5.847260273972603
51229,1.0,13558.0,7.37571913261543e-05,0.8634251479553247,0.14679325912688782,0.845856585784774,0.8809937101258754,5.848059360730594
51266,1.0,13555.0,7.377351530800442e-05,0.8633614500469546,0.14686703264219583,0.8457937403717602,0.880929159722149,5.852283105022831
51269,1.0,13554.0,7.377895824110964e-05,0.8632977521385846,0.14694081160043695,0.8457308949699491,0.8808646093072201,5.852625570776255
51288,1.0,13552.0,7.378984651711924e-05,0.8632340495299557,0.14701460144695408,0.8456680449092526,0.8808000541506589,5.854794520547945
51339,1.0,13551.0,7.379529186037931e-05,0.8631703469213269,0.14708839673881446,0.8456051948597654,0.8807354989828884,5.860616438356164
51356,1.0,13550.0,7.380073800738008e-05,0.863106644312698,0.14716219747682185,0.8455423448214889,0.8806709438039071,5.862557077625571
51374,1.0,13549.0,7.380618495829951e-05,0.8630429417040691,0.14723600366178016,0.845479494794425,0.8806063886137133,5.864611872146119
51381,1.0,13548.0,7.381163271331562e-05,0.8629792390954403,0.14730981529449347,0.845416644778575,0.8805418334123055,5.86541095890411
51386,1.0,13546.0,7.382253063635022e-05,0.8629155317841236,0.1473836378251298,0.8453537901014293,0.8804772734668179,5.865981735159817
51396,1.0,13545.0,7.382798080472499e-05,0.862851824472807,0.14745746580593452,0.8452909354355043,0.8804127135101096,5.867123287671233
51426,1.0,13544.0,7.383343177790904e-05,0.8627881171614903,0.14753129923771244,0.8452280807808015,0.8803481535421791,5.870547945205479
51430,1.0,13543.0,7.383888355608063e-05,0.8627244098501736,0.14760513812126852,0.8451652261373226,0.8802835935630247,5.871004566210046
51438,1.0,13542.0,7.38443361394181e-05,0.862660702538857,0.14767898245740793,0.8451023715050693,0.8802190335726446,5.8719178082191785
51468,1.0,13541.0,7.384978952809984e-05,0.8625969952275403,0.14775283224693603,0.8450395168840432,0.8801544735710374,5.875342465753425
51484,1.0,13540.0,7.385524372230428e-05,0.8625332879162236,0.14782668749065833,0.844976662274246,0.8800899135582013,5.87716894977169
51501,1.0,13539.0,7.386069872220991e-05,0.862469580604907,0.14790054818938053,0.8449138076756793,0.8800253535341347,5.879109589041096
51503,1.0,13538.0,7.386615452799527e-05,0.8624058732935903,0.14797441434390854,0.8448509530883446,0.879960793498836,5.879337899543379
51504,1.0,13537.0,7.387161113983896e-05,0.8623421659822736,0.14804828595504838,0.8447880985122437,0.8798962334523036,5.879452054794521
51514,1.0,13536.0,7.387706855791962e-05,0.862278458670957,0.14812216302360628,0.8447252439473781,0.8798316733945358,5.880593607305936
51540,1.0,13534.0,7.388798581350672e-05,0.8622147466524354,0.1481960510094198,0.8446623847167367,0.879767108588134,5.883561643835616
51643,1.0,13531.0,7.390436774813391e-05,0.8621510252167209,0.14826995537716792,0.8445995161405301,0.8797025342929118,5.895319634703196
51645,1.0,13530.0,7.390983000739098e-05,0.8620873037810064,0.1483438652071753,0.8445366475755737,0.8796379599864391,5.89554794520548
51652,1.0,13529.0,7.391529307413703e-05,0.862023582345292,0.14841778050024942,0.8444737790218693,0.8795733856687147,5.8963470319634705
51682,1.0,13527.0,7.392622163081245e-05,0.8619598561988925,0.14849170672188022,0.84441090579893,0.879508806598855,5.899771689497717
51692,1.0,13526.0,7.39316871211001e-05,0.861896130052493,0.14856563840900133,0.8443480325872492,0.8794442275177368,5.900913242009133
51714,2.0,13525.0,0.0001478743068391867,0.8617686777596941,0.14871351271584052,0.8442222861976699,0.8793150693217183,5.903424657534247
51720,1.0,13523.0,7.394808844191378e-05,0.8617049516132946,0.14878746080428243,0.8441594130197746,0.8792504902068147,5.904109589041096
51733,1.0,13522.0,7.395355716609969e-05,0.8616412254668951,0.14886141436144854,0.8440965398531444,0.8791859110806459,5.905593607305936
51739,1.0,13521.0,7.395902669920864e-05,0.8615774993204958,0.14893537338814775,0.844033666697781,0.8791213319432105,5.906278538812785
51752,1.0,13520.0,7.396449704142012e-05,0.8615137731740963,0.14900933788518916,0.8439707935536859,0.8790567527945067,5.907762557077626
51757,1.0,13519.0,7.396996819291368e-05,0.8614500470276969,0.14908330785338209,0.8439079204208609,0.8789921736345329,5.908333333333333
51765,2.0,13518.0,0.00014795088030773783,0.861322594734898,0.14923125873368984,0.8437821741890275,0.8788630152807686,5.909246575342466
51807,2.0,13516.0,0.0001479727730097662,0.861195142442099,0.1493792315066996,0.8436564280022938,0.8787338568819043,5.914041095890411
51808,1.0,13514.0,7.399733609590054e-05,0.8611314162956996,0.1494532288427955,0.8435935549258434,0.8786692776655557,5.914155251141553
51809,1.0,13513.0,7.400281210686006e-05,0.8610676901493001,0.14952723165490237,0.843530681860673,0.8786046984379271,5.914269406392694
51822,1.0,13511.0,7.401376656058027e-05,0.8610039592862885,0.14960124542146294,0.8434678041203904,0.8785401144521866,5.9157534246575345
51835,1.0,13510.0,7.401924500370096e-05,0.8609402284232769,0.14967526466646663,0.8434049263913943,0.8784755304551595,5.917237442922374
51843,1.0,13509.0,7.402472425790214e-05,0.8608764975602653,0.14974928939072454,0.8433420486736863,0.8784109464468443,5.918150684931507
51856,1.0,13508.0,7.403020432336393e-05,0.8608127666972537,0.1498233195950479,0.8432791709672681,0.8783463624272393,5.919634703196347
51858,1.0,13507.0,7.403568520026653e-05,0.8607490358342421,0.14989735528024817,0.8432162932721414,0.8782817783963428,5.91986301369863
51868,1.0,13506.0,7.404116688879017e-05,0.8606853049712305,0.14997139644713695,0.8431534155883079,0.8782171943541531,5.921004566210046
51884,1.0,13505.0,7.404664938911514e-05,0.8606215741082189,0.15004544309652607,0.8430905379157692,0.8781526103006687,5.922831050228311
51925,1.0,13504.0,7.40521327014218e-05,0.8605578432452073,0.1501194952292275,0.8430276602545268,0.8780880262358879,5.927511415525114
51927,1.0,13503.0,7.405761682589055e-05,0.8604941123821958,0.15019355284605337,0.8429647826045825,0.878023442159809,5.927739726027397
51929,1.0,13502.0,7.406310176270182e-05,0.8604303815191842,0.15026761594781607,0.8429019049659379,0.8779588580724305,5.9279680365296805
51930,1.0,13501.0,7.406858751203614e-05,0.8603666506561726,0.15034168453532812,0.8428390273385946,0.8778942739737505,5.928082191780822
51965,1.0,13500.0,7.407407407407407e-05,0.860302919793161,0.1504157586094022,0.8427761497225544,0.8778296898637675,5.932077625570776
51967,1.0,13499.0,7.407956144899622e-05,0.8602391889301494,0.1504898381708512,0.842713272117819,0.8777651057424798,5.9323059360730594
51971,1.0,13498.0,7.408504963698325e-05,0.8601754580671378,0.1505639232204882,0.8426503945243897,0.8777005216098859,5.932762557077625
52002,1.0,13497.0,7.40905386382159e-05,0.8601117272041263,0.15063801375912642,0.8425875169422686,0.877635937465984,5.936301369863013
52011,1.0,13496.0,7.409602845287492e-05,0.8600479963411147,0.1507121097875793,0.8425246393714569,0.8775713533107725,5.9373287671232875
52017,1.0,13493.0,7.411250277921885e-05,0.8599842560315957,0.1507862222903585,0.8424617524259317,0.8775067596372597,5.938013698630137
52034,1.0,13492.0,7.411799584939223e-05,0.8599205157220765,0.1508603402862079,0.8423988654917258,0.8774421659524272,5.939954337899543
52035,1.0,13491.0,7.412348973389667e-05,0.8598567754125575,0.1509344637759418,0.8423359785688415,0.8773775722562734,5.940068493150685
52059,1.0,13490.0,7.412898443291327e-05,0.8597930351030384,0.1510085927603747,0.8422730916572799,0.8773129785487969,5.942808219178082
52088,1.0,13489.0,7.413447994662318e-05,0.8597292947935193,0.15108272724032132,0.8422102047570431,0.8772483848299956,5.946118721461187
52110,1.0,13488.0,7.41399762752076e-05,0.8596655544840002,0.15115686721659652,0.8421473178681324,0.877183791099868,5.948630136986301
52144,1.0,13486.0,7.415097137772504e-05,0.8596018094480752,0.15123101818797424,0.8420844262943932,0.8771191926017572,5.952511415525114
52148,1.0,13485.0,7.415647015202076e-05,0.8595380644121502,0.15130517465812626,0.8420215347319869,0.8770545940923135,5.95296803652968
52158,1.0,13484.0,7.416196974191635e-05,0.8594743193762252,0.15137933662786818,0.8419586431809153,0.8769899955715351,5.954109589041096
52224,1.0,13482.0,7.417297136923305e-05,0.8594105696121415,0.15145350959923742,0.8418957469432746,0.8769253922810083,5.961643835616439
52299,1.0,13480.0,7.41839762611276e-05,0.8593468151188468,0.15152769357549856,0.8418328460180188,0.8768607842196748,5.970205479452055
52306,1.0,13479.0,7.418947993174568e-05,0.8592830606255522,0.1516018830554303,0.8417699451041092,0.8767961761469951,5.971004566210046
52339,1.0,13477.0,7.420048972323217e-05,0.8592193014016428,0.15167608354515352,0.84170703950119,0.8767315633020957,5.974771689497717
52417,1.0,13471.0,7.423353871279043e-05,0.8591555185123694,0.15175031708386633,0.841644110395546,0.8766669266291928,5.983675799086758
52462,1.0,13470.0,7.423904974016333e-05,0.859091735623096,0.1518245561336065,0.8415811813012737,0.8766022899449184,5.988812785388128
52488,1.0,13469.0,7.424456158586383e-05,0.8590279527338226,0.15189880069519235,0.8415182522183743,0.8765376532492709,5.991780821917808
52555,1.0,13467.0,7.425558773297691e-05,0.8589641651083133,0.15197305628292532,0.8414553184408744,0.8764730117757522,5.9994292237442925
52558,1.0,13466.0,7.42611020347542e-05,0.858900377482804,0.15204731738496008,0.8413923846747544,0.8764083702908536,5.999771689497717
52561,1.0,13465.0,7.426661715558857e-05,0.8588365898572947,0.15212158400211567,0.8413294509200159,0.8763437287945736,6.000114155251142
52577,1.0,13464.0,7.427213309566251e-05,0.8587728022317854,0.15219585613521133,0.8412665171766606,0.8762790872869103,6.001940639269407
52604,1.0,13463.0,7.427764985515858e-05,0.8587090146062761,0.15227013378506649,0.8412035834446902,0.8762144457678621,6.005022831050228
52611,1.0,13462.0,7.42831674342594e-05,0.8586452269807668,0.15234441695250076,0.8411406497241063,0.8761498042374274,6.005821917808219
52652,2.0,13461.0,0.00014857737166629523,0.8585176517297483,0.15249299432416705,0.8410147823171047,0.8760205211423918,6.010502283105023
52662,1.0,13459.0,7.429972509101716e-05,0.858453864104239,0.15256729404925806,0.8409518486306905,0.8759558795777874,6.011643835616439
52673,1.0,13457.0,7.431076763022962e-05,0.8583900717386223,0.1526416048168883,0.8408889102458352,0.8758912332314093,6.012899543378995
52676,1.0,13456.0,7.431629013079666e-05,0.8583262793730055,0.1527159211070191,0.8408259718723783,0.8758265868736328,6.01324200913242
52744,1.0,13454.0,7.432733759476735e-05,0.8582624822658722,0.15279024844461386,0.8407630287990805,0.8757619357326639,6.0210045662100455
52757,1.0,13452.0,7.43383883437407e-05,0.8581986804161646,0.15286458683295762,0.8407000810248902,0.875697279807439,6.022488584474885
52805,1.0,13451.0,7.43439149505613e-05,0.8581348785664571,0.15293893074790818,0.8406371332621101,0.8756326238708041,6.02796803652968
52820,1.0,13450.0,7.434944237918216e-05,0.8580710767167495,0.15301328019028737,0.8405741855107416,0.8755679679227575,6.029680365296803
52826,1.0,13449.0,7.43549706297866e-05,0.858007274867042,0.15308763516091717,0.8405112377707865,0.8755033119632974,6.030365296803653
52861,1.0,13448.0,7.4360499702558e-05,0.8579434730173344,0.15316199566061972,0.8404482900422465,0.8754386559924223,6.034360730593607
52868,1.0,13447.0,7.436602959767977e-05,0.8578796711676269,0.1532363616902174,0.8403853423251233,0.8753740000101304,6.035159817351598
52891,1.0,13446.0,7.437156031533541e-05,0.8578158693179193,0.15331073325053274,0.8403223946194184,0.8753093440164202,6.037785388127854
52898,1.0,13445.0,7.437709185570845e-05,0.8577520674682118,0.15338511034238844,0.8402594469251337,0.8752446880112899,6.038584474885845
52919,1.0,13443.0,7.438815740534107e-05,0.8576882608724021,0.1534594984997938,0.8401964945264567,0.8751800272183475,6.040981735159817
52940,1.0,13441.0,7.439922624804702e-05,0.8576244495294312,0.15353389772604184,0.8401335374223347,0.8751153616365277,6.04337899543379
52954,1.0,13438.0,7.44158356898348e-05,0.8575606286893115,0.15360831356173169,0.840070570893076,0.875050686485547,6.044977168949772
52956,1.0,13437.0,7.442137381856069e-05,0.8574968078491918,0.15368273493555024,0.8400076043752577,0.8749860113231259,6.045205479452055
53043,1.0,13434.0,7.443799315170463e-05,0.8574329775076815,0.15375717292870195,0.8399446284280752,0.8749213265872879,6.0551369863013695
53056,1.0,13433.0,7.444353457902182e-05,0.8573691471661713,0.15383161646328097,0.8398816524923431,0.8748566418399994,6.05662100456621
53058,1.0,13432.0,7.44490768314473e-05,0.857305316824661,0.1539060655401124,0.8398186765680634,0.8747919570812587,6.056849315068493
53074,1.0,13430.0,7.44601638123604e-05,0.857241481730333,0.15398052570392476,0.8397556959327157,0.8747272675279503,6.058675799086758
53075,1.0,13429.0,7.446570854121677e-05,0.857177646636005,0.15405499141246598,0.8396927153088272,0.8746625779631829,6.058789954337899
53079,1.0,13428.0,7.447125409591897e-05,0.8571138115416771,0.1541294626665619,0.8396297346963992,0.874597888386955,6.059246575342466
53080,1.0,13427.0,7.447680047665153e-05,0.8570499764473491,0.15420393946703856,0.8395667540954338,0.8745331987992645,6.059360730593608
53084,1.0,13426.0,7.448234768359899e-05,0.8569861413530212,0.15427842181472215,0.8395037735059323,0.8744685092001101,6.0598173515981735
53091,1.0,13425.0,7.4487895716946e-05,0.8569223062586933,0.1543529097104391,0.8394407929278965,0.87440381958949,6.060616438356164
53093,2.0,13424.0,0.00014898688915375446,0.8567946360700373,0.15450189659959288,0.8393148318062288,0.8742744403338457,6.060844748858448
53101,1.0,13422.0,7.450454477723141e-05,0.8567308009757093,0.1545764011443701,0.8392518512626003,0.8742097506888183,6.06175799086758
53134,1.0,13421.0,7.4510096118024e-05,0.8566669658813814,0.15465091124048813,0.8391888707304442,0.8741450610323185,6.0655251141552515
53140,1.0,13420.0,7.451564828614009e-05,0.8566031307870534,0.15472542688877428,0.8391258902097624,0.8740803713643445,6.066210045662101
53143,1.0,13419.0,7.452120128176467e-05,0.8565392956927254,0.15479994809005604,0.8390629097005562,0.8740156816848945,6.066552511415525
53147,1.0,13418.0,7.452675510508272e-05,0.8564754605983974,0.15487447484516112,0.8389999292028276,0.8739509919939672,6.067009132420091
53158,1.0,13416.0,7.453786523553965e-05,0.8564116207459377,0.15494901271039666,0.8389369439887612,0.8738862975031142,6.068264840182648
53257,1.0,13414.0,7.45489786789921e-05,0.8563477761342823,0.15502356168907563,0.8388739540572991,0.8738215982112654,6.0795662100456624
53260,1.0,13413.0,7.455453664355477e-05,0.8562839315226268,0.1550981162257192,0.8388109641373265,0.8737568989079272,6.079908675799087
53290,1.0,13412.0,7.456009543692216e-05,0.8562200869109714,0.1551726763211561,0.8387479742288448,0.873692199593098,6.083333333333333
53325,1.0,13410.0,7.457121551081282e-05,0.8561562375383457,0.1552472475366669,0.8386849796012056,0.8736274954754858,6.087328767123288
53341,1.0,13408.0,7.458233890214797e-05,0.8560923834036844,0.15532182987556906,0.8386219802533493,0.8735627865540195,6.089155251141553
53359,1.0,13407.0,7.458790184232118e-05,0.8560285292690232,0.15539641777741137,0.8385589809169962,0.8734980776210501,6.0912100456621
53366,1.0,13406.0,7.459346561241235e-05,0.8559646751343619,0.1554710112430238,0.8384959815921477,0.8734333686765762,6.092009132420091
53370,1.0,13405.0,7.459903021260723e-05,0.8559008209997007,0.1555456102732364,0.8384329822788056,0.8733686597205957,6.092465753424658
53379,1.0,13404.0,7.460459564309162e-05,0.8558369668650394,0.1556202148688795,0.8383699829769715,0.8733039507531073,6.093493150684932
53382,1.0,13403.0,7.461016190405133e-05,0.8557731127303781,0.15569482503078355,0.8383069836866474,0.8732392417741089,6.093835616438356
53388,1.0,13402.0,7.461572899567229e-05,0.8557092585957169,0.15576944075977922,0.8382439844078345,0.8731745327835992,6.094520547945206
53400,1.0,13401.0,7.462129691814044e-05,0.8556454044610556,0.15584406205669737,0.8381809851405349,0.8731098237815764,6.095890410958904
53454,1.0,13397.0,7.464357692020602e-05,0.8555815360274913,0.1559187056336176,0.8381179716768422,0.8730451003781404,6.102054794520548
53483,1.0,13396.0,7.464914899970141e-05,0.855517667593927,0.1559933547826173,0.8380549582246763,0.8729803769631777,6.105365296803653
53519,1.0,13394.0,7.466029565477079e-05,0.8554537943919266,0.1560680150782721,0.8379919400459367,0.8729156487379165,6.109474885844749
53522,2.0,13393.0,0.00014933174046143508,0.8553260479879258,0.15621734681873353,0.83786590372306,0.8727861922527915,6.109817351598173
53524,1.0,13391.0,7.467702188036741e-05,0.8552621747859254,0.1562920238406139,0.8378028855789266,0.8727214639929242,6.110045662100457
53529,1.0,13390.0,7.468259895444362e-05,0.8551983015839248,0.15636670643956832,0.8377398674463317,0.872656735721518,6.110616438356164
53534,1.0,13389.0,7.468817686160281e-05,0.8551344283819244,0.15644139461642992,0.8376768493252773,0.8725920074385716,6.111187214611872
53537,1.0,13388.0,7.469375560203167e-05,0.855070555179924,0.15651608837203196,0.8376138312157652,0.8725272791440829,6.1115296803652965
53542,1.0,13387.0,7.469933517591694e-05,0.8550066819779236,0.15659078770720788,0.8375508131177969,0.8724625508380504,6.112100456621005
53563,1.0,13386.0,7.470491558344539e-05,0.8549428087759231,0.15666549262279134,0.837487795031374,0.8723978225204722,6.114497716894977
53566,1.0,13385.0,7.471049682480388e-05,0.8548789355739226,0.15674020311961614,0.8374247769564984,0.8723330941913467,6.114840182648402
53580,1.0,13384.0,7.471607890017931e-05,0.8548150623719222,0.1568149191985163,0.8373617588931719,0.8722683658506725,6.116438356164384
53592,1.0,13383.0,7.472166180975865e-05,0.8547511891699218,0.15688964086032606,0.837298740841396,0.8722036374984475,6.117808219178082
53593,1.0,13381.0,7.47328301322771e-05,0.8546873111944961,0.15696437369045835,0.8372357180580983,0.872138904330894,6.117922374429224
53602,1.0,13380.0,7.473841554559044e-05,0.8546234332190705,0.15703911210600394,0.8371726952863581,0.872074171151783,6.118949771689498
53609,1.0,13378.0,7.474958887726118e-05,0.8545595504687926,0.1571138616948812,0.8371096677816784,0.8720094331559068,6.119748858447489
53610,1.0,13377.0,7.475517679599313e-05,0.8544956677185146,0.1571886168716772,0.8370466402885629,0.8719446951484663,6.11986301369863
53612,2.0,13376.0,0.00014952153110047846,0.8543679022179586,0.1573381384027777,0.836920585337032,0.8718152190988852,6.120091324200914
53621,1.0,13374.0,7.477194556602363e-05,0.8543040194676805,0.1574129103483437,0.8368575578786197,0.8717504810567414,6.121118721461187
53658,1.0,13372.0,7.478312892611427e-05,0.8542401319400507,0.15748769347726982,0.8367945256847874,0.8716857381953139,6.125342465753425
53667,1.0,13371.0,7.47887218607434e-05,0.8541762444124207,0.15756248219913055,0.8367314935025313,0.8716209953223101,6.126369863013698
53679,1.0,13369.0,7.479991024010771e-05,0.8541123521060094,0.15763728210937067,0.836668456583435,0.8715562476285839,6.127739726027397
53686,1.0,13368.0,7.480550568521843e-05,0.8540484597995982,0.1577120876150559,0.8366054196759218,0.8714914999232746,6.128538812785388
53695,1.0,13366.0,7.481669908723627e-05,0.8539845627129754,0.15778690431414313,0.8365423780301476,0.8714267473958032,6.129566210045662
53699,1.0,13365.0,7.482229704451927e-05,0.8539206656263527,0.15786172661118766,0.8364793363959635,0.8713619948567419,6.130022831050228
53713,1.0,13363.0,7.483349547257353e-05,0.8538567637580876,0.15793656010666024,0.8364162900220968,0.8712972374940784,6.13162100456621
53718,1.0,13362.0,7.4839095943721e-05,0.8537928618898225,0.15801139920260396,0.8363532436598271,0.8712324801198179,6.132191780821918
53726,1.0,13360.0,7.48502994011976e-05,0.8537289552384835,0.15808624950200514,0.8362901925564526,0.8711677179205143,6.13310502283105
53729,1.0,13359.0,7.485590238790328e-05,0.8536650485871444,0.15816110540439304,0.836227141464682,0.8711029557096068,6.1334474885844745
53752,1.0,13358.0,7.486150621350502e-05,0.8536011419358054,0.15823596691060654,0.8361640903845169,0.8710381934870939,6.13607305936073
53761,1.0,13357.0,7.48671108781912e-05,0.8535372352844663,0.15831083402148474,0.836101039315959,0.8709734312529737,6.137100456621004
53770,1.0,13355.0,7.487832272557094e-05,0.8534733238479044,0.1583857123442103,0.8360379835041633,0.8709086641916456,6.1381278538812785
53793,1.0,13352.0,7.489514679448772e-05,0.8534094028380297,0.1584606074910048,0.8359749181914222,0.8708438874846371,6.140753424657534
53826,1.0,13349.0,7.491197842535021e-05,0.8533454722512563,0.15853551946943015,0.8359118433741599,0.8707791011283528,6.144520547945206
53869,1.0,13347.0,7.49232037161909e-05,0.8532815368745986,0.15861044267314633,0.8358487638090227,0.8707143099401745,6.149429223744292
53894,1.0,13346.0,7.49288176232579e-05,0.8532176014979408,0.15868537149076958,0.8357856842555221,0.8706495187403595,6.152283105022831
53906,1.0,13345.0,7.493443237167478e-05,0.853153666121283,0.15876030592314125,0.8357226047136599,0.870584727528906,6.153652968036529
53915,1.0,13344.0,7.494004796163069e-05,0.8530897307446252,0.15883524597110288,0.8356595251834379,0.8705199363058126,6.154680365296803
53927,1.0,13343.0,7.494566439331484e-05,0.8530257953679674,0.1589101916354962,0.8355964456648576,0.8704551450710772,6.1560502283105025
53929,1.0,13342.0,7.495128166691651e-05,0.8529618599913097,0.15898514291716312,0.835533366157921,0.8703903538246984,6.156278538812785
54001,1.0,13338.0,7.49737591842855e-05,0.8528979102342253,0.1590601166763474,0.8354702723733608,0.8703255480950899,6.164497716894977
54009,1.0,13335.0,7.499062617172853e-05,0.8528339508858763,0.15913510730251912,0.8354071690699656,0.870260732701787,6.1654109589041095
54017,1.0,13334.0,7.499625018749062e-05,0.8527699915375273,0.15921010355270662,0.8353440657782366,0.870195917296818,6.166324200913242
54042,1.0,13332.0,7.500750075007501e-05,0.8527060273917474,0.1592851110534567,0.8352809577311329,0.8701310970523619,6.169178082191781
54048,1.0,13331.0,7.501312729727703e-05,0.8526420632459675,0.15936012418075396,0.8352178496957023,0.8700662767962326,6.16986301369863
54050,1.0,13330.0,7.501875468867217e-05,0.8525780991001877,0.15943514293544264,0.8351547416719468,0.8700014565284285,6.170091324200913
54056,1.0,13327.0,7.503564192991671e-05,0.8525141253552263,0.15951017857737257,0.8350916241214703,0.8699366265889823,6.170776255707763
54067,1.0,13326.0,7.504127269998499e-05,0.8524501516102649,0.15958521985007254,0.8350285065826791,0.8698717966378507,6.17203196347032
54092,1.0,13325.0,7.5046904315197e-05,0.8523861778653036,0.15966026675438774,0.8349653890555749,0.8698069666750322,6.174885844748858
54120,1.0,13323.0,7.50581700818134e-05,0.85232219931859,0.15973532492446957,0.834902266768803,0.869742131868377,6.178082191780822
54124,1.0,13322.0,7.506380423359856e-05,0.8522582207718764,0.15981038872870318,0.8348391444937251,0.8696772970500277,6.178538812785388
54144,1.0,13320.0,7.507507507507507e-05,0.8521942374219686,0.15988546380377824,0.8347760174575469,0.8696124573863904,6.1808219178082195
54165,1.0,13319.0,7.508071176514753e-05,0.8521302540720609,0.1599605445155434,0.8347128904330697,0.869547617711052,6.183219178082192
54170,1.0,13318.0,7.508634930169695e-05,0.8520662707221531,0.1600356308648451,0.8346497634202952,0.8694827780240111,6.183789954337899
54174,1.0,13317.0,7.509198768491402e-05,0.8520022873722453,0.16011072285253,0.8345866364192248,0.8694179383252657,6.184246575342466
54218,1.0,13316.0,7.509762691498949e-05,0.8519383040223374,0.160185820479445,0.8345235094298608,0.869353098614814,6.189269406392694
54228,1.0,13315.0,7.510326699211416e-05,0.8518743206724296,0.1602609237464371,0.8344603824522046,0.8692882588926547,6.19041095890411
54271,1.0,13314.0,7.51089079164789e-05,0.8518103373225218,0.1603360326543536,0.8343972554862578,0.8692234191587858,6.195319634703196
54272,1.0,13313.0,7.511454968827462e-05,0.851746353972614,0.16041114720404187,0.8343341285320225,0.8691585794132055,6.195433789954338
54290,1.0,13312.0,7.512019230769231e-05,0.8516823706227062,0.16048626739634955,0.8342710015895002,0.8690937396559123,6.197488584474886
54297,1.0,13310.0,7.513148009015778e-05,0.8516183824656346,0.16056139887643972,0.83420786988194,0.8690288950493292,6.198287671232877
54318,1.0,13309.0,7.51371252535878e-05,0.8515543943085631,0.1606365360016933,0.8341447381860998,0.8689640504310263,6.200684931506849
54353,1.0,13306.0,7.515406583496167e-05,0.8514903965335512,0.16071169006752828,0.8340815969448677,0.8688991961222347,6.204680365296803
54384,1.0,13304.0,7.51653638003608e-05,0.8514263939481233,0.16078685543132865,0.8340184509353642,0.8688343369608823,6.208219178082191
54403,1.0,13302.0,7.517666516313337e-05,0.8513623865511943,0.16086203209649177,0.8339553001565104,0.8687694729458783,6.210388127853881
54424,1.0,13301.0,7.518231711901361e-05,0.8512983791542654,0.16093721441361078,0.8338921493893977,0.8687046089191331,6.212785388127854
54426,1.0,13300.0,7.518796992481203e-05,0.8512343717573365,0.1610124023835356,0.8338289986340278,0.8686397448806452,6.213013698630137
54428,1.0,13299.0,7.519362358072035e-05,0.8511703643604076,0.1610875960071163,0.8337658478904024,0.8685748808304128,6.21324200913242
54438,1.0,13298.0,7.519927808693036e-05,0.8511063569634787,0.16116279528520325,0.8337026971585233,0.8685100167684341,6.214383561643835
54449,1.0,13297.0,7.52049334436339e-05,0.8510423495665498,0.16123800021864687,0.8336395464383921,0.8684451526947075,6.215639269406393
54462,1.0,13294.0,7.522190461862494e-05,0.8509783325401042,0.1613132221232655,0.8335763861613403,0.8683802789188682,6.217123287671233
54477,1.0,13293.0,7.522756337922214e-05,0.8509143155136588,0.1613884496866447,0.8335132258960473,0.8683154051312704,6.218835616438356
54494,1.0,13291.0,7.523888345496953e-05,0.8508502936706437,0.16146368857009968,0.8334500608563701,0.8682505264849173,6.220776255707762
54495,1.0,13290.0,7.524454477050414e-05,0.8507862718276286,0.1615389331148702,0.8333868958284584,0.8681856478267987,6.220890410958904
54566,1.0,13288.0,7.525586995785671e-05,0.850722245166594,0.16161418898482804,0.8333237260247224,0.8681207643084656,6.2289954337899545
54596,1.0,13286.0,7.52671985548698e-05,0.850658213686452,0.1616894561833829,0.8332605514440803,0.8680558759288237,6.232420091324201
54597,1.0,13285.0,7.527286413248025e-05,0.85059418220631,0.16176472904751538,0.833197376875216,0.867990987537404,6.232534246575343
54601,1.0,13284.0,7.527853056308341e-05,0.850530150726168,0.16184000757807845,0.8331342023181314,0.8679260991342046,6.232990867579908
54605,1.0,13282.0,7.528986598403855e-05,0.8504661144251044,0.1619152974440625,0.8330710229823391,0.8678612058678697,6.233447488584475
54673,1.0,13275.0,7.532956685499058e-05,0.85040204918108,0.1619906270109175,0.8330078148979664,0.8677962834641936,6.2412100456621005
54677,1.0,13273.0,7.534091765237701e-05,0.8503379791103212,0.16206596792856987,0.8329446020291008,0.8677313561915415,6.241666666666666
54690,1.0,13272.0,7.53465943339361e-05,0.8502739090395623,0.1621413145229038,0.8328813891720501,0.8676664289070746,6.243150684931507
54707,1.0,13269.0,7.536362951239732e-05,0.8502098293116974,0.16221667815241622,0.8328181667305782,0.8676014918928167,6.245091324200914
54713,1.0,13268.0,7.536930961712391e-05,0.8501457495838325,0.16229204746203335,0.8327549443009318,0.8675365548667332,6.245776255707763
54720,1.0,13267.0,7.537499057812617e-05,0.8500816698559676,0.1623674224526115,0.8326917218831127,0.8674716178288224,6.2465753424657535
54733,1.0,13266.0,7.538067239559776e-05,0.8500175901281026,0.16244280312500708,0.8326284994771228,0.8674066807790825,6.248059360730593
54738,1.0,13265.0,7.538635506973238e-05,0.8499535104002377,0.16251818948007682,0.8325652770829637,0.8673417437175117,6.248630136986302
54740,1.0,13264.0,7.539203860072376e-05,0.8498894306723728,0.16259358151867753,0.8325020547006372,0.8672768066441083,6.248858447488584
54748,1.0,13262.0,7.540340823405218e-05,0.8498253461126779,0.1626689849269116,0.8324388275287573,0.8672118646965985,6.249771689497717
54750,1.0,13261.0,7.540909433677702e-05,0.8497612615529831,0.16274439402124838,0.8323756003687173,0.867146922737249,6.25
54756,1.0,13260.0,7.541478129713424e-05,0.8496971769932884,0.1628198088025455,0.8323123732205185,0.8670819807660582,6.250684931506849
54766,1.0,13259.0,7.54204691153179e-05,0.8496330924335935,0.16289522927166084,0.832249146084163,0.867017038783024,6.251826484018265
54785,1.0,13258.0,7.54261577915221e-05,0.8495690078738987,0.16297065542945235,0.8321859189596523,0.866952096788145,6.253995433789954
54811,1.0,13257.0,7.543184732594101e-05,0.8495049233142039,0.1630460872767783,0.8321226918469885,0.8668871547814193,6.256963470319635
54837,1.0,13256.0,7.543753771876886e-05,0.8494408387545092,0.16312152481449707,0.8320594647461731,0.8668222127628452,6.259931506849315
54842,1.0,13255.0,7.544322897019993e-05,0.8493767541948143,0.16319696804346728,0.8319962376572078,0.8667572707324208,6.260502283105023
54846,1.0,13253.0,7.545461404964914e-05,0.8493126647996437,0.16327242265751693,0.8319330057750723,0.8666923238242151,6.260958904109589
54849,1.0,13252.0,7.546030787805614e-05,0.8492485754044732,0.16334788296539499,0.8318697739047942,0.8666273769041521,6.2613013698630136
54892,1.0,13250.0,7.547169811320755e-05,0.8491844811723672,0.16342335466350819,0.8318065372398956,0.8665624251048388,6.266210045662101
54902,1.0,13249.0,7.547739452034116e-05,0.8491203869402613,0.16349883205802854,0.8317433005868615,0.866497473293661,6.267351598173516
54910,1.0,13248.0,7.548309178743961e-05,0.8490562927081553,0.16357431514981596,0.8316800639456935,0.8664325214706171,6.268264840182648
54956,1.0,13247.0,7.548878991469766e-05,0.8489921984760493,0.16364980393973066,0.8316168273163934,0.8663675696357053,6.27351598173516
54963,1.0,13246.0,7.549448890231014e-05,0.8489281042439434,0.16372529842863298,0.831553590698963,0.8663026177889238,6.27431506849315
54965,1.0,13245.0,7.550018875047188e-05,0.8488640100118374,0.16380079861738345,0.8314903540934039,0.866237665930271,6.274543378995434
54987,1.0,13242.0,7.551729346020239e-05,0.8487999060992856,0.16387631591084365,0.8314271078802006,0.8661727043183706,6.277054794520548
55008,1.0,13240.0,7.552870090634441e-05,0.8487357973450484,0.16395184461175,0.8313638568676588,0.8661077378224381,6.279452054794521
55036,1.0,13238.0,7.554011179936546e-05,0.8486716837480289,0.16402738472354936,0.8313006010546878,0.86604276644137,6.282648401826484
55118,1.0,13235.0,7.555723460521345e-05,0.8486075604625172,0.16410294195815456,0.8312373356260502,0.8659777852989842,6.292009132420091
55123,1.0,13234.0,7.55629439322956e-05,0.8485434371770054,0.16417850490208685,0.8311740702093143,0.8659128041446965,6.292579908675799
55150,1.0,13232.0,7.557436517533252e-05,0.848479309045417,0.16425407926726218,0.8311107999888737,0.8658478181019603,6.295662100456621
55158,1.0,13231.0,7.558007709167864e-05,0.8484151809138287,0.16432965934435387,0.8310475297803422,0.8657828320473152,6.296575342465753
55176,1.0,13230.0,7.558578987150416e-05,0.8483510527822403,0.16440524513422536,0.8309842595837212,0.8657178459807594,6.298630136986302
55197,1.0,13228.0,7.559721802237678e-05,0.8482869198027436,0.16448084235224775,0.8309209845815768,0.8656528550239104,6.301027397260274
55225,1.0,13226.0,7.560864962951762e-05,0.848222781974239,0.16455645100187727,0.8308577047728155,0.8655878591756624,6.304223744292237
55231,1.0,13225.0,7.561436672967863e-05,0.8481586441457343,0.16463206536860694,0.8307944249759773,0.8655228633154912,6.304908675799087
55232,1.0,13224.0,7.562008469449486e-05,0.8480945063172296,0.16470768545330144,0.8307311451910642,0.865457867443395,6.305022831050228
55382,1.0,13218.0,7.565441065214103e-05,0.8480303442271768,0.16478333986395358,0.8306678413089099,0.8653928471454437,6.322146118721461
55390,1.0,13215.0,7.567158531971244e-05,0.8479661724266299,0.16485901144927328,0.8306045277891589,0.8653278170641008,6.323059360730594
55403,1.0,13214.0,7.567731194187983e-05,0.8479020006260829,0.16493468876121517,0.8305412142813634,0.8652627869708024,6.3245433789954335
55431,1.0,13213.0,7.568303943086355e-05,0.847837828825536,0.16501037180064604,0.8304779007855253,0.8651977568655468,6.3277397260273975
55432,1.0,13212.0,7.568876778686043e-05,0.8477736570249892,0.1650860605684329,0.8304145873016464,0.865132726748332,6.327853881278539
55462,1.0,13211.0,7.569449701006736e-05,0.8477094852244423,0.16516175506544295,0.8303512738297282,0.8650676966191565,6.331278538812786
55471,1.0,13210.0,7.57002271006813e-05,0.8476453134238955,0.16523745529254363,0.8302879603697727,0.8650026664780183,6.33230593607306
55475,1.0,13209.0,7.570595805889923e-05,0.8475811416233485,0.16531316125060252,0.8302246469217814,0.8649376363249156,6.332762557077626
55538,1.0,13207.0,7.57174225789354e-05,0.8475169649638783,0.16538887867318147,0.8301613286573182,0.8648726012704384,6.3399543378995435
55564,1.0,13204.0,7.57346258709482e-05,0.8474527785836174,0.16546461329905243,0.8300980007450074,0.8648075564222275,6.342922374429223
55692,1.0,13196.0,7.578053955744165e-05,0.8473885581548068,0.16554039383860988,0.8300346390095186,0.8647424773000951,6.357534246575343
55716,1.0,13194.0,7.579202667879339e-05,0.8473243328585999,0.16561618586528867,0.8299712724491246,0.8646773932680751,6.36027397260274
55719,1.0,13193.0,7.579777154551656e-05,0.8472601075623929,0.16569198363683418,0.8299079059007439,0.8646123092240419,6.360616438356164
55722,1.0,13192.0,7.580351728320194e-05,0.8471958822661859,0.16576778715411739,0.8298445393643783,0.8645472251679935,6.360958904109589
55724,1.0,13190.0,7.581501137225171e-05,0.8471316521007374,0.16584360216548963,0.8297811680012753,0.8644821362001994,6.361187214611872
55743,1.0,13189.0,7.582075972401244e-05,0.8470674219352888,0.16591942292521364,0.8297177966501946,0.864417047220383,6.363356164383561
55752,1.0,13188.0,7.582650894752806e-05,0.8470031917698403,0.16599524943416116,0.8296544253111379,0.8643519582285427,6.364383561643836
55824,1.0,13186.0,7.583801001061732e-05,0.8469389567333038,0.1660710874441718,0.8295910491435103,0.8642868643230972,6.372602739726028
55891,1.0,13183.0,7.58552681483729e-05,0.8468747119516354,0.16614694271232017,0.8295276633037658,0.8642217605995051,6.380251141552511
55913,1.0,13181.0,7.586677793794098e-05,0.8468104622959226,0.1662228094902581,0.8294642726325097,0.8641566519593356,6.382762557077625
55959,1.0,13180.0,7.587253414264036e-05,0.8467462126402097,0.16629868202440076,0.8294008819732992,0.8640915433071201,6.388013698630137
55966,1.0,13178.0,7.588404917286387e-05,0.8466819581089727,0.16637456607357362,0.8293374864811071,0.8640264297368384,6.388812785388128
55978,1.0,13177.0,7.588980799878576e-05,0.8466177035777358,0.1664504558815724,0.8292740910009679,0.8639613161545037,6.390182648401827
55980,1.0,13176.0,7.589556769884639e-05,0.8465534490464989,0.16652635144927125,0.8292106955328836,0.8638962025601141,6.390410958904109
56005,1.0,13175.0,7.590132827324479e-05,0.846489194515262,0.16660225277754448,0.829147300076856,0.8638310889536679,6.393264840182648
56039,1.0,13174.0,7.590708972218005e-05,0.846424939984025,0.16667815986726667,0.8290839046328867,0.8637659753351633,6.397146118721461
56045,1.0,13172.0,7.591861524445795e-05,0.8463606805746731,0.16675407848251111,0.8290205043533643,0.8637008567959819,6.3978310502283104
56079,1.0,13171.0,7.592437931819907e-05,0.8462964211653211,0.1668300028618293,0.8289571040859076,0.8636357382447346,6.401712328767124
56093,1.0,13170.0,7.593014426727411e-05,0.8462321617559692,0.16690593300609657,0.8288937038305183,0.86357061968142,6.403310502283105
56135,1.0,13167.0,7.5947444368497e-05,0.8461678925859414,0.16698188045046508,0.8288302938875329,0.8635054912843498,6.40810502283105
56152,1.0,13166.0,7.595321282090232e-05,0.8461036234159136,0.16705783366328597,0.828766883956626,0.8634403628752012,6.4100456621004565
56160,1.0,13165.0,7.59589821496392e-05,0.8460393542458858,0.1671337926454356,0.8287034740377992,0.8633752344539725,6.410958904109589
56181,1.0,13164.0,7.596475235490732e-05,0.8459750850758581,0.1672097573977905,0.8286400641310544,0.8633101060206617,6.413356164383561
56188,1.0,13162.0,7.59762953958365e-05,0.8459108110228969,0.16728573369318633,0.8285766493839704,0.8632449726618234,6.414155251141553
56201,1.0,13161.0,7.598206823189727e-05,0.8458465369699356,0.16736171576141823,0.8285132346489753,0.8631798392908959,6.415639269406393
56221,1.0,13160.0,7.598784194528876e-05,0.8457822629169743,0.16743770360336352,0.8284498199260714,0.8631147059078773,6.4179223744292235
56225,1.0,13158.0,7.599939200486396e-05,0.8457179839792242,0.16751370299536839,0.8283864003609855,0.8630495675974628,6.41837899543379
56244,1.0,13156.0,7.601094557616297e-05,0.8456537001555711,0.16758971394094455,0.8283229759526103,0.8629844243585318,6.420547945205479
56245,1.0,13155.0,7.601672367920942e-05,0.8455894163319181,0.16766573066462376,0.8282595515563389,0.8629192811074973,6.420662100456621
56254,1.0,13154.0,7.60225026607876e-05,0.845525132508265,0.16774175316728454,0.8281961271721731,0.8628541378443569,6.421689497716895
56327,1.0,13151.0,7.603984487871645e-05,0.845460838908348,0.16781779301216326,0.8281326930848879,0.8627889847318081,6.430022831050228
56328,1.0,13150.0,7.604562737642586e-05,0.845396545308431,0.1678938386395397,0.8280692590097194,0.8627238316071426,6.4301369863013695
56329,1.0,13149.0,7.605141075366947e-05,0.8453322517085141,0.16796989005029336,0.8280058249466693,0.8626586784703589,6.430251141552511
56352,1.0,13148.0,7.6057195010648e-05,0.8452679581085971,0.168045947245304,0.8279423908957393,0.862593525321455,6.432876712328767
56359,1.0,13147.0,7.606298014756218e-05,0.8452036645086801,0.16812201022545156,0.8278789568569312,0.862528372160429,6.433675799086758
56448,1.0,13144.0,7.608034083992696e-05,0.8451393611258051,0.16819809056629148,0.8278155131083388,0.8624632091432715,6.443835616438356
56453,1.0,13143.0,7.608612949859241e-05,0.8450750577429301,0.16827417669579006,0.8277520693718793,0.862398046113981,6.444406392694064
56464,1.0,13142.0,7.609191903819814e-05,0.8450107543600551,0.16835026861482827,0.8276886256475546,0.8623328830725556,6.445662100456621
56479,1.0,13140.0,7.610350076103501e-05,0.8449464460834676,0.1684263721155893,0.8276251770721824,0.8622677150947528,6.4473744292237445
56492,1.0,13139.0,7.610929294466855e-05,0.84488213780688,0.16850248140853397,0.8275617285089523,0.8622025471048078,6.448858447488584
56502,1.0,13137.0,7.61208799573723e-05,0.8448178246350899,0.16857860228849134,0.8274982750931942,0.8621373741769857,6.45
56531,1.0,13136.0,7.61266747868453e-05,0.8447535114632998,0.16865472896327818,0.8274348216895856,0.862072201237014,6.453310502283105
56574,1.0,13135.0,7.613247049866768e-05,0.8446891982915097,0.16873086143377686,0.8273713682981282,0.8620070282848912,6.458219178082191
56595,1.0,13134.0,7.613826709304096e-05,0.8446248851197196,0.1688069997008699,0.8273079149188237,0.8619418553206154,6.460616438356165
56598,1.0,13132.0,7.614986293024673e-05,0.8445605670504902,0.16888314956380016,0.8272444566847712,0.8618766774162092,6.460958904109589
56618,1.0,13131.0,7.61556621734826e-05,0.8444962489812609,0.16895930522597363,0.827180998462879,0.8618114994996428,6.46324200913242
56639,1.0,13128.0,7.617306520414382e-05,0.8444319211134226,0.16903547829117777,0.8271175305156164,0.8617463117112287,6.465639269406393
56646,1.0,13126.0,7.618467164406521e-05,0.8443675883447868,0.16911166296282182,0.8270540577102665,0.861681118979307,6.4664383561643834
56668,1.0,13125.0,7.619047619047618e-05,0.8443032555761509,0.1691878534390123,0.8269905849170935,0.8616159262352083,6.4689497716894975
56699,1.0,13124.0,7.619628162145687e-05,0.8442389228075151,0.16926404972063375,0.8269271121360992,0.8615507334789311,6.472488584474886
56780,1.0,13120.0,7.621951219512195e-05,0.8441745753286426,0.16934026923282886,0.8268636247486746,0.8614855259086106,6.481735159817352
56797,1.0,13119.0,7.622532205198568e-05,0.8441102278497701,0.16941649455488084,0.8268001373734435,0.8614203183260967,6.483675799086758
56815,1.0,13118.0,7.623113279463333e-05,0.8440458803708976,0.16949272568767548,0.8267366500104077,0.8613551107313874,6.485730593607306
56817,1.0,13117.0,7.623694442326752e-05,0.843981532892025,0.16956896263209875,0.8266731626595691,0.861289903124481,6.485958904109589
56824,1.0,13115.0,7.624857033930614e-05,0.8439171805067492,0.16964521120243806,0.8266096704450727,0.8612246905684258,6.48675799086758
56830,1.0,13114.0,7.625438462711606e-05,0.8438528281214734,0.16972146558706516,0.8265461782427809,0.861159478000166,6.487442922374429
56875,1.0,13110.0,7.627765064836003e-05,0.8437884610102514,0.16979774323771352,0.8264826714183942,0.8610942506021086,6.492579908675799
56879,1.0,13109.0,7.628346937218705e-05,0.8437240938990294,0.1698740267070857,0.8264191646062267,0.861029023191832,6.493036529680365
56896,1.0,13108.0,7.628928898382667e-05,0.8436597267878073,0.16995031599606952,0.8263556578062803,0.8609637957693344,6.494977168949772
56933,1.0,13107.0,7.629510948348211e-05,0.8435953596765853,0.170026611105553,0.8262921510185569,0.8608985683346136,6.499200913242009
56938,1.0,13106.0,7.630093087135663e-05,0.8435309925653631,0.17010291203642436,0.8262286442430582,0.860833340887668,6.499771689497717
56944,1.0,13105.0,7.630675314765356e-05,0.8434666254541411,0.170179218789572,0.8261651374797861,0.860768113428496,6.500456621004566
56954,1.0,13104.0,7.631257631257631e-05,0.843402258342919,0.1702555313658846,0.8261016307287424,0.8607028859570957,6.501598173515982
56970,1.0,13103.0,7.631840036632832e-05,0.8433378912316969,0.1703318497662509,0.8260381239899289,0.8606376584734649,6.5034246575342465
56997,1.0,13102.0,7.632422530911312e-05,0.8432735241204748,0.17040817399156002,0.8259746172633475,0.8605724309776022,6.506506849315069
57020,1.0,13101.0,7.633005114113426e-05,0.8432091570092527,0.17048450404270116,0.825911110549,0.8605072034695054,6.5091324200913245
57036,1.0,13100.0,7.633587786259542e-05,0.8431447898980307,0.17056083992056376,0.8258476038468883,0.860441975949173,6.510958904109589
57056,1.0,13098.0,7.634753397465261e-05,0.8430804178725384,0.1706371874545384,0.8257840922733075,0.8603767434717693,6.51324200913242
57063,1.0,13097.0,7.635336336565625e-05,0.8430160458470461,0.17071354081790405,0.8257205807119699,0.8603115109821224,6.514041095890411
57080,1.0,13096.0,7.635919364691509e-05,0.8429516738215539,0.17078990001155095,0.8256570691628772,0.8602462784802306,6.5159817351598175
57086,1.0,13095.0,7.636502481863306e-05,0.8428873017960615,0.1708662650363696,0.825593557626031,0.860181045966092,6.516666666666667
57095,1.0,13094.0,7.63708568810142e-05,0.8428229297705692,0.1709426358932506,0.8255300461014335,0.8601158134397048,6.517694063926941
57119,1.0,13093.0,7.637668983426258e-05,0.8427585577450768,0.17101901258308486,0.8254665345890865,0.8600505809010671,6.520433789954338
57227,1.0,13091.0,7.638835841417768e-05,0.8426941808023112,0.17109540094149903,0.8254030182022905,0.8599853434023319,6.532762557077626
57285,1.0,13089.0,7.640003056001223e-05,0.8426297989411452,0.17117180097205903,0.8253394969399249,0.8599201009423655,6.539383561643835
57304,1.0,13087.0,7.641170627340109e-05,0.8425654121604513,0.17124821267833243,0.8252759708008686,0.8598548535200341,6.541552511415525
57315,1.0,13085.0,7.642338555598012e-05,0.8425010204591016,0.1713246360638884,0.8252124397839999,0.8597896011342032,6.542808219178082
57336,1.0,13084.0,7.642922653622745e-05,0.8424366287577518,0.17140106529042462,0.8251489087794058,0.8597243487360978,6.545205479452055
57400,1.0,13083.0,7.643506840938622e-05,0.8423722370564022,0.171477500358834,0.8250853777870881,0.8596590963257162,6.552511415525114
57425,1.0,13082.0,7.644091117566121e-05,0.8423078453550525,0.17155394127000967,0.8250218468070488,0.8595938439030563,6.555365296803653
57448,1.0,13081.0,7.644675483525724e-05,0.8422434536537029,0.17163038802484493,0.8249583158392895,0.8595285914681163,6.557990867579909
57453,1.0,13080.0,7.64525993883792e-05,0.8421790619523533,0.1717068406242333,0.824894784883812,0.8594633390208946,6.558561643835616
57466,1.0,13079.0,7.645844483523205e-05,0.8421146702510035,0.17178329906906853,0.8248312539406182,0.8593980865613888,6.560045662100457
57483,1.0,13078.0,7.64642911760208e-05,0.8420502785496539,0.17185976336024456,0.82476772300971,0.8593328340895977,6.561986301369863
57527,1.0,13077.0,7.647013841095053e-05,0.8419858868483042,0.1719362334986555,0.8247041920910894,0.8592675816055191,6.567009132420091
57531,1.0,13076.0,7.647598654022637e-05,0.8419214951469545,0.17201270948519573,0.8246406611847577,0.8592023291091513,6.567465753424657
57631,1.0,13075.0,7.648183556405354e-05,0.8418571034456048,0.17208919132075978,0.8245771302907172,0.8591370766004924,6.578881278538812
57642,1.0,13074.0,7.64876854826373e-05,0.8417927117442552,0.1721656790062424,0.8245135994089697,0.8590718240795406,6.58013698630137
57651,1.0,13073.0,7.649353629618297e-05,0.8417283200429055,0.1722421725425386,0.824450068539517,0.8590065715462941,6.581164383561644
57663,1.0,13072.0,7.649938800489595e-05,0.8416639283415559,0.17231867193054348,0.8243865376823608,0.858941319000751,6.582534246575342
57744,1.0,13070.0,7.651109410864575e-05,0.8415995317135266,0.17239518302465212,0.8243230019414186,0.8588760614856347,6.5917808219178085
57750,1.0,13069.0,7.651694850409365e-05,0.8415351350854975,0.17247169997315623,0.8242594662127806,0.8588108039582144,6.592465753424658
57791,1.0,13067.0,7.65286599831637e-05,0.8414707335292806,0.1725482286331394,0.8241959255988581,0.858745541459703,6.5971461187214615
57814,1.0,13065.0,7.654037504783774e-05,0.8414063270437445,0.17262476900818724,0.8241323800985263,0.8586802739889627,6.599771689497717
57858,1.0,13063.0,7.655209369976269e-05,0.8413419156277572,0.172701321101887,0.8240688297106594,0.8586150015448549,6.604794520547945
57888,1.0,13062.0,7.65579543714592e-05,0.8412775042117697,0.17277787905625844,0.8240052793351151,0.8585497290884243,6.608219178082192
57919,1.0,13061.0,7.656381594058648e-05,0.8412130927957823,0.17285444287219903,0.8239417289718954,0.8584844566196691,6.61175799086758
57983,1.0,13060.0,7.656967840735069e-05,0.8411486813797949,0.1729310125506064,0.8238781786210022,0.8584191841385876,6.6190639269406395
58001,1.0,13059.0,7.657554177195804e-05,0.8410842699638075,0.17300758809237834,0.8238146282824371,0.8583539116451778,6.621118721461187
58088,1.0,13056.0,7.659313725490196e-05,0.8410198486808752,0.17308418122963326,0.8237510681504687,0.8582886292112817,6.631050228310502
58097,1.0,13055.0,7.659900421294524e-05,0.8409554273979429,0.1731607802338462,0.8236875080308397,0.8582233467650462,6.632077625570776
58143,1.0,13052.0,7.661661048115231e-05,0.8408909962435299,0.17323739684432735,0.8236239381132858,0.858158054373774,6.637328767123288
58177,1.0,13050.0,7.662835249042145e-05,0.8408265601518637,0.17331402519681777,0.8235603633014372,0.8580927570022903,6.641210045662101
58212,1.0,13046.0,7.665184730952016e-05,0.8407621092427612,0.17339067704412728,0.8234967737763319,0.8580274447091905,6.645205479452055
58236,1.0,13044.0,7.666360012266176e-05,0.8406976533926198,0.17346734064424993,0.8234331793531652,0.8579621274320745,6.647945205479452
58262,1.0,13043.0,7.666947788085564e-05,0.8406331975424786,0.17354401012213078,0.8233695849423738,0.8578968101425833,6.650913242009133
58284,1.0,13042.0,7.667535654040791e-05,0.8405687416923373,0.17362068547867118,0.8233059905439595,0.8578314928407151,6.653424657534247
58333,1.0,13036.0,7.671064743786438e-05,0.840504261119946,0.17369739612610904,0.823242371588725,0.857766150651167,6.659018264840182
58370,1.0,13035.0,7.671653241273494e-05,0.8404397805475549,0.17377411265852177,0.8231787526458905,0.8577008084492193,6.6632420091324205
58413,1.0,13033.0,7.672830507174097e-05,0.8403752950276786,0.17385084096359352,0.8231151287985834,0.8576354612567738,6.668150684931507
58414,1.0,13031.0,7.674008134448623e-05,0.8403108045591783,0.173927581044938,0.8230515000456714,0.8575701090726852,6.6682648401826485
58484,1.0,13027.0,7.676364473785215e-05,0.8402462992391078,0.17400434468967585,0.8229878565454376,0.8575047419327779,6.676255707762557
58491,1.0,13026.0,7.676953784738216e-05,0.8401817939190371,0.17408111422752323,0.82292421305763,0.8574393747804443,6.677054794520548
58540,1.0,13024.0,7.678132678132678e-05,0.8401172836461624,0.17415789555430455,0.8228605646600597,0.8573740026322652,6.6826484018264845
58547,1.0,13023.0,7.678722260615834e-05,0.8400527733732878,0.1742346827769107,0.8227969162749234,0.8573086304716522,6.683447488584475
58561,1.0,13022.0,7.679311933650745e-05,0.8399882631004132,0.1743114758962472,0.8227332679022228,0.8572432582986036,6.685045662100457
58565,1.0,13021.0,7.679901697258276e-05,0.8399237528275386,0.1743882749132198,0.8226696195419598,0.8571778861131174,6.685502283105023
58576,1.0,13020.0,7.680491551459293e-05,0.839859242554664,0.17446507982873438,0.8226059711941363,0.8571125139151918,6.68675799086758
58639,1.0,13016.0,7.682851874615857e-05,0.8397947174131033,0.17454190834748054,0.8225423080819261,0.8570471267442805,6.693949771689498
58689,1.0,13007.0,7.688167909587145e-05,0.8397301525851327,0.1746187900265764,0.8224786055406949,0.8569816996295706,6.699657534246575
58691,1.0,13006.0,7.688759034291866e-05,0.8396655877571622,0.17469567761691931,0.8224149030119507,0.8569162725023736,6.6998858447488585
58721,1.0,13003.0,7.690532953933707e-05,0.8396010129984329,0.17477258294645864,0.8223511906261689,0.856850835370697,6.703310502283105
58737,1.0,13001.0,7.691716021844474e-05,0.8395364332727966,0.17484950010667707,0.8222874733165948,0.8567853932289984,6.70513698630137
58825,1.0,12999.0,7.692899453804139e-05,0.8394718485791068,0.17492642910121511,0.8222237510820887,0.856719946076125,6.715182648401827
58826,1.0,12998.0,7.693491306354824e-05,0.8394072638854171,0.17500336401427866,0.8221600288600927,0.8566544989107415,6.715296803652968
58959,1.0,12992.0,7.69704433497537e-05,0.8393426543361648,0.1750803344576284,0.8220962819481347,0.856589026724195,6.730479452054794
58990,1.0,12988.0,7.69941484447182e-05,0.8392780298632408,0.17515732860607314,0.8220325202168862,0.8565235395095955,6.7340182648401825
59027,1.0,12985.0,7.701193685021179e-05,0.8392133954366053,0.17523434054292336,0.8219687486057041,0.8564580422675065,6.73824200913242
59077,1.0,12982.0,7.702973347712218e-05,0.8391487510524245,0.17531137027640048,0.8219049671107639,0.8563925349940851,6.743949771689498
59105,1.0,12979.0,7.704753833115032e-05,0.8390840967068622,0.17538841781473163,0.821841175728239,0.8563270176854855,6.747146118721461
59129,1.0,12978.0,7.705347511172754e-05,0.8390194423613,0.17546547128984336,0.8217773843582895,0.8562615003643105,6.749885844748858
59151,1.0,12975.0,7.707129094412332e-05,0.8389547780497499,0.17554254258078747,0.8217135830961633,0.8561959730033366,6.752397260273972
59158,1.0,12973.0,7.708317274339012e-05,0.8388901087536696,0.17561962575353085,0.821649776892711,0.8561304406146283,6.753196347031963
59164,1.0,12972.0,7.70891150169596e-05,0.8388254394575894,0.17569671486854782,0.8215859707018516,0.8560649082133271,6.753881278538813
59229,1.0,12967.0,7.71188401326444e-05,0.8387607502126246,0.17577383370868047,0.8215221446971752,0.8559993557280741,6.7613013698630136
59230,1.0,12966.0,7.712478790683326e-05,0.8386960609676599,0.1758509584965873,0.8214583187051109,0.855933803230209,6.761415525114155
59271,1.0,12964.0,7.71366862079605e-05,0.8386313667327812,0.17592809518279526,0.8213944877663657,0.8558682456991966,6.766095890410959
59275,1.0,12963.0,7.714263673532361e-05,0.8385666724979025,0.1760052378195306,0.8213306568402404,0.8558026881555646,6.766552511415525
59320,1.0,12962.0,7.714858818083629e-05,0.8385019782630238,0.17608238640771143,0.8212668259267367,0.8557371305993108,6.771689497716895
59334,1.0,12959.0,7.716644802839726e-05,0.8384372740436964,0.17615955285573984,0.8212029851026531,0.8556715629847397,6.773287671232877
59376,1.0,12958.0,7.717240314863405e-05,0.838372569824369,0.17623672525888848,0.8211391442912027,0.8556059953575353,6.778082191780822
59471,1.0,12953.0,7.72021925422682e-05,0.8383078456238113,0.17631392745143074,0.8210752836336499,0.8555404076139728,6.78892694063927
59476,1.0,12952.0,7.720815318097592e-05,0.8382431214232535,0.1763911356046117,0.8210114229887496,0.8554748198577574,6.789497716894977
59481,1.0,12951.0,7.72141147401745e-05,0.8381783972226958,0.17646834971935188,0.820947562356504,0.8554092320888876,6.7900684931506845
59487,1.0,12950.0,7.722007722007723e-05,0.838113673022138,0.17654556979657196,0.8208837017369147,0.8553436443073613,6.7907534246575345
59491,1.0,12949.0,7.722604062089736e-05,0.8380489488215803,0.17662279583719287,0.820819841129984,0.8552780565131767,6.7912100456621
59501,1.0,12947.0,7.72379701861435e-05,0.8379842196218568,0.176700033807379,0.8207559755671763,0.8552124636765372,6.792351598173516
59605,1.0,12941.0,7.727378100610463e-05,0.8379194654127832,0.1767773075883851,0.8206920851608235,0.8551468456647429,6.804223744292237
59639,1.0,12938.0,7.72916988715412e-05,0.8378547011937839,0.17685459928725666,0.8206281848184853,0.8550812175690825,6.80810502283105
59657,1.0,12937.0,7.729767334003247e-05,0.8377899369747845,0.1769318969605967,0.8205642844888444,0.8550155894607246,6.8101598173515985
59684,1.0,12934.0,7.731560228854182e-05,0.8377251627412161,0.17700921256288524,0.8205003742185891,0.8549499512638431,6.81324200913242
59703,1.0,12931.0,7.733353955610548e-05,0.8376603784892062,0.17708654610244134,0.8204364540038562,0.8548843029745561,6.81541095890411
59724,1.0,12929.0,7.734550235903782e-05,0.8375955892264256,0.1771638916048004,0.8203725288216994,0.8548186496311518,6.817808219178082
59744,1.0,12927.0,7.735746886361879e-05,0.8375307949517118,0.177241249073664,0.8203085986709624,0.8547529912324612,6.820091324200913
59756,1.0,12926.0,7.736345350456444e-05,0.8374660006769978,0.17731861252716857,0.8202446685329556,0.85468733282104,6.821461187214612
59761,1.0,12925.0,7.736943907156673e-05,0.837401206402284,0.17739598196624015,0.8201807384076815,0.8546216743968865,6.8220319634703195
59772,1.0,12923.0,7.73814129846011e-05,0.8373364071136975,0.17747336337922476,0.8201168033119012,0.8545560109154938,6.823287671232877
59777,1.0,12922.0,7.738740133106331e-05,0.8372716078251111,0.17755075078055582,0.8200528682288613,0.854490347421361,6.823858447488584
59779,1.0,12921.0,7.739339060444238e-05,0.8372068085365247,0.17762814417116027,0.8199889331585634,0.8544246839144861,6.824086757990868
59786,1.0,12920.0,7.739938080495357e-05,0.8371420092479382,0.17770554355196522,0.8199249981010094,0.8543590203948671,6.8248858447488585
59806,1.0,12918.0,7.741136398823347e-05,0.8370772049431505,0.17778295491595345,0.8198610580706376,0.8542933518156635,6.827168949771689
59808,1.0,12917.0,7.7417356971433e-05,0.8370124006383628,0.17786037227292487,0.8197971180530176,0.854227683223708,6.8273972602739725
59817,1.0,12915.0,7.742934572202865e-05,0.8369475913158201,0.1779378016186469,0.819733173061036,0.8541620095706042,6.828424657534247
59828,1.0,12914.0,7.743534148985597e-05,0.8368827819932775,0.17801523696013674,0.8196692280818141,0.8540963359047409,6.829680365296803
59875,1.0,12913.0,7.744133818632385e-05,0.8368179726707349,0.17809267829832306,0.8196052831153539,0.8540306622261159,6.835045662100456
60019,1.0,12910.0,7.745933384972889e-05,0.8367531533080184,0.1781701376321728,0.819541328182769,0.8539649784332677,6.85148401826484
60028,1.0,12909.0,7.746533426291734e-05,0.8366883339453018,0.17824760296643571,0.8194773732629574,0.8538992946276462,6.852511415525115
60059,1.0,12907.0,7.74773378786705e-05,0.8366235095605536,0.17832508030431438,0.8194134133645342,0.8538336057565731,6.856050228310503
60091,1.0,12906.0,7.748334108166744e-05,0.8365586851758053,0.17840256364539606,0.8193494534788919,0.8537679168727188,6.859703196347032
60116,1.0,12905.0,7.748934521503293e-05,0.8364938607910571,0.1784800529906111,0.8192854936060328,0.8537022279760815,6.862557077625571
60152,1.0,12903.0,7.750135627373479e-05,0.8364290313823312,0.17855755434688483,0.8192215287526292,0.8536365340120331,6.866666666666666
60153,1.0,12902.0,7.750736319950395e-05,0.8363642019736052,0.17863506171008434,0.8191575639120166,0.8535708400351938,6.866780821917808
60174,1.0,12900.0,7.751937984496124e-05,0.8362993675393436,0.1787125810899293,0.8190935940893117,0.8535051409893756,6.869178082191781
60176,1.0,12899.0,7.752538956508256e-05,0.8362345331050821,0.17879010647949437,0.8190296242794056,0.8534394419307586,6.869406392694064
60226,1.0,12896.0,7.754342431761787e-05,0.8361696886158525,0.178867649903812,0.8189656444886368,0.8533737327430682,6.875114155251142
60329,1.0,12893.0,7.75614674629644e-05,0.8361048340677554,0.17894521137127495,0.8189016547131154,0.8533080134223954,6.886872146118722
60349,1.0,12892.0,7.756748371082842e-05,0.8360399795196584,0.17902277885498577,0.8188376649504144,0.8532422940889023,6.889155251141553
60359,1.0,12891.0,7.757350089209525e-05,0.8359751249715612,0.17910035235587787,0.8187736752005356,0.8531765747425869,6.890296803652968
60385,1.0,12889.0,7.758553805570642e-05,0.8359102653916891,0.17917793789393358,0.8187096804623615,0.8531108503210167,6.893264840182648
60398,1.0,12888.0,7.759155803848541e-05,0.8358454058118171,0.17925552945197207,0.8186456857370176,0.8530451258866166,6.894748858447489
60441,1.0,12886.0,7.760360080707745e-05,0.835780541198608,0.17933313305277915,0.8185816860218263,0.8529793963753897,6.899657534246575
60445,1.0,12885.0,7.760962359332557e-05,0.8357156765853989,0.17941074267637247,0.8185176863194731,0.8529136668513247,6.900114155251141
60451,1.0,12884.0,7.76156473144986e-05,0.8356508119721899,0.17948835832368698,0.8184536866299599,0.85284793731442,6.900799086757991
60454,1.0,12883.0,7.762167197081425e-05,0.835585947358981,0.1795659799956578,0.8183896869532885,0.8527822077646734,6.901141552511415
60464,1.0,12881.0,7.763372408974459e-05,0.8355210777100904,0.17964361371974755,0.8183256822844424,0.8527164731357385,6.902283105022831
60493,1.0,12879.0,7.764577995185961e-05,0.8354562030243454,0.17972125949969942,0.818261672622255,0.8526507334264358,6.905593607305936
60516,1.0,12876.0,7.766387076731904e-05,0.8353913182617619,0.17979892337046674,0.8181976529574122,0.8525849835661117,6.9082191780821915
60535,1.0,12875.0,7.766990291262136e-05,0.8353264334991786,0.17987659327337935,0.8181336333054352,0.8525192336929219,6.9103881278538815
60537,1.0,12874.0,7.767593599502873e-05,0.8352615487365951,0.17995426920937438,0.8180696136663257,0.8524534838068645,6.910616438356165
60569,1.0,12873.0,7.768197001475957e-05,0.8351966639740116,0.18003195117938914,0.8180055940400855,0.8523877339079377,6.914269406392694
60572,1.0,12872.0,7.768800497203231e-05,0.8351317792114282,0.18010963918436118,0.8179415744267169,0.8523219839961396,6.914611872146119
60600,1.0,12871.0,7.76940408670655e-05,0.8350668944488447,0.18018733322522826,0.8178775548262216,0.8522562340714679,6.917808219178082
60601,1.0,12870.0,7.77000777000777e-05,0.8350020096862614,0.18026503330292834,0.8178135352386017,0.8521904841339211,6.9179223744292235
60639,1.0,12868.0,7.771215418091389e-05,0.8349371198813432,0.18034274545710927,0.8177495106521974,0.8521247291104891,6.9222602739726025
60662,1.0,12867.0,7.771819382917541e-05,0.8348722300764251,0.18042046365093845,0.8176854860786763,0.8520589740741739,6.924885844748858
60666,1.0,12865.0,7.773027594247959e-05,0.8348073352276045,0.18049819392688093,0.8176214565048133,0.8519932139503957,6.925342465753425
60737,1.0,12862.0,7.774840615767377e-05,0.8347424302878418,0.1805759423330386,0.8175574169142503,0.8519274436614332,6.933447488584475
60754,1.0,12861.0,7.775445144234507e-05,0.8346775253480792,0.18065369678448095,0.8174933773365884,0.8518616733595699,6.935388127853881
60774,2.0,12859.0,0.0001555330896648262,0.8345477053736879,0.18080922987414577,0.8173652881864683,0.8517301225609076,6.9376712328767125
60786,1.0,12857.0,7.777864198491094e-05,0.8344827953864924,0.18088700851613068,0.8173012436307736,0.8516643471422112,6.939041095890411
60789,1.0,12856.0,7.778469197261979e-05,0.8344178853992968,0.1809647932081033,0.8172371990879919,0.8515985717106018,6.939383561643836
60793,1.0,12855.0,7.77907429015947e-05,0.8343529754121013,0.1810425839510049,0.817173154558125,0.8515327962660776,6.9398401826484015
60833,1.0,12854.0,7.779679477205539e-05,0.8342880654249057,0.18112038074577694,0.8171091100411749,0.8514670208086366,6.944406392694064
60837,1.0,12852.0,7.78089013383131e-05,0.8342231503871353,0.18119818964711526,0.8170450605172542,0.8514012402570165,6.9448630136986305
60853,1.0,12849.0,7.782706825433887e-05,0.8341582252450709,0.1812760167153696,0.8169810009633357,0.8513354495268061,6.946689497716895
60871,1.0,12848.0,7.783312577833126e-05,0.8340933001030063,0.18135384984114794,0.8169169414223517,0.8512696587836609,6.948744292237443
60872,2.0,12847.0,0.0001556783684906982,0.8339634498188773,0.18150952820963864,0.8167888223791958,0.8511380772585587,6.948858447488584
60891,1.0,12844.0,7.785736530675803e-05,0.8338985196219122,0.18158738557494541,0.8167247578528178,0.8510722813910065,6.951027397260274
60900,1.0,12842.0,7.78694907335306e-05,0.8338335843688658,0.18166525506567893,0.8166606883139961,0.8510064804237355,6.9520547945205475
60905,1.0,12840.0,7.788161993769471e-05,0.8337686440585567,0.18174313668561662,0.816596613761556,0.8509406743555573,6.952625570776256
60957,1.0,12838.0,7.789375292101573e-05,0.8337036986898031,0.18182103043853765,0.8165325341943223,0.8508748631852839,6.958561643835616
61002,1.0,12836.0,7.79058896852602e-05,0.8336387482614228,0.1818989363282229,0.8164684496111194,0.8508090469117262,6.963698630136986
61004,1.0,12835.0,7.791195948578106e-05,0.8335737978330424,0.1819768482877087,0.816404365040887,0.8507432306251979,6.963926940639269
61009,1.0,12834.0,7.791803023219573e-05,0.8335088474046621,0.18205476631794087,0.8163402804836272,0.8506774143256971,6.964497716894977
61024,1.0,12833.0,7.792410192472531e-05,0.8334438969762817,0.1821326904198656,0.8162761959393418,0.8506115980132217,6.9662100456621
61043,1.0,12832.0,7.793017456359102e-05,0.8333789465479015,0.1822106205944292,0.8162121114080328,0.8505457816877701,6.96837899543379
61081,1.0,12830.0,7.79423226812159e-05,0.8333139910571339,0.1822885629171104,0.8161480218580148,0.8504799602562529,6.972716894977169
61090,1.0,12829.0,7.794839816041781e-05,0.8332490355663663,0.18236651131527082,0.8160839323209813,0.8504141388117513,6.973744292237443
61110,1.0,12828.0,7.795447458684128e-05,0.8331840800755987,0.18244446578985765,0.8160198427969341,0.8503483173542634,6.976027397260274
61124,1.0,12827.0,7.796055196070789e-05,0.8331191245848312,0.18252242634181837,0.8159557532858753,0.850282495883787,6.977625570776255
61141,1.0,12825.0,7.797270955165692e-05,0.833054164029308,0.18260039905137002,0.8158916587537561,0.8502166693048598,6.979566210045662
61195,1.0,12820.0,7.800312012480499e-05,0.8329891832052807,0.1826784021714948,0.8158275440889459,0.8501508223216155,6.985730593607306
61203,1.0,12817.0,7.802137785753296e-05,0.8329241922414666,0.18275642354935234,0.8157634193587688,0.8500849651241644,6.986643835616438
61204,1.0,12816.0,7.802746566791511e-05,0.8328592012776526,0.18283445101502024,0.8156992946416165,0.8500191079136886,6.98675799086758
61209,1.0,12815.0,7.803355442840422e-05,0.8327942103138385,0.18291248456944864,0.8156351699374909,0.8499532506901861,6.987328767123287
61280,1.0,12810.0,7.8064012490242e-05,0.8327291990562028,0.1829905485819389,0.8155710250753903,0.8498873730370153,6.995433789954338
61287,1.0,12809.0,7.807010695604653e-05,0.8326641877985671,0.18306861868889493,0.8155068802263367,0.8498214953707975,6.9962328767123285
61307,1.0,12807.0,7.808229874287499e-05,0.832599171464703,0.1831467009876378,0.8154427303448085,0.8497556125845974,6.99851598173516
61350,1.0,12806.0,7.808839606434484e-05,0.8325341551308387,0.18322478938370215,0.8153785804763353,0.8496897297853422,7.0034246575342465
61406,1.0,12802.0,7.811279487580065e-05,0.8324691235611519,0.18330290217857795,0.8153144154772154,0.8496238316450884,7.009817351598174
61445,1.0,12799.0,7.813110399249941e-05,0.8324040818294884,0.18338103328257044,0.8152502403906009,0.849557923268376,7.014269406392694
61475,1.0,12795.0,7.815552950371239e-05,0.8323390248477119,0.18345918881207415,0.8151860501590684,0.8494919995363555,7.017694063926941
61477,1.0,12794.0,7.81616382679381e-05,0.8322739678659355,0.18353735045034208,0.8151218599406314,0.8494260757912397,7.017922374429224
61489,1.0,12793.0,7.81677479871805e-05,0.8322089108841592,0.18361551819832928,0.8150576697352919,0.8493601520330264,7.019292237442922
61567,1.0,12790.0,7.818608287724784e-05,0.8321438437292816,0.18369370428120652,0.8149934694313642,0.8492942180271991,7.0281963470319635
61628,1.0,12788.0,7.819831091648421e-05,0.8320787714862624,0.183771902592123,0.8149292640831113,0.8492282788894135,7.035159817351598
61648,1.0,12786.0,7.821054278116691e-05,0.8320136941539078,0.18385011313490418,0.814865053689346,0.8491623346184696,7.037442922374429
61656,1.0,12785.0,7.821666014861165e-05,0.8319486168215532,0.1839283297950528,0.8148008433087027,0.8490963903344037,7.038356164383561
61659,1.0,12784.0,7.822277847309137e-05,0.8318835394891986,0.18400655257352588,0.8147366329411831,0.849030446037214,7.038698630136986
61678,1.0,12783.0,7.822889775483064e-05,0.8318184621568439,0.1840847814712807,0.8146724225867892,0.8489645017268985,7.040867579908676
61728,1.0,12779.0,7.825338445887784e-05,0.8317533695469247,0.1841630348557396,0.8146081970600935,0.8488985420337559,7.046575342465753
61748,1.0,12778.0,7.825950853028643e-05,0.8316882769370055,0.1842412943642699,0.8145439715465398,0.8488325823274713,7.048858447488584
61774,1.0,12776.0,7.827175954915466e-05,0.8316231792321733,0.18431956612381906,0.8144797409819298,0.8487666174824169,7.051826484018265
61798,1.0,12774.0,7.828401440425865e-05,0.8315580764312314,0.18439785013822332,0.8144155053650736,0.8487006474973892,7.054566210045662
61889,1.0,12769.0,7.831466833737959e-05,0.8314929532362724,0.1844761648065607,0.8143512494902055,0.8486346569823392,7.064954337899543
61917,1.0,12767.0,7.832693663350827e-05,0.8314278249404131,0.18455449174319422,0.8142869885583234,0.8485686613225029,7.068150684931507
61965,1.0,12763.0,7.835148476063621e-05,0.8313626813358577,0.18463284322795484,0.8142227124230582,0.8485026502486571,7.073630136986301
61977,2.0,12761.0,0.00015672752919050232,0.8312323839169508,0.18478957075714533,0.8140941500437447,0.8483706177901568,7.075
61988,1.0,12758.0,7.838219156607619e-05,0.8311672301009987,0.18486795294871142,0.8140298637981059,0.8483045964038914,7.076255707762557
62017,1.0,12757.0,7.838833581563063e-05,0.8311020762850466,0.18494634128452705,0.8139655775656769,0.8482385750044164,7.0795662100456624
62030,1.0,12756.0,7.839448102853559e-05,0.8310369224690946,0.1850247357655556,0.8139012913464594,0.8481725535917297,7.081050228310502
62033,1.0,12755.0,7.840062720501764e-05,0.8309717686531425,0.1851031363927606,0.8138370051404555,0.8481065321658294,7.081392694063927
62040,1.0,12754.0,7.840677434530344e-05,0.8309066148371903,0.18518154316710592,0.8137727189476673,0.8480405107267133,7.082191780821918
62056,1.0,12752.0,7.841907151819322e-05,0.8308414559119365,0.18525996223862412,0.8137084276895142,0.8479744841343587,7.084018264840183
62062,1.0,12751.0,7.842522155125088e-05,0.8307762969866826,0.18533838746017536,0.813644136444585,0.8479084575287803,7.084703196347032
62064,1.0,12750.0,7.843137254901961e-05,0.8307111380614288,0.18541681883272437,0.8135798452128816,0.847842430909976,7.0849315068493155
62164,1.0,12743.0,7.847445656438829e-05,0.8306459484563075,0.18549529328928877,0.8135155234988592,0.8477763734137557,7.096347031963471
62213,1.0,12742.0,7.848061528802385e-05,0.8305807588511861,0.1855737739045768,0.8134512017980916,0.8477103159042806,7.101940639269406
62226,1.0,12741.0,7.848677497841614e-05,0.8305155692460647,0.1856522606795552,0.8133868801105809,0.8476442583815486,7.103424657534247
62244,1.0,12738.0,7.85052598524101e-05,0.8304503694054896,0.18573076593940763,0.8133225482623163,0.8475781905486628,7.105479452054794
62246,1.0,12737.0,7.851142341210646e-05,0.8303851695649145,0.18580927736281974,0.8132582164273211,0.8475121227025079,7.105707762557078
62279,1.0,12734.0,7.852991989948171e-05,0.8303199594840629,0.18588780728271923,0.8131938744267637,0.8474460445413621,7.109474885844749
62310,1.0,12732.0,7.854225573358467e-05,0.8302547442814644,0.1859663495384528,0.8131295273484627,0.8473799612144661,7.113013698630137
62338,1.0,12731.0,7.854842510407666e-05,0.8301895290788659,0.1860448979635569,0.8130651802834493,0.8473138778742825,7.1162100456621005
62341,1.0,12730.0,7.855459544383346e-05,0.8301243138762674,0.18612345255900073,0.8130008332317258,0.847247794520809,7.1165525114155255
62350,1.0,12729.0,7.85607667530835e-05,0.8300590986736689,0.1862020133257538,0.812936486193294,0.8471817111540438,7.117579908675799
62354,1.0,12728.0,7.856693903205531e-05,0.8299938834710704,0.18628058026478586,0.812872139168156,0.8471156277739847,7.118036529680365
62377,1.0,12726.0,7.857928650007858e-05,0.8299286631439078,0.18635915955128593,0.812807787062478,0.8470495392253375,7.120662100456621
62415,1.0,12724.0,7.859163784973278e-05,0.8298634376909728,0.18643775118913566,0.8127434298750587,0.846983445506887,7.125
62437,1.0,12723.0,7.859781498074354e-05,0.8297982122380378,0.1865163490041164,0.8126790727009474,0.8469173517751283,7.127511415525114
62457,1.0,12719.0,7.862253321802028e-05,0.8297329714005319,0.18659497153733443,0.8126147002477649,0.8468512425532989,7.129794520547946
62461,1.0,12718.0,7.862871520679352e-05,0.829667730563026,0.1866736002525412,0.8125503278079074,0.8467851333181446,7.130251141552511
62462,1.0,12717.0,7.863489816780687e-05,0.8296024897255201,0.18675223515070902,0.8124859553813766,0.8467190240696636,7.130365296803653
62511,1.0,12715.0,7.864726700747149e-05,0.8295372437570006,0.18683088241771648,0.8124215778678936,0.8466529096461075,7.135958904109589
62522,1.0,12712.0,7.866582756450598e-05,0.8294719875232248,0.18690954824528097,0.8123571901639539,0.8465867848824957,7.137214611872146
62570,1.0,12711.0,7.86720163637794e-05,0.8294067312894491,0.18698822026164474,0.8122928024733599,0.8465206601055383,7.142694063926941
62591,1.0,12710.0,7.867820613690008e-05,0.8293414750556733,0.18706689846778166,0.8122284147961135,0.8464545353152332,7.145091324200913
62612,1.0,12709.0,7.868439688409789e-05,0.8292762188218976,0.18714558286466576,0.8121640271322167,0.8463884105115785,7.147488584474885
62616,1.0,12708.0,7.869058860560277e-05,0.8292109625881219,0.18722427345327136,0.8120996394816715,0.8463222856945722,7.147945205479452
62617,1.0,12707.0,7.869678130164477e-05,0.8291457063543461,0.187302970234573,0.8120352518444801,0.8462561608642122,7.148059360730594
62638,1.0,12705.0,7.870916961826053e-05,0.8290804449843064,0.1873816794041913,0.8119708591151205,0.8461900308534924,7.150456621004566
62639,1.0,12704.0,7.871536523929471e-05,0.8290151836142667,0.18746039476943058,0.8119064663991228,0.8461239008294107,7.150570776255708
62687,1.0,12702.0,7.872775940796725e-05,0.8289499171063456,0.18753912252883853,0.8118420685893497,0.8460577656233415,7.1560502283105025
62692,1.0,12701.0,7.873395795606645e-05,0.8288846505984244,0.1876178564867946,0.8117776707929468,0.845991630403902,7.15662100456621
62719,1.0,12700.0,7.874015748031496e-05,0.8288193840905033,0.18769659664427493,0.8117132730099164,0.8459254951710902,7.159703196347032
62748,1.0,12698.0,7.875255945818238e-05,0.8287541124426776,0.18777534920373312,0.8116488701311013,0.8458593547542539,7.163013698630137
62753,1.0,12697.0,7.875876191226274e-05,0.8286888407948519,0.1878541079656454,0.8115844672656668,0.8457932143240371,7.163584474885845
62768,1.0,12696.0,7.876496534341525e-05,0.8286235691470263,0.18793287293098881,0.8115200644136149,0.8457270738804377,7.165296803652968
62804,1.0,12695.0,7.877116975187081e-05,0.8285582974992006,0.1880116441007407,0.8114556615749478,0.8456609334234535,7.169406392694064
62808,1.0,12694.0,7.877737513786041e-05,0.828493025851375,0.18809042147587857,0.8113912587496672,0.8455947929530827,7.16986301369863
62866,1.0,12692.0,7.87897888433659e-05,0.82842774906081,0.18816921126472194,0.8113268508257885,0.8455286472958314,7.176484018264841
62881,1.0,12690.0,7.880220646178094e-05,0.8283624671262898,0.18824801347118372,0.8112624378021025,0.8454624964504771,7.178196347031964
62937,1.0,12684.0,7.883948281299275e-05,0.8282971594577999,0.1883268529539967,0.8111979992116034,0.8453963197039964,7.18458904109589
63023,1.0,12679.0,7.887057338906853e-05,0.8282318311858969,0.18840572352738577,0.8111335401541065,0.8453301222176873,7.194406392694064
63031,1.0,12678.0,7.887679444707367e-05,0.828166502913994,0.18848460032183284,0.811069081110053,0.8452639247179349,7.195319634703196
63032,1.0,12677.0,7.888301648655044e-05,0.828101174642091,0.1885634833383194,0.811004622079445,0.845197727204737,7.195433789954338
63090,1.0,12673.0,7.890791446382072e-05,0.8280358309054349,0.18864239125278323,0.810940147689777,0.8451315141210928,7.2020547945205475
63142,1.0,12672.0,7.891414141414142e-05,0.8279704871687789,0.18872130539419738,0.8108756733135712,0.8450653010239865,7.207990867579909
63213,1.0,12667.0,7.894529091339702e-05,0.8279051227978017,0.18880025068511078,0.8108111784394996,0.8449990671561038,7.216095890410959
63249,1.0,12664.0,7.896399241945672e-05,0.8278397481039611,0.18887921467753024,0.8107466733175396,0.8449328228903826,7.220205479452055
63265,1.0,12663.0,7.897022822395957e-05,0.8277743734101204,0.1889581849057542,0.8106821682090735,0.8448665786111673,7.22203196347032
63269,1.0,12662.0,7.8976465013426e-05,0.8277089987162798,0.18903716137076762,0.8106176631141037,0.8448003343184559,7.222488584474886
63294,1.0,12661.0,7.898270278808941e-05,0.8276436240224392,0.1891161440735557,0.8105531580326321,0.8447340900122463,7.225342465753425
63309,1.0,12660.0,7.898894154818325e-05,0.8275782493285985,0.18919513301510388,0.8104886529646604,0.8446678456925365,7.227054794520548
63354,1.0,12658.0,7.900142202559646e-05,0.8275128694700641,0.18927413443712948,0.8104241427762495,0.8446015961638786,7.232191780821918
63403,1.0,12653.0,7.903264048051846e-05,0.8274474689429583,0.18935316707761,0.8103596120557786,0.844535325830138,7.237785388127854
63456,1.0,12652.0,7.903888713246918e-05,0.8273820684158525,0.18943220596474247,0.8102950813488354,0.8444690554828695,7.243835616438356
63463,1.0,12651.0,7.904513477195479e-05,0.8273166678887467,0.18951125109951442,0.8102305506554222,0.8444027851220712,7.244634703196347
63480,2.0,12650.0,0.00015810276679841898,0.8271858668345351,0.18966935386631284,0.8101014893091932,0.844270244359877,7.2465753424657535
63523,1.0,12648.0,7.906388361796332e-05,0.8271204663074292,0.18974841774993081,0.8100369586563818,0.8442039739584766,7.25148401826484
63525,1.0,12647.0,7.907013520993121e-05,0.8270550657803234,0.18982748788514076,0.8099724280171084,0.8441377035435383,7.251712328767123
63548,1.0,12646.0,7.907638779060572e-05,0.8269896652532176,0.18990656427293137,0.8099078973913754,0.8440714331150598,7.254337899543379
63620,1.0,12643.0,7.909515146721506e-05,0.8269242543803826,0.1899856594243986,0.809843356494975,0.8440051522657903,7.262557077625571
63683,1.0,12642.0,7.910140800506249e-05,0.8268588435075477,0.19006476083240367,0.8097788156121274,0.843938871402968,7.269748858447489
63710,1.0,12641.0,7.910766553279013e-05,0.8267934326347127,0.19014386849793646,0.8097142747428349,0.8438725905265906,7.2728310502283104
63722,1.0,12640.0,7.911392405063291e-05,0.8267280217618778,0.1902229824219871,0.8096497338870993,0.8438063096366563,7.27420091324201
63736,1.0,12638.0,7.912644405760406e-05,0.826662605713313,0.1903021088660447,0.8095851878999574,0.8437400235266685,7.275799086757991
63745,1.0,12637.0,7.913270554720265e-05,0.8265971896647482,0.19038124157159192,0.8095206419263808,0.8436737374031155,7.276826484018265
63763,1.0,12634.0,7.915149596327371e-05,0.8265317632606272,0.1904603930675552,0.8094560856723472,0.8436074408489072,7.278881278538813
63896,1.0,12629.0,7.918283316177053e-05,0.826466316133914,0.19053957590071696,0.8093915088323547,0.8435411234354733,7.294063926940639
63897,1.0,12628.0,7.918910357934748e-05,0.8264008690072008,0.1906187650042963,0.8093269320059597,0.8434748060084418,7.294178082191781
63929,1.0,12624.0,7.921419518377693e-05,0.8263354063274633,0.1906979791994801,0.8092623397324286,0.843408472922498,7.297831050228311
63980,1.0,12622.0,7.922674694977024e-05,0.8262699384613305,0.19077720594642986,0.8091977423168787,0.8433421346057822,7.30365296803653
63998,1.0,12620.0,7.92393026941363e-05,0.8262044654075696,0.19085644524912398,0.8091331397580843,0.843275791057055,7.305707762557078
64057,1.0,12619.0,7.924558205880022e-05,0.8261389923538088,0.19093569083118278,0.8090685372129173,0.8432094474947004,7.312442922374429
64071,1.0,12618.0,7.925186241876684e-05,0.826073519300048,0.19101494269360156,0.8090039346813798,0.8431431039187163,7.314041095890411
64083,1.0,12615.0,7.927070947284978e-05,0.8260080358660964,0.19109421340307442,0.8089393218448138,0.843076749887379,7.31541095890411
64084,1.0,12614.0,7.927699381639449e-05,0.8259425524321448,0.19117349039689083,0.8088747090218901,0.8430103958423995,7.3155251141552515
64142,1.0,12613.0,7.928327915642591e-05,0.8258770689981931,0.19125277367604726,0.8088100962126108,0.8429440417837755,7.322146118721461
64206,1.0,12611.0,7.929585282689715e-05,0.8258115803716768,0.19133206952887416,0.8087454782551816,0.842877682488172,7.329452054794521
64251,1.0,12609.0,7.930843048616068e-05,0.8257460865513602,0.1914113779593603,0.8086808551483736,0.8428113179543467,7.3345890410958905
64260,1.0,12608.0,7.931472081218273e-05,0.8256805927310437,0.1914906926801725,0.8086162320552251,0.8427449534068622,7.335616438356165
64321,1.0,12603.0,7.934618741569468e-05,0.8256150781239874,0.1915700388675882,0.8085515883120737,0.842678567935901,7.342579908675799
64362,1.0,12602.0,7.935248373274083e-05,0.8255495635169311,0.19164939135132095,0.8084869445826031,0.8426121824512591,7.347260273972603
64423,1.0,12598.0,7.937767899666614e-05,0.8254840333086824,0.1917287690303176,0.8084222853579263,0.8425457812594385,7.354223744292238
64529,1.0,12595.0,7.939658594680428e-05,0.825418492694684,0.1918081656162644,0.8083576158027307,0.8424793695866374,7.366324200913242
64538,1.0,12594.0,7.940289026520565e-05,0.8253529520806857,0.1918875685065296,0.8082929462612439,0.8424129579001275,7.367351598173516
64583,1.0,12592.0,7.941550190597205e-05,0.8252874062617467,0.19196698400843556,0.8082282715592952,0.8423465409641981,7.372488584474886
64592,1.0,12590.0,7.942811755361398e-05,0.8252218552366266,0.1920464121259892,0.8081635916956509,0.8422801187776023,7.37351598173516
64644,1.0,12589.0,7.943442688061006e-05,0.8251563042115065,0.1921258465528698,0.8080989118457305,0.8422136965772826,7.379452054794521
64651,1.0,12588.0,7.944073721004132e-05,0.8250907531863865,0.19220528729007982,0.808034232009536,0.842147274363237,7.380251141552511
64656,1.0,12587.0,7.944704854214666e-05,0.8250252021612664,0.19228473433862198,0.8079695521870697,0.8420808521354631,7.380821917808219
64697,1.0,12585.0,7.945967421533571e-05,0.8249596459274833,0.1923641940128373,0.8079048672004436,0.8420144246545229,7.385502283105023
64707,1.0,12584.0,7.946598855689765e-05,0.8248940896937001,0.1924436600013942,0.8078401822275543,0.841947997159846,7.386643835616439
64725,1.0,12582.0,7.947862025115244e-05,0.824828528249598,0.19252313862164536,0.8077754920888596,0.8418815644103363,7.388698630136986
64741,1.0,12581.0,7.948493760432397e-05,0.8247629668054958,0.19260262355924967,0.8077108019639102,0.8418151316470813,7.390525114155251
64762,1.0,12580.0,7.94912559618442e-05,0.8246974053613936,0.19268211481521152,0.8076461118527083,0.8417486988700789,7.392922374429224
64846,1.0,12577.0,7.951021706289258e-05,0.8246318334916821,0.19276162503227443,0.8075814113912023,0.8416822555921619,7.402511415525114
64884,1.0,12576.0,7.951653944020357e-05,0.8245662616219707,0.19284114157171464,0.8075167109434567,0.8416158123004847,7.406849315068493
64890,1.0,12575.0,7.952286282306163e-05,0.8245006897522591,0.1929206644345377,0.8074520105094734,0.8415493689950448,7.407534246575342
64959,1.0,12573.0,7.953551260637875e-05,0.8244351126672553,0.19300019994714407,0.8073873049047432,0.8414829204297675,7.4154109589041095
64978,1.0,12572.0,7.954183900731785e-05,0.8243695355822516,0.1930797417861514,0.807322599313784,0.8414164718507191,7.417579908675799
64986,1.0,12571.0,7.954816641476414e-05,0.8243039584972478,0.19315928995256615,0.8072578937365981,0.8413500232578975,7.418493150684932
64996,1.0,12570.0,7.955449482895784e-05,0.824238381412244,0.19323884444739511,0.8071931881731874,0.8412835746513007,7.419634703196347
65025,1.0,12569.0,7.956082425013923e-05,0.8241728043272403,0.19331840527164526,0.8071284826235541,0.8412171260309265,7.4229452054794525
65062,1.0,12567.0,7.957348611442667e-05,0.8241072220240393,0.1933979787577597,0.8070637719002905,0.841150672147788,7.42716894977169
65092,1.0,12566.0,7.95798185580137e-05,0.8240416397208383,0.1934775585763177,0.806999061190813,0.8410842182508637,7.430593607305936
65145,1.0,12565.0,7.958615200955034e-05,0.8239760574176374,0.19355714472832727,0.8069343504951235,0.8410177643401512,7.436643835616438
65153,1.0,12564.0,7.95924864692773e-05,0.8239104751144364,0.19363673721479654,0.8068696398132242,0.8409513104156485,7.437557077625571
65156,1.0,12562.0,7.960515841426525e-05,0.8238448875905456,0.1937163423732108,0.8068049239552201,0.8408848512258712,7.437899543378996
65160,1.0,12561.0,7.961149590000795e-05,0.823779300066655,0.1937959538691108,0.8067402081110149,0.8408183920222951,7.438356164383562
65181,1.0,12560.0,7.961783439490445e-05,0.8237137125427644,0.19387557170350572,0.8066754922806106,0.8407519328049181,7.440753424657534
65220,1.0,12559.0,7.962417389919579e-05,0.8236481250188737,0.19395519587740492,0.8066107764640095,0.840685473573738,7.445205479452055
65229,1.0,12557.0,7.963685593692761e-05,0.8235825322717989,0.19403483273334185,0.8065460554688269,0.8406190090747709,7.446232876712329
65233,1.0,12556.0,7.964319847085059e-05,0.823516939524724,0.1941144759318127,0.8064813344874561,0.840552544561992,7.446689497716895
65234,1.0,12555.0,7.964954201513341e-05,0.8234513467776492,0.19419412547382783,0.806416613519899,0.8404860800353994,7.446803652968036
65236,1.0,12554.0,7.965588657001752e-05,0.8233857540305743,0.19427378136039786,0.8063518925661579,0.8404196154949908,7.4470319634703195
65251,1.0,12553.0,7.966223213574445e-05,0.8233201612834995,0.1943534435925336,0.806287171626235,0.840353150940764,7.448744292237443
65284,1.0,12552.0,7.966857871255577e-05,0.8232545685364246,0.19443311217124615,0.8062224507001323,0.840286686372717,7.452511415525114
65320,1.0,12551.0,7.967492630069317e-05,0.8231889757893498,0.19451278709754685,0.8061577297878519,0.8402202217908477,7.45662100456621
65327,1.0,12550.0,7.968127490039841e-05,0.823123383042275,0.19459246837244726,0.806093008889396,0.840153757195154,7.457420091324201
65332,1.0,12549.0,7.96876245119133e-05,0.8230577902952001,0.19467215599695917,0.8060282880047667,0.8400872925856335,7.457990867579909
65384,1.0,12547.0,7.970032677133976e-05,0.8229921923203619,0.19475185632373052,0.8059635619370131,0.8400208227037107,7.463926940639269
65388,1.0,12546.0,7.970667941973537e-05,0.8229265943455237,0.19483156300315024,0.805898835883095,0.8399543528079525,7.464383561643835
65403,1.0,12545.0,7.971303308090873e-05,0.8228609963706854,0.19491127603623115,0.805834109843014,0.8398878828983569,7.466095890410959
65547,1.0,12542.0,7.973210014351777e-05,0.8227953879353186,0.19499100813637468,0.8057693734178706,0.8398214024527666,7.482534246575343
65559,1.0,12541.0,7.973845785822502e-05,0.8227297794999517,0.1950707465942329,0.8057046370065776,0.8397549219933259,7.483904109589041
65588,1.0,12539.0,7.975117632985087e-05,0.822664165832235,0.19515049777056276,0.805639895407602,0.8396884362568681,7.4872146118721465
65597,1.0,12537.0,7.976389885937624e-05,0.8225985469309164,0.19523026166942214,0.8055751486196985,0.8396219452421343,7.48824200913242
65617,1.0,12536.0,7.97702616464582e-05,0.8225329280295978,0.1953100319310686,0.8055104018456606,0.839555454213535,7.490525114155251
65634,1.0,12535.0,7.977662544874351e-05,0.822467309128279,0.19538980855651736,0.8054456550854905,0.8394889631710676,7.492465753424658
65695,1.0,12533.0,7.978935609989628e-05,0.8224016849912705,0.19546959791261725,0.805380903134319,0.8394224668482221,7.4994292237442925
65700,1.0,12532.0,7.979572294924992e-05,0.8223360608542619,0.1955493936355665,0.8053161511970238,0.8393559705115,7.5
65706,1.0,12531.0,7.980209081477934e-05,0.8222704367172533,0.1956291957263813,0.8052513992736072,0.8392894741608994,7.500684931506849
65737,1.0,12528.0,7.982120051085569e-05,0.8222048021038499,0.19570901692689216,0.8051866369493191,0.8392229672583807,7.504223744292237
65746,1.0,12527.0,7.9827572443522e-05,0.8221391674904466,0.19578884449933567,0.8051218746389228,0.8391564603419703,7.505251141552511
65750,1.0,12526.0,7.983394539358135e-05,0.8220735328770432,0.19586867844472924,0.8050571123424205,0.8390899534116659,7.505707762557078
65758,1.0,12525.0,7.984031936127745e-05,0.8220078982636398,0.19594851876409053,0.8049923500598141,0.8390234464674656,7.50662100456621
65776,1.0,12524.0,7.984669434685404e-05,0.8219422636502365,0.19602836545843738,0.804927587791106,0.838956939509367,7.508675799086758
65855,1.0,12523.0,7.985307035055498e-05,0.8218766290368331,0.19610821852878793,0.8048628255362981,0.8388904325373682,7.517694063926941
65879,1.0,12522.0,7.985944737262418e-05,0.8218109944234298,0.19618807797616056,0.8047980632953927,0.8388239255514668,7.520433789954338
65883,1.0,12521.0,7.986582541330565e-05,0.8217453598100264,0.19626794380157386,0.804733301068392,0.8387574185516607,7.520890410958904
65886,1.0,12520.0,7.987220447284345e-05,0.821679725196623,0.1963478160060467,0.804668538855298,0.8386909115379481,7.521232876712329
65898,1.0,12519.0,7.987858455148175e-05,0.8216140905832197,0.19642769459059817,0.8046037766561128,0.8386244045103265,7.522602739726027
65914,1.0,12517.0,7.989134776703683e-05,0.8215484507261785,0.1965075859383652,0.804539009258036,0.8385578921943211,7.524429223744292
65923,1.0,12516.0,7.989773090444231e-05,0.8214828108691374,0.19658748366926965,0.804474241873877,0.8384913798643979,7.525456621004566
65938,1.0,12514.0,7.99105002397315e-05,0.8214171657667826,0.19666739416950937,0.8044094692891607,0.8384248622444045,7.527168949771689
65944,1.0,12513.0,7.991688643810437e-05,0.8213515206644276,0.19674731105594748,0.8043446967183708,0.8383583446104844,7.5278538812785385
65954,1.0,12512.0,7.992327365728901e-05,0.8212858755620728,0.19682723432960478,0.8042799241615095,0.838291826962636,7.528995433789954
65955,1.0,12511.0,7.992966189753018e-05,0.8212202304597179,0.19690716399150232,0.8042151516185788,0.838225309300857,7.529109589041096
66022,1.0,12510.0,7.993605115907275e-05,0.8211545853573631,0.1969871000426614,0.8041503790895809,0.8381587916251453,7.53675799086758
66040,1.0,12509.0,7.994244144216165e-05,0.8210889402550082,0.19706704248410356,0.8040856065745179,0.8380922739354986,7.538812785388128
66053,1.0,12508.0,7.99488327470419e-05,0.8210232951526533,0.1971469913168506,0.8040208340733918,0.8380257562319148,7.540296803652968
66106,1.0,12506.0,7.996161842315688e-05,0.8209576448012097,0.19722695293527376,0.8039560563679632,0.8379592332344562,7.54634703196347
66111,1.0,12505.0,7.996801279488205e-05,0.8208919944497662,0.19730692094806865,0.8038912786764804,0.8378927102230521,7.546917808219178
66115,1.0,12504.0,7.99744081893794e-05,0.8208263440983227,0.19738689535625803,0.8038265009989455,0.8378261871976999,7.547374429223744
66134,1.0,12501.0,7.999360051195904e-05,0.8207606832436632,0.19746688895676998,0.8037617128938441,0.8377596535934824,7.549543378995434
66143,1.0,12500.0,8e-05,0.8206950223890038,0.19754688895676997,0.8036969248027038,0.8376931199753038,7.550570776255708
66168,1.0,12499.0,8.000640051204096e-05,0.8206293615343443,0.197626895357282,0.8036321367255268,0.8376265863431618,7.553424657534246
66179,1.0,12498.0,8.001280204832773e-05,0.8205637006796849,0.19770690815933034,0.8035673486623154,0.8375600526970544,7.554680365296804
66226,1.0,12495.0,8.003201280512204e-05,0.8204980293150846,0.19778694017213547,0.8035025501648374,0.8374935084653319,7.560045662100457
66250,1.0,12494.0,8.003841844085161e-05,0.8204323579504844,0.1978669785905763,0.8034377516813382,0.8374269642196306,7.562785388127854
66251,1.0,12493.0,8.004482510205715e-05,0.8203666865858842,0.19794702341567835,0.80337295321182,0.8373604199599484,7.562899543378996
66255,1.0,12492.0,8.005123278898494e-05,0.820301015221284,0.19802707464846733,0.8033081547562847,0.8372938756862832,7.563356164383562
66305,1.0,12491.0,8.005764150188136e-05,0.8202353438566837,0.1981071322899692,0.8032433563147348,0.8372273313986327,7.56906392694064
66314,1.0,12490.0,8.00640512409928e-05,0.8201696724920835,0.1981871963412102,0.8031785578871721,0.8371607870969949,7.570091324200913
66325,1.0,12489.0,8.007046200656577e-05,0.8201040011274833,0.19826726680321677,0.8031137594735989,0.8370942427813677,7.57134703196347
66357,1.0,12487.0,8.008328661808281e-05,0.8200383245037043,0.19834735008983484,0.8030489558457011,0.8370276931617074,7.575
66377,1.0,12487.0,8.008328661808281e-05,0.8199726531395252,0.1984274333764529,0.8029841574605375,0.8369611488185128,7.577283105022831
66398,1.0,12486.0,8.008970046452026e-05,0.8199069817753462,0.19850752307691744,0.8029193590893701,0.8368946044613222,7.579680365296803
66399,1.0,12485.0,8.009611533840609e-05,0.819841310411167,0.19858761919225584,0.8028545607322005,0.8368280600901336,7.579794520547945
66406,1.0,12484.0,8.010253123998718e-05,0.8197756390469879,0.19866772172349584,0.8027897623890313,0.8367615157049445,7.580593607305936
66416,1.0,12483.0,8.010894816951053e-05,0.8197099676828089,0.19874783067166535,0.8027249640598648,0.836694971305753,7.5817351598173515
66425,1.0,12482.0,8.01153661272232e-05,0.8196442963186299,0.19882794603779258,0.8026601657447028,0.836628426892557,7.582762557077626
66465,1.0,12481.0,8.012178511337233e-05,0.8195786249544508,0.19890806782290596,0.8025953674435475,0.836561882465354,7.587328767123288
66506,1.0,12480.0,8.012820512820513e-05,0.8195129535902717,0.19898819602803416,0.8025305691564012,0.8364953380241421,7.592009132420091
66538,1.0,12477.0,8.014747134727899e-05,0.819447271699305,0.19906834349938143,0.8024657604182306,0.8364287829803794,7.595662100456621
66541,1.0,12476.0,8.01538954793203e-05,0.8193815898083384,0.19914849739486076,0.8024009516940823,0.8363622279225945,7.596004566210046
66551,1.0,12475.0,8.016032064128256e-05,0.8193159079173719,0.19922865771550205,0.8023361429839584,0.8362956728507853,7.5971461187214615
66567,1.0,12474.0,8.01667468334135e-05,0.8192502260264053,0.19930882446233547,0.8022713342878611,0.8362291177649495,7.598972602739726
66576,1.0,12473.0,8.017317405596088e-05,0.8191845441354387,0.19938899763639142,0.8022065256057926,0.8361625626650848,7.6
66579,1.0,12472.0,8.017960230917254e-05,0.8191188622444721,0.19946917723870058,0.8021417169377549,0.8360960075511892,7.600342465753425
66624,1.0,12471.0,8.018603159329644e-05,0.8190531803535054,0.19954936327029388,0.8020769082837503,0.8360294524232604,7.605479452054794
66635,1.0,12470.0,8.019246190858059e-05,0.8189874984625388,0.19962955573220245,0.8020120996437811,0.8359628972812966,7.606735159817352
66649,1.0,12469.0,8.019889325527307e-05,0.8189218165715723,0.19970975462545773,0.8019472910178491,0.8358963421252954,7.608333333333333
66664,1.0,12468.0,8.020532563362207e-05,0.8188561346806057,0.19978995995109136,0.8018824824059568,0.8358297869552546,7.610045662100457
66690,1.0,12467.0,8.021175904387583e-05,0.8187904527896391,0.19987017171013524,0.8018176738081063,0.835763231771172,7.613013698630137
66697,1.0,12466.0,8.021819348628268e-05,0.8187247708986726,0.19995038990362152,0.8017528652242997,0.8356966765730455,7.613812785388128
66715,1.0,12464.0,8.023106546854942e-05,0.8186590837379779,0.20003062096909008,0.8016880514157041,0.8356301160602517,7.6158675799086755
66737,1.0,12463.0,8.023750300890636e-05,0.8185933965772832,0.20011085847209897,0.8016232376211614,0.8355635555334051,7.61837899543379
66742,1.0,12462.0,8.024394158241052e-05,0.8185277094165885,0.20019110241368138,0.8015584238406734,0.8354969949925035,7.618949771689498
66766,1.0,12461.0,8.025038118931065e-05,0.8184620222558938,0.20027135279487068,0.8014936100742427,0.8354304344375449,7.621689497716895
66813,1.0,12458.0,8.026970621287526e-05,0.8183963245498209,0.20035162250108357,0.8014287858382881,0.8353638632613537,7.627054794520548
66858,1.0,12457.0,8.027614995584812e-05,0.818330626843748,0.20043189865103941,0.8013639616164039,0.8352972920710922,7.632191780821918
66874,1.0,12456.0,8.028259473346178e-05,0.8182649291376751,0.20051218124577289,0.8012991374085924,0.8352307208667579,7.634018264840183
66886,1.0,12455.0,8.028904054596547e-05,0.8181992314316023,0.20059247028631885,0.8012343132148558,0.8351641496483488,7.635388127853881
66901,1.0,12454.0,8.029548739360848e-05,0.8181335337255294,0.20067276577371246,0.8011694890351961,0.8350975784158627,7.637100456621004
66953,1.0,12452.0,8.030838419531e-05,0.81806783074338,0.20075307415790777,0.8011046596244424,0.8350310018623175,7.643036529680366
66982,1.0,12451.0,8.031483414986748e-05,0.8180021277612305,0.20083338899205763,0.8010398302277747,0.8349644252946863,7.6463470319634705
67056,1.0,12450.0,8.032128514056225e-05,0.817936424779081,0.2009137102771982,0.8009750008451949,0.8348978487129671,7.654794520547945
67063,1.0,12449.0,8.032773716764399e-05,0.8178707217969315,0.20099403801436586,0.8009101714767054,0.8348312721171577,7.655593607305936
67090,1.0,12448.0,8.033419023136246e-05,0.8178050188147821,0.20107437220459723,0.8008453421223083,0.8347646955072558,7.658675799086758
67145,1.0,12443.0,8.036647110825364e-05,0.8177392947113653,0.2011547386757055,0.8007804917843708,0.8346980976383598,7.664954337899544
67164,1.0,12441.0,8.03793907242183e-05,0.8176735653250852,0.2012351180664297,0.8007156362085911,0.8346314944415792,7.667123287671233
67189,1.0,12440.0,8.038585209003216e-05,0.817607835938805,0.20131550391851974,0.800650780646933,0.8345648912306771,7.669977168949772
67242,1.0,12438.0,8.039877793857533e-05,0.8175421012679626,0.20139590269645832,0.8005859198457446,0.8344982826901806,7.676027397260274
67259,1.0,12437.0,8.04052424218059e-05,0.8174763665971201,0.20147630793888013,0.8005210590586865,0.8344316741355536,7.6779680365296805
67264,1.0,12436.0,8.041170794467674e-05,0.8174106319262776,0.2015567196468248,0.8004561982857612,0.834365065566794,7.678538812785388
67330,1.0,12434.0,8.042464211034261e-05,0.8173448919687477,0.20163714428893514,0.800391332271195,0.8342984516663005,7.686073059360731
67343,1.0,12433.0,8.043111075363951e-05,0.8172791520112178,0.2017175753996888,0.8003264662707704,0.8342318377516652,7.687557077625571
67347,1.0,12432.0,8.043758043758043e-05,0.8172134120536879,0.20179801298012637,0.8002616002844896,0.8341652238228863,7.688013698630137
67358,1.0,12431.0,8.044405116241654e-05,0.8171476720961581,0.2018784570312888,0.8001967343123548,0.8340986098799614,7.689269406392694
67370,1.0,12430.0,8.045052292839903e-05,0.8170819321386283,0.2019589075542172,0.8001318683543683,0.8340319959228883,7.690639269406392
67403,1.0,12428.0,8.04634695848085e-05,0.8170161868914334,0.202039371023802,0.8000669971517852,0.8339653766310816,7.694406392694064
67413,1.0,12427.0,8.04699444757383e-05,0.8169504416442385,0.20211984096827776,0.8000021259633592,0.8338987573251178,7.69554794520548
67426,1.0,12426.0,8.047642040882022e-05,0.8168846963970435,0.20220031738868657,0.7999372547890924,0.8338321380049947,7.6970319634703195
67454,1.0,12425.0,8.048289738430584e-05,0.8168189511498486,0.20228080028607087,0.7998723836289873,0.8337655186707099,7.7002283105022835
67493,1.0,12424.0,8.048937540244688e-05,0.8167532059026537,0.20236128966147332,0.7998075124830457,0.8336988993222616,7.704680365296803
67497,1.0,12423.0,8.049585446349512e-05,0.8166874606554587,0.2024417855159368,0.79974264135127,0.8336322799596474,7.70513698630137
67528,1.0,12421.0,8.050881571532083e-05,0.8166217101151918,0.20252229433165211,0.7996777649715169,0.8335656552588667,7.708675799086758
67554,1.0,12420.0,8.051529790660226e-05,0.8165559595749249,0.2026028096295587,0.7996128886059386,0.8334990305439112,7.711643835616439
67609,1.0,12419.0,8.052178114179885e-05,0.816490209034658,0.2026833314107005,0.7995480122545373,0.8334324058147786,7.717922374429223
67640,1.0,12418.0,8.052826542116283e-05,0.816424458494391,0.20276385967612165,0.7994831359173152,0.8333657810714669,7.7214611872146115
67661,1.0,12417.0,8.053475074494645e-05,0.8163587079541241,0.2028443944268666,0.7994182595942746,0.8332991563139737,7.723858447488585
67663,1.0,12416.0,8.054123711340206e-05,0.8162929574138572,0.20292493566398,0.7993533832854175,0.8332325315422969,7.724086757990867
67707,1.0,12415.0,8.054772452678212e-05,0.8162272068735903,0.2030054833885068,0.7992885069907463,0.8331659067564343,7.729109589041096
67741,1.0,12414.0,8.055421298533914e-05,0.8161614563333234,0.20308603760149213,0.799223630710263,0.8330992819563837,7.732990867579908
67745,1.0,12413.0,8.05607024893257e-05,0.8160957057930565,0.20316659830398145,0.79915875444397,0.8330326571421429,7.733447488584475
67761,1.0,12412.0,8.056719303899453e-05,0.8160299552527895,0.20324716549702046,0.7990938781918694,0.8329660323137097,7.73527397260274
67800,1.0,12411.0,8.057368463459834e-05,0.8159642047125226,0.20332773918165506,0.7990290019539633,0.8328994074710819,7.739726027397261
67802,1.0,12410.0,8.058017727639001e-05,0.8158984541722557,0.20340831935893144,0.7989641257302541,0.8328327826142573,7.739954337899543
67863,1.0,12409.0,8.058667096462245e-05,0.8158327036319888,0.20348890602989606,0.7988992495207439,0.8327661577432337,7.7469178082191785
67866,1.0,12407.0,8.059966148142178e-05,0.8157669477922506,0.20356950569137747,0.7988343680569093,0.8326995275275918,7.747260273972603
67931,1.0,12405.0,8.061265618702137e-05,0.8157011866517595,0.2036501183475645,0.7987694813374758,0.8326328919660432,7.754680365296804
67933,1.0,12404.0,8.061915511125443e-05,0.8156354255112683,0.20373073750267576,0.798704594632257,0.8325662563902797,7.754908675799086
67966,1.0,12403.0,8.062565508344755e-05,0.8155696643707772,0.20381136315775922,0.798639707941255,0.8324996208002993,7.758675799086758
68019,1.0,12401.0,8.063865817272801e-05,0.8155038979273959,0.20389200181593195,0.7985748159925317,0.8324329798622601,7.76472602739726
68022,1.0,12400.0,8.064516129032258e-05,0.8154381314840146,0.20397264697722228,0.7985099240580341,0.832366338909995,7.765068493150685
68032,1.0,12399.0,8.065166545689168e-05,0.8153723650406333,0.20405329864267918,0.7984450321377647,0.8322996979435018,7.766210045662101
68036,1.0,12398.0,8.065817067268914e-05,0.815306598597252,0.20413395681335186,0.7983801402317259,0.832233056962778,7.766666666666667
68050,1.0,12396.0,8.067118425298483e-05,0.8152408268484138,0.20421462799760484,0.7983152430654169,0.8321664106314107,7.768264840182648
68069,1.0,12395.0,8.067769261799113e-05,0.8151750550995757,0.20429530569022283,0.7982503459133474,0.8320997642858039,7.770433789954338
68079,1.0,12394.0,8.068420203324189e-05,0.8151092833507375,0.20437598989225608,0.7981854487755196,0.8320331179259555,7.771575342465753
68140,1.0,12392.0,8.069722401549386e-05,0.8150435062943019,0.20445668711627157,0.7981205463752957,0.831966466213308,7.7785388127853885
68152,1.0,12391.0,8.07037365830038e-05,0.8149777292378663,0.20453739085285458,0.7980556439893225,0.83189981448641,7.779908675799087
68248,1.0,12390.0,8.071025020177563e-05,0.8149119521814306,0.20461810110305637,0.7979907416176021,0.8318331627452592,7.790867579908676
68411,1.0,12385.0,8.074283407347598e-05,0.8148461538808912,0.20469884393712984,0.7979258181398692,0.8317664896219132,7.8094748858447485
68442,1.0,12384.0,8.074935400516796e-05,0.8147803555803518,0.20477959329113501,0.797860894676412,0.8316998164842916,7.813013698630137
68522,1.0,12382.0,8.076239702794379e-05,0.8147145519657838,0.20486035568816297,0.7977959659441628,0.8316331379874048,7.822146118721461
68528,1.0,12381.0,8.0768920119538e-05,0.8146487483512158,0.2049411246082825,0.7977310372261983,0.8315664594762333,7.82283105022831
68536,1.0,12380.0,8.077544426494346e-05,0.8145829447366478,0.20502190005254745,0.7976661085225208,0.8314997809507748,7.823744292237443
68550,1.0,12379.0,8.078196946441554e-05,0.81451714112208,0.20510268202201187,0.7976011798331325,0.8314331024110274,7.825342465753424
68557,1.0,12378.0,8.078849571820973e-05,0.814451337507512,0.2051834705177301,0.7975362511580355,0.8313664238569884,7.826141552511416
68649,1.0,12377.0,8.079502302658157e-05,0.814385533892944,0.20526426554075666,0.7974713224972321,0.8312997452886559,7.836643835616439
68665,1.0,12376.0,8.080155138978668e-05,0.814319730278376,0.20534506709214645,0.7974063938507243,0.8312330667060277,7.838470319634703
68714,1.0,12375.0,8.080808080808081e-05,0.814253926663808,0.20542587517295452,0.7973414652185147,0.8311663881091014,7.844063926940639
68750,1.0,12374.0,8.081461128171973e-05,0.81418812304924,0.20550668978423625,0.7972765366006052,0.8310997094978749,7.848173515981735
68803,1.0,12373.0,8.082114281095935e-05,0.8141223194346721,0.20558751092704722,0.7972116079969982,0.8310330308723459,7.854223744292238
68963,1.0,12370.0,8.084074373484237e-05,0.8140565051808778,0.20566835167078207,0.7971466688304149,0.8309663415313407,7.872488584474886
69012,1.0,12368.0,8.085381630012937e-05,0.81399068560575,0.2057492054870822,0.7970817243877864,0.8308996468237138,7.8780821917808215
69115,1.0,12363.0,8.08865162177465e-05,0.8139248447349577,0.20583009200329994,0.7970167587876968,0.8308329306822186,7.889840182648402
69123,1.0,12362.0,8.089305937550558e-05,0.8138590038641654,0.20591098506267544,0.7969517932019512,0.8307662145263797,7.890753424657534
69215,1.0,12361.0,8.08996035919424e-05,0.8137931629933731,0.2059918846662674,0.7968868276305515,0.8306994983561947,7.901255707762557
69233,1.0,12360.0,8.090614886731392e-05,0.8137273221225807,0.20607279081513472,0.7968218620735,0.8306327821716614,7.903310502283105
69244,1.0,12358.0,8.09192425958893e-05,0.813661475923995,0.20615371005773062,0.7967568912339786,0.8305660606140113,7.904566210045662
69257,1.0,12357.0,8.09257910496075e-05,0.8135956297254092,0.2062346358487802,0.7966919204088145,0.8304993390420039,7.9060502283105025
69277,1.0,12355.0,8.093889113719143e-05,0.8135297781973052,0.2063155747399174,0.7966269442994665,0.830432612095144,7.908333333333333
69297,1.0,12354.0,8.094544277157196e-05,0.8134639266692012,0.20639652018268898,0.7965619682044849,0.8303658851339175,7.910616438356165
69358,1.0,12352.0,8.095854922279793e-05,0.8133980698098531,0.20647747873191177,0.7964969868236044,0.8302991527961018,7.917579908675799
69381,1.0,12351.0,8.096510404015869e-05,0.8133322129505048,0.20655844383595193,0.7964320054570994,0.8302324204439103,7.920205479452055
69424,1.0,12349.0,8.097821685966476e-05,0.8132663507581855,0.2066394220528116,0.7963670188029793,0.8301656827133918,7.9251141552511415
69445,1.0,12348.0,8.098477486232588e-05,0.8132004885658664,0.20672040682767392,0.796302032163244,0.8300989449684887,7.927511415525114
69453,1.0,12347.0,8.099133392726978e-05,0.8131346263735472,0.2068013981616012,0.7962370455378958,0.8300322072091986,7.928424657534246
69545,1.0,12344.0,8.101101749837978e-05,0.8130687535101015,0.20688240917909959,0.7961720483177721,0.829965458702431,7.938926940639269
69547,1.0,12343.0,8.101758081503687e-05,0.8130028806466558,0.2069634267599146,0.796107051112049,0.8298987101812626,7.939155251141552
69567,1.0,12341.0,8.103071063933231e-05,0.8129370024454852,0.20704445747055394,0.796042048613986,0.8298319562769844,7.941438356164384
69570,1.0,12340.0,8.103727714748784e-05,0.8128711242443145,0.20712549474770142,0.7959770461303328,0.8297652023582962,7.941780821917808
69583,1.0,12339.0,8.104384471999351e-05,0.812805246043144,0.2072065385924214,0.7959120436610918,0.8296984484251961,7.943264840182648
69601,1.0,12338.0,8.105041335710812e-05,0.8127393678419733,0.2072875890057785,0.7958470412062651,0.8296316944776815,7.945319634703196
69663,1.0,12337.0,8.105698305909054e-05,0.8126734896408028,0.2073686459888376,0.7957820387658551,0.8295649405157505,7.9523972602739725
69743,1.0,12336.0,8.106355382619974e-05,0.8126076114396321,0.2074497095426638,0.7957170363398639,0.8294981865394003,7.961529680365297
69752,1.0,12334.0,8.107669855683477e-05,0.8125417278972744,0.20753078624122065,0.7956520286180968,0.829431427176452,7.962557077625571
69763,1.0,12333.0,8.108327252087895e-05,0.8124758443549167,0.20761186951374153,0.7955870209107577,0.8293646677990757,7.963812785388128
69769,1.0,12332.0,8.10898475510866e-05,0.812409960812559,0.20769295936129262,0.7955220132178489,0.8292979084072691,7.964497716894977
69776,1.0,12331.0,8.109642364771714e-05,0.8123440772702013,0.20777405578494035,0.7954570055393726,0.82923114900103,7.965296803652968
69783,1.0,12330.0,8.110300081103001e-05,0.8122781937278437,0.20785515878575136,0.7953919978753311,0.8291643895803563,7.966095890410959
69789,1.0,12329.0,8.110957904128478e-05,0.812212310185486,0.20793626836479265,0.7953269902257265,0.8290976301452455,7.9667808219178085
69841,1.0,12328.0,8.111615833874107e-05,0.8121464266431283,0.2080173845231314,0.7952619825905611,0.8290308706956955,7.972716894977169
69865,1.0,12327.0,8.112273870365864e-05,0.8120805431007706,0.20809850726183507,0.7951969749698372,0.828964111231704,7.975456621004566
69883,2.0,12326.0,0.00016225864027259452,0.8119487760160552,0.20826076590210765,0.7950669597717229,0.8288305922603875,7.977511415525115
70057,1.0,12322.0,8.115565654926148e-05,0.8118828817800532,0.2083419215586569,0.7950019415627008,0.8287638219974056,7.997374429223744
70098,1.0,12321.0,8.116224332440549e-05,0.8118169875440512,0.20842308380198132,0.7949369233681385,0.8286970517199639,8.002054794520548
70121,1.0,12320.0,8.116883116883117e-05,0.8117510933080493,0.20850425263315014,0.7948719051880383,0.8286302814280603,8.004680365296803
70126,1.0,12318.0,8.118201006656925e-05,0.8116851937226208,0.20858543464321672,0.7948068817039827,0.8285635057412589,8.005251141552511
70158,2.0,12317.0,0.00016237720224080538,0.8115533945517639,0.20874781184545751,0.7946768347792876,0.8284299543242402,8.008904109589041
70211,1.0,12313.0,8.121497604158207e-05,0.8114874842622689,0.2088290268214991,0.7946118006966046,0.8283631678279332,8.014954337899544
70215,1.0,12312.0,8.122157244964262e-05,0.8114215739727739,0.20891024839394873,0.7945467666284092,0.8282963813171387,8.01541095890411
70216,1.0,12311.0,8.122816992933149e-05,0.8113556636832789,0.20899147656387806,0.7944817325747034,0.8282295947918544,8.01552511415525
70236,1.0,12310.0,8.123476848090982e-05,0.811289753393784,0.20907271133235897,0.7944166985354897,0.8281628082520782,8.017808219178082
70241,1.0,12309.0,8.124136810463888e-05,0.811223843104289,0.2091539527004636,0.7943516645107702,0.8280960216978077,8.01837899543379
70284,1.0,12308.0,8.124796880077999e-05,0.811157932814794,0.20923520066926438,0.7942866305005473,0.8280292351290407,8.023287671232877
70391,1.0,12303.0,8.128098837681866e-05,0.8110920010962851,0.2093164816576412,0.794221575199867,0.8279624269927032,8.035502283105023
70445,1.0,12302.0,8.128759551292472e-05,0.8110260693777762,0.20939776925315412,0.7941565199137067,0.8278956188418457,8.041666666666666
70446,1.0,12301.0,8.129420372327454e-05,0.8109601376592673,0.2094790634568774,0.7940914646420686,0.8278288106764661,8.041780821917808
70459,1.0,12300.0,8.130081300813008e-05,0.8108942059407585,0.20956036426988553,0.7940264093849548,0.8277620024965621,8.043264840182648
70462,1.0,12299.0,8.130742336775348e-05,0.8108282742222496,0.2096416716932533,0.7939613541423678,0.8276951943021313,8.043607305936073
70477,1.0,12298.0,8.13140348024069e-05,0.8107623425037407,0.2097229857280557,0.7938962989143097,0.8276283860931717,8.045319634703196
70549,1.0,12297.0,8.13206473123526e-05,0.8106964107852318,0.20980430637536807,0.7938312437007827,0.8275615778696809,8.053538812785389
70580,1.0,12296.0,8.132726089785297e-05,0.8106304790667229,0.20988563363626592,0.7937661885017894,0.8274947696316565,8.057077625570777
70674,1.0,12294.0,8.134049129656744e-05,0.8105645419852956,0.2099669741275625,0.7937011279854369,0.8274279559851543,8.067808219178081
70761,1.0,12289.0,8.137358613394092e-05,0.8104985834417212,0.21004834771369643,0.793636046145566,0.8273611207378764,8.077739726027398
70765,1.0,12288.0,8.138020833333333e-05,0.8104326248981468,0.21012972792202977,0.793570964320259,0.8272942854760347,8.078196347031964
70771,1.0,12287.0,8.13868316106454e-05,0.8103666663545724,0.21021111475364043,0.7935058825095183,0.8272274501996266,8.078881278538812
70780,1.0,12286.0,8.139345596614032e-05,0.810300707810998,0.21029250820960657,0.7934408007133461,0.82716061490865,8.079908675799087
70820,1.0,12285.0,8.14000814000814e-05,0.8102347492674237,0.21037390829100666,0.7933757189317446,0.8270937796031027,8.084474885844749
70858,1.0,12284.0,8.140670791273201e-05,0.8101687907238494,0.2104553149989194,0.7933106371647164,0.8270269442829824,8.088812785388129
70863,1.0,12283.0,8.141333550435561e-05,0.810102832180275,0.21053672833442375,0.7932455554122634,0.8269601089482866,8.089383561643835
70885,1.0,12282.0,8.141996417521577e-05,0.8100368736367006,0.21061814829859896,0.7931804736743879,0.8268932735990133,8.09189497716895
70905,1.0,12278.0,8.144648965629581e-05,0.8099708989768508,0.21069959478825526,0.793115375927904,0.8268264220257976,8.094178082191782
70972,1.0,12277.0,8.145312372729494e-05,0.8099049243170009,0.21078104791198254,0.7930502781960166,0.8267595704379852,8.101826484018265
70973,1.0,12276.0,8.145975887911372e-05,0.8098389496571511,0.21086250767086165,0.7929851804787279,0.8266927188355743,8.101940639269406
70978,1.0,12275.0,8.146639511201629e-05,0.8097729749973013,0.21094397406597368,0.7929200827760402,0.8266258672185623,8.102511415525115
71020,1.0,12274.0,8.147303242626691e-05,0.8097070003374515,0.21102544709839993,0.7928549850879557,0.8265590155869472,8.10730593607306
71135,1.0,12272.0,8.148631029986962e-05,0.8096410203015699,0.2111069334086998,0.7927898820694792,0.8264921585336606,8.120433789954339
71173,1.0,12270.0,8.149959250203749e-05,0.8095750348883424,0.21118843300120183,0.7927247737193033,0.8264252960573815,8.124771689497717
71223,1.0,12269.0,8.150623522699487e-05,0.8095090494751149,0.2112699392364288,0.7926596653837472,0.8263584335664826,8.130479452054795
71286,1.0,12267.0,8.151952392598027e-05,0.809443058682788,0.2113514587603548,0.7925945517147494,0.8262915656508266,8.137671232876713
71302,1.0,12266.0,8.152616990053807e-05,0.809377067890461,0.21143298493025534,0.7925294380603805,0.8262246977205416,8.139497716894978
71307,1.0,12265.0,8.153281695882592e-05,0.8093110770981341,0.21151451774721416,0.7924643244206429,0.8261578297756254,8.140068493150684
71356,1.0,12264.0,8.153946510110893e-05,0.809245086305807,0.21159605721231528,0.7923992107955387,0.8260909618160754,8.14566210045662
71492,1.0,12262.0,8.155276463872126e-05,0.8091790901317485,0.211677609976954,0.7923340918343795,0.8260240884291175,8.161187214611871
71530,1.0,12261.0,8.15594160345812e-05,0.8091130939576899,0.21175916939298858,0.7922689728878632,0.8259572150275166,8.165525114155251
71537,1.0,12260.0,8.156606851549755e-05,0.8090470977836314,0.2118407354615041,0.7922038539559921,0.8258903416112706,8.166324200913243
71547,1.0,12259.0,8.157272208173587e-05,0.8089811016095728,0.21192230818358582,0.7921387350387685,0.8258234681803771,8.167465753424658
71606,1.0,12257.0,8.158603247124092e-05,0.8089151000511483,0.21200389421605706,0.7920736107828744,0.8257565893194222,8.174200913242009
71607,1.0,12256.0,8.159268929503917e-05,0.8088490984927237,0.2120854869053521,0.792008486541637,0.8256897104438103,8.17431506849315
71627,1.0,12255.0,8.159934720522235e-05,0.8087830969342992,0.2121670862525573,0.7919433623150588,0.8256228315535395,8.176598173515982
71681,1.0,12254.0,8.160600620205648e-05,0.8087170953758746,0.21224869225875936,0.7918782381031418,0.8255559526486073,8.182762557077625
71686,1.0,12253.0,8.161266628580756e-05,0.80865109381745,0.21233030492504518,0.7918131139058887,0.8254890737290114,8.183333333333334
71689,1.0,12252.0,8.161932745674175e-05,0.8085850922590255,0.2124119242525019,0.7917479897233016,0.8254221947947494,8.183675799086759
71761,1.0,12250.0,8.163265306122449e-05,0.8085190853127187,0.21249355690556312,0.7916828601985543,0.825355310426883,8.19189497716895
71847,1.0,12248.0,8.164598301763554e-05,0.8084530729772098,0.21257520288858076,0.7916177253303341,0.8252884206240855,8.201712328767123
71863,1.0,12247.0,8.165264962848044e-05,0.808387060641701,0.21265685553820923,0.7915525904767966,0.8252215308066053,8.203538812785387
71922,1.0,12245.0,8.166598611678236e-05,0.8083210429152295,0.212738521524326,0.7914874502780368,0.8251546355524223,8.21027397260274
71925,1.0,12244.0,8.167265599477295e-05,0.8082550251887581,0.21282019418032078,0.7914223100939689,0.8250877402835474,8.210616438356164
71983,1.0,12243.0,8.167932696234583e-05,0.8081890074622868,0.21290187350728312,0.7913571699245951,0.8250208449999785,8.217237442922375
72048,1.0,12240.0,8.169934640522875e-05,0.8081229789486053,0.21298357285368835,0.7912920190448239,0.8249539388523867,8.224657534246575
72128,1.0,12239.0,8.170602173380178e-05,0.8080569504349236,0.21306527887542215,0.791226868179761,0.8248870326900863,8.2337899543379
72199,1.0,12237.0,8.171937566396992e-05,0.8079909165254332,0.21314699825108613,0.7911617119646588,0.8248201210862076,8.24189497716895
72244,1.0,12236.0,8.172605426610003e-05,0.8079248826159426,0.21322872430535222,0.7910965557642743,0.824753209467611,8.24703196347032
72281,1.0,12235.0,8.173273395995096e-05,0.8078588487064522,0.21331045703931217,0.7910313995786099,0.8246862978342945,8.251255707762557
72301,1.0,12234.0,8.173941474579042e-05,0.8077928147969617,0.21339219645405796,0.790966243407668,0.8246193861862555,8.253538812785388
72307,1.0,12233.0,8.17460966238862e-05,0.8077267808874712,0.21347394255068186,0.7909010872514506,0.8245524745234918,8.254223744292238
72333,1.0,12232.0,8.175277959450622e-05,0.8076607469779806,0.21355569533027638,0.7908359311099601,0.8244855628460012,8.257191780821918
72345,1.0,12231.0,8.17594636579184e-05,0.8075947130684901,0.2136374547939343,0.7907707749831989,0.8244186511537812,8.258561643835616
72359,1.0,12230.0,8.176614881439084e-05,0.8075286791589996,0.2137192209427487,0.7907056188711694,0.8243517394468298,8.260159817351598
72389,1.0,12229.0,8.177283506419168e-05,0.8074626452495092,0.2138009937778129,0.7906404627738739,0.8242848277251444,8.263584474885844
72429,1.0,12227.0,8.178621084485155e-05,0.8073966059393555,0.21388277998865773,0.7905753013217233,0.8242179105569877,8.268150684931507
72448,1.0,12226.0,8.179290037624735e-05,0.8073305666292018,0.21396457288903398,0.790510139884316,0.8241509933740876,8.270319634703196
72474,1.0,12224.0,8.18062827225131e-05,0.8072645219166176,0.21404637917175648,0.7904449730902975,0.8240840707429377,8.273287671232877
72490,1.0,12223.0,8.181297553792031e-05,0.8071984772040334,0.2141281921472944,0.7903798063110319,0.8240171480970349,8.275114155251142
72523,1.0,12222.0,8.181966944853542e-05,0.8071324324914492,0.21421001181674293,0.7903146395465213,0.8239502254363771,8.278881278538814
72535,1.0,12221.0,8.182636445462728e-05,0.807066387778865,0.21429183818119757,0.790249472796768,0.8238833027609619,8.280251141552512
72602,1.0,12220.0,8.183306055646482e-05,0.8070003430662808,0.21437367124175402,0.7901843060617745,0.8238163800707871,8.287899543378995
72607,1.0,12219.0,8.183975775431704e-05,0.8069342983536966,0.21445551099950833,0.790119139341543,0.8237494573658501,8.288470319634703
72628,1.0,12218.0,8.18464560484531e-05,0.8068682536411124,0.21453735745555677,0.7900539726360758,0.8236825346461489,8.290867579908676
72668,1.0,12217.0,8.185315543914218e-05,0.8068022089285282,0.21461921061099593,0.7899888059453752,0.8236156119116811,8.295433789954338
72782,1.0,12215.0,8.186655751125665e-05,0.8067361588090907,0.21470107716850717,0.7899236338936755,0.8235486837245058,8.308447488584475
72806,1.0,12213.0,8.187996397281586e-05,0.8066701032814718,0.21478295713248,0.7898584564796556,0.823481750083288,8.311187214611872
72856,1.0,12211.0,8.189337482597658e-05,0.8066040423443429,0.21486485050730597,0.789793273701994,0.8234148109866918,8.31689497716895
72877,1.0,12210.0,8.19000819000819e-05,0.8065379814072139,0.21494675058920606,0.7897280909391228,0.823347871875305,8.319292237442923
72885,1.0,12209.0,8.190679007289704e-05,0.806471920470085,0.21502865737927895,0.7896629081910445,0.8232809327491255,8.320205479452055
72912,1.0,12207.0,8.192020971573687e-05,0.8064058541212302,0.21511057758899468,0.7895977200771237,0.8232139881653368,8.323287671232876
72945,1.0,12206.0,8.192692118630181e-05,0.8063397877723755,0.215192504510181,0.7895325319780052,0.8231470435667457,8.327054794520548
73117,1.0,12201.0,8.196049504139005e-05,0.806273699764198,0.21527446500522238,0.7894673223587193,0.8230800771696768,8.346689497716895
73151,1.0,12199.0,8.197393228953193e-05,0.8062076063385268,0.2153564389375119,0.7894021073678512,0.8230131053092025,8.350570776255708
73305,1.0,12192.0,8.202099737532808e-05,0.8061414803865634,0.21543845993488725,0.789336860052012,0.8229461007211148,8.368150684931507
73330,1.0,12191.0,8.202772537117546e-05,0.8060753544346,0.21552048766025841,0.7892716127510377,0.8228790961181622,8.371004566210045
73349,1.0,12190.0,8.203445447087777e-05,0.8060092284826366,0.2156025221147293,0.7892063654649308,0.8228120915003423,8.373173515981735
73369,1.0,12189.0,8.20411846747067e-05,0.8059431025306731,0.215684563299404,0.7891411181936936,0.8227450868676527,8.375456621004567
73386,1.0,12188.0,8.204791598293403e-05,0.8058769765787096,0.21576661121538693,0.7890758709373283,0.8226780822200909,8.377397260273973
73396,1.0,12185.0,8.206811653672549e-05,0.8058108397730814,0.21584867933192364,0.7890106129043385,0.8226110666418244,8.378538812785388
73409,1.0,12183.0,8.208158909956496e-05,0.8057446975388391,0.2159307609210232,0.7889453494887032,0.8225440455889751,8.380022831050228
73454,1.0,12180.0,8.210180623973728e-05,0.8056785444438032,0.21601286272726294,0.7888800752893302,0.8224770135982761,8.385159817351598
73467,1.0,12178.0,8.211528986697323e-05,0.8056123859165866,0.21609497801712993,0.788814795703763,0.8224099761294101,8.386643835616438
73547,1.0,12174.0,8.21422704123542e-05,0.8055462110861351,0.2161771202875423,0.78874949992311,0.8223429222491602,8.395776255707762
73734,1.0,12132.0,8.242664029014178e-05,0.8054798126183569,0.21625954692783245,0.7886839817928409,0.8222756434438728,8.417123287671233
74215,1.0,12120.0,8.250825082508251e-05,0.8054133538879428,0.21634205517865754,0.7886184037560756,0.8222083040198099,8.47203196347032
74225,1.0,12119.0,8.251505899826719e-05,0.8053468951575288,0.2164245702376558,0.7885528257345032,0.8221409645805543,8.473173515981735
74229,1.0,12118.0,8.252186829509821e-05,0.8052804364271148,0.2165070921059509,0.788487247728126,0.8220736251261036,8.473630136986301
74297,1.0,12113.0,8.25559316436886e-05,0.8052139557504512,0.2165896480375946,0.7884216479146648,0.8220062635862375,8.481392694063928
74331,1.0,12112.0,8.256274768824307e-05,0.8051474750737875,0.21667221078528284,0.7883560481164238,0.8219389020311512,8.485273972602739
74355,1.0,12111.0,8.25695648583932e-05,0.8050809943971238,0.21675478035014123,0.7882904483334051,0.8218715404608424,8.488013698630137
74509,1.0,12107.0,8.259684480052862e-05,0.8050144972471778,0.21683737719494175,0.7882248321853011,0.8218041623090544,8.505593607305936
74559,1.0,12104.0,8.261731658955717e-05,0.8049479891095995,0.21691999451153132,0.7881592051267832,0.8217367730924159,8.511301369863014
74599,1.0,12103.0,8.262414277451872e-05,0.8048814809720213,0.21700261865430584,0.7880935780835199,0.8216693838605227,8.515867579908676
74636,1.0,12101.0,8.263779852904718e-05,0.804814967338357,0.21708525645283488,0.7880279455904163,0.8216019890862977,8.520091324200914
74639,1.0,12100.0,8.264462809917356e-05,0.8047484537046927,0.21716790108093406,0.7879623131125774,0.8215345942968081,8.520433789954337
74876,1.0,12091.0,8.270614506657845e-05,0.8046818960623385,0.21725060722600065,0.7878966368891848,0.8214671552354923,8.547488584474886
74886,1.0,12090.0,8.271298593879239e-05,0.8046153384199843,0.21733332021193943,0.7878309606811021,0.8213997161588665,8.5486301369863
74906,1.0,12086.0,8.274036074797286e-05,0.8045487642566201,0.21741606057268742,0.7877652680602528,0.8213322604529875,8.550913242009132
74950,1.0,12082.0,8.276775368316503e-05,0.804482173562674,0.21749882832637057,0.7876995590170709,0.8212647881082772,8.55593607305936
75034,1.0,12076.0,8.280887711162637e-05,0.804415555297225,0.2175816372034822,0.7876338225725709,0.8211972880218791,8.565525114155252
75138,1.0,11045.0,9.053870529651426e-05,0.804342724554328,0.21767217590877871,0.7875619041166088,0.8211235449920472,8.577397260273973
75150,1.0,11041.0,9.057150620414818e-05,0.8042698740222607,0.21776274741498286,0.7874899659763233,0.8210497820681981,8.57876712328767
75234,1.0,10105.0,9.896091044037604e-05,0.8041902827432876,0.21786170832542323,0.7874113101251996,0.8209692553613757,8.588356164383562
75287,1.0,10101.0,9.9000099000099e-05,0.8041106678256811,0.21796070842442333,0.7873326307291867,0.8208887049221755,8.594406392694063
75305,1.0,10100.0,9.900990099009902e-05,0.8040310529080745,0.21805971832541343,0.7872539513645584,0.8208081544515906,8.596461187214611
75428,1.0,9062.0,0.00011035091591260208,0.803942327344964,0.21817006924132604,0.7871661759079361,0.8207184787819918,8.610502283105022
75476,1.0,9059.0,0.00011038745998454576,0.8038535821934742,0.21828045670131058,0.7870783809221108,0.8206287834648377,8.615981735159817
75701,1.0,8177.0,0.00012229423994129877,0.8037552755306159,0.2184027509412519,0.7869810192326159,0.8205295318286159,8.641666666666667
75761,1.0,8173.0,0.0001223540927444023,0.8036569327830898,0.2185251050339963,0.7868836214720383,0.8204302440941413,8.64851598173516
75911,1.0,7244.0,0.0001380452788514633,0.8035459917377029,0.21866315031284778,0.786773586518237,0.8203183969571688,8.665639269406393
76144,1.0,7237.0,0.0001381788033715628,0.8034349587141106,0.21880132911621933,0.7866634592865818,0.8202064581416395,8.692237442922375
76202,1.0,7235.0,0.00013821700069108501,0.8033239103438669,0.2189395461169104,0.7865533167571974,0.8200945039305363,8.698858447488584
76693,1.0,5137.0,0.00019466614755693986,0.8031675303729998,0.21913421226446736,0.7863974007976199,0.8199376599483797,8.754908675799086
76764,1.0,5134.0,0.00019477989871445267,0.8030110894827831,0.2193289921631818,0.7862414234761602,0.819780755489406,8.763013698630138
77043,1.0,4272.0,0.00023408239700374532,0.8028231187221364,0.21956307456018553,0.7860533316396864,0.8195929058045864,8.794863013698631
77129,1.0,4139.0,0.00024160425223483932,0.8026291532428607,0.21980467881242038,0.7858591090981187,0.8193991973876026,8.804680365296804
77194,1.0,4118.0,0.00024283632831471587,0.8024342457262889,0.2200475151407351,0.7856639233613218,0.8192045680912559,8.812100456621005
77374,1.0,3115.0,0.00032102728731942215,0.8021766424371312,0.2203685424280545,0.7854041050011966,0.8189491798730657,8.832648401826484
77627,1.0,3100.0,0.0003225806451612903,0.8019178757782804,0.2206911230732158,0.7851430822747916,0.8186926692817693,8.861529680365297
77885,1.0,3097.0,0.00032289312237649337,0.8016589420114808,0.2210140161955923,0.7848818895390365,0.8184359944839251,8.890981735159817
