t,d,n_at_risk,hazard_increment,survival,cum_hazard,survival_lo,survival_hi,age_years
32,1.0,7630.0,0.0001310615989515072,0.9998689384010485,0.0001310615989515072,0.999612074501255,1.0,0.0036529680365296802
33,1.0,8116.0,0.0001232134056185313,0.999745741143976,0.0002542750045700385,0.9993932333407273,1.0,0.003767123287671233
39,1.0,9216.0,0.00010850694444444444,0.9996372617883831,0.00036278194901448295,0.9992256345923604,1.0,0.004452054794520548
47,1.0,11125.0,8.988764044943821e-05,0.9995474067536155,0.00045266958946392114,0.9990997232713595,0.9999950902358715,0.005365296803652968
71,1.0,17249.0,5.797437532610586e-05,0.9994894586171003,0.000510643964790027,0.9990276182165106,0.9999512990176899,0.008105022831050229
77,1.0,19962.0,5.009518084360284e-05,0.9994393890119195,0.0005607391456336299,0.9989672603625275,0.9999115176613116,0.008789954337899543
78,2.0,20357.0,9.824630348283146e-05,0.999341197786394,0.0006589854491164614,0.998849894142605,0.9998325014301829,0.008904109589041096
88,1.0,23553.0,4.2457436419988964e-05,0.9992987683210272,0.0007014428855364504,0.9988004969516606,0.9997970396903937,0.01004566210045662
94,1.0,25470.0,3.926187671770711e-05,0.9992595339759812,0.0007407047622541575,0.9987553830708454,0.999763684881117,0.010730593607305937
95,1.0,26259.0,3.808218134734758e-05,0.9992214799931952,0.000778786943601505,0.9987118609123058,0.9997310990740846,0.010844748858447488
103,1.0,29945.0,3.3394556687259975e-05,0.9991881114348384,0.000812181500288765,0.9986743297791535,0.9997018930905234,0.011757990867579908
125,3.0,39857.0,7.526908698597486e-05,0.9991129034579636,0.0008874505872747398,0.998592159459606,0.9996336474563211,0.014269406392694063
126,1.0,40466.0,2.4712103988533584e-05,0.999088213275997,0.0009121626912632734,0.9985652384100236,0.9996111881419703,0.014383561643835616
128,1.0,41477.0,2.4109747570942933e-05,0.9990641255113738,0.0009362724388342163,0.9985390365251989,0.9995892144975487,0.014611872146118721
138,1.0,43459.0,2.3010193515727468e-05,0.9990411368525112,0.0009592826323499438,0.9985141302956979,0.9995681434093244,0.015753424657534248
139,1.0,43673.0,2.289744235568887e-05,0.9990182613656691,0.0009821800747056326,0.9984893630683133,0.9995471596630249,0.015867579908675798
141,2.0,44303.0,4.5143669728912266e-05,0.9989731620152248,0.0010273237444345447,0.9984406070503319,0.9995057169801177,0.016095890410958904
143,1.0,45347.0,2.2052175447107856e-05,0.9989511324837891,0.0010493759198816526,0.9984168417666024,0.9994854232009758,0.01632420091324201
149,1.0,47027.0,2.126438003700002e-05,0.9989298904072695,0.0010706402999186525,0.9983939913288119,0.9994657894857272,0.017009132420091323
153,1.0,48161.0,2.0763688461618323e-05,0.9989091489382301,0.0010914039883802708,0.9983717212211723,0.9994465766552879,0.017465753424657535
163,1.0,53682.0,1.862821802466376e-05,0.9988905410408169,0.0011100322064049345,0.9983518872239396,0.9994291948576941,0.01860730593607306
168,1.0,57547.0,1.737710045701774e-05,0.9988731832195397,0.0011274093068619523,0.9983334654401159,0.9994129009989634,0.019178082191780823
172,1.0,60534.0,1.65196418541646e-05,0.9988566821922952,0.001143928948716117,0.998316005166827,0.9993973592177634,0.019634703196347032
174,2.0,61603.0,3.246595133353895e-05,0.9988242533598619,0.001176394900049656,0.998281729103941,0.9993667776157829,0.01986301369863014
181,1.0,64481.0,1.5508444347947456e-05,0.9988087631495153,0.0011919033443976036,0.9982653984435582,0.9993521278554723,0.020662100456621004
187,1.0,68149.0,1.4673729621857987e-05,0.9987941068997809,0.0012065770740194615,0.9982499913565851,0.9993382224429767,0.02134703196347032
189,2.0,69758.0,2.867054674732647e-05,0.998765470926648,0.0012352476207667879,0.9982199255157591,0.9993110163375369,0.021575342465753426
191,1.0,71672.0,1.395245005022882e-05,0.998751535701303,0.0012492000708170168,0.9982053146085336,0.9992977567940725,0.02180365296803653
192,1.0,72631.0,1.376822568875549e-05,0.9987377846647525,0.0012629682965057721,0.9981909065535206,0.9992846627759844,0.021917808219178082
193,1.0,73580.0,1.359064963305246e-05,0.9987242111694459,0.0012765589461388245,0.9981766937676818,0.9992717285712099,0.022031963470319636
195,1.0,75408.0,1.3261192446424782e-05,0.9987109668954807,0.0012898201385852493,0.9981628417239214,0.9992590920670399,0.02226027397260274
198,1.0,77855.0,1.2844390212574658e-05,0.9986981390621124,0.001302664528797824,0.9981494445882471,0.9992468335359777,0.022602739726027398
204,1.0,82291.0,1.2151997180736655e-05,0.9986860028851421,0.0013148165259785605,0.9981367997181266,0.9992352060521575,0.023287671232876714
205,1.0,83103.0,1.2033259930447757e-05,0.9986739854368805,0.0013268497859090082,0.998124284014965,0.9992236868587959,0.023401826484018264
207,1.0,84662.0,1.1811674659233186e-05,0.9986621894246739,0.0013386614605682414,0.9981120084984484,0.9992123703508994,0.02363013698630137
219,1.0,95614.0,1.0458719434392454e-05,0.998651744697025,0.0013491201800026338,0.9981011887919071,0.9992023006021429,0.025
234,1.0,108246.0,9.238216654656985e-06,0.9986425189358449,0.0013583583966572908,0.9980916712456853,0.9991933666260044,0.02671232876712329
235,2.0,109056.0,1.8339201877934273e-05,0.9986242046290863,0.0013766975985352251,0.9980727825589033,0.9991756266992693,0.02682648401826484
238,1.0,111361.0,8.979804419859735e-06,0.9986152371790398,0.001385677402955085,0.9980635400169088,0.9991669343411708,0.0271689497716895
239,1.0,112111.0,8.919731337692109e-06,0.9986063297994144,0.001394597134292777,0.9980543613907319,0.999158298208097,0.02728310502283105
240,1.0,112842.0,8.861948565250527e-06,0.9985974802014829,0.0014034590828580276,0.9980452442211316,0.9991497161818341,0.0273972602739726
242,1.0,114282.0,8.750284384242488e-06,0.9985887421895456,0.0014122093672422702,0.9980362455329799,0.9991412388461114,0.027625570776255708
246,1.0,116963.0,8.549712302181032e-06,0.9985802045430917,0.0014207590795444513,0.9980274592553411,0.9991329498308423,0.028082191780821917
249,1.0,118832.0,8.415241685741214e-06,0.9985718012493279,0.0014291743212301925,0.9980188152778876,0.9991247872207681,0.028424657534246577
252,1.0,120750.0,8.281573498964803e-06,0.9985635315035618,0.0014374558947291573,0.9980103126141849,0.9991167503929387,0.028767123287671233
264,1.0,127779.0,7.826012099014705e-06,0.9985557167332826,0.001445281906828172,0.9980022901741297,0.9991091432924355,0.030136986301369864
265,1.0,128321.0,7.792956725711303e-06,0.9985479350317938,0.0014530748635538833,0.9979943026550919,0.9991015674084958,0.030251141552511414
266,1.0,128857.0,7.760540754479772e-06,0.9985401857598487,0.001460835404308363,0.9979863493741149,0.9990940221455825,0.030365296803652967
282,1.0,135078.0,7.403130043382342e-06,0.998532793437,0.0014682385343517453,0.9979787716605473,0.9990868152134527,0.03219178082191781
283,1.0,135382.0,7.386506330235925e-06,0.9985254177682003,0.0014756250406819812,0.9979712115089883,0.9990796240274122,0.03230593607305936
286,1.0,136171.0,7.34370754419076e-06,0.9985180848895567,0.0014829687482261719,0.9979636963685874,0.9990724734105261,0.03264840182648402
287,1.0,136423.0,7.330142278061617e-06,0.9985107656099272,0.0014902988905042334,0.9979561955723875,0.999065335647467,0.03276255707762557
298,1.0,138385.0,7.22621671423926e-06,0.9985035501547435,0.0014975251072184726,0.9979488038300875,0.9990582964793994,0.034018264840182645
313,1.0,141505.0,7.066888095827003e-06,0.9984964938418912,0.0015045919953142995,0.9979415790619223,0.9990514086218601,0.03573059360730593
314,1.0,141727.0,7.05581858079265e-06,0.998489448631777,0.0015116478138950922,0.9979343659856277,0.9990445312779264,0.03584474885844749
317,1.0,142420.0,7.021485746383935e-06,0.9984824377523456,0.0015186692996414762,0.9979271889433892,0.999037686561302,0.036187214611872145
319,1.0,142838.0,7.000938125708845e-06,0.9984754474385793,0.001525670237767185,0.9979200335032444,0.9990308613739142,0.03641552511415525
320,1.0,143008.0,6.99261579771761e-06,0.9984684654833919,0.0015326628535649027,0.9979128868722141,0.9990240440945696,0.0365296803652968
322,1.0,143382.0,6.974376142054093e-06,0.9984615017887476,0.0015396372297069567,0.9979057594228438,0.9990172441546514,0.03675799086757991
325,1.0,144035.0,6.9427569687923074e-06,0.998454569713198,0.001546579986675749,0.9978986651436514,0.9990104742827446,0.037100456621004564
328,1.0,144955.0,6.898692697733779e-06,0.9984476816819489,0.0015534786793734829,0.9978916170364178,0.9990037463274799,0.03744292237442922
337,1.0,149097.0,6.707043065923526e-06,0.9984409850503487,0.0015601857224394064,0.9978847692494246,0.9989972008512729,0.038470319634703196
338,1.0,149609.0,6.68408986090409e-06,0.9984343113810838,0.0015668698123003106,0.9978779455150188,0.9989906772471489,0.03858447488584475
339,1.0,150080.0,6.663113006396588e-06,0.9984276587004377,0.0015735329253067072,0.997871143765409,0.9989841736354664,0.0386986301369863
341,1.0,150972.0,6.623744800360332e-06,0.9984210453704249,0.0015801566701070676,0.9978643831876987,0.9989777075531511,0.03892694063926941
342,2.0,151434.0,1.3207073708678368e-05,0.9984078591500863,0.001593363743815746,0.9978509044139565,0.9989648138862162,0.03904109589041096
343,1.0,151923.0,6.5822818138135765e-06,0.9984012873481922,0.0015999460256295595,0.9978441873512085,0.998958387345176,0.039155251141552515
345,1.0,152776.0,6.545530711630099e-06,0.9983947522819033,0.0016064915563411897,0.9978375087030315,0.9989519958607752,0.039383561643835614
346,1.0,153184.0,6.528096929183204e-06,0.9983882346641869,0.001613019653270373,0.9978308483174197,0.9989456210109541,0.03949771689497717
347,2.0,153604.0,1.3020494257962033e-05,0.9983752351559102,0.001626040147528335,0.9978175649705588,0.9989329053412616,0.03961187214611872
351,1.0,155314.0,6.438569607376025e-06,0.9983688070474643,0.0016324787171357112,0.9978109981491715,0.9989266159457572,0.04006849315068493
357,1.0,158235.0,6.319714348911429e-06,0.9983624976417889,0.0016387984314846227,0.9978045552056807,0.998920440077897,0.040753424657534246
360,1.0,159793.0,6.258096412233327e-06,0.9983562497930243,0.001645056527896856,0.9977981764788337,0.9989143231072148,0.0410958904109589
363,1.0,161287.0,6.200127722631086e-06,0.9983500598567628,0.0016512566556194871,0.9977918581430413,0.9989082615704844,0.041438356164383565
366,1.0,162322.0,6.160594374145218e-06,0.9983439094270006,0.0016574172499936324,0.9977855810000034,0.9989022378539978,0.04178082191780822
375,1.0,164407.0,6.082466075045467e-06,0.9983378370340402,0.0016634997160686778,0.9977793851611348,0.9988962889069456,0.04280821917808219
378,1.0,165103.0,6.056825133401574e-06,0.9983317902763372,0.0016695565412020795,0.9977732160403239,0.9988903645123506,0.04315068493150685
379,4.0,165344.0,2.4191987613702342e-05,0.9983076386460324,0.0016937485288157819,0.9977485766904012,0.9988667006016637,0.0432648401826484
381,1.0,165919.0,6.027037289279709e-06,0.9983016218086682,0.0016997755661050616,0.9977424388540092,0.9988608047633273,0.04349315068493151
382,1.0,166228.0,6.015833674230575e-06,0.9982956161921547,0.0017057913997792923,0.9977363127231255,0.9988549196611839,0.04360730593607306
383,1.0,166528.0,6.00499615680246e-06,0.9982896214308161,0.0017117963959360947,0.9977301979160372,0.998849044945595,0.043721461187214615
395,1.0,170339.0,5.870646182025255e-06,0.9982837608256615,0.00171766704211812,0.9977242226769295,0.9988432989743935,0.04509132420091324
396,1.0,170637.0,5.8603937012488496e-06,0.9982779104897975,0.0017235274358193687,0.9977182581389578,0.9988375628406373,0.045205479452054796
398,1.0,171323.0,5.836927908103407e-06,0.9982720836136018,0.0017293643637274721,0.9977123180121724,0.9988318492150311,0.0454337899543379
401,1.0,172436.0,5.799253056206361e-06,0.9982662943811699,0.0017351636167836785,0.9977064170324592,0.9988261717298805,0.04577625570776256
405,1.0,173916.0,5.749902251661722e-06,0.998260554447556,0.0017409135190353403,0.9977005672970828,0.9988205415980292,0.046232876712328765
407,1.0,174733.0,5.723017403695925e-06,0.9982548413850295,0.0017466365364390362,0.9976947454959365,0.9988149372741225,0.04646118721461187
408,1.0,175127.0,5.710141782820467e-06,0.9982491412083497,0.0017523466782218566,0.9976889371000369,0.9988093453166625,0.04657534246575343
412,1.0,176506.0,5.665529783690073e-06,0.9982434855981087,0.0017580122080055466,0.9976831750026249,0.9988037961935925,0.047031963470319633
420,1.0,178536.0,5.601111260474078e-06,0.9982378943252809,0.0017636133192660208,0.9976774797080487,0.9987983089425131,0.04794520547945205
426,1.0,179474.0,5.571837703511372e-06,0.9982323323057442,0.0017691851569695321,0.9976718147888948,0.9987928498225935,0.04863013698630137
427,1.0,179637.0,5.566781899051977e-06,0.9982267753640657,0.0017747519388685842,0.9976661551582426,0.9987873955698887,0.04874429223744292
431,1.0,180298.0,5.5463732265471604e-06,0.9982212388258047,0.0017802983120951315,0.997660516714874,0.9987819609367354,0.049200913242009134
440,1.0,181352.0,5.5141382504742155e-06,0.9982157344958893,0.0017858124503456058,0.9976549116993612,0.9987765572924174,0.0502283105022831
441,1.0,181436.0,5.511585352410767e-06,0.9982102327446685,0.0017913240356980165,0.9976493093774814,0.9987711561118555,0.05034246575342466
446,1.0,181929.0,5.496649791951806e-06,0.9982047459326003,0.0017968206854899684,0.9976437225675512,0.9987657692976495,0.05091324200913242
448,2.0,182156.0,1.0979599903379522e-05,0.9981937860438683,0.0018078002853933479,0.9976325632477141,0.9987550088400226,0.05114155251141553
456,1.0,182988.0,5.464839224430017e-06,0.9981883310753127,0.0018132651246177778,0.9976270095123515,0.9987496526382739,0.052054794520547946
469,1.0,184218.0,5.428351192608757e-06,0.9981829125584952,0.0018186934758103864,0.9976214935827611,0.9987443315342294,0.05353881278538813
471,1.0,184386.0,5.423405247686918e-06,0.9981774990080491,0.0018241168810580733,0.997615982818743,0.9987390151973552,0.053767123287671234
472,1.0,184467.0,5.4210238145576175e-06,0.9981720878640559,0.0018295379048726308,0.9976104745668136,0.9987337011612981,0.053881278538812784
478,1.0,185038.0,5.4042953339314084e-06,0.998166693447299,0.0018349422002065623,0.9976049836686381,0.9987284032259599,0.0545662100456621
480,1.0,185221.0,5.398955841940169e-06,0.9981613043893982,0.0018403411560485024,0.9975994983415025,0.9987231104372939,0.0547945205479452
483,1.0,185510.0,5.3905449840978925e-06,0.9981559237559856,0.0018457317010326002,0.9975940217618086,0.9987178257501627,0.055136986301369866
485,1.0,185692.0,5.385261616009306e-06,0.9981505484252027,0.0018511169626486096,0.9975885506941231,0.9987125461562822,0.055365296803652965
490,1.0,186081.0,5.374003794046679e-06,0.9981451843603684,0.0018564909664426563,0.9975830913168426,0.9987072774038941,0.05593607305936073
492,1.0,186245.0,5.369271658299551e-06,0.9981398250477191,0.0018618602381009557,0.9975776368803803,0.998702013215058,0.056164383561643834
494,1.0,186502.0,5.361872794929813e-06,0.9981344731489457,0.0018672221108958856,0.9975721901420221,0.9986967561558692,0.05639269406392694
499,1.0,187344.0,5.337774361602187e-06,0.9981291453323454,0.0018725598852574877,0.9975667683677281,0.9986915222969628,0.0569634703196347
501,1.0,187791.0,5.325068826514583e-06,0.9981238302259487,0.0018778849540840024,0.9975613597751384,0.9986863006767591,0.05719178082191781
506,1.0,188935.0,5.292825574933178e-06,0.9981185473306132,0.0018831777796589355,0.9975559845575723,0.9986811101036541,0.05776255707762557
509,1.0,189500.0,5.2770448548812665e-06,0.9981132802142685,0.0018884548245138167,0.9975506256945349,0.9986759347340021,0.05810502283105023
516,1.0,190502.0,5.2492887213782535e-06,0.998108040829484,0.001893704113235195,0.9975452955578556,0.9986707861011124,0.0589041095890411
522,1.0,191175.0,5.230809467765136e-06,0.9981028199164942,0.0018989349227029602,0.9975399845575611,0.9986656552754273,0.05958904109589041
523,1.0,191318.0,5.2268997167020354e-06,0.9980976029331475,0.0019041618224196622,0.9975346776400256,0.9986605282262695,0.059703196347031966
527,3.0,192095.0,1.561727270361019e-05,0.9980820153706977,0.0019197790951232725,0.997518822582235,0.9986452081591605,0.06015981735159817
529,1.0,192558.0,5.193240478193584e-06,0.9980768320907749,0.0019249723356014662,0.9975135506052561,0.9986401135762937,0.06038812785388128
532,1.0,193269.0,5.174135531306107e-06,0.998071667905975,0.0019301464711327723,0.9975082984011874,0.9986350374107626,0.060730593607305934
534,1.0,193660.0,5.163688939378292e-06,0.9980665141743428,0.0019353101600721506,0.9975030570267318,0.9986299713219537,0.06095890410958904
535,1.0,193805.0,5.159825597894791e-06,0.9980613643251945,0.0019404699856700454,0.9974978196834668,0.9986249089669222,0.06107305936073059
542,3.0,194745.0,1.5404760070861895e-05,0.9980459894293411,0.001955874745740907,0.9974821849632005,0.9986097938954817,0.06187214611872146
543,1.0,194869.0,5.131652546069411e-06,0.9980408678040983,0.0019610063982869767,0.9974769768729234,0.9986047587352732,0.061986301369863016
544,1.0,195011.0,5.12791586115655e-06,0.9980357499345022,0.0019661343141481333,0.9974717726813023,0.9985997271877021,0.062100456621004566
546,1.0,195321.0,5.119777187296809e-06,0.9980306402138376,0.00197125409133543,0.9974665769319269,0.9985947034957483,0.06232876712328767
548,2.0,195632.0,1.0223276355606444e-05,0.9980204370707914,0.0019814773676910366,0.9974562023308368,0.998584671810746,0.06255707762557078
550,1.0,195949.0,5.103368733701116e-06,0.9980153438044972,0.0019865807364247375,0.9974510236398917,0.9985796639691027,0.06278538812785388
557,1.0,197486.0,5.0636500815247665e-06,0.9980102902040201,0.001991644386506262,0.9974458859758888,0.9985746944321514,0.06358447488584475
558,1.0,197750.0,5.056890012642225e-06,0.998005243375751,0.0019967012765189046,0.9974407553264013,0.9985697314251007,0.0636986301369863
566,3.0,199704.0,1.5022232904698955e-05,0.9979902511085449,0.0020117235094236035,0.9974255166549751,0.9985549855621146,0.06461187214611872
569,1.0,200330.0,4.991763590076374e-06,0.9979852693771462,0.00201671527301368,0.997420453338015,0.9985500854162773,0.06495433789954339
570,1.0,200505.0,4.987406797835466e-06,0.9979802920186295,0.0020217026798115155,0.9974153945521539,0.9985451894851051,0.06506849315068493
573,1.0,200931.0,4.976832843115298e-06,0.9979753252375354,0.002026679512654631,0.9974103467078879,0.998540303767183,0.06541095890410958
582,1.0,202105.0,4.947923109274882e-06,0.9979703873323612,0.0020316274357639057,0.99740532870786,0.9985354459568624,0.06643835616438357
592,1.0,204159.0,4.898143113945504e-06,0.9979654991305805,0.002036525578877851,0.9974003620551839,0.9985306362059772,0.06757990867579909
600,1.0,206644.0,4.839240432821665e-06,0.9979606697355866,0.0020413648193106726,0.9973954561296806,0.9985258833414926,0.0684931506849315
606,1.0,208137.0,4.804527786986456e-06,0.9979558750058186,0.0020461693470976592,0.9973905859944964,0.9985211640171409,0.06917808219178082
611,1.0,208838.0,4.78840057843879e-06,0.9979510963933295,0.002050957747676098,0.9973857325024682,0.9985164602841907,0.06974885844748858
612,1.0,208924.0,4.786429515038962e-06,0.9979463197707471,0.002055744177191137,0.9973808810744561,0.9985117584670381,0.06986301369863014
616,1.0,209103.0,4.7823321520972916e-06,0.9979415472599761,0.0020605265093432343,0.9973760338999123,0.9985070606200399,0.07031963470319634
618,1.0,209162.0,4.780983161377306e-06,0.9979367761182426,0.0020653074925046115,0.9973711881485857,0.9985023640878995,0.07054794520547945
620,2.0,209225.0,9.559087107181265e-06,0.9979272367536722,0.002074866579611793,0.997361499689423,0.9984929738179215,0.07077625570776255
625,2.0,209366.0,9.552649427318667e-06,0.9979177039046255,0.0020844192290391116,0.9973518179951699,0.9984835898140811,0.07134703196347032
627,1.0,209401.0,4.7755263823955e-06,0.997912938322303,0.002089194755421507,0.9973469780327772,0.9984788986118288,0.07157534246575342
628,1.0,209416.0,4.775184322114833e-06,0.9979081731040851,0.0020939699397436217,0.9973421384565555,0.9984742077516147,0.07168949771689498
633,1.0,209487.0,4.773565901464052e-06,0.9979034095236572,0.002098743505645086,0.997337300580636,0.9984695184666784,0.07226027397260273
636,1.0,209517.0,4.772882391404993e-06,0.9978986466480455,0.0021035163880364907,0.9973324634423828,0.9984648298537082,0.07260273972602739
637,1.0,209529.0,4.772609042185091e-06,0.9978938840679413,0.002108288997078676,0.9973276266194786,0.998460141516404,0.07271689497716895
638,1.0,209541.0,4.772335724273531e-06,0.9978891217833094,0.0021130613328029495,0.9973227901118783,0.9984554534547404,0.0728310502283105
641,1.0,209587.0,4.771288295552682e-06,0.9978843605666223,0.002117832621098502,0.9973179547165548,0.9984507664166898,0.07317351598173516
642,1.0,209597.0,4.7710606544941e-06,0.997879599599812,0.0021226036817529963,0.997313119589468,0.998446079610156,0.07328767123287672
643,1.0,209608.0,4.770810274417007e-06,0.9978748389055656,0.002127374492027413,0.997308284754017,0.9984413930571142,0.07340182648401826
646,2.0,209652.0,9.53961803369393e-06,0.997865319560757,0.002136914110061107,0.9972986172228447,0.9984320218986692,0.07374429223744292
649,1.0,209706.0,4.768580774989747e-06,0.997860561159378,0.002141682690836097,0.9972937847841693,0.9984273375345868,0.07408675799086759
652,1.0,209839.0,4.765558356644856e-06,0.9978558057966421,0.0021464482491927415,0.9972889554907588,0.9984226561025255,0.07442922374429224
658,1.0,210247.0,4.756310434869463e-06,0.9978510596846606,0.002151204559627611,0.9972841357510052,0.998417983618316,0.07511415525114155
668,1.0,210941.0,4.740662080866214e-06,0.9978463292099795,0.0021559452217084774,0.9972793321519522,0.9984133262680068,0.07625570776255708
669,1.0,210981.0,4.739763296220986e-06,0.9978415996545731,0.0021606849850046984,0.9972745295112435,0.9984086697979027,0.07636986301369864
671,1.0,211074.0,4.737674938647109e-06,0.9978368722054336,0.0021654226599433454,0.9972697290531897,0.9984040153576775,0.07659817351598174
677,1.0,211335.0,4.73182388151513e-06,0.9978321506170919,0.0021701544838248605,0.9972649346502362,0.9983993665839475,0.07728310502283105
678,1.0,211384.0,4.730727018128146e-06,0.9978274301455774,0.0021748852108429886,0.9972601414092281,0.9983947188819267,0.0773972602739726
681,1.0,211642.0,4.724960074087374e-06,0.9978227154508091,0.002179610170917076,0.9972553541362404,0.9983900767653778,0.07773972602739726
685,1.0,212186.0,4.7128462763801574e-06,0.9978180128657401,0.002184323017193456,0.9972505793620806,0.9983854463693996,0.07819634703196347
692,2.0,213620.0,9.362419249133976e-06,0.9978086708751693,0.00219368543644259,0.9972410949911972,0.9983762467591415,0.07899543378995434
697,1.0,214445.0,4.6632003544032265e-06,0.9978040178934217,0.002198348636796993,0.9972363713917891,0.9983716643950542,0.0795662100456621
701,1.0,214908.0,4.653153907718652e-06,0.9977993749577566,0.0022030017907047113,0.9972316581581671,0.9983670917573462,0.08002283105022831
712,1.0,216316.0,4.6228665470885185e-06,0.9977947622644053,0.0022076246572518,0.9972269761059477,0.998362548422863,0.08127853881278539
714,1.0,216500.0,4.618937644341801e-06,0.9977901535126166,0.002212243594896142,0.9972222981251175,0.9983580089001156,0.08150684931506849
715,1.0,216590.0,4.617018329562769e-06,0.9977855466971888,0.0022168606132257048,0.9972176221489896,0.998353471245388,0.08162100456621005
716,1.0,216685.0,4.614994115882502e-06,0.9977809419227619,0.0022214756073415873,0.9972129482853518,0.998348935560172,0.0817351598173516
719,1.0,216986.0,4.608592259408441e-06,0.9977763435572364,0.0022260841996009956,0.9972082810354556,0.9983444060790173,0.08207762557077626
721,1.0,217162.0,4.604857203378124e-06,0.9977717489396535,0.002230689056804374,0.9972036176568548,0.9983398802224521,0.08230593607305936
728,2.0,217100.0,9.212344541685859e-06,0.9977625571225284,0.0022399014013460596,0.9971942882658528,0.998330825979204,0.08310502283105023
729,2.0,217084.0,9.213023530062096e-06,0.9977533647126122,0.0022491144248761217,0.9971849582998635,0.9983217711253609,0.08321917808219179
732,1.0,217043.0,4.607381947356054e-06,0.9977487676817717,0.0022537218068234776,0.9971802924792531,0.9983172428842902,0.08356164383561644
739,1.0,216875.0,4.610951008645533e-06,0.9977441671110849,0.002258332757832123,0.9971756230197868,0.9983127112023831,0.08436073059360731
744,1.0,216726.0,4.614121056080027e-06,0.9977395633987148,0.002262946878888203,0.9971709503317383,0.9983081764656914,0.08493150684931507
748,1.0,216557.0,4.617721893081267e-06,0.9977349561148894,0.0022675646007812842,0.9971662739721721,0.9983036382576067,0.08538812785388128
754,1.0,216195.0,4.625453872661255e-06,0.9977303411378727,0.0022721900546539453,0.9971615896932307,0.9982990925825148,0.08607305936073059
756,1.0,215980.0,4.630058338735068e-06,0.997725721588187,0.0022768201129926805,0.9971569007107333,0.9982945424656406,0.0863013698630137
765,1.0,215129.0,4.648373766437812e-06,0.9977210837861166,0.0022814684867591183,0.9971521929248838,0.9982899746473494,0.08732876712328767
766,1.0,215055.0,4.649973262653739e-06,0.9977164444097534,0.002286118460021772,0.9971474835256042,0.9982854052939025,0.08744292237442923
777,1.0,214756.0,4.656447316955056e-06,0.9977117985956927,0.0022907749073387274,0.9971427674998042,0.9982808296915812,0.0886986301369863
786,1.0,214748.0,4.65662078342988e-06,0.9977071526301955,0.0022954315281221572,0.9971380513272333,0.9982762539331577,0.08972602739726028
787,1.0,214747.0,4.656642467647976e-06,0.9977025066646983,0.0023000881705898053,0.9971333351639885,0.9982716781654081,0.08984018264840182
794,1.0,214745.0,4.6566858366900274e-06,0.9976978606775663,0.0023047448564264953,0.9971286189877655,0.998267102367367,0.09063926940639269
797,1.0,214742.0,4.6567508917677954e-06,0.9976932146471639,0.002309401607318263,0.9971239027762596,0.9982625265180681,0.09098173515981735
798,2.0,214741.0,9.313545154395295e-06,0.997683922586359,0.002318715152472658,0.997114470381193,0.9982533747915249,0.0910958904109589
801,1.0,214736.0,4.6568810073765e-06,0.9976792764910485,0.0023233720334800345,0.9971097541307204,0.9982487988513765,0.09143835616438356
802,1.0,214734.0,4.656924380861904e-06,0.9976746303741014,0.0023280289578608963,0.9971050378672521,0.9982442228809507,0.09155251141552512
803,1.0,214733.0,4.656946067907588e-06,0.9976699842571545,0.002332685903928804,0.997100321613087,0.9982396469012219,0.09166666666666666
809,1.0,214731.0,4.656989442604933e-06,0.9976653381185706,0.002337342893371409,0.9970956053459193,0.9982350708912219,0.09235159817351599
810,1.0,214730.0,4.657011130256601e-06,0.9976606919799867,0.002341999904501666,0.9970908890880481,0.9982304948719254,0.09246575342465753
815,1.0,214729.0,4.657032818110269e-06,0.9976560458414028,0.002346656937319776,0.9970861728394699,0.9982259188433357,0.0930365296803653
820,1.0,214725.0,4.6571195715449994e-06,0.9976513996379061,0.002351314056891321,0.9970814565332727,0.9982213427425394,0.09360730593607305
821,1.0,214724.0,4.65714126040871e-06,0.9976467534344093,0.0023559711981517295,0.9970767402363624,0.9982167666324563,0.09372146118721461
822,1.0,214722.0,4.657184638742188e-06,0.9976421072092744,0.0023606283827904717,0.9970720239264319,0.9982121904921168,0.09383561643835617
824,1.0,214720.0,4.657228017883756e-06,0.9976374609625008,0.0023652856108083552,0.997067307603478,0.9982076143215237,0.09406392694063927
827,1.0,214719.0,4.657249707757581e-06,0.9976328147157273,0.0023699428605161127,0.9970625912898007,0.9982030381416539,0.09440639269406392
830,1.0,214717.0,4.657293088111328e-06,0.9976281684473148,0.002374600153604224,0.9970578749630931,0.9981984619315366,0.09474885844748858
832,1.0,214715.0,4.657336469273223e-06,0.9976235221572631,0.0023792574900734975,0.9970531586233515,0.9981938856911747,0.09497716894977169
837,1.0,214700.0,4.657661853749417e-06,0.9976188755642396,0.0023839151519272467,0.9970484419805978,0.9981893091478813,0.09554794520547945
843,1.0,214654.0,4.658659983042478e-06,0.9976142279971056,0.002388573811910289,0.9970437243430749,0.9981847316511364,0.09623287671232876
845,1.0,214631.0,4.659159208129301e-06,0.9976095799535891,0.0023932329711184187,0.9970390062238046,0.9981801536833736,0.09646118721461187
846,1.0,214621.0,4.659376295889032e-06,0.9976049317151597,0.002397892347414308,0.9970342879129045,0.998175575517415,0.09657534246575343
849,1.0,214592.0,4.660005964807635e-06,0.9976002828702275,0.0024025523533791155,0.9970295689861397,0.9981709967543153,0.09691780821917809
852,1.0,214561.0,4.660679247393515e-06,0.9975956333752919,0.002407213032626509,0.9970248493986745,0.9981664173519093,0.09726027397260274
854,1.0,214535.0,4.661244086046566e-06,0.9975909833385456,0.0024118742767125557,0.997020129262027,0.9981618374150641,0.09748858447488584
856,1.0,214475.0,4.662548082527101e-06,0.997586332022619,0.002416536824795083,0.9970154078161746,0.9981572562290635,0.09771689497716896
857,1.0,214428.0,4.663570056149383e-06,0.9975816797088726,0.002421200394851232,0.9970106853511245,0.9981526740666207,0.0978310502283105
861,1.0,214251.0,4.66742278915851e-06,0.9975770235734066,0.0024258678176403907,0.9970059589561714,0.9981480881906418,0.09828767123287671
865,1.0,214041.0,4.672002093056938e-06,0.9975723628914644,0.0024305398197334476,0.9970012278841991,0.9981434978987298,0.09874429223744292
872,1.0,213783.0,4.677640411071039e-06,0.9975676966066668,0.0024352174601445188,0.9969964910461966,0.998138902167137,0.09954337899543379
873,1.0,213763.0,4.678078058410482e-06,0.9975630299071135,0.0024398955382029294,0.9969917537900469,0.9981343060241802,0.09965753424657534
876,2.0,213715.0,9.358257492454905e-06,0.9975536944554146,0.0024492537956953843,0.9969822771900796,0.9981251117207497,0.1
879,1.0,213704.0,4.679369595328117e-06,0.997549026532987,0.0024539331652907123,0.9969775387015445,0.9981205143644296,0.10034246575342466
884,1.0,213700.0,4.679457182966776e-06,0.9975443585450294,0.002458612622473679,0.996972800154846,0.9981159169352128,0.10091324200913242
886,3.0,213699.0,1.4038437241166313e-05,0.9975303545811568,0.0024726510597148457,0.9969585845710296,0.998102124591284,0.10114155251141553
888,1.0,213696.0,4.679544773884397e-06,0.9975256865931992,0.00247733060448873,0.9969538460618388,0.9980975271245596,0.10136986301369863
889,2.0,213695.0,9.359133344252322e-06,0.997516350617284,0.0024866897378329825,0.9969443690715586,0.9980883321630095,0.10148401826484019
890,1.0,213692.0,4.679632368081163e-06,0.997511682607482,0.0024913693702010636,0.9969396305679455,0.9980837346470185,0.10159817351598173
897,1.0,213690.0,4.679676166409284e-06,0.9975070145758351,0.002496049046367473,0.9969348920511735,0.9980791371004968,0.1023972602739726
905,1.0,213688.0,4.679719965557261e-06,0.9975023465223433,0.0025007287663330303,0.996930153521239,0.9980745395234475,0.10331050228310502
919,1.0,213667.0,4.6801799061155915e-06,0.9974976780319048,0.002505408946239146,0.9969254145502672,0.9980699415135424,0.10490867579908676
926,1.0,213665.0,4.680223714693562e-06,0.9974930095196167,0.0025100891699538393,0.996920675566125,0.9980653434731085,0.10570776255707763
930,1.0,213659.0,4.680355145348429e-06,0.9974883408980771,0.0025147695250991877,0.9969159364787191,0.9980607453174352,0.10616438356164383
933,2.0,213657.0,9.360797914414225e-06,0.997479003611296,0.002524130323013602,0.9969064582868953,0.9980515489356968,0.1065068493150685
934,1.0,213655.0,4.680442769886031e-06,0.9974743349679055,0.0025288107657834877,0.9969017192049935,0.9980469507308175,0.10662100456621004
940,1.0,213654.0,4.680464676533086e-06,0.997469666324515,0.0025334912304600206,0.9968969801324271,0.9980423525166028,0.10730593607305935
941,1.0,213652.0,4.6805084904424015e-06,0.9974649976592728,0.002538171738950463,0.9968922410466695,0.998037754271876,0.10742009132420091
944,1.0,213651.0,4.680530397704668e-06,0.9974603289940306,0.002542852269348168,0.9968875019702408,0.9980331560178204,0.10776255707762557
945,1.0,213648.0,4.6805961207219355e-06,0.9974556602850841,0.0025475328654688896,0.9968827628580899,0.9980285577120784,0.10787671232876712
956,1.0,213640.0,4.680771391125258e-06,0.9974509914231655,0.002552213636860015,0.9968780235975885,0.9980239592487425,0.1091324200913242
958,1.0,213638.0,4.680815210777109e-06,0.9974463225393929,0.0025568944520707924,0.9968732843238817,0.9980193607549042,0.1093607305936073
959,1.0,213634.0,4.680902852542199e-06,0.9974416535900564,0.0025615753549233346,0.9968685449919136,0.9980147621881993,0.10947488584474886
965,1.0,213628.0,4.681034321343644e-06,0.9974369845314424,0.0025662563892446784,0.9968638055566249,0.9980101635062598,0.11015981735159817
968,1.0,213627.0,4.681056233528533e-06,0.9974323154728284,0.002570937445478207,0.9968590661306477,0.9980055648150091,0.11050228310502283
969,1.0,213626.0,4.681078145918568e-06,0.9974276464142144,0.0025756185236241254,0.9968543267139783,0.9980009661144505,0.11061643835616439
971,1.0,213624.0,4.681121971314084e-06,0.9974229773337441,0.0025802996455954394,0.9968495872840859,0.9979963673834022,0.11084474885844749
975,1.0,213620.0,4.681209624566988e-06,0.9974183081877028,0.0025849808552200065,0.9968448477959106,0.997991768579495,0.1113013698630137
976,1.0,213619.0,4.681231538393121e-06,0.9974136390416616,0.0025896620867583995,0.9968401083170336,0.9979871697662895,0.11141552511415526
977,1.0,213616.0,4.6812972811025394e-06,0.997408969851905,0.002594343384039502,0.9968353688023942,0.9979825709014157,0.1115296803652968
978,1.0,213615.0,4.681319195749362e-06,0.9974043006621484,0.0025990247032352514,0.9968306292970466,0.9979779720272501,0.11164383561643836
985,1.0,213611.0,4.6814068563884816e-06,0.9973996314068166,0.0026037061100916397,0.9968258897333999,0.9979733730802334,0.11244292237442922
986,2.0,213608.0,9.362945208044642e-06,0.9973902928087173,0.0026130690552996845,0.9968164105438411,0.9979641750735935,0.11255707762557078
990,1.0,213603.0,4.681582187516093e-06,0.9973856234440885,0.0026177506374872005,0.9968116708953911,0.997959575992786,0.11301369863013698
994,1.0,213600.0,4.6816479400749066e-06,0.997380954035739,0.002622432285427275,0.9968069312111554,0.9979549768603226,0.11347031963470319
1000,1.0,213596.0,4.681735613026461e-06,0.9973762845618067,0.0026271140210403017,0.9968021914685985,0.9979503776550149,0.1141552511415525
1006,1.0,213583.0,4.682020572798397e-06,0.9973716148255236,0.0026317960416131,0.9967974514649154,0.9979457781861318,0.11484018264840183
1009,1.0,213571.0,4.6822836433785485e-06,0.9973669448487251,0.0026364783252564787,0.9967927112226104,0.9979411784748399,0.11518264840182649
1012,1.0,213552.0,4.6827002322619315e-06,0.9973622744783008,0.002641161025488741,0.9967879705838768,0.9979365783727249,0.11552511415525114
1015,1.0,213537.0,4.683029170588704e-06,0.9973576038016758,0.0026458440546593296,0.996783229638821,0.9979319779645306,0.1158675799086758
1016,1.0,213529.0,4.6832046232596044e-06,0.9973529329719347,0.002650527259282589,0.9967784885452208,0.9979273773986487,0.11598173515981736
1030,1.0,213389.0,4.686277174549766e-06,0.99734825909965,0.0026552135364571387,0.9967737443250368,0.9979227738742631,0.11757990867579908
1032,1.0,213316.0,4.687880890322339e-06,0.9973435836498051,0.002659901417347461,0.9967689984881812,0.997918168811429,0.1178082191780822
1039,1.0,212975.0,4.695386782486208e-06,0.9973389007359249,0.002664596804129947,0.9967642449674061,0.9979135565044437,0.11860730593607306
1048,1.0,212744.0,4.700485090061295e-06,0.9973342127592922,0.0026692972892200083,0.9967594862375881,0.9979089392809963,0.11963470319634703
1052,1.0,212741.0,4.7005513746762494e-06,0.9973295247385874,0.0026739978405946846,0.9967547274717294,0.9979043220054453,0.12009132420091324
1058,1.0,212568.0,4.704376952316435e-06,0.9973248329245573,0.002678702217547001,0.9967499648052305,0.9978997010438841,0.12077625570776256
1064,1.0,212161.0,4.713401614811393e-06,0.9973201321320794,0.0026834156191618123,0.9967451928931316,0.9978950713710272,0.12146118721461187
1066,1.0,212013.0,4.7166919009683365e-06,0.9973154280802895,0.0026881323110627808,0.9967404176306833,0.9978904385298957,0.12168949771689498
1080,1.0,211563.0,4.726724427239167e-06,0.997310714045094,0.00269285903549002,0.9967356320860427,0.9978857960041453,0.1232876712328767
1084,1.0,211542.0,4.727193654215239e-06,0.9973059995642153,0.0026975862291442354,0.996730846091522,0.9978811530369086,0.12374429223744292
1096,1.0,211473.0,4.728736056139554e-06,0.9973012835673761,0.002702314965200375,0.9967260585437566,0.9978765085909956,0.12511415525114156
1100,1.0,211452.0,4.729205682613548e-06,0.9972965671244786,0.0027070441708829883,0.9967212705457309,0.9978718637032262,0.12557077625570776
1105,3.0,211428.0,1.4189227538452807e-05,0.9972824162565643,0.0027212333984214412,0.9967069050223756,0.9978579274907531,0.12614155251141554
1123,1.0,211112.0,4.736822160748797e-06,0.9972776923071145,0.00272597022058219,0.9967021093239835,0.9978532752902455,0.12819634703196348
1126,1.0,210963.0,4.740167707133479e-06,0.9972729650436024,0.0027307103882893233,0.9966973102185651,0.9978486198686397,0.12853881278538812
1128,1.0,210870.0,4.742258263385024e-06,0.997268235717643,0.0027354526465527083,0.9966925089964785,0.9978439624388075,0.12876712328767123
1136,2.0,210567.0,9.498164479714296e-06,0.9972587634999098,0.0027449508110324226,0.9966828925950433,0.9978346344047764,0.12968036529680366
1149,1.0,210438.0,4.751993461256998e-06,0.9972540245327864,0.0027497028044936797,0.9966780814619813,0.9978299676035915,0.13116438356164384
1154,1.0,210434.0,4.752083788741363e-06,0.9972492854981032,0.002754454888282421,0.9966732702690033,0.9978253007272031,0.1317351598173516
1158,1.0,210432.0,4.75212895377129e-06,0.9972445464408994,0.0027592070172361926,0.9966684590625431,0.9978206338192558,0.13219178082191782
1166,1.0,210398.0,4.752896890654854e-06,0.9972398066403955,0.0027639599141268474,0.9966636470994568,0.9978159661813342,0.13310502283105022
1173,1.0,210370.0,4.753529495650521e-06,0.9972350662315603,0.002768713443622498,0.9966588345189028,0.9978112979442179,0.1339041095890411
1175,1.0,210364.0,4.753665075773421e-06,0.9972303257100537,0.0027734671086982713,0.9966540218319193,0.997806629588188,0.1341324200913242
1178,1.0,210359.0,4.753778065117252e-06,0.9972255850984054,0.0027782208867633885,0.9966492090617328,0.997801961135078,0.13447488584474887
1185,1.0,210347.0,4.754049261458447e-06,0.997220844238849,0.0027829749360248467,0.9966443960456808,0.9977972924320173,0.13527397260273974
1187,1.0,210344.0,4.754117065378618e-06,0.9972161033342155,0.0027877290530902254,0.9966395829928836,0.9977926236755474,0.13550228310502282
1192,1.0,210315.0,4.754772603000261e-06,0.9972113617984081,0.0027924838256932257,0.9966347692990661,0.99778795429775,0.13607305936073058
1213,1.0,209908.0,4.763991844045963e-06,0.9972066110916137,0.0027972478175372715,0.9966299461593303,0.997783276023897,0.1384703196347032
1219,2.0,209747.0,9.535297286731158e-06,0.9971971024301206,0.0028067831148240025,0.9966202924361325,0.9977739124241087,0.1391552511415525
1222,1.0,209689.0,4.768967375494184e-06,0.9971923468296723,0.0028115520821994965,0.9966154642800977,0.9977692293792468,0.13949771689497717
1230,1.0,209593.0,4.7711517083108695e-06,0.9971875890737032,0.0028163232339078075,0.9966106339113493,0.9977645442360571,0.1404109589041096
1243,1.0,209535.0,4.7724723793161046e-06,0.9971828300234774,0.0028210957062871234,0.9966058022179355,0.9977598578290193,0.14189497716894978
1249,1.0,209532.0,4.772540709772254e-06,0.9971780709278261,0.0028258682469968956,0.9966009704875337,0.9977551713681184,0.1425799086757991
1253,1.0,209530.0,4.772586264496731e-06,0.9971733118094614,0.0028306408332613923,0.9965961387435595,0.9977504848753634,0.1430365296803653
1258,1.0,209529.0,4.772609042185091e-06,0.9971685526910968,0.0028354134423035776,0.9965913070094288,0.9977457983727649,0.14360730593607307
1262,1.0,209527.0,4.772654598214072e-06,0.9971637935500186,0.002840186096901792,0.9965864752617182,0.997741111838319,0.14406392694063927
1270,1.0,209523.0,4.772745712881163e-06,0.9971590343407979,0.002844958842614673,0.9965816434535832,0.9977364252280125,0.1449771689497717
1275,1.0,209503.0,4.773201338405655e-06,0.9971542746999605,0.002849732043953079,0.9965768112102488,0.9977317381896723,0.14554794520547945
1277,1.0,209493.0,4.7734291837913435e-06,0.9971495148546449,0.00285450547313687,0.9965719787659136,0.9977270509433761,0.14577625570776256
1280,1.0,209480.0,4.773725415314111e-06,0.997144754736663,0.0028592791985521844,0.9965671460502691,0.9977223634230569,0.1461187214611872
1291,1.0,209417.0,4.775161519838409e-06,0.9971399932094004,0.002864054360072023,0.9965623118913728,0.997717674527428,0.1473744292237443
1295,1.0,209398.0,4.775594800332381e-06,0.9971352312728337,0.0028688299548723555,0.9965574773202877,0.9977129852253797,0.1478310502283105
1305,1.0,209390.0,4.775777257748698e-06,0.9971304691770733,0.0028736057321301044,0.9965526425948983,0.9977082957592482,0.14897260273972604
1309,1.0,209389.0,4.775800065906041e-06,0.9971257070813129,0.0028783815321960105,0.9965478078793437,0.997703606283282,0.14942922374429224
1315,1.0,209383.0,4.775936919425168e-06,0.9971209448718351,0.0028831574691154356,0.9965429730563694,0.9976989166873008,0.15011415525114155
1321,1.0,209382.0,4.775959729107564e-06,0.9971161826623574,0.0028879334288445433,0.9965381382432232,0.9976942270814915,0.15079908675799086
1324,1.0,209380.0,4.776005349125991e-06,0.9971114204301353,0.002892709434193669,0.996533303416451,0.9976895374438197,0.15114155251141553
1333,1.0,209376.0,4.776096591777472e-06,0.9971066581296786,0.0028974855307854464,0.9965284685291456,0.9976848477302116,0.1521689497716895
1336,1.0,209374.0,4.776142214410576e-06,0.9971018958064765,0.002902261672999857,0.9965236336282063,0.9976801579847466,0.15251141552511416
1337,1.0,209371.0,4.776210649994507e-06,0.9970971334377826,0.0029070378836498515,0.996518798690177,0.9976754681853882,0.15262557077625571
1343,1.0,209355.0,4.776575672900098e-06,0.9970923707278715,0.0029118144593227517,0.9965139634101464,0.9976707780455966,0.15331050228310503
1353,1.0,209308.0,4.777648250425211e-06,0.997087606971251,0.002916592107573177,0.9965091270607146,0.9976660868817874,0.15445205479452054
1360,1.0,209236.0,4.779292282398823e-06,0.9970828415981461,0.0029213713998555756,0.9965042890544112,0.9976613941418809,0.1552511415525114
1366,1.0,209177.0,4.780640318964322e-06,0.9970780749037123,0.00292615204017454,0.9964994496955604,0.9976567001118641,0.15593607305936072
1368,1.0,209161.0,4.781006019286578e-06,0.9970733078674344,0.0029309330461938267,0.9964946099940786,0.9976520057407903,0.15616438356164383
1369,1.0,209152.0,4.781211750305997e-06,0.9970685406488189,0.0029357142579441325,0.9964897701144265,0.9976473111832113,0.1562785388127854
1370,2.0,209142.0,9.562880722188753e-06,0.9970590058012928,0.002945277138666321,0.9964800899615689,0.9976379216410167,0.15639269406392695
1376,1.0,209102.0,4.7823550229074804e-06,0.9970542375111483,0.0029500594936892285,0.9964752490065906,0.997633226015706,0.15707762557077626
1382,1.0,209075.0,4.782972617481765e-06,0.9970494686280321,0.0029548424663067103,0.9964704074500527,0.9976285298060116,0.15776255707762557
1385,1.0,209065.0,4.783201396694808e-06,0.9970446995396212,0.002959625667703405,0.9964655656916727,0.9976238333875697,0.15810502283105024
1387,1.0,209063.0,4.783247155163755e-06,0.9970399304283986,0.002964408914858569,0.9964607239195986,0.9976191369371985,0.15833333333333333
1396,1.0,209052.0,4.78349884239328e-06,0.9970351610890456,0.002969192413700962,0.9964558819221336,0.9976144402559575,0.1593607305936073
1399,1.0,209047.0,4.783613254435606e-06,0.9970303916584339,0.0029739760269553977,0.9964510398403974,0.9976097434764704,0.15970319634703195
1400,1.0,209043.0,4.7837047880101225e-06,0.9970256221593755,0.0029787597317434077,0.9964461976979075,0.9976050466208435,0.1598173515981735
1403,1.0,209041.0,4.7837505561110024e-06,0.9970208526375011,0.002983543482299519,0.9964413555417078,0.9976003497332944,0.16015981735159818
1405,1.0,209039.0,4.783796325087663e-06,0.9970160830928102,0.0029883272786246067,0.9964365133717945,0.9975956528138259,0.1603881278538813
1411,1.0,209035.0,4.783887865668429e-06,0.9970113134796684,0.0029931111664902752,0.9964316711411139,0.997590955818223,0.1610730593607306
1426,1.0,209022.0,4.784185396752495e-06,0.9970065435927021,0.0029978953518870277,0.9964268286379171,0.9975862585474872,0.16278538812785387
1446,1.0,209006.0,4.784551639665847e-06,0.9970017733634092,0.0030026799035266934,0.9964219857915763,0.9975815609352422,0.16506849315068492
1455,1.0,209000.0,4.784688995215311e-06,0.9969970030199959,0.0030074645925219088,0.9964171428373769,0.997576863202615,0.1660958904109589
1456,1.0,208999.0,4.784711888573629e-06,0.9969922326765827,0.0030122493044104823,0.9964122998929767,0.9975721654601886,0.16621004566210046
1458,1.0,208998.0,4.784734782151025e-06,0.9969874623331694,0.0030170340391926335,0.9964074569583722,0.9975674677079666,0.16643835616438357
1470,1.0,208996.0,4.784780569963062e-06,0.9969826919669311,0.0030218188197625967,0.9964026140100267,0.9975627699238355,0.1678082191780822
1489,1.0,208993.0,4.784849253324274e-06,0.9969779215550418,0.003026603669015921,0.9963977710244032,0.9975580720856805,0.1699771689497717
1490,1.0,208992.0,4.7848721482162e-06,0.9969731511431527,0.0030313885411641373,0.9963929280485648,0.9975533742377405,0.17009132420091325
1496,1.0,208991.0,4.7848950433272245e-06,0.9969683807312635,0.0030361734362074643,0.9963880850825079,0.9975486763800191,0.17077625570776256
1509,1.0,208987.0,4.78498662596238e-06,0.9969636102508952,0.0030409584228334265,0.9963832420556272,0.9975439784461632,0.17226027397260274
1512,1.0,208983.0,4.7850782121033764e-06,0.9969588397020455,0.0030457435010455298,0.9963783989679175,0.9975392804361735,0.1726027397260274
1514,1.0,208981.0,4.785124006488628e-06,0.9969540691303681,0.0030505286250520182,0.9963735558664442,0.997534582394292,0.1728310502283105
1515,1.0,208979.0,4.785169801750415e-06,0.9969492985358628,0.0030553137948537688,0.9963687127512039,0.9975298843205217,0.17294520547945205
1517,1.0,208976.0,4.785238496286655e-06,0.9969445278957005,0.0030600990333500555,0.9963638695986567,0.9975251861927443,0.17317351598173517
1530,2.0,208969.0,9.57079758241653e-06,0.9969349863414231,0.003069669830932472,0.9963541830404049,0.9975157896424413,0.17465753424657535
1531,1.0,208965.0,4.785490393128036e-06,0.9969302155186234,0.0030744553213256,0.9963493397288385,0.9975110913084082,0.1747716894977169
1533,1.0,208962.0,4.785559096869287e-06,0.9969254446501615,0.0030792408804224693,0.9963444963799479,0.9975063929203751,0.175
1537,1.0,208957.0,4.785673607488622e-06,0.9969206736903724,0.003084026554029958,0.996339652946651,0.9975016944340938,0.17545662100456622
1538,1.0,208956.0,4.7856965102701044e-06,0.9969159027305833,0.003088812250540228,0.9963348095230998,0.9974969959380667,0.17557077625570777
1544,1.0,208952.0,4.785788123588193e-06,0.9969111317022958,0.0030935980386638164,0.996329966038672,0.9974922973659197,0.17625570776255708
1548,2.0,208949.0,9.571713671757223e-06,0.996901589554387,0.003103169752335574,0.9963202790048692,0.9974829001039048,0.17671232876712328
1552,1.0,208947.0,4.785902645168392e-06,0.9968968184804325,0.0031079556549807423,0.9963154355025676,0.9974782014582975,0.1771689497716895
1555,1.0,208944.0,4.785971360747378e-06,0.9968920473608096,0.0031127416263414896,0.9963105919629132,0.997473502758706,0.17751141552511415
1562,1.0,208933.0,4.786223334753246e-06,0.9968872760128302,0.0031175278496762427,0.9963057481975629,0.9974688038280975,0.17831050228310502
1575,1.0,208927.0,4.78636078630335e-06,0.996882504550664,0.003122314210462546,0.9963009043242171,0.9974641047771108,0.1797945205479452
1576,1.0,208926.0,4.786383695662579e-06,0.9968777330884977,0.0031271005941582086,0.996296060460592,0.9974594057164033,0.17990867579908676
1578,2.0,208922.0,9.572950670585194e-06,0.9968681900271342,0.0031366735448287936,0.9962863726212213,0.9974500074330471,0.18013698630136987
1579,1.0,208919.0,4.7865440673179555e-06,0.9968634184736134,0.0031414600888961114,0.996281528692558,0.9974453082546687,0.18025114155251143
1581,1.0,208914.0,4.786658625080176e-06,0.9968586468287333,0.0031462467475211918,0.9962766846794181,0.9974406089780484,0.18047945205479451
1582,1.0,208912.0,4.786704449720456e-06,0.9968538751610128,0.0031510334519709122,0.9962718406524358,0.9974359096695897,0.18059360730593607
1592,1.0,208900.0,4.786979415988512e-06,0.9968491032420317,0.0031558204313869007,0.9962669963761277,0.9974312101079357,0.1817351598173516
1593,1.0,208895.0,4.787093994590584e-06,0.996844331231676,0.0031606075253814915,0.9962621520153203,0.9974265104480318,0.18184931506849314
1598,1.0,208890.0,4.787208578677773e-06,0.9968395591299419,0.0031653947339601693,0.9962573075700069,0.997421810689877,0.18242009132420092
1599,1.0,208889.0,4.787231496153459e-06,0.9968347870282079,0.0031701819654563227,0.9962524631343868,0.9974171109220291,0.18253424657534248
1602,1.0,208888.0,4.78725441384857e-06,0.9968300149264738,0.0031749692198701713,0.9962476187084564,0.9974124111444913,0.18287671232876712
1608,1.0,208886.0,4.787300249897073e-06,0.9968252428018943,0.0031797565201200683,0.9962427742686608,0.9974077113351278,0.18356164383561643
1609,1.0,208885.0,4.787323168250473e-06,0.9968204706773148,0.0031845438432883187,0.996237929838548,0.9974030115160817,0.183675799086758
1613,1.0,208884.0,4.787346086823309e-06,0.9968156985527353,0.003189331189375142,0.9962330854181142,0.9973983116873565,0.1841324200913242
1614,2.0,208883.0,9.574738011231168e-06,0.9968061543035762,0.003198905927386373,0.9962233966062691,0.9973889120008833,0.18424657534246575
1619,1.0,208880.0,4.787437763309077e-06,0.9968013821561504,0.0032036933651496823,0.9962185521912993,0.9973842121210016,0.18481735159817353
1622,1.0,208877.0,4.787506522977638e-06,0.9967966099630312,0.00320848087167266,0.9962137077388904,0.997379512187172,0.18515981735159817
1627,1.0,208873.0,4.787598205608192e-06,0.9967918377013699,0.0032132684698782683,0.9962088632254857,0.9973748121772541,0.18573059360730593
1637,1.0,208867.0,4.787735736138308e-06,0.9967870653254671,0.0032180562056144065,0.9962040186039728,0.9973701120469615,0.18687214611872147
1644,1.0,208865.0,4.787781581404256e-06,0.9967822929267152,0.0032228439871958107,0.9961991739685615,0.9973654118848688,0.18767123287671234
1648,1.0,208863.0,4.787827427548201e-06,0.9967775205051138,0.003227631814623359,0.9961943293192485,0.9973607116909792,0.18812785388127853
1649,2.0,208862.0,9.575700701898862e-06,0.996767975661911,0.003237207515325258,0.9961846400495658,0.9973513112742562,0.1882420091324201
1651,1.0,208860.0,4.787896198410418e-06,0.9967632032403096,0.003241995411523668,0.9961797954291892,0.9973466110514301,0.1884703196347032
1660,1.0,208858.0,4.787942046749466e-06,0.9967584307958582,0.0032467833535704178,0.9961749507948964,0.9973419107968201,0.18949771689497716
1664,1.0,208857.0,4.78796497124827e-06,0.9967536583514067,0.003251571318541666,0.9961701061702383,0.9973372105325752,0.18995433789954339
1672,1.0,208854.0,4.788033746061842e-06,0.9967488858612541,0.003256359352287728,0.9961652615081017,0.9973325102144065,0.1908675799086758
1678,1.0,208843.0,4.788285937283031e-06,0.9967441131425809,0.003261147638225011,0.9961604166200285,0.9973278096651333,0.19155251141552512
1679,2.0,208838.0,9.57680115687758e-06,0.9967345675224051,0.0032707244393818885,0.9961507266842938,0.9973184083605163,0.19166666666666668
1682,1.0,208824.0,4.7887216028808946e-06,0.9967297944380492,0.0032755131609847696,0.9961458814481388,0.9973137074279597,0.19200913242009132
1684,1.0,208814.0,4.7889509324087464e-06,0.9967250211479708,0.0032803021119171783,0.9961410360095407,0.9973090062864008,0.19223744292237444
1718,1.0,208777.0,4.789799642680946e-06,0.9967202470348207,0.0032850919115598592,0.9961361897321269,0.9973043043375144,0.19611872146118722
1721,1.0,208776.0,4.789822584971453e-06,0.9967154729216705,0.0032898817341448306,0.9961313434643329,0.9972996023790082,0.19646118721461187
1727,1.0,208772.0,4.789914356331309e-06,0.9967106987399176,0.003294671648501162,0.9961264971354388,0.9972949003443964,0.19714611872146118
1733,1.0,208771.0,4.789937299720747e-06,0.9967059245581646,0.0032994615858008827,0.996121650816158,0.9972901983001713,0.1978310502283105
1735,1.0,208770.0,4.78996024332998e-06,0.9967011503764117,0.0033042515460442127,0.996116804506487,0.9972854962463364,0.1980593607305936
1738,1.0,208766.0,4.790052019964937e-06,0.9966963761260531,0.0033090415980641776,0.9961119581357036,0.9972807941164026,0.19840182648401827
1748,1.0,208761.0,4.790166745704418e-06,0.9966916017842167,0.003313831764809882,0.9961071116802288,0.9972760918882045,0.19954337899543378
1761,2.0,208676.0,9.584235848875769e-06,0.9966820492568366,0.0033234160006587574,0.9960974148360157,0.9972666836776575,0.20102739726027397
1763,1.0,208611.0,4.793611075159028e-06,0.9966772715507268,0.0033282096117339165,0.9960925649414797,0.997261978159974,0.20125570776255708
1765,1.0,208542.0,4.795197130554037e-06,0.9966724922867342,0.0033330048088644707,0.9960877134506875,0.9972572711227808,0.2014840182648402
1770,1.0,208333.0,4.800007680012288e-06,0.9966677082511167,0.003337804816544483,0.996082857050828,0.9972525594514055,0.20205479452054795
1772,1.0,208238.0,4.802197485569396e-06,0.9966629220559542,0.0033426070140300523,0.9960779984344831,0.9972478456774253,0.20228310502283106
1777,1.0,208077.0,4.805913195595861e-06,0.9966581321804655,0.0033474129272256484,0.9960731360339286,0.9972431283270025,0.20285388127853882
1783,1.0,207910.0,4.809773459670049e-06,0.996653338480633,0.0033522227006853185,0.9960682697006501,0.9972384072606159,0.20353881278538813
1786,1.0,207841.0,4.8113702301278385e-06,0.9966485432124305,0.0033570340709154463,0.9960634017602831,0.9972336846645778,0.2038812785388128
1797,1.0,207645.0,4.815911772496328e-06,0.9966437434409782,0.003361849982687943,0.9960585291872273,0.9972289576947291,0.20513698630136987
1800,1.0,207620.0,4.816491667469415e-06,0.9966389431146924,0.003366666474355412,0.9960536560519534,0.9972242301774313,0.2054794520547945
1813,1.0,207535.0,4.818464355409931e-06,0.9966341408454698,0.003371484938710822,0.9960487809234333,0.9972195007675062,0.2069634703196347
1814,1.0,207531.0,4.8185572275949135e-06,0.9966293385068271,0.003376303495938417,0.9960439057331296,0.9972147712805246,0.20707762557077625
1816,1.0,207522.0,4.818766203101358e-06,0.9966245359830538,0.003381122262141518,0.9960390303617507,0.9972100416043569,0.20730593607305936
1817,1.0,207517.0,4.818882308437381e-06,0.9966197333667092,0.0033859411444499554,0.9960341549047163,0.9972053118287021,0.20742009132420092
1820,1.0,207511.0,4.819021642226195e-06,0.996614930634645,0.0033907601660921817,0.9960292793381599,0.9972005819311301,0.20776255707762556
1829,1.0,207510.0,4.819044865307696e-06,0.9966101279025809,0.0033955792109574895,0.9960244037813758,0.9971958520237859,0.20878995433789954
1833,1.0,207509.0,4.819068088613024e-06,0.9966053251705167,0.0034003982790461024,0.9960195282343606,0.9971911221066728,0.20924657534246574
1839,1.0,207507.0,4.819114535895175e-06,0.9966005224153076,0.0034052173935819976,0.9960146526732502,0.997186392157365,0.20993150684931508
1847,1.0,207500.0,4.819277108433735e-06,0.9965957195212237,0.0034100366706904315,0.9960097769787353,0.9971816620637122,0.21084474885844748
1854,1.0,207496.0,4.819370011952038e-06,0.996590916557699,0.0034148560407023837,0.9960049012223932,0.9971769318930049,0.21164383561643835
1859,1.0,207494.0,4.819416465054412e-06,0.9965861135710269,0.003419675457167438,0.9960000254519445,0.9971722016901092,0.21221461187214613
1861,2.0,207493.0,9.638879383882829e-06,0.9965765075976826,0.003429314336551321,0.9959902739403016,0.9971627412550635,0.21244292237442922
1865,1.0,207491.0,4.819486146387073e-06,0.9965717046110104,0.003434133822697708,0.9959853981990999,0.9971580110229209,0.21289954337899544
1874,1.0,207487.0,4.819579057965077e-06,0.9965669015548931,0.003438953401755673,0.9959805223960506,0.9971532807137357,0.2139269406392694
1884,2.0,207484.0,9.639297487999075e-06,0.9965572953500623,0.003448592699243672,0.9959707707237094,0.9971438199764152,0.21506849315068494
1887,1.0,207482.0,4.8196952024753955e-06,0.9965524922476469,0.0034534123944461475,0.9959658949021384,0.9971390895931553,0.21541095890410958
1889,1.0,207481.0,4.8197184320492e-06,0.9965476891452315,0.0034582321128781967,0.9959610190902956,0.9971343592001675,0.2156392694063927
1892,2.0,207479.0,9.639529783737149e-06,0.9965380828941011,0.0034678716426619336,0.9959512674480517,0.9971248983401504,0.21598173515981736
1894,1.0,207473.0,4.819904276701065e-06,0.9965332796759334,0.0034726915469386345,0.9959463915460485,0.9971201678058184,0.21621004566210045
1900,2.0,207470.0,9.6399479442811e-06,0.9965236731469926,0.0034823314948829154,0.9959366396757208,0.9971107066182645,0.21689497716894976
1923,1.0,207455.0,4.820322479573884e-06,0.9965188695815295,0.0034871518173624893,0.9959317634448448,0.9971059757182141,0.21952054794520548
1939,1.0,207443.0,4.820601321808883e-06,0.9965140657613496,0.003491972418684298,0.9959268869611037,0.9971012445615955,0.22134703196347033
1941,1.0,207437.0,4.820740755024417e-06,0.9965092618253798,0.0034967931594393226,0.9959220103677071,0.9970965132830525,0.22157534246575342
1950,1.0,207428.0,4.820949919972231e-06,0.9965044577041338,0.0035016141093592947,0.9959171335930241,0.9970917818152434,0.2226027397260274
1953,2.0,207426.0,9.641992807073367e-06,0.9964948494153204,0.003511256102166368,0.9959073800250066,0.9970823188056342,0.22294520547945204
1956,1.0,207424.0,4.8210428879975316e-06,0.9964900452709137,0.003516077145054366,0.9959025032555395,0.9970775872862878,0.2232876712328767
1957,1.0,207423.0,4.821066130564113e-06,0.996485241126507,0.00352089821118493,0.9958976264957623,0.9970728557572518,0.22340182648401827
1958,2.0,207422.0,9.642178746709606e-06,0.9964756328376937,0.0035305403899316395,0.9958878730052625,0.9970633926701249,0.22351598173515982
1962,1.0,207420.0,4.821135859608524e-06,0.996470828693287,0.003535361525791248,0.9958829962745328,0.9970586611120411,0.22397260273972602
1967,3.0,207419.0,1.4463477309214682e-05,0.9964564162600668,0.003549825003100463,0.9958683661403818,0.9970444663797517,0.22454337899543378
1969,1.0,207415.0,4.821252079164959e-06,0.9964516120924981,0.003554646255179628,0.995863489424457,0.9970397347605392,0.2247716894977169
1971,1.0,207414.0,4.821275323748638e-06,0.9964468079249295,0.0035594675305033767,0.9958586127181934,0.9970350031316655,0.225
1974,1.0,207413.0,4.821298568556455e-06,0.9964420037573607,0.003564288829071933,0.9958537360215876,0.9970302714931338,0.22534246575342465
1977,1.0,207411.0,4.821345058844516e-06,0.9964371995666295,0.003569110174130778,0.9958488593107603,0.9970255398224986,0.22568493150684932
1979,1.0,207410.0,4.821368304324767e-06,0.9964323953758981,0.0035739315424351027,0.9958439826095837,0.9970208081422125,0.22591324200913243
1986,1.0,207409.0,4.8213915500291694e-06,0.9964275911851669,0.003578752933985132,0.9958391059180544,0.9970160764522794,0.2267123287671233
1989,1.0,207404.0,4.82150778191356e-06,0.9964227869017819,0.0035835744417670456,0.9958342291406641,0.9970113446628996,0.22705479452054794
1993,1.0,207401.0,4.821577523734215e-06,0.9964179825720685,0.0035883960192907797,0.995829352325161,0.997006612818976,0.22751141552511417
1998,1.0,207400.0,4.821600771456123e-06,0.9964131782423551,0.0035932176200622356,0.9958244755192954,0.9970018809654148,0.22808219178082192
2000,1.0,207399.0,4.821624019402215e-06,0.9964083739126417,0.0035980392440816376,0.9958195987230639,0.9969971491022195,0.228310502283105
2002,2.0,207398.0,9.643294535144987e-06,0.9963987652532148,0.0036076825386167828,0.9958098451594887,0.9969876853469409,0.22853881278538812
2008,1.0,207396.0,4.821693764585624e-06,0.9963939609235013,0.0036125042323813684,0.9958049683921377,0.9969829534548649,0.22922374429223744
2015,2.0,207395.0,9.643434026856963e-06,0.9963843522640744,0.0036221476664082255,0.995795214886292,0.9969734896418568,0.2300228310502283
2021,1.0,207392.0,4.821786761302268e-06,0.9963795479111954,0.003626969453169528,0.9957903381239124,0.9969687576984785,0.23070776255707762
2036,2.0,207388.0,9.64375952321253e-06,0.9963699390664416,0.0036366132126927405,0.9957805844847113,0.9969592936481718,0.2324200913242009
2041,1.0,207386.0,4.821926263103585e-06,0.9963651346440646,0.003641435138955844,0.9957757076795167,0.9969545616086125,0.23299086757990867
2047,1.0,207385.0,4.821949514188586e-06,0.9963603302216876,0.0036462570884700325,0.9957708308839214,0.9969498295594538,0.23367579908675798
2048,2.0,207384.0,9.643945530995641e-06,0.9963507213769336,0.003655901034001028,0.9957610773215144,0.9969403654323528,0.23378995433789954
2055,1.0,207379.0,4.8220890254075874e-06,0.9963459168850546,0.0036607231230264357,0.9957562004830596,0.9969356332870496,0.2345890410958904
2058,1.0,207378.0,4.822112278062282e-06,0.9963411123931756,0.0036655452353044978,0.9957513236541905,0.9969309011321607,0.23493150684931507
2067,1.0,207377.0,4.822135530941232e-06,0.9963363079012966,0.003670367370835439,0.9957464468349037,0.9969261689676895,0.23595890410958903
2070,1.0,207376.0,4.822158784044441e-06,0.9963315034094176,0.0036751895296194834,0.9957415700251955,0.9969214367936396,0.2363013698630137
2077,1.0,207375.0,4.822182037371911e-06,0.9963266989175386,0.0036800117116568554,0.9957366932250623,0.9969167046100148,0.23710045662100457
2079,1.0,207374.0,4.822205290923645e-06,0.9963218944256595,0.003684833916947779,0.9957318164345009,0.9969119724168182,0.23732876712328768
2085,1.0,207373.0,4.822228544699648e-06,0.9963170899337805,0.0036896561454924787,0.9957269396535076,0.9969072402140535,0.238013698630137
2087,1.0,207371.0,4.822275052924469e-06,0.996312285418733,0.003694478420545403,0.9957220628581994,0.9969025079792665,0.23824200913242008
2096,1.0,207369.0,4.8223215620464e-06,0.9963074808805165,0.0036993007421074493,0.995717186048573,0.99689777571246,0.23926940639269406
2104,1.0,207364.0,4.822437838776258e-06,0.9963026762496217,0.0037041231799462256,0.9957123091529835,0.9968930433462598,0.2401826484018265
2109,1.0,207363.0,4.822461094795118e-06,0.9962978716187268,0.0037089456410410206,0.9957074322669492,0.9968883109705045,0.24075342465753424
2131,1.0,207358.0,4.822577378254034e-06,0.9962930668951492,0.0037137682184192745,0.9957025552949417,0.9968835784953567,0.2432648401826484
2135,1.0,207357.0,4.8226006356187636e-06,0.9962882621715715,0.0037185908190548933,0.995697678332483,0.99687884601066,0.2437214611872146
2142,1.0,207356.0,4.8226238932078165e-06,0.9962834574479938,0.003723413442948101,0.9956928013795697,0.996874113516418,0.24452054794520547
2143,2.0,207355.0,9.64529430204239e-06,0.9962738480008385,0.0037330587372501433,0.9956830475023654,0.9968646484993117,0.24463470319634703
2151,1.0,207352.0,4.822716925807323e-06,0.996269043254089,0.0037378814541759505,0.9956781705541853,0.9968599159539928,0.24554794520547946
2155,1.0,207350.0,4.8227634434530985e-06,0.9962642384841673,0.0037427042176194037,0.9956732935916546,0.9968551833766801,0.24600456621004566
2165,1.0,207348.0,4.822809961996257e-06,0.9962594336910733,0.0037475270275814,0.9956684166147698,0.9968504507673768,0.2471461187214612
2168,2.0,207347.0,9.645666443208728e-06,0.9962498241048849,0.0037571726940246086,0.9956586626895714,0.9968409855201985,0.24748858447488584
2170,2.0,207345.0,9.645759482987292e-06,0.9962402145186966,0.003766818453507596,0.9956489088024449,0.9968315202349483,0.24771689497716895
2172,1.0,207343.0,4.822926262280376e-06,0.9962354097256025,0.003771641379769876,0.9956440318731501,0.996826787578055,0.24794520547945206
2177,1.0,207342.0,4.8229495230102925e-06,0.9962306049325085,0.0037764643292928866,0.9956391549533627,0.9968220549116542,0.24851598173515982
2178,1.0,207341.0,4.82297278396458e-06,0.9962258001394144,0.0037812873020768513,0.9956342780430795,0.9968173222357494,0.24863013698630138
2182,2.0,207340.0,9.645992090286486e-06,0.9962161905532261,0.003790933294167138,0.995624524251011,0.9968078568554412,0.24908675799086757
2184,2.0,207338.0,9.646085136347413e-06,0.9962065809670378,0.0038005793793034854,0.9956147704969172,0.9967983914371585,0.2493150684931507
2191,1.0,207335.0,4.823112354402296e-06,0.9962017761507697,0.003805402491657888,0.9956098936102191,0.9967936586913202,0.25011415525114156
2199,1.0,207333.0,4.823158879676655e-06,0.996196971311327,0.0038102256505375643,0.995605016709121,0.996788925913533,0.25102739726027395
2203,2.0,207332.0,9.64636428530087e-06,0.9961873616324418,0.0038198720148228654,0.995595262935362,0.9967794603295216,0.2514840182648402
2204,1.0,207330.0,4.82322866927121e-06,0.9961825567929993,0.0038246952434921365,0.9955903860626942,0.9967747275233043,0.25159817351598174
2207,1.0,207329.0,4.823251932918212e-06,0.9961777519535566,0.003829518495425055,0.995585509199496,0.9967699947076173,0.2519406392694064
2209,1.0,207328.0,4.823275196789628e-06,0.996172947114114,0.0038343417706218443,0.995580632345764,0.996765261882464,0.2521689497716895
2215,1.0,207327.0,4.823298460885461e-06,0.9961681422746714,0.00383916506908273,0.995575755501495,0.9967605290478478,0.2528538812785388
2218,1.0,207326.0,4.823321725205715e-06,0.9961633374352288,0.0038439883908079355,0.9955708786666854,0.9967557962037722,0.2531963470319635
2219,1.0,207325.0,4.823344989750392e-06,0.9961585325957862,0.003848811735797686,0.9955660018413318,0.9967510633502407,0.25331050228310503
2220,1.0,207323.0,4.823391519513031e-06,0.996153727733168,0.003853635127317199,0.9955611250015469,0.9967463304647891,0.2534246575342466
2223,1.0,207321.0,4.823438050173403e-06,0.9961489228473738,0.0038584585653673726,0.9955562481473273,0.9967415975474202,0.25376712328767126
2233,1.0,207308.0,4.8237405213498754e-06,0.9961441176834493,0.0038632823058887223,0.9955513710159276,0.9967368643509711,0.25490867579908677
2246,2.0,207293.0,9.648179147390409e-06,0.9961345067065454,0.003872930485036113,0.9955416161125814,0.9967273973005093,0.25639269406392695
2252,1.0,207288.0,4.8242059357029835e-06,0.9961297011485453,0.003877754690971816,0.9955367386033986,0.9967226636936919,0.25707762557077624
2262,1.0,207286.0,4.824252482077902e-06,0.9961248955673621,0.003882578943453894,0.9955318610797624,0.9967179300549617,0.2582191780821918
2265,1.0,207285.0,4.82427575560219e-06,0.9961200899861787,0.003887403219209496,0.9955269835655605,0.996713196406797,0.2585616438356164
2268,1.0,207282.0,4.8243455775224094e-06,0.996115284358628,0.003892227564787018,0.9955221060130063,0.9967084627042496,0.2589041095890411
2274,1.0,207280.0,4.824392126592049e-06,0.9961104787078929,0.0038970519569136103,0.995517228445988,0.9967037289697979,0.2595890410958904
2279,1.0,207277.0,4.824461951880817e-06,0.9961056730107885,0.003901876418865491,0.9955123508406096,0.9966989951809673,0.26015981735159815
2282,1.0,207276.0,4.824485227426234e-06,0.9961008673136841,0.003906700904092918,0.9955074732446528,0.9966942613827153,0.2605022831050228
2291,1.0,207236.0,4.825416433438206e-06,0.9960960607121896,0.003911526320526356,0.9955025947261263,0.9966895266982528,0.2615296803652968
2302,1.0,207084.0,4.8289582971161465e-06,0.9960912506058525,0.003916355278823472,0.9954977126051917,0.9966847886065132,0.2627853881278539
2331,1.0,206298.0,4.847356736371656e-06,0.9960864221962188,0.003921202635559844,0.9954928116304679,0.9966800327619697,0.2660958904109589
2333,1.0,206260.0,4.8482497818287596e-06,0.9960815929204396,0.003926050885341673,0.9954879097726377,0.9966752760682416,0.266324200913242
2345,1.0,206201.0,4.8496370046702005e-06,0.9960767622862869,0.003930900522346343,0.995483006524385,0.9966705180481888,0.2676940639269406
2347,1.0,206200.0,4.849660523763336e-06,0.9960719316521343,0.003935750182870106,0.9954781032857299,0.9966657600185386,0.26792237442922373
2355,1.0,206197.0,4.84973108241148e-06,0.996067100971127,0.003940599913952517,0.9954732000083781,0.996661001933876,0.2688356164383562
2358,2.0,206195.0,9.699556245301777e-06,0.9960574395622571,0.003950299470197819,0.9954633934341522,0.996651485690362,0.2691780821917808
2362,2.0,206192.0,9.699697369442073e-06,0.9960477781065308,0.003959999167567261,0.9954535868499703,0.9966419693630912,0.269634703196347
2370,1.0,206187.0,4.849966292734265e-06,0.996042947308381,0.0039648491338599955,0.9954486834998073,0.9966372111169548,0.2705479452054795
2375,2.0,206184.0,9.700073720560276e-06,0.9960332856183632,0.003974549207580556,0.9954388767316119,0.9966276945051146,0.2711187214611872
2377,1.0,206180.0,4.850130953535745e-06,0.9960284547264939,0.003979399338534092,0.995433973313572,0.9966229361394159,0.2713470319634703
2378,2.0,206179.0,9.700308954840212e-06,0.9960187929427552,0.0039890996474889326,0.9954241665061818,0.9966134193793286,0.2714611872146119
2382,1.0,206174.0,4.850272100264825e-06,0.9960139619805924,0.0039939499195891974,0.9954192630443796,0.9966086609168053,0.2719178082191781
2399,1.0,206166.0,4.850460308683294e-06,0.9960091308544029,0.003998800379897881,0.9954143594230848,0.996603902285721,0.27385844748858446
2417,1.0,206160.0,4.850601474582848e-06,0.9960042996110441,0.004003650981372463,0.9954094556905873,0.9965991435315009,0.2759132420091324
2419,1.0,206159.0,4.850625003031641e-06,0.9959994683676853,0.004008501606375495,0.9954045519676394,0.9965943847677311,0.27614155251141553
2420,1.0,206158.0,4.850648531708689e-06,0.9959946371243265,0.004013352254907204,0.9953996482542379,0.996589625994415,0.2762557077625571
2423,1.0,206157.0,4.850672060613998e-06,0.9959898058809676,0.004018202926967818,0.995394744550379,0.9965848672115563,0.27659817351598176
2452,1.0,206146.0,4.850930893638489e-06,0.9959849744032485,0.004023053857861457,0.9953898406145304,0.9965801081919666,0.27990867579908674
2454,1.0,206145.0,4.850954425283174e-06,0.9959801429255294,0.00402790481228674,0.9953849366882193,0.9965753491628395,0.28013698630136985
2457,1.0,206139.0,4.851095619945765e-06,0.9959753113306204,0.004032755907906686,0.9953800326506687,0.9965705900105722,0.2804794520547945
2466,1.0,205938.0,4.855830395555944e-06,0.9959704750434305,0.004037611738302242,0.9953751237868131,0.9965658263000479,0.2815068493150685
2473,1.0,205718.0,4.861023342634091e-06,0.9959656336077027,0.004042472761644877,0.9953702096263274,0.9965610575890781,0.28230593607305937
2474,1.0,205682.0,4.861874155249365e-06,0.9959607913481292,0.004047334635800126,0.995365294626358,0.9965562880699004,0.28242009132420093
2490,2.0,205379.0,9.738093962868648e-06,0.9959510925883597,0.004057072729762994,0.9953554499780645,0.9965467351986549,0.2842465753424658
2498,1.0,205213.0,4.8729856295653784e-06,0.9959462393329978,0.004061945715392559,0.9953505236739997,0.9965419549919958,0.2851598173515982
2499,1.0,205190.0,4.87353184853063e-06,0.995941385557281,0.00406681924724109,0.9953455968432892,0.9965371742712728,0.28527397260273973
2500,1.0,205165.0,4.874125703701898e-06,0.9959365312137742,0.004071693372944792,0.9953406694370426,0.9965323929905059,0.2853881278538813
2509,2.0,205035.0,9.754432170117298e-06,0.9959268164184347,0.004081447805114909,0.9953308083577448,0.9965228244791247,0.28641552511415524
2510,1.0,205031.0,4.877311235861894e-06,0.9959219589733829,0.004086325116350771,0.9953258777838123,0.9965180401629534,0.2865296803652968
2516,1.0,205024.0,4.877477758701421e-06,0.9959171013861786,0.004091202594109472,0.995320947073061,0.9965132556992963,0.28721461187214614
2517,1.0,205023.0,4.877501548606742e-06,0.9959122437989743,0.004096080095658079,0.995316016372005,0.9965084712259435,0.2873287671232877
2523,1.0,205019.0,4.877596710548778e-06,0.99590738614069,0.004100957692368627,0.9953110856073791,0.9965036866740008,0.288013698630137
2534,1.0,205015.0,4.87769187620418e-06,0.9959025284113232,0.004105835384244832,0.995306154779178,0.9964989020434684,0.28926940639269405
2536,1.0,205013.0,4.877739460424461e-06,0.9958976706582616,0.004110713123705256,0.9953012239362409,0.9964941173802824,0.28949771689497716
2538,1.0,205012.0,4.8777632528827585e-06,0.9958928129052,0.0041155908869581394,0.9952962931029864,0.9964893327074137,0.2897260273972603
2540,1.0,205011.0,4.877787045573165e-06,0.9958879551521385,0.004120468674003713,0.9952913622794108,0.9964845480248661,0.2899543378995434
2542,2.0,205009.0,9.755669263300636e-06,0.9958782395986246,0.004130224343267013,0.9952815006124385,0.9964749785848108,0.2901826484018265
2544,1.0,205007.0,4.877882218655948e-06,0.9958733818218677,0.004135102225485669,0.9952765697934568,0.9964701938502786,0.29041095890410956
2548,1.0,205005.0,4.877929806590083e-06,0.9958685240214149,0.004139980155292259,0.9952716389597176,0.9964654090831122,0.2908675799086758
2550,1.0,205003.0,4.877977395452749e-06,0.9958636661972659,0.004144858132687712,0.9952667081112173,0.9964606242833144,0.2910958904109589
2552,1.0,205002.0,4.87800119023229e-06,0.9958588083731169,0.0041497361338779445,0.9952617772723753,0.9964558394738585,0.291324200913242
2555,1.0,205000.0,4.878048780487805e-06,0.9958539505252713,0.004154614182658433,0.995256846418765,0.9964510546317775,0.2916666666666667
2559,1.0,204998.0,4.878096371671919e-06,0.9958490926537286,0.0041594922790301045,0.9952519155503826,0.9964462697570745,0.29212328767123286
2571,1.0,204978.0,4.878572334592005e-06,0.9958442343318957,0.004164370851364696,0.9952469842275576,0.9964414844362338,0.2934931506849315
2574,1.0,204965.0,4.878881760300539e-06,0.9958393757256248,0.004169249733124997,0.9952420526212256,0.996436698830024,0.29383561643835615
2577,1.0,204952.0,4.8791912252625e-06,0.9958345168348809,0.00417412892435026,0.9952371207313497,0.996431912938412,0.2941780821917808
2579,1.0,204943.0,4.879405493234704e-06,0.9958296577544691,0.004179008329843494,0.9952321886556398,0.9964271268532984,0.29440639269406393
2580,1.0,204938.0,4.879524539128907e-06,0.9958247985792174,0.0041838878543826235,0.9952272564918275,0.9964223406666072,0.2945205479452055
2582,2.0,204928.0,9.759525296689568e-06,0.9958150798019045,0.004193647379679313,0.995217391753238,0.9964127678505711,0.2947488584474886
2592,1.0,204920.0,4.8799531524497366e-06,0.9958102202709666,0.004198527332831763,0.9952124592517584,0.9964079812901747,0.2958904109589041
2596,1.0,204919.0,4.879976966508718e-06,0.9958053607400286,0.004203407309798271,0.9952075267599118,0.9964031947201454,0.29634703196347034
2605,1.0,204915.0,4.880072225068931e-06,0.995800501137946,0.004208287382023341,0.9952025942043714,0.9963984080715207,0.2973744292237443
2609,1.0,204914.0,4.880096040290073e-06,0.9957956415358635,0.004213167478063631,0.9951976616584575,0.9963936214132696,0.2978310502283105
2610,1.0,204913.0,4.8801198557436574e-06,0.995790781933781,0.0042180475979193745,0.9951927291221664,0.9963888347453956,0.2979452054794521
2615,1.0,204906.0,4.880286570427415e-06,0.995785922189401,0.004222927884489802,0.9951877964488414,0.9963840479299606,0.2985159817351598
2625,1.0,204895.0,4.8805485736596794e-06,0.9957810622078388,0.004227808433063462,0.9951828635406912,0.9963792608749864,0.2996575342465753
2627,1.0,204893.0,4.880596213633458e-06,0.995776202202557,0.004232689029277096,0.995177930617711,0.9963744737874031,0.29988584474885843
2629,1.0,204892.0,4.8806200339691154e-06,0.9957713421972751,0.004237569649311065,0.9951729977043426,0.9963696866902076,0.30011415525114155
2631,1.0,204891.0,4.88064385453729e-06,0.9957664821919934,0.004242450293165602,0.995168064800583,0.9963648995834038,0.30034246575342466
2637,1.0,204890.0,4.880667675337986e-06,0.9957616221867116,0.00424733096084094,0.9951631319064284,0.9963601124669949,0.301027397260274
2649,1.0,204889.0,4.880691496371206e-06,0.9957567621814297,0.0042522116523373114,0.9951581990218751,0.9963553253409844,0.3023972602739726
2651,1.0,204888.0,4.880715317636953e-06,0.9957519021761478,0.004257092367654949,0.9951532661469198,0.9963505382053759,0.3026255707762557
2668,1.0,204884.0,4.880810605025282e-06,0.9957470420997038,0.004261973178259974,0.9951483332082206,0.9963457509911869,0.3045662100456621
2676,2.0,204881.0,9.761764146016468e-06,0.9957373218519296,0.00427173494240599,0.9951384672618061,0.9963361764420532,0.30547945205479454
2678,1.0,204878.0,4.8809535430841765e-06,0.9957324617043205,0.004276615895949075,0.9951335342785307,0.9963313891301103,0.3057077625570776
2679,2.0,204877.0,9.7619547338159e-06,0.9957227414091023,0.0042863778506828905,0.9951236683407214,0.9963218144774832,0.30582191780821916
2683,1.0,204874.0,4.881048839774691e-06,0.9957178812377706,0.004291258899522666,0.9951187353617329,0.9963170271138083,0.3062785388127854
2686,1.0,204871.0,4.881120314734638e-06,0.9957130210189927,0.0042961400198374,0.9951138023434197,0.9963122396945657,0.30662100456621005
2694,1.0,204867.0,4.881215617937491e-06,0.9957081607290436,0.004301021235455338,0.995108869261329,0.9963074521967581,0.30753424657534245
2695,1.0,204865.0,4.881263270934518e-06,0.99570330041537,0.004305902498726272,0.9951039361643544,0.9963026646663856,0.307648401826484
2697,1.0,204863.0,4.881310924861981e-06,0.9956984400779717,0.004310783809651135,0.9950990030524923,0.9962978771034511,0.3078767123287671
2699,1.0,204862.0,4.8813347521746345e-06,0.9956935797405735,0.004315665144403309,0.9950940699501891,0.9962930895309579,0.30810502283105023
2703,1.0,204860.0,4.881382407497804e-06,0.99568871937945,0.004320546526810807,0.9950891368329913,0.9962883019259088,0.30856164383561646
2713,1.0,204844.0,4.881763683583605e-06,0.9956838586624196,0.004325428290494391,0.9950842033585705,0.9962835139662687,0.309703196347032
2714,1.0,204841.0,4.88183517948067e-06,0.9956789978979308,0.004330310125673871,0.9950792698447936,0.996278725951068,0.30981735159817353
2724,1.0,204837.0,4.881930510601112e-06,0.9956741370622522,0.004335192056184472,0.9950743362672014,0.9962739378573029,0.31095890410958904
2727,1.0,204835.0,4.881978177557547e-06,0.9956692762028431,0.004340074034362029,0.9950694026746998,0.9962691497309863,0.3113013698630137
2729,1.0,204834.0,4.882002011384829e-06,0.995664415343434,0.0043449560363734135,0.9950644690917401,0.9962643615951279,0.3115296803652968
2731,1.0,204833.0,4.882025845444826e-06,0.9956595544840249,0.0043498380622188585,0.9950595355183188,0.9962595734497309,0.3117579908675799
2738,1.0,204830.0,4.882097349021139e-06,0.9956546935771534,0.00435472015956788,0.9950546019055219,0.996254785248785,0.3125570776255708
2740,2.0,204829.0,9.764242368024059e-06,0.9956449717634105,0.004364484401935904,0.9950447347085204,0.9962452088183006,0.3127853881278539
2743,1.0,204818.0,4.8823833842728665e-06,0.9956401106429438,0.0043693667853201765,0.995039800904198,0.9962404203816896,0.31312785388127856
2745,2.0,204809.0,9.76519586541607e-06,0.9956303880222519,0.0043791319811855925,0.9950299329327792,0.9962308431117246,0.3133561643835616
2751,1.0,204784.0,4.883193999531213e-06,0.9956255261659154,0.004384015175185124,0.9950249983987068,0.9962260539331239,0.31404109589041096
2761,1.0,204758.0,4.883814063430977e-06,0.9956206637159688,0.004388898989248555,0.9950200632624401,0.9962212641694975,0.31518264840182647
2769,1.0,204757.0,4.883837915187271e-06,0.9956158012660222,0.004393782827163743,0.9950151281356931,0.9962164743963513,0.3160958904109589
2776,1.0,204752.0,4.883957177463468e-06,0.9956109387210836,0.004398666784341206,0.9950101929205741,0.9962116845215931,0.31689497716894977
2783,1.0,204741.0,4.8842195749752126e-06,0.9956060759386477,0.004403551003916182,0.9950052574702306,0.9962068944070648,0.31769406392694066
2791,1.0,204732.0,4.884434284821132e-06,0.9956012129661962,0.004408435438201003,0.9950003218335908,0.9962021040988016,0.31860730593607306
2792,1.0,204729.0,4.884505858964778e-06,0.9955963499462382,0.004413319944059968,0.9949953861575065,0.99619731373497,0.3187214611872146
2797,1.0,204726.0,4.88457743520608e-06,0.9955914868787727,0.004418204521495174,0.9949904504419738,0.9961925233155717,0.3192922374429224
2800,1.0,204725.0,4.884601294419343e-06,0.9955866238113072,0.0044230891227895934,0.9949855147359449,0.9961877328866696,0.319634703196347
2817,1.0,204717.0,4.88479217651685e-06,0.9955817605775562,0.004427973914966111,0.9949805788680639,0.9961829422870485,0.3215753424657534
2820,1.0,204714.0,4.884863761149702e-06,0.9955768972962927,0.00443285877872726,0.9949756429607212,0.9961781516318643,0.3219178082191781
2824,2.0,204712.0,9.769822970807769e-06,0.9955671706862522,0.004442628601698068,0.9949657711255572,0.9961685702469473,0.3223744292237443
2829,1.0,204707.0,4.885030800119195e-06,0.9955623073099599,0.004447513632498187,0.9949608351487668,0.996163779471153,0.32294520547945205
2834,2.0,204701.0,9.770347970942985e-06,0.9955525803197908,0.00445728398046913,0.9949509629788208,0.9961541976607607,0.32351598173515983
2835,1.0,204698.0,4.885245581295372e-06,0.9955477168009468,0.004462169226050425,0.9949460268835864,0.9961494067183072,0.3236301369863014
2840,1.0,204688.0,4.885484249198781e-06,0.9955428530682571,0.004467054710299624,0.9949410905774722,0.996144615559042,0.3242009132420091
2842,1.0,204687.0,4.885508117271737e-06,0.9955379893355673,0.0044719402184168955,0.9949361542808327,0.9961398243903018,0.32442922374429223
2845,1.0,204686.0,4.88553198557791e-06,0.9955331256028774,0.004476825750402473,0.9949312179936646,0.9961350332120903,0.3247716894977169
2846,1.0,204684.0,4.8855797228899184e-06,0.9955282618464255,0.004481711330125363,0.994926281691479,0.996130242001372,0.32488584474885845
2848,1.0,204682.0,4.885627461134834e-06,0.995523398066211,0.004486596957586498,0.9949213453742725,0.9961254507581496,0.32511415525114157
2851,1.0,204681.0,4.88565133060714e-06,0.9955185342859966,0.004491482608917105,0.9949164090665273,0.9961206595054658,0.32545662100456624
2854,1.0,204679.0,4.885699070251467e-06,0.9955136704820192,0.004496368307987357,0.9949114727437545,0.996115868220284,0.32579908675799085
2858,1.0,204678.0,4.885722940423495e-06,0.9955088066780419,0.00450125403092778,0.9949065364304364,0.9961110769256474,0.3262557077625571
2873,1.0,204675.0,4.8857945523390745e-06,0.9955039428265373,0.004506139825480119,0.9949016000775969,0.9961062855754778,0.3279680365296804
2882,1.0,204672.0,4.885866166353971e-06,0.9954990789275047,0.004511025691646474,0.9948966636852321,0.9961014941697772,0.32899543378995433
2883,1.0,204670.0,4.885913910196902e-06,0.9954942150047074,0.004515911605556671,0.9948917272778254,0.9960967027315893,0.3291095890410959
2887,1.0,204669.0,4.885937782468278e-06,0.9954893510819101,0.004520797543339139,0.9948867908798608,0.9960919112839594,0.3295662100456621
2892,1.0,204668.0,4.885961654972932e-06,0.9954844871591128,0.0045256835049941125,0.9948818544913347,0.9960871198268908,0.33013698630136984
2894,1.0,204667.0,4.885985527710867e-06,0.9954796232363154,0.004530569490521824,0.9948769181122439,0.996082328360387,0.33036529680365295
2897,2.0,204665.0,9.772066547773191e-06,0.9954698953431903,0.004540341557069597,0.9948670453333796,0.996072745353001,0.3307077625570776
2901,1.0,204660.0,4.88615264340858e-06,0.9954650313253298,0.004545227709713005,0.9948621088846225,0.9960679537660372,0.33116438356164385
2907,1.0,204654.0,4.88629589453419e-06,0.9954601671886341,0.00455011400560754,0.9948571723228421,0.996063162054426,0.33184931506849313
2920,1.0,204649.0,4.886415276888722e-06,0.9954553029568656,0.004555000420884428,0.9948522356725206,0.9960583702412106,0.3333333333333333
2931,1.0,204634.0,4.88677345895599e-06,0.9954504383923115,0.004559887194343384,0.9948472986887217,0.9960535780959013,0.33458904109589044
2933,1.0,204628.0,4.886916746486307e-06,0.9954455737088939,0.00456477411108987,0.9948423615918652,0.9960487858259225,0.3348173515981735
2938,1.0,204622.0,4.887060042419681e-06,0.9954407089066062,0.00456966117113229,0.9948374243819423,0.99604399343127,0.3353881278538813
2942,1.0,204618.0,4.887155577710661e-06,0.9954358440329935,0.0045745483267100005,0.9948324871079399,0.996039200958047,0.3358447488584475
2948,1.0,204613.0,4.887275002077092e-06,0.9954309790642768,0.0045794356017120775,0.9948275497453545,0.9960344083831991,0.3365296803652968
2951,1.0,204610.0,4.887346659498558e-06,0.9954261140480065,0.004584322948371576,0.9948226123431775,0.9960296157528356,0.33687214611872146
2955,1.0,204603.0,4.887513868320601e-06,0.9954212488890692,0.004589210462239896,0.9948176748034053,0.9960248229747332,0.3373287671232877
2959,2.0,204599.0,9.775218842711841e-06,0.9954115184285207,0.004598985681082609,0.9948077996050555,0.9960152372519859,0.33778538812785386
2968,1.0,204589.0,4.8878483202909244e-06,0.9954066530080024,0.0046038735294029,0.9948028618239562,0.9960104441920485,0.33881278538812787
2971,1.0,204586.0,4.8879199945255295e-06,0.9954017875399204,0.004608761449397425,0.9947979240032425,0.9960056510765982,0.33915525114155254
2974,1.0,204578.0,4.88811113609479e-06,0.9953969219053578,0.00461364956053352,0.9947929860203863,0.9960008577903292,0.33949771689497715
2990,1.0,204563.0,4.888469566832712e-06,0.9953920559377981,0.004618538030100353,0.9947880477038173,0.9959960641717789,0.341324200913242
2991,1.0,204562.0,4.888493464084238e-06,0.9953871899702385,0.004623426523564437,0.994783109396635,0.995991270543842,0.34143835616438356
3003,1.0,204557.0,4.888612953846605e-06,0.9953823239075275,0.004628315136518284,0.9947781710007984,0.9959864768142566,0.3428082191780822
3011,1.0,204554.0,4.888684650507935e-06,0.9953774577972392,0.004633203821168792,0.9947732325653219,0.9959816830291565,0.34372146118721464
3012,1.0,204553.0,4.888708549862383e-06,0.9953725916869509,0.004638092529718654,0.9947682941392233,0.9959768892346785,0.34383561643835614
3016,1.0,204551.0,4.888756349272309e-06,0.9953677255528733,0.004642981286067926,0.9947633556979882,0.9959720954077584,0.34429223744292237
3023,1.0,204549.0,4.888804149616962e-06,0.9953628593950062,0.004647870090217544,0.9947584172416135,0.995967301548399,0.34509132420091326
3025,1.0,204547.0,4.888851950896371e-06,0.9953579932133492,0.00465275894216844,0.9947534787700956,0.9959625076566028,0.3453196347031963
3036,1.0,204544.0,4.88892365456821e-06,0.9953531269841114,0.004657647865823009,0.9947485402589193,0.9959577137093034,0.34657534246575344
3044,1.0,204540.0,4.889019262735895e-06,0.9953482606835004,0.004662536885085744,0.9947436016835685,0.9959529196834322,0.34748858447488584
3050,1.0,204532.0,4.889210490290028e-06,0.9953433942163428,0.004667426095576035,0.9947386629459825,0.9959481254867031,0.3481735159817352
3057,1.0,204508.0,4.889784262718329e-06,0.9953385272018778,0.004672315879838753,0.9947337236538599,0.9959433307498956,0.348972602739726
3067,1.0,204466.0,4.890788688583921e-06,0.9953336592114677,0.0046772066685273365,0.994728783365573,0.9959385350573623,0.35011415525114153
3074,1.0,204462.0,4.890884369711731e-06,0.9953287911496311,0.004682097552897048,0.9947238430130569,0.9959337392862053,0.35091324200913243
3075,1.0,204459.0,4.890956133014443e-06,0.9953239230401757,0.0046869885090300625,0.9947189026208382,0.9959289434595132,0.351027397260274
3082,1.0,204454.0,4.891075743198959e-06,0.9953190548354791,0.004691879584773261,0.9947139621398486,0.9959241475311096,0.35182648401826483
3084,1.0,204453.0,4.891099665937893e-06,0.9953141866307825,0.004696770684439199,0.9947090216682126,0.9959193515933524,0.35205479452054794
3096,1.0,204446.0,4.891267131663129e-06,0.9953093182832158,0.004701661951570862,0.9947040810587288,0.9959145555077028,0.35342465753424657
3112,1.0,204437.0,4.891482461589634e-06,0.9953044497451415,0.004706553434032452,0.9946991402623149,0.9959097592279682,0.3552511415525114
3118,1.0,204431.0,4.891626025407106e-06,0.9952995810879919,0.004711445060057859,0.9946941993525653,0.9959049628234184,0.35593607305936076
3120,1.0,204430.0,4.8916499535293254e-06,0.9952947124308423,0.004716336710011388,0.9946892584521594,0.9959001664095253,0.3561643835616438
3130,1.0,204421.0,4.891865317164088e-06,0.9952898435831582,0.004721228575328552,0.9946843173647897,0.9958953698015267,0.3573059360730594
3135,1.0,204419.0,4.891913178324911e-06,0.9952849747116561,0.004726120488506877,0.9946793762622193,0.995890573161093,0.3578767123287671
3145,1.0,204417.0,4.891961040422274e-06,0.9952801058163356,0.004731012449547299,0.9946744351444445,0.9958857764882267,0.3590182648401826
3160,1.0,204415.0,4.892008903456204e-06,0.9952752368971965,0.004735904458450756,0.9946694940114623,0.9958809797829308,0.3607305936073059
3163,1.0,204414.0,4.8920328353243905e-06,0.9952703679780575,0.00474079649128608,0.994664552887809,0.9958761830683059,0.3610730593607306
3165,1.0,204413.0,4.892056767426729e-06,0.9952654990589184,0.004745688548053507,0.9946596117734812,0.9958713863443556,0.3613013698630137
3172,1.0,204411.0,4.892104632333877e-06,0.9952606301159601,0.00475058065268584,0.9946546706439356,0.9958665895879846,0.36210045662100454
3189,1.0,204404.0,4.892272166885188e-06,0.9952557610300805,0.004755472924852725,0.9946497293764637,0.9958617926836973,0.36404109589041095
3192,1.0,204373.0,4.893014243564463e-06,0.9952508912294659,0.004760365939096289,0.9946447873819497,0.995856995076982,0.3643835616438356
3198,1.0,204237.0,4.896272467770287e-06,0.9952460182099285,0.00476526221156406,0.9946398420804174,0.9958521943394396,0.36506849315068496
3199,1.0,204208.0,4.896967797539763e-06,0.9952411445222268,0.0047701591793616,0.9946348960998347,0.9958473929446189,0.36518264840182646
3200,1.0,204178.0,4.897687312051249e-06,0.9952362701423009,0.004775056866673651,0.9946299494154146,0.9958425908691871,0.365296803652968
3211,1.0,203647.0,4.910457801980879e-06,0.9952313830765934,0.004779967324475632,0.9946249896700409,0.995837776483146,0.36655251141552514
3216,1.0,203404.0,4.916324162749995e-06,0.9952264901964972,0.004784883648638382,0.9946200239431593,0.9958329564498352,0.36712328767123287
3218,1.0,203319.0,4.918379492324868e-06,0.9952215952949376,0.004789802028130707,0.9946150561428687,0.9958281344470065,0.367351598173516
3224,1.0,203061.0,4.9246285598908705e-06,0.9952166941982459,0.004794726656690598,0.9946100819685515,0.9958233064279403,0.3680365296803653
3230,1.0,202764.0,4.931841944329368e-06,0.9952117859468098,0.004799658498634927,0.9946051004311843,0.9958184714624353,0.3687214611872146
3237,1.0,202342.0,4.942127684810865e-06,0.9952068674830903,0.004804600626319737,0.9946001083796646,0.995813626586516,0.3695205479452055
3241,1.0,202228.0,4.944913661807465e-06,0.995201946271055,0.004809545539981545,0.9945951135055734,0.9958087790365365,0.3699771689497717
3247,1.0,202125.0,4.94743351886209e-06,0.995197022575588,0.004814492973500407,0.9945901160818698,0.9958039290693061,0.370662100456621
3252,1.0,202111.0,4.9477762219770325e-06,0.9951920985634235,0.004819440749722384,0.9945851183414923,0.9957990787853547,0.37123287671232874
3257,1.0,202108.0,4.947849664535792e-06,0.9951871745025325,0.00482438859938692,0.9945801205605985,0.9957942284444664,0.3718036529680365
3258,1.0,202107.0,4.947874145873226e-06,0.9951822504416414,0.004829336473532793,0.9945751227894003,0.9957893780938826,0.3719178082191781
3259,1.0,202106.0,4.947898627452921e-06,0.9951773263807504,0.004834284372160246,0.9945701250278942,0.9957845277336066,0.37203196347031964
3260,2.0,202104.0,9.895895182678224e-06,0.9951674782102404,0.004844180267342924,0.9945601294837284,0.9957748269367525,0.3721461187214612
3268,1.0,202098.0,4.948094488812358e-06,0.9951625540275261,0.004849128361831736,0.9945551316257347,0.9957699764293174,0.3730593607305936
3280,1.0,202091.0,4.948265880222276e-06,0.9951576296986147,0.0048540766277119585,0.9945501336267599,0.9957651257704694,0.3744292237442922
3286,1.0,202085.0,4.948412796595492e-06,0.9951527052478651,0.004859025040508554,0.9945451355119043,0.995760274983826,0.37511415525114156
3287,1.0,202080.0,4.948535233570863e-06,0.9951477806996404,0.004863973575742126,0.9945401373062722,0.9957554240930085,0.3752283105022831
3291,1.0,202077.0,4.948608698664371e-06,0.9951428561026763,0.00486892218444079,0.9945351390600846,0.9957505731452679,0.37568493150684934
3297,1.0,202071.0,4.94875563539548e-06,0.9951379313838591,0.004873870940076186,0.9945301406979936,0.9957457220697246,0.3763698630136986
3311,1.0,202065.0,4.948902580852696e-06,0.9951330065431822,0.004878819842657038,0.9945251422199901,0.9957408708663742,0.37796803652968036
3324,1.0,202061.0,4.949000549339061e-06,0.995128081629386,0.004883768843206377,0.9945201436762997,0.9957360195824724,0.37945205479452054
3338,1.0,202056.0,4.9491230154016706e-06,0.9951231566180939,0.004888717966221779,0.994515145041799,0.9957311681943888,0.3810502283105023
3347,1.0,202052.0,4.949220992615762e-06,0.995118231533677,0.004893667187214394,0.9945101463416004,0.9957263167257535,0.38207762557077624
3358,1.0,202049.0,4.949294478072151e-06,0.9951133064005087,0.004898616481692466,0.9945051476008179,0.9957214652001994,0.38333333333333336
3365,1.0,202046.0,4.9493679657107785e-06,0.9951083812185877,0.004903565849658177,0.9945001488194473,0.9957166136177281,0.3841324200913242
3371,1.0,202041.0,4.9494904499581766e-06,0.9951034559391582,0.004908515340108135,0.994495149947243,0.9957117619310734,0.38481735159817354
3372,1.0,202039.0,4.94953944535461e-06,0.9950985306353507,0.004913464879553489,0.994490151059563,0.9957069102111384,0.38493150684931504
3382,1.0,202032.0,4.949710936881286e-06,0.9950936051852703,0.0049184145904903704,0.9944851520307928,0.9957020583397479,0.3860730593607306
3384,1.0,202030.0,4.9497599366430725e-06,0.9950886797108103,0.004923364350427013,0.9944801529865396,0.995697206435081,0.3863013698630137
3389,1.0,202024.0,4.949906941749495e-06,0.9950837541144469,0.004928314257368763,0.994475153826304,0.9956923544025899,0.38687214611872145
3392,1.0,202021.0,4.949980447577232e-06,0.9950788284693204,0.00493326423781634,0.9944701546254531,0.9956875023131877,0.3872146118721461
3397,1.0,202018.0,4.9500539555881155e-06,0.9950739027754294,0.0049382142917719285,0.9944651553839826,0.9956826501668762,0.3877853881278539
3401,1.0,202015.0,4.950127465782244e-06,0.9950689770327728,0.00494316441923771,0.9944601561018882,0.9956777979636573,0.3882420091324201
3406,1.0,202014.0,4.950151969665469e-06,0.9950640512901161,0.004948114571207376,0.9944551568294185,0.9956729457508137,0.38881278538812786
3422,1.0,202004.0,4.950397021841151e-06,0.995059125328,0.0049530649682292165,0.9944501573404253,0.9956680933155747,0.3906392694063927
3428,1.0,201999.0,4.95051955702751e-06,0.9950541992683396,0.004958015487786244,0.9944451577605359,0.9956632407761433,0.391324200913242
3433,1.0,201996.0,4.95059308105111e-06,0.9950492731599054,0.004962966080867296,0.994440158140004,0.9956583881798069,0.3918949771689498
3444,1.0,201991.0,4.95071562594373e-06,0.9950443469539203,0.00496791679649324,0.9944351584285639,0.9956535354792767,0.39315068493150684
3446,2.0,201990.0,9.901480271300559e-06,0.9950344945419499,0.00497781827676454,0.9944251590345126,0.9956438300493873,0.39337899543378996
3449,2.0,201984.0,9.901774397972116e-06,0.9950246419348667,0.004987720051162513,0.994415159477825,0.9956341243919085,0.3937214611872146
3454,1.0,201979.0,4.951009758440234e-06,0.9950197155581547,0.004992671060920953,0.9944101596384821,0.9956292714778273,0.39429223744292236
3485,1.0,201951.0,4.95169620353452e-06,0.9950147885228068,0.004997622757124487,0.9944051591300538,0.9956244179155598,0.3978310502283105
3497,1.0,201943.0,4.95189236566754e-06,0.9950098613166717,0.005002574649490155,0.9944001584552373,0.995619564178106,0.3992009132420091
3504,1.0,201935.0,4.952088543343155e-06,0.995004933939737,0.005007526738033499,0.9943951576140183,0.9956147102654557,0.4
3506,1.0,201931.0,4.9521866380100134e-06,0.9950000064895984,0.0050124789246715085,0.9943901567069602,0.9956098562722366,0.4002283105022831
3509,1.0,201927.0,4.952284736563213e-06,0.9949950789662534,0.005017431209408072,0.9943851557340577,0.995605002198449,0.40057077625570775
3515,1.0,201920.0,4.952456418383518e-06,0.9949901512964883,0.005022383665826456,0.9943801546198676,0.9956001479731089,0.4012557077625571
3522,1.0,201885.0,4.953315006067811e-06,0.994985222796841,0.005027336980832523,0.9943751526601352,0.9955952929335468,0.40205479452054793
3525,1.0,201870.0,4.953683063357606e-06,0.9949802939553946,0.005032290663895881,0.9943701503577936,0.9955904375529955,0.4023972602739726
3527,1.0,201865.0,4.9538057612761005e-06,0.994975365016282,0.0050372444696571575,0.9943651479644016,0.9955855820681625,0.4026255707762557
3539,1.0,201791.0,4.955622401395503e-06,0.9949704342940743,0.005042200092058553,0.9943601437432589,0.9955807248448897,0.40399543378995434
3550,1.0,201575.0,4.9609326553392034e-06,0.9949654983127557,0.005047161024713892,0.9943551341125292,0.9955758625129822,0.4052511415525114
3562,1.0,201044.0,4.9740355345098584e-06,0.9949605493190116,0.005052135060248402,0.9943501110822515,0.9955709875557717,0.40662100456621003
3575,1.0,200860.0,4.978592054167082e-06,0.9949555958163265,0.005057113652302569,0.9943450834150522,0.9955661082176008,0.4081050228310502
3582,1.0,200849.0,4.978864719266713e-06,0.9949506420670132,0.005062092517021836,0.9943400555034514,0.9955612286305751,0.4089041095890411
3585,1.0,200844.0,4.978988667821792e-06,0.9949456882190414,0.005067071505689658,0.9943350274999382,0.9955563489381446,0.4092465753424658
3590,1.0,200839.0,4.9791126225484095e-06,0.9949407342724065,0.005072050618312206,0.9943299994045055,0.9955514691403075,0.4098173515981735
3594,1.0,200833.0,4.97926137636743e-06,0.9949357802024366,0.005077029879688573,0.9943249711917254,0.9955465892131478,0.41027397260273973
3600,1.0,200830.0,4.979335756610068e-06,0.9949308260831307,0.005082009215445184,0.9943199429378545,0.9955417092284068,0.410958904109589
3604,1.0,200823.0,4.979509319151691e-06,0.9949258718158103,0.005086988724764335,0.9943149145411982,0.9955368290904223,0.41141552511415524
3606,1.0,200819.0,4.97960850317948e-06,0.9949209174744789,0.005091968333267515,0.9943098860780176,0.9955319488709401,0.41164383561643836
3613,1.0,200813.0,4.97975728662985e-06,0.9949159630097905,0.0050969480905541445,0.9943048574974573,0.9955270685221236,0.4124429223744292
3619,1.0,200809.0,4.979856480536231e-06,0.9949110084710845,0.005101927947034681,0.994299828850361,0.995522188091808,0.41312785388127854
3622,1.0,200807.0,4.979906078971351e-06,0.9949060539077054,0.005106907853113652,0.9942948001875763,0.9955173076278344,0.4134703196347032
3625,1.0,200805.0,4.9799556783944625e-06,0.9949010993196528,0.005111887808792046,0.9942897715090998,0.9955124271302057,0.4138127853881279
3638,1.0,200789.0,4.980352509350612e-06,0.9948961443614661,0.005116868161301397,0.9942847424589251,0.9955075462640072,0.41529680365296806
3648,2.0,200786.0,9.96085384439154e-06,0.9948862343463818,0.0051268290151457886,0.9942746842860412,0.9954977844067224,0.41643835616438357
3660,1.0,200784.0,4.9804765319945815e-06,0.9948812793388396,0.005131809491677783,0.9942696552141871,0.9954929034634922,0.4178082191780822
3664,1.0,200782.0,4.9805261427817235e-06,0.994876324306619,0.005136790017820565,0.9942646261266221,0.9954880224866158,0.4182648401826484
3674,1.0,200774.0,4.980724595814199e-06,0.9948713691016408,0.005141770742416379,0.9942595968707476,0.9954831413325339,0.41940639269406393
3683,1.0,200768.0,4.980873445967485e-06,0.9948664137732564,0.005146751615862346,0.9942545674974183,0.9954782600490945,0.4204337899543379
3691,1.0,200764.0,4.980972684345799e-06,0.9948614583708248,0.005151732588546692,0.9942495380574962,0.9954733786841535,0.42134703196347034
3692,1.0,200763.0,4.980997494558261e-06,0.9948565029683932,0.0051567135860412505,0.9942445086272835,0.9954684973095029,0.4214611872146119
3693,1.0,200761.0,4.981047115724667e-06,0.9948515475412785,0.005161694633156975,0.9942394791813411,0.9954636159012158,0.4215753424657534
3702,1.0,200749.0,4.981344863486244e-06,0.9948465918426322,0.005166675978020461,0.9942344494652925,0.995458734219972,0.4226027397260274
3706,1.0,200747.0,4.9813944915739714e-06,0.9948416361192997,0.005171657372512036,0.9942294197335062,0.9954538525050931,0.4230593607305936
3710,1.0,200743.0,4.981493750716089e-06,0.9948366803219064,0.0051766388662627515,0.9942243899351001,0.9954489707087127,0.4235159817351598
3719,1.0,200739.0,4.981593013813958e-06,0.9948317244504499,0.005181620459276565,0.9942193600700685,0.9954440888308312,0.42454337899543376
3723,1.0,200737.0,4.981642646846371e-06,0.994826768554305,0.005186602101923412,0.9942143301892884,0.9954392069193215,0.425
3727,1.0,200735.0,4.981692280867811e-06,0.9948218126334712,0.005191583794204279,0.9942093002927559,0.9954343249741866,0.4254566210045662
3732,1.0,200733.0,4.981741915878306e-06,0.9948168566879484,0.005196565536120157,0.9942042703804675,0.9954294429954292,0.426027397260274
3733,1.0,200732.0,4.981766733754459e-06,0.9948119007424255,0.005201547302853912,0.9941992404778613,0.9954245610069897,0.4261415525114155
3742,1.0,200724.0,4.981965285665889e-06,0.9948069446240703,0.005206529268139578,0.9941942104068374,0.9954196788413031,0.4271689497716895
3745,1.0,200717.0,4.982139031571815e-06,0.9948019883575626,0.0052115114071711495,0.9941891801928258,0.9954147965222995,0.4275114155251142
3747,1.0,200711.0,4.982287966279875e-06,0.9947970319675872,0.005216493695137429,0.9941841498612607,0.9954099140739137,0.42773972602739724
3750,1.0,200698.0,4.982610688696449e-06,0.9947920752812626,0.005221476305826126,0.9941791192339948,0.9954050313285303,0.4280821917808219
3763,1.0,200683.0,4.982983112670231e-06,0.9947871182491508,0.005226459288938796,0.9941740882600841,0.9954001482382174,0.4295662100456621
3787,1.0,200666.0,4.983405260482593e-06,0.9947821608217927,0.005231442694199278,0.9941690568885636,0.9953952647550218,0.43230593607305934
3791,1.0,200663.0,4.983479764580416e-06,0.9947772033450241,0.005236426173963859,0.9941640254757974,0.9953903812142507,0.43276255707762556
3793,1.0,200661.0,4.983529435216609e-06,0.9947722458435497,0.005241409703399075,0.9941589940472396,0.9953854976398598,0.4329908675799087
3798,1.0,200653.0,4.98372812766318e-06,0.9947672881691275,0.005246393431526738,0.9941539624501328,0.9953806138881223,0.43356164383561646
3810,1.0,200641.0,4.9840261960416865e-06,0.9947623302229043,0.00525137745772278,0.9941489305826139,0.9953757298631947,0.4349315068493151
3811,1.0,200640.0,4.9840510366826155e-06,0.9947573722766812,0.005256361508759462,0.9941438987247542,0.9953708458286081,0.43504566210045664
3825,1.0,200638.0,4.984100718707324e-06,0.994752414305747,0.005261345609478169,0.9941388668510873,0.9953659617604067,0.4366438356164384
3838,1.0,200636.0,4.984150401722522e-06,0.9947474563101016,0.005266329759879892,0.9941338349616099,0.9953610776585934,0.43812785388127856
3852,1.0,200633.0,4.984224928102556e-06,0.9947424982650327,0.005271313984807994,0.9941288030308546,0.9953561934992108,0.4397260273972603
3860,1.0,200626.0,4.984398831656914e-06,0.9947375400716866,0.005276298383639651,0.9941237709569581,0.995351309186415,0.4406392694063927
3871,1.0,200600.0,4.985044865403788e-06,0.99473258126042,0.005281283428505055,0.9941187382559912,0.9953464242648488,0.44189497716894977
3875,1.0,200557.0,4.9861136734195265e-06,0.9947276214106952,0.0052862695421784745,0.9941137044946253,0.995341538326765,0.442351598173516
3886,1.0,200278.0,4.993059647090544e-06,0.9947226546763489,0.005291262601825565,0.9941086636487414,0.9953366457039564,0.44360730593607306
3894,1.0,199998.0,5.000050000500005e-06,0.9947176810133389,0.005296262651826065,0.9941036156727341,0.9953317463539437,0.44452054794520546
3902,1.0,199755.0,5.0061325123276014e-06,0.9947127013248154,0.0053012687843383925,0.9940985614971078,0.9953268411525229,0.4454337899543379
3913,1.0,199632.0,5.009216959204937e-06,0.9947077185930824,0.005306278001297598,0.9940935041951348,0.99532193299103,0.446689497716895
3922,1.0,199586.0,5.010371468940707e-06,0.9947027347379092,0.005311288372766538,0.9940884457452189,0.9953170237305994,0.44771689497716893
3930,1.0,199493.0,5.012707212784408e-06,0.9946977485843362,0.0053163010799793225,0.9940833849364993,0.9953121122321732,0.4486301369863014
3946,1.0,199430.0,5.014290728576443e-06,0.9946927608806378,0.005321315370707899,0.9940783225401145,0.9953071992211612,0.45045662100456624
3951,1.0,199424.0,5.0144415917843385e-06,0.9946877730518867,0.0053263298122996836,0.994073260024698,0.9953022860790754,0.45102739726027397
3954,1.0,199421.0,5.014517026792564e-06,0.9946827851731124,0.005331344329326476,0.9940681974675701,0.9952973728786546,0.45136986301369864
3955,1.0,199420.0,5.014542172299669e-06,0.994677797294338,0.005336358871498775,0.9940631349202796,0.9952924596683964,0.4514840182648402
3963,1.0,199414.0,5.01469305063837e-06,0.9946728092905004,0.005341373564549413,0.9940580722539385,0.9952875463270623,0.4523972602739726
3968,1.0,199406.0,5.014894235880565e-06,0.9946678211115625,0.005346388458785294,0.994053009416979,0.9952826328061459,0.4529680365296804
3975,1.0,199401.0,5.01501998485464e-06,0.9946628328325613,0.005351403478770149,0.9940479464867286,0.995277719178394,0.4537671232876712
3979,1.0,199400.0,5.0150451354062186e-06,0.9946578445535601,0.005356418523905555,0.9940428835663043,0.9952728055408159,0.45422374429223744
3982,1.0,199399.0,5.015070286210061e-06,0.994652856274559,0.005361433594191765,0.9940378206557027,0.9952678918934154,0.4545662100456621
3983,1.0,199398.0,5.0150954372661716e-06,0.9946478679955578,0.005366448689629031,0.99403275775492,0.9952629782361957,0.45468036529680367
3990,1.0,199392.0,5.015246348900658e-06,0.9946428795914695,0.005371463935977932,0.9940276947350463,0.9952580644478927,0.4554794520547945
3992,1.0,199388.0,5.015346961702811e-06,0.9946378911123253,0.005376479282939635,0.9940226316476383,0.9952531505770122,0.4557077625570776
3996,1.0,199386.0,5.015397269617726e-06,0.994632902608162,0.005381494680209253,0.9940175685442574,0.9952482366720665,0.45616438356164385
4007,1.0,199381.0,5.0155230438206245e-06,0.9946279140039188,0.005386510203253074,0.9940125053475484,0.9952433226602893,0.4574200913242009
4009,1.0,199379.0,5.015573355268108e-06,0.9946229253746549,0.005391525776608342,0.9940074421348588,0.995238408614451,0.45764840182648403
4011,1.0,199377.0,5.015623667724963e-06,0.9946179367203699,0.005396541400276067,0.994002378906185,0.9952334945345548,0.45787671232876714
4014,1.0,199356.0,5.016152009470495e-06,0.994612947565608,0.005401557552285537,0.9939973151715606,0.9952285799596554,0.45821917808219176
4020,1.0,199204.0,5.019979518483565e-06,0.9946079546289824,0.005406577531804021,0.993992247549441,0.9952236617085238,0.4589041095890411
4022,1.0,199123.0,5.022021564560598e-06,0.994602959686386,0.0054115995533685814,0.9939871778699201,0.995218741502852,0.4591324200913242
4032,1.0,198737.0,5.031775663313827e-06,0.9945979550674188,0.005416631329031895,0.9939820982280727,0.9952138119067648,0.4602739726027397
4039,1.0,198598.0,5.035297435019487e-06,0.9945929469708867,0.005421666626466915,0.9939770150121361,0.9952088789296374,0.4610730593607306
4047,1.0,198522.0,5.037225093440526e-06,0.9945879369823365,0.005426703851560356,0.9939719298561832,0.9952039441084898,0.461986301369863
4052,1.0,198495.0,5.037910274818005e-06,0.9945829263375495,0.005431741761835173,0.9939668440338418,0.9951990086412572,0.4625570776255708
4057,1.0,198472.0,5.038494094884921e-06,0.9945779151373484,0.005436780255930058,0.9939617576490236,0.9951940726256732,0.46312785388127853
4059,1.0,198460.0,5.0387987503779095e-06,0.9945729036593924,0.005441819054680436,0.9939566709878916,0.9951891363308932,0.46335616438356164
4064,1.0,198446.0,5.039154228354313e-06,0.9945678918531395,0.00544685820890879,0.9939515839983553,0.9951841997079238,0.4639269406392694
4071,1.0,198420.0,5.0398145348251185e-06,0.9945628794154223,0.005451898023443615,0.9939464963679641,0.9951792624628806,0.46472602739726027
4085,1.0,198336.0,5.041949015811552e-06,0.9945578648800912,0.005456939972459426,0.9939414065856692,0.9951743231745133,0.466324200913242
4089,1.0,198298.0,5.042915208423686e-06,0.9945528494091088,0.0054619828876678505,0.9939363158490238,0.9951693829691939,0.46678082191780823
4092,1.0,198270.0,5.0436273768094015e-06,0.9945478332551299,0.0054670265150446595,0.9939312244184239,0.9951644420918359,0.4671232876712329
4098,1.0,198229.0,5.044670557789224e-06,0.9945428160889571,0.005472071185602449,0.9939261319545893,0.9951595002233249,0.4678082191780822
4100,1.0,198227.0,5.0447214557048235e-06,0.9945377988974742,0.005477115907058154,0.9939210394746375,0.9951545583203109,0.4680365296803653
4103,1.0,198224.0,5.044797804503995e-06,0.9945327816553698,0.005482160704862658,0.9939159469524784,0.9951496163582613,0.46837899543378997
4104,1.0,198222.0,5.044848704987337e-06,0.9945277643879542,0.005487205553567645,0.9939108544141944,0.995144674361714,0.4684931506849315
4107,1.0,198212.0,5.045103222811939e-06,0.9945227468927249,0.005492250656790457,0.9939057616510789,0.9951397321343709,0.46883561643835614
4125,1.0,197686.0,5.058527159232318e-06,0.9945177160723992,0.005497309183949689,0.9939006551643014,0.9951347769804971,0.4708904109589041
4130,2.0,197438.0,1.0129762254479887e-05,0.9945076418443776,0.00550743894620417,0.9938904292469747,0.9951248544417804,0.4714611872146119
4140,2.0,197239.0,1.0139982457830348e-05,0.9944975575543351,0.005517578928662,0.9938801929987411,0.9951149221099291,0.4726027397260274
4148,1.0,197188.0,5.071302513337526e-06,0.994492514156372,0.005522650231175338,0.9938750735983527,0.9951099547143912,0.4735159817351598
4150,1.0,197171.0,5.071739758889492e-06,0.994487470349148,0.005527721970934227,0.9938699537862573,0.9951049869120386,0.4737442922374429
4163,1.0,197067.0,5.074416315263337e-06,0.9944824239057031,0.005532796387249491,0.9938648312669884,0.9951000165444177,0.4752283105022831
4167,2.0,197014.0,1.0151562833098155e-05,0.9944723283548903,0.0055429479500825884,0.9938545835130409,0.9950900731967397,0.4756849315068493
4173,1.0,196939.0,5.077714419185636e-06,0.9944672787084091,0.005548025664501774,0.99384945772266,0.9950850996941583,0.47636986301369866
4177,1.0,196908.0,5.078513823714628e-06,0.994462228292587,0.005553104178325489,0.9938443311494335,0.9950801254357405,0.47682648401826483
4178,1.0,196907.0,5.078539615148268e-06,0.9944571778767648,0.005558182717940637,0.9938392045863816,0.995075151167148,0.4769406392694064
4183,1.0,196905.0,5.078591198801453e-06,0.9944521274352937,0.005563261309139438,0.9938340780070627,0.9950701768635246,0.47751141552511417
4193,1.0,196904.0,5.078616991021005e-06,0.9944470769938225,0.005568339926130459,0.9938289514379112,0.9950652025497339,0.4786529680365297
4198,1.0,196892.0,5.078926518091136e-06,0.9944420262701923,0.00557341885264855,0.993823824588084,0.9950602279523005,0.47922374429223746
4199,1.0,196887.0,5.079055498839435e-06,0.9944369754439505,0.00557849790814739,0.9938186976426512,0.9950552532452498,0.479337899543379
4201,1.0,196877.0,5.079313479990044e-06,0.994431924386816,0.00558357722162738,0.9938135704693832,0.9950502783042489,0.4795662100456621
4212,1.0,196832.0,5.080474719557795e-06,0.9944268722005638,0.005588657696346938,0.9938084421424255,0.9950453022587021,0.4808219178082192
4222,1.0,196827.0,5.080603778953091e-06,0.994421819911639,0.005593738300125891,0.9938033137198,0.995040326103478,0.4819634703196347
4223,1.0,196825.0,5.080655404547187e-06,0.9944167675970453,0.005598818955530438,0.9937981852808759,0.9950353499132147,0.48207762557077627
4235,1.0,196820.0,5.08078447312265e-06,0.9944117151797727,0.005603899740003561,0.9937930567462716,0.9950303736132737,0.4834474885844749
4236,1.0,196818.0,5.080836102389009e-06,0.9944066627368295,0.00560898057610595,0.9937879281953609,0.9950253972782982,0.48356164383561645
4240,1.0,196816.0,5.0808877327046585e-06,0.9944016102682156,0.005614061463838654,0.99378279962814,0.9950204209082912,0.4840182648401826
4242,1.0,196814.0,5.0809393640696295e-06,0.9943965577739303,0.0056191424032027235,0.9937776710446048,0.9950154445032559,0.48424657534246573
4251,1.0,196803.0,5.08122335533503e-06,0.9943915050229165,0.005624223626558058,0.9937725422065928,0.9950104678392402,0.48527397260273974
4255,1.0,196799.0,5.0813266327572805e-06,0.9943864521948786,0.005629304953190815,0.9937674132993306,0.9950054910904267,0.4857305936073059
4276,1.0,196758.0,5.082385468443468e-06,0.9943813983396239,0.005634387338659259,0.9937622833434198,0.9950005133358281,0.48812785388127855
4280,1.0,196743.0,5.082772957614756e-06,0.9943763441247429,0.0056394701116168735,0.9937571530269724,0.9949955352225133,0.4885844748858447
4285,3.0,196713.0,1.5250644339723353e-05,0.9943611792447787,0.005654720755956597,0.9937417598344634,0.994980598655094,0.4891552511415525
4286,1.0,196700.0,5.083884087442806e-06,0.9943561240278024,0.0056598046400440395,0.9937366285256872,0.9949756195299175,0.48926940639269406
4294,1.0,196531.0,5.088255796795417e-06,0.9943510644894902,0.005664892895840835,0.9937314927728952,0.9949706362060852,0.49018264840182646
4295,1.0,196499.0,5.08908442282149e-06,0.994346004152977,0.005669981980263657,0.9937263562075257,0.9949656520984284,0.490296803652968
4307,1.0,195909.0,5.104410721304279e-06,0.9943409286025727,0.005675086390984961,0.9937212039699633,0.9949606532351821,0.49166666666666664
4311,1.0,195790.0,5.107513151846366e-06,0.9943358499932025,0.005680193904136807,0.9937160485893686,0.9949556513970363,0.49212328767123287
4315,2.0,195709.0,1.0219254096643486e-05,0.994325688622494,0.005690413158233451,0.9937057335790326,0.9949456436659555,0.4925799086757991
4325,1.0,195691.0,5.110097040742804e-06,0.9943206075217351,0.005695523255274193,0.9937005756611199,0.9949406393823503,0.4937214611872146
4326,2.0,195690.0,1.0220246307936021e-05,0.9943104453202172,0.005705743501582129,0.9936902598562418,0.9949306307841925,0.49383561643835616
4333,1.0,195688.0,5.1101753812190835e-06,0.9943053642194583,0.005710853676963348,0.9936851019692687,0.9949256264696478,0.49463470319634706
4344,2.0,195685.0,1.0220507448194803e-05,0.9942952019140775,0.005721074184411543,0.9936747861191695,0.9949156177089855,0.4958904109589041
4362,1.0,195676.0,5.11048876714569e-06,0.9942901205796169,0.005726184673178689,0.9936696280221939,0.9949106131370398,0.49794520547945204
4363,1.0,195675.0,5.110514884374601e-06,0.9942850392451562,0.005731295188063063,0.9936644699355145,0.9949056085547979,0.4980593607305936
4364,1.0,195673.0,5.110567119633266e-06,0.9942799578847271,0.005736405755182697,0.9936593118323581,0.9949006039370961,0.49817351598173515
4366,1.0,195670.0,5.110645474523433e-06,0.99427487647236,0.00574151640065722,0.9936541536859512,0.9948955992587688,0.49840182648401826
4371,1.0,195655.0,5.111037285016994e-06,0.9942697946963948,0.005746627437942237,0.9936489951750248,0.9948905942177647,0.49897260273972605
4375,2.0,195527.0,1.0228766359633196e-05,0.9942596245429665,0.00575685620430187,0.993638671379035,0.9948805777068979,0.4994292237442922
4376,1.0,195487.0,5.115429670515175e-06,0.9942545384777829,0.005761971633972385,0.9936335084775494,0.9948755684780164,0.4995433789954338
4387,1.0,195085.0,5.125970730707128e-06,0.9942494419581198,0.005767097604703093,0.993628334809211,0.9948705491070287,0.5007990867579909
4388,2.0,195076.0,1.0252414443601468e-05,0.9942392485007805,0.005777350019146694,0.9936179870727707,0.9948605099287903,0.5009132420091325
4390,1.0,195056.0,5.126732835698466e-06,0.9942341513017786,0.005782476751982393,0.9936128127352664,0.9948554898682909,0.5011415525114156
4393,1.0,195048.0,5.126943111439235e-06,0.9942290539198455,0.005787603695093832,0.9936076382195633,0.9948504696201277,0.5014840182648402
4402,1.0,194972.0,5.128941591613154e-06,0.9942239545770992,0.005792732636685445,0.9936024616928597,0.9948454474613387,0.5025114155251141
4404,1.0,194946.0,5.129625639920799e-06,0.99421885458041,0.005797862262325365,0.9935972845024031,0.9948404246584169,0.5027397260273972
4405,1.0,194931.0,5.130020366180854e-06,0.9942137542174376,0.005802992282691546,0.9935921069447419,0.9948354014901334,0.5028538812785388
4410,1.0,194849.0,5.132179277286514e-06,0.994208651734211,0.0058081244619688326,0.9935869272117118,0.9948303762567102,0.5034246575342466
4417,2.0,194778.0,1.026810009343971e-05,0.9941984431002613,0.005818392562062272,0.9935765639960444,0.9948203222044781,0.5042237442922375
4434,1.0,194408.0,5.1438212419242e-06,0.994193329121191,0.005823536383304196,0.9935713724428726,0.9948152857995093,0.5061643835616438
4435,1.0,194358.0,5.1451445271097665e-06,0.9941882138528247,0.005828681527831306,0.9935661795709749,0.9948102481346746,0.5062785388127854
4453,1.0,193859.0,5.158388313155438e-06,0.9941830854439613,0.005833839916144462,0.9935609731616938,0.9948051977262288,0.5083333333333333
4458,1.0,193853.0,5.158547971916865e-06,0.9941779569028222,0.005838998464116379,0.9935557666266308,0.9948001471790135,0.5089041095890411
4482,1.0,193821.0,5.159399652256463e-06,0.994172827541417,0.005844157863768636,0.9935505592564392,0.9947950958263948,0.5116438356164383
4487,1.0,193818.0,5.159479511706859e-06,0.9941676981270822,0.005849317343280342,0.9935453518422747,0.9947900444118897,0.5122146118721461
4494,1.0,193811.0,5.1596658600389035e-06,0.994162568553951,0.0058544770091403815,0.9935401442749818,0.9947849928329202,0.513013698630137
4501,1.0,193810.0,5.159692482328053e-06,0.9941574389808198,0.005859636701622709,0.9935349367182822,0.9947799412433573,0.5138127853881278
4509,1.0,193806.0,5.159798974231964e-06,0.9941523093282859,0.005864796500596941,0.9935297290903056,0.9947748895662663,0.5147260273972603
4515,1.0,193801.0,5.159932095293626e-06,0.9941471795698774,0.005869956432692234,0.9935245213637559,0.9947698377759989,0.5154109589041096
4525,1.0,193800.0,5.159958720330238e-06,0.9941420498114689,0.005875116391412564,0.9935193136477891,0.9947647859751487,0.5165525114155252
4534,1.0,193797.0,5.160038597088706e-06,0.9941369200001209,0.005880276430009653,0.9935141058878197,0.994759734112422,0.5175799086757991
4538,1.0,193793.0,5.160145103280304e-06,0.9941317901093611,0.005885436575112934,0.9935088980565513,0.994754682162171,0.5180365296803653
4540,1.0,193791.0,5.160198358024883e-06,0.9941266601921301,0.005890596773470959,0.9935036902085629,0.9947496301756974,0.5182648401826484
4545,1.0,193788.0,5.1602782422028195e-06,0.9941215302219556,0.005895757051713161,0.9934984823165578,0.9947445781273534,0.5188356164383562
4548,2.0,193787.0,1.0320609741623534e-05,0.9941112702816065,0.005906077661454785,0.9934880665642378,0.9947344739989752,0.5191780821917809
4553,1.0,193772.0,5.1607043329273575e-06,0.9941061399672666,0.005911238365787713,0.9934828583490831,0.9947294215854501,0.5197488584474886
4555,1.0,193769.0,5.160784232772012e-06,0.9941010095999738,0.005916399150020485,0.9934776500898903,0.9947243691100573,0.5199771689497716
4569,1.0,193696.0,5.1627292251775976e-06,0.9940958773256389,0.005921561879245662,0.9934724398751048,0.9947193147761729,0.5215753424657534
4572,1.0,193631.0,5.164462302007427e-06,0.9940907433549558,0.00592672634154767,0.9934672279219502,0.9947142587879615,0.5219178082191781
4577,1.0,193377.0,5.171245804826841e-06,0.9940856026673697,0.005931897587352497,0.9934620090541032,0.9947091962806361,0.5224885844748859
4580,1.0,193193.0,5.176170979279787e-06,0.9940804571103222,0.005937073758331777,0.9934567851762119,0.9947041290444325,0.5228310502283106
4581,2.0,193135.0,1.03554508504414e-05,0.9940701629590072,0.005947429209182218,0.9934463343208427,0.9946939915971716,0.522945205479452
4601,1.0,191829.0,5.212976140208206e-06,0.994064980894966,0.005952642185322426,0.9934410728301105,0.9946888889598214,0.5252283105022831
4610,1.0,191498.0,5.221986652602116e-06,0.9940597899009039,0.005957864171975028,0.993435802140774,0.9946837776610339,0.526255707762557
4611,1.0,191467.0,5.222832132952415e-06,0.9940545980934912,0.00596308700410798,0.9934305306236317,0.9946786655633506,0.5263698630136986
4625,2.0,191313.0,1.0454072645350813e-05,0.9940442061745093,0.005973541076753331,0.993419979058056,0.9946684332909626,0.5279680365296804
4650,1.0,190802.0,5.241035209274536e-06,0.9940389963538252,0.005978782111962605,0.9934146889955966,0.9946633037120538,0.5308219178082192
4665,2.0,190703.0,1.0487511995091844e-05,0.9940285713579273,0.005989269623957697,0.9934041033813636,0.994653039334491,0.5325342465753424
4689,2.0,190688.0,1.048833696929015e-05,0.9940181456513139,0.005999757960926988,0.993393517078815,0.9946427742238128,0.5352739726027397
4695,1.0,190595.0,5.246727353813059e-06,0.9940129303091189,0.006005004688280801,0.9933882213771844,0.9946376392410533,0.535958904109589
4699,1.0,190415.0,5.251687104482315e-06,0.994007710064231,0.006010256375385283,0.9933829206298495,0.9946324994986127,0.5364155251141552
4704,1.0,190118.0,5.259891225449458e-06,0.9940024816917988,0.006015516266610733,0.9933776115102717,0.994627351873326,0.536986301369863
4710,1.0,189821.0,5.2681210192760545e-06,0.9939972451664318,0.006020784387630009,0.9933722939919537,0.99462219634091,0.5376712328767124
4733,1.0,189491.0,5.277295491606461e-06,0.9939919995492512,0.006026061683121616,0.993366967106032,0.9946170319924704,0.5402968036529681
4736,2.0,189470.0,1.0555760806460125e-05,0.9939815072074605,0.006036617443928076,0.9933563122260758,0.9946067021888452,0.5406392694063927
4741,1.0,189299.0,5.282648085832466e-06,0.9939762563529541,0.006041900092013908,0.9933509799715621,0.994601532734346,0.5412100456621004
4747,1.0,188954.0,5.292293362405665e-06,0.9939709959390102,0.006047192385376314,0.9933456378664669,0.9945963540115534,0.5418949771689497
4750,1.0,188727.0,5.298658909430023e-06,0.9939657292257369,0.0060524910442857445,0.993340289273901,0.9945911691775728,0.5422374429223744
4755,1.0,188443.0,5.306644449515238e-06,0.9939604546030169,0.00605779768873526,0.993334932532445,0.9945859766735887,0.5428082191780822
4757,2.0,188377.0,1.0617007384128636e-05,0.9939499017175308,0.006068414696119389,0.9933242153288749,0.9945755881061867,0.5430365296803653
4780,1.0,188238.0,5.312423633910263e-06,0.9939446214345821,0.006073727119753299,0.9933188527823794,0.9945703900867847,0.545662100456621
4781,1.0,188236.0,5.312480078199707e-06,0.9939393411235818,0.006079039599831499,0.9933134902186453,0.9945651920285183,0.5457762557077626
4785,1.0,188227.0,5.312734092345944e-06,0.9939340605881586,0.0060843523339238455,0.9933081274350566,0.9945599937412606,0.5462328767123288
4814,1.0,187802.0,5.324756924846381e-06,0.9939287681308866,0.006089677090848692,0.9933027523620691,0.9945547838997041,0.5495433789954338
4833,1.0,187027.0,5.346821581910633e-06,0.9939234537710983,0.006095023912430603,0.9932973546994438,0.9945495528427527,0.5517123287671233
4842,1.0,187002.0,5.347536389985134e-06,0.9939181387292603,0.006100371448820589,0.9932919563449507,0.9945443211135698,0.5527397260273973
4850,1.0,187001.0,5.347564986283496e-06,0.9939128236874224,0.006105719013806872,0.9932865580024496,0.9945390893723952,0.5536529680365296
4858,1.0,186997.0,5.34767937453542e-06,0.9939075085603151,0.006111066693181407,0.9932811595839401,0.99453385753669,0.5545662100456621
4861,1.0,186996.0,5.347707972363045e-06,0.9939021934332077,0.0061164144011537705,0.9932757611774138,0.9945286256890017,0.5549086757990868
4865,1.0,186993.0,5.347793767681143e-06,0.993896878249252,0.006121762194921452,0.9932703627242006,0.9945233937743034,0.555365296803653
4900,1.0,186962.0,5.348680480525454e-06,0.9938915622124197,0.006127110875401977,0.9932649634028279,0.9945181610220115,0.5593607305936074
4912,1.0,186954.0,5.34890935738203e-06,0.9938862459765424,0.00613245978475936,0.9932595638880262,0.9945129280650586,0.5607305936073059
4917,1.0,186952.0,5.3489665796568105e-06,0.9938809297122286,0.006137808751339017,0.9932541643558533,0.9945076950686039,0.5613013698630137
4921,2.0,186948.0,1.069816205575882e-05,0.9938702970129785,0.006148506913394775,0.9932433651513383,0.9944972288746187,0.5617579908675799
4929,1.0,186939.0,5.349338554287762e-06,0.9938649804642806,0.006153856251949063,0.9932379653615926,0.9944919955669687,0.5626712328767123
4937,1.0,186932.0,5.349538869749427e-06,0.9938596637449363,0.006159205790818812,0.993232565407708,0.9944867620821646,0.5635844748858447
4939,1.0,186929.0,5.349624723825624e-06,0.993854346968707,0.006164555415542638,0.9932271654070765,0.9944815285303376,0.5638127853881278
4940,1.0,186927.0,5.349681961407394e-06,0.9938490301640347,0.0061699050975040455,0.9932217653890438,0.9944762949390256,0.5639269406392694
4943,1.0,186923.0,5.349796440245449e-06,0.993843713274031,0.006175254893944291,0.9932163652949013,0.9944710612531606,0.5642694063926941
4948,1.0,186917.0,5.3499681676894025e-06,0.9938383962418013,0.00618060486211198,0.9932109650659342,0.9944658274176683,0.5648401826484019
4951,1.0,186914.0,5.350054035545759e-06,0.9938330791526787,0.0061859549161475255,0.9932055647901967,0.9944605935151607,0.5651826484018265
4954,1.0,186906.0,5.350283029972286e-06,0.9938277618644207,0.006191305199177498,0.9932001643209023,0.994455359407939,0.5655251141552512
4960,1.0,186885.0,5.350884233619606e-06,0.9938224440071188,0.0061966560834111175,0.9931947632763349,0.9944501247379027,0.5662100456621004
4961,1.0,186880.0,5.351027397260274e-06,0.9938171260359929,0.006202007110808378,0.9931893621262428,0.9944448899457431,0.566324200913242
4968,1.0,186876.0,5.3511419336886495e-06,0.9938118079794954,0.0062073582527420665,0.9931839608999828,0.994439655059008,0.5671232876712329
4970,1.0,186866.0,5.351428296212259e-06,0.9938064896668651,0.006212709681038279,0.9931785594213421,0.9944344199123881,0.567351598173516
4976,1.0,186810.0,5.3530324929072315e-06,0.9938011697884342,0.006218062713531186,0.993173156338865,0.9944291832380034,0.5680365296803653
4977,1.0,186790.0,5.35360565340757e-06,0.9937958493688732,0.0062234163191845935,0.9931677527099224,0.994423946027824,0.5681506849315069
4982,2.0,186676.0,1.0713750026784375e-05,0.9937852020885654,0.006234130069211378,0.9931569388411012,0.9944134653360295,0.5687214611872146
4996,1.0,186281.0,5.3682340120570534e-06,0.9937798672170428,0.006239498303223435,0.9931515203344102,0.9944082140996754,0.5703196347031964
5000,1.0,186126.0,5.372704511997249e-06,0.9937745279314664,0.006244871007735432,0.9931460972844924,0.9944029585784403,0.5707762557077626
5004,1.0,186026.0,5.375592659090665e-06,0.9937691858044092,0.006250246600394522,0.9931406713142171,0.9943977002946013,0.5712328767123288
5016,1.0,185948.0,5.377847570288468e-06,0.9937638414652079,0.006255624447964811,0.9931352430730633,0.9943924398573525,0.5726027397260274
5030,1.0,185946.0,5.377905413399589e-06,0.9937584970972652,0.00626100235337821,0.9931298148143654,0.994387179380165,0.5742009132420092
5033,1.0,185944.0,5.377963257755023e-06,0.9937531527005807,0.006266380316635965,0.9931243865381184,0.9943819188630431,0.5745433789954338
5041,1.0,185930.0,5.378368203087183e-06,0.9937478079302224,0.006271758684839052,0.9931189578883424,0.9943766579721025,0.5754566210045662
5046,1.0,185922.0,5.378599627800906e-06,0.9937424629586326,0.006277137284466853,0.9931135290429997,0.9943713968742655,0.576027397260274
5051,1.0,185913.0,5.378860004410665e-06,0.9937371177570439,0.006282516144471264,0.9931080999723996,0.9943661355416882,0.5765981735159817
5052,1.0,185911.0,5.378917869303054e-06,0.9937317725267037,0.0062878950623405675,0.9931026708842291,0.9943608741691784,0.5767123287671233
5067,1.0,185888.0,5.379583405061112e-06,0.9937264266637512,0.006293274645745629,0.9930972411552963,0.9943556121722061,0.5784246575342465
5070,3.0,185886.0,1.6138923856557245e-05,0.9937103889886171,0.0063094135696021856,0.9930809519520273,0.9943398260252069,0.5787671232876712
5090,2.0,185868.0,1.0760324531387866e-05,0.9936996963423413,0.006320173894133574,0.993070091653154,0.9943293010315287,0.5810502283105022
5102,1.0,185856.0,5.380509641873278e-06,0.9936943497315441,0.006325554403775447,0.9930646612249763,0.994324038238112,0.5824200913242009
5107,1.0,185855.0,5.38053859191305e-06,0.9936890031207468,0.00633093494236736,0.9930592308088739,0.9943187754326197,0.5829908675799087
5108,1.0,185854.0,5.380567542264358e-06,0.9936836565099495,0.006336315509909624,0.9930538004048421,0.9943135126150568,0.5831050228310503
5110,1.0,185852.0,5.3806254439015995e-06,0.9936783098703841,0.006341696135353526,0.9930483699831882,0.9943082497575799,0.5833333333333334
5115,1.0,185846.0,5.3807991562906925e-06,0.9936729630869727,0.006347076934509817,0.9930429394251511,0.9943029867487944,0.583904109589041
5120,1.0,185835.0,5.381117658137595e-06,0.9936676160158446,0.006352458052167954,0.9930375085822583,0.994297723449431,0.5844748858447488
5124,1.0,185780.0,5.382710733125202e-06,0.9936622673905028,0.006357840762901079,0.9930320761475254,0.9942924586334801,0.584931506849315
5128,1.0,185698.0,5.385087615375502e-06,0.9936569164321328,0.006363225850516454,0.9930266413172347,0.9942871915470309,0.5853881278538813
5133,1.0,185587.0,5.388308448328816e-06,0.9936515623021753,0.006368614158964783,0.9930212032259925,0.9942819213783581,0.5859589041095891
5136,1.0,185526.0,5.3900800965902355e-06,0.9936462064406664,0.006374004239061373,0.9930157633599006,0.9942766495214321,0.5863013698630137
5140,1.0,185481.0,5.39138779713286e-06,0.9936408493086344,0.006379395626858506,0.9930103221947436,0.9942713764225252,0.58675799086758
5151,2.0,185354.0,1.0790163686783129e-05,0.9936301277612245,0.006390185790545289,0.9929994323843292,0.9942608231381198,0.588013698630137
5154,1.0,185280.0,5.397236614853195e-06,0.9936247649043173,0.006395583027160142,0.9929939853474365,0.994255544461198,0.5883561643835616
5155,1.0,185256.0,5.3979358293388605e-06,0.9936194013815979,0.006400980962989481,0.9929885376355695,0.9942502651276263,0.5884703196347032
5162,1.0,185096.0,5.402601893071704e-06,0.993614033251539,0.006406383564882553,0.9929830851809257,0.9942449813221522,0.5892694063926941
5167,1.0,185007.0,5.405200884290865e-06,0.9936086625680878,0.006411788765766844,0.9929776301032442,0.9942396950329313,0.5898401826484019
5182,1.0,184789.0,5.411577528965469e-06,0.9936032855777768,0.006417200343295809,0.9929721685286251,0.9942344026269284,0.5915525114155251
5210,1.0,184644.0,5.415827213448582e-06,0.9935979043940634,0.006422616170509258,0.9929667026382526,0.9942291061498741,0.5947488584474886
5212,1.0,184633.0,5.416149875699361e-06,0.993592522918897,0.006428032320384957,0.99296123645937,0.994223809378424,0.5949771689497717
5218,1.0,184609.0,5.41685399953415e-06,0.9935871407732653,0.006433449174384491,0.9929557696007927,0.9942185119457378,0.595662100456621
5219,1.0,184607.0,5.416912684784434e-06,0.993581758598479,0.006438866087069276,0.9929503027244255,0.9942132144725324,0.5957762557077626
5230,1.0,184602.0,5.417059403473418e-06,0.9935763763070704,0.006444283146472749,0.9929448357399882,0.9942079168741527,0.5970319634703196
5232,1.0,184601.0,5.417088748164961e-06,0.993570994015662,0.006449700235220914,0.9929393687678431,0.9942026192634809,0.5972602739726027
5244,1.0,184546.0,5.418703195951145e-06,0.9935656101493413,0.006455118938416865,0.9929339001825183,0.9941973201161644,0.5986301369863014
5246,1.0,184536.0,5.418996835305848e-06,0.9935602260204442,0.006460537935252171,0.9929284313384846,0.9941920207024039,0.5988584474885845
5249,1.0,184530.0,5.419173034194982e-06,0.9935548417456596,0.0064659571082863665,0.9929229623561748,0.9941867211351443,0.5992009132420091
5273,1.0,184513.0,5.419672326611133e-06,0.9935494570039788,0.006471376780612978,0.9929174929042744,0.9941814211036831,0.6019406392694064
5282,1.0,184509.0,5.419789820550759e-06,0.9935440721747455,0.0064767965704335285,0.9929120233743014,0.9941761209751896,0.6029680365296803
5287,1.0,184502.0,5.419995447203824e-06,0.9935386871703977,0.006482216565880732,0.9929065536758805,0.9941708206649149,0.6035388127853881
5294,1.0,184496.0,5.420171711039806e-06,0.9935333020201117,0.006487636737591771,0.9929010838391212,0.9941655202011022,0.604337899543379
5297,1.0,184492.0,5.4202892266331335e-06,0.9935279167822584,0.006493057026818404,0.9928956139242641,0.9941602196402527,0.6046803652968037
5299,1.0,184490.0,5.420347986340723e-06,0.9935225315152153,0.006498477374804745,0.9928901439915554,0.9941549190388752,0.6049086757990868
5305,1.0,184479.0,5.420671187506437e-06,0.9935171459562546,0.006503898045992252,0.9928846737698362,0.994149618142673,0.605593607305936
5313,1.0,184473.0,5.420847495297415e-06,0.9935117602513224,0.00650931889348755,0.9928792034097317,0.9941443170929131,0.6065068493150685
5325,1.0,184468.0,5.420994427217729e-06,0.9935063744296067,0.006514739887914767,0.9928737329413629,0.9941390159178504,0.6078767123287672
5348,1.0,184460.0,5.421229534858506e-06,0.9935009884035065,0.0065201611174496256,0.9928682622743167,0.9941337145326964,0.6105022831050229
5360,2.0,184456.0,1.0842694192652991e-05,0.9934902161761092,0.006531003811642278,0.9928573207961776,0.9941231115560408,0.6118721461187214
5368,1.0,184449.0,5.421552841164767e-06,0.9934848299164051,0.006536425364483443,0.9928518499247976,0.9941178099080126,0.6127853881278539
5380,1.0,184438.0,5.421876186035416e-06,0.9934794433646645,0.006541847240669478,0.9928463787642663,0.9941125079650628,0.6141552511415526
5381,1.0,184435.0,5.421964377694038e-06,0.9934740567545126,0.0065472692050471725,0.9928409075556941,0.9941072059533311,0.6142694063926941
5391,1.0,184420.0,5.422405379026136e-06,0.9934686697354433,0.0065526916104261985,0.9928354359373398,0.9941019035335469,0.6154109589041096
5395,1.0,184413.0,5.42261120419927e-06,0.9934632825411038,0.0065581142216303975,0.9928299641503364,0.9940966009318712,0.6158675799086758
5398,1.0,184411.0,5.422670014261622e-06,0.9934578953175514,0.006563536891644659,0.9928244923454177,0.994091298289685,0.6162100456621005
5401,1.0,184407.0,5.4227876382133e-06,0.9934525080063575,0.006568959679282872,0.9928190204622791,0.994085995550436,0.6165525114155251
5404,1.0,184404.0,5.422875859525824e-06,0.9934471206367343,0.006574382555142398,0.9928135485310644,0.9940806927424043,0.6168949771689498
5408,1.0,184402.0,5.422934675328901e-06,0.9934417332378958,0.006579805489817727,0.9928080765819192,0.9940753898938723,0.617351598173516
5415,1.0,184398.0,5.4230523107625895e-06,0.9934363457514087,0.00658522854212849,0.9928026045545346,0.9940700869482828,0.6181506849315068
5417,1.0,184397.0,5.423081720418445e-06,0.9934309582649217,0.006590651623848909,0.9927971325393617,0.9940647839904816,0.6183789954337899
5426,1.0,184385.0,5.423434661170919e-06,0.9934255704570292,0.0065960750585100794,0.9927916602047014,0.9940594807093569,0.619406392694064
5444,1.0,184377.0,5.423669980529025e-06,0.9934201824445847,0.006601498728490609,0.9927861876711465,0.994054177218023,0.6214611872146119
5462,1.0,184372.0,5.423817065498015e-06,0.993414794315246,0.006606922545556107,0.9927807150291577,0.9940488736013344,0.6235159817351598
5468,1.0,184368.0,5.423934739217218e-06,0.9934094060982327,0.006612346480295324,0.9927752423088864,0.994043569887579,0.6242009132420091
5484,1.0,184350.0,5.424464334147003e-06,0.9934040173843401,0.006617770944629471,0.99276976908803,0.9940382656806502,0.626027397260274
5490,1.0,184347.0,5.424552610023489e-06,0.9933986286119849,0.0066231954972394945,0.9927642958190339,0.9940329614049359,0.6267123287671232
5491,1.0,184346.0,5.42458203595413e-06,0.9933932398396296,0.006628620079275449,0.9927588225622268,0.9940276571170323,0.6268264840182648
5493,2.0,184345.0,1.084922292440804e-05,0.993382462294919,0.006639469302199857,0.9927478760851606,0.9940170485046774,0.6270547945205479
5503,1.0,184343.0,5.424670315661566e-06,0.9933770735225638,0.006644893972515519,0.9927424028648917,0.9940117441802359,0.6281963470319635
5504,1.0,184341.0,5.424729170396168e-06,0.9933716847209758,0.006650318701685916,0.9927369296266251,0.9940064398153265,0.628310502283105
5508,1.0,184339.0,5.424788026407868e-06,0.9933662958901547,0.006655743489712323,0.9927314563703558,0.9940011354099536,0.6287671232876713
5539,1.0,184333.0,5.424964602105971e-06,0.9933609069131626,0.006661168454314429,0.9927259829754034,0.9939958308509218,0.6323059360730594
5541,1.0,184331.0,5.425023463226479e-06,0.9933555179069351,0.006666593477777656,0.9927205095624382,0.993990526251432,0.6325342465753425
5545,1.0,184328.0,5.4251117573022e-06,0.9933501288422357,0.006672018589534958,0.9927150361012848,0.9939852215831867,0.6329908675799086
5558,1.0,184312.0,5.4255827075827945e-06,0.9933447393389542,0.006677444172242541,0.9927095621996822,0.9939799164782261,0.6344748858447489
5565,1.0,184306.0,5.425759335018936e-06,0.9933393496894618,0.00668286993157756,0.9927040881593442,0.9939746112195794,0.6352739726027398
5567,1.0,184301.0,5.425906533334057e-06,0.9933339599229946,0.006688295838110894,0.9926986140104377,0.9939693058355514,0.6355022831050229
5580,1.0,184276.0,5.426642644728559e-06,0.9933285694545673,0.006693722480755623,0.9926931391492854,0.9939639997598492,0.636986301369863
5582,1.0,184275.0,5.42667209333876e-06,0.9933231789861399,0.0066991491528489615,0.9926876643002743,0.9939586936720054,0.6372146118721461
5597,1.0,184261.0,5.427084407443789e-06,0.9933177881374037,0.006704576237256405,0.9926821890709434,0.993953387203864,0.6389269406392694
5602,1.0,184258.0,5.427172768617916e-06,0.9933123972301533,0.006710003410025023,0.9926767137933645,0.9939480806669421,0.6394977168949771
5619,1.0,184254.0,5.427290587992662e-06,0.9933070062351289,0.006715430700613015,0.9926712384373393,0.9939427740329185,0.6414383561643836
5623,1.0,184249.0,5.42743786940499e-06,0.9933016151230674,0.0067208581384824205,0.9926657629726667,0.993937467273468,0.6418949771689497
5631,1.0,184244.0,5.427585158811142e-06,0.993296223893963,0.006726285723641231,0.9926602873993374,0.9939321603885886,0.6428082191780822
5634,1.0,184243.0,5.427614617651688e-06,0.9932908326648585,0.006731713338258883,0.9926548118381272,0.9939268534915898,0.6431506849315068
5637,1.0,184240.0,5.427702996092054e-06,0.9932854413772301,0.0067371410412549754,0.9926493362286395,0.9939215465258207,0.6434931506849315
5648,1.0,184236.0,5.427820838489763e-06,0.9932800500018129,0.006742568862093465,0.9926438605406712,0.9939162394629545,0.6447488584474886
5659,2.0,184229.0,1.08560541499981e-05,0.993269266899804,0.006753424916243463,0.992632908838669,0.993905624960939,0.6460045662100456
5670,1.0,184221.0,5.428262793058338e-06,0.993263875173199,0.006758853179036521,0.9926274328246145,0.9939003175217835,0.6472602739726028
5683,1.0,184205.0,5.4287342906001464e-06,0.9932584830075403,0.006764281913327122,0.9926219563695948,0.9938950096454857,0.6487442922374429
5701,1.0,184180.0,5.4294711695080895e-06,0.9932530901392429,0.00676971138449663,0.9926164792016164,0.9938897010768694,0.6507990867579909
5712,1.0,184176.0,5.429589088697767e-06,0.9932476971831024,0.006775140973585328,0.9926110019550883,0.9938843924111164,0.6520547945205479
5722,1.0,184163.0,5.4299723614406804e-06,0.9932423038755586,0.0067805709459467685,0.9926055243580404,0.9938790833930767,0.6531963470319635
5725,1.0,184131.0,5.43091603260722e-06,0.9932369096600062,0.006786001861979376,0.9926000458361135,0.9938737734838989,0.6535388127853882
5727,1.0,184098.0,5.431889537094374e-06,0.9932315145068288,0.00679143375151647,0.9925945663587487,0.9938684626549089,0.6537671232876713
5736,1.0,183767.0,5.441673423411167e-06,0.993226109665293,0.006796875424939881,0.9925890768958406,0.9938631424347454,0.6547945205479452
5738,1.0,183678.0,5.444310151460709e-06,0.9932207022343015,0.006802319735091341,0.9925835847729083,0.9938578196956946,0.6550228310502283
5742,1.0,183523.0,5.448908311219847e-06,0.9932152902657622,0.006807768643402561,0.9925780879795483,0.993852492551976,0.6554794520547945
5744,1.0,183449.0,5.451106302023996e-06,0.9932098761436341,0.006813219749704585,0.9925725889759431,0.993847163311325,0.6557077625570776
5749,1.0,183332.0,5.454585124255449e-06,0.9932044585958184,0.00681867433482884,0.9925670864492739,0.9938418307423629,0.6562785388127854
5750,1.0,183312.0,5.455180239155102e-06,0.9931990404864824,0.006824129515067995,0.9925615833553855,0.9938364976175794,0.656392694063927
5763,1.0,183178.0,5.4591708611296115e-06,0.9931936184432213,0.006829588685929124,0.9925560762138921,0.9938311606725505,0.6578767123287671
5778,1.0,183034.0,5.463465804167532e-06,0.99318819216385,0.006835052151733292,0.9925505647128791,0.993825819614821,0.6595890410958904
5779,1.0,183025.0,5.463734462505122e-06,0.9931827656472967,0.0068405158861957974,0.9925450529794219,0.9938204783151715,0.659703196347032
5781,1.0,183016.0,5.464003147265813e-06,0.9931773388935393,0.006845979889343063,0.9925395410134956,0.993815136773583,0.6599315068493151
5791,1.0,182985.0,5.464928819302129e-06,0.9931719112500774,0.006851444818162365,0.9925340281416898,0.9938097943584651,0.6610730593607306
5794,1.0,182971.0,5.465346967552235e-06,0.993166483220984,0.0068569101651299175,0.9925285148842324,0.9938044515577356,0.6614155251141552
5804,1.0,182935.0,5.466422499795009e-06,0.9931610541533741,0.006862376587629712,0.9925230005673176,0.9937991077394306,0.6625570776255708
5817,1.0,182919.0,5.466900650014487e-06,0.9931556246405615,0.006867843488279727,0.9925174858032744,0.9937937634778486,0.6640410958904109
5819,1.0,182918.0,5.4669305371805945e-06,0.993150195127749,0.006873310418816907,0.9925119710515697,0.9937884192039284,0.664269406392694
5834,1.0,182910.0,5.467169646274124e-06,0.9931447654071481,0.006878777588463181,0.9925064560977538,0.9937830747165425,0.6659817351598174
5835,1.0,182909.0,5.467199536381479e-06,0.9931393356865471,0.006884244787999563,0.9925009411562683,0.9937777302168259,0.666095890410959
5843,1.0,182905.0,5.467319100079276e-06,0.993133905876888,0.006889712107099642,0.9924954261351979,0.9937723856185781,0.6670091324200913
5846,1.0,182900.0,5.4674685620557685e-06,0.9931284759484797,0.0068951795756616975,0.9924899110038973,0.9937670408930622,0.667351598173516
5851,1.0,182896.0,5.467588137520777e-06,0.9931230459310055,0.006900647163799218,0.9924843957929963,0.9937616960690148,0.6679223744292238
5853,1.0,182893.0,5.467677822551984e-06,0.9931176158541523,0.00690611484162177,0.9924788805331288,0.9937563511751757,0.6681506849315069
5854,2.0,182892.0,1.093541543643243e-05,0.9931067557004457,0.006917050257058203,0.992467850050316,0.9937456613505754,0.6682648401826484
5857,1.0,182886.0,5.467887099067179e-06,0.9931013255048282,0.00692251814415727,0.992462334704796,0.9937403163048605,0.6686073059360731
5873,1.0,182870.0,5.468365505550391e-06,0.9930958948637963,0.00692798650966282,0.9924568189119038,0.9937349708156888,0.6704337899543379
5889,1.0,182840.0,5.469262743382192e-06,0.9930904633614179,0.006933455772406202,0.9924513022423974,0.9937296244804384,0.6722602739726027
5892,1.0,182837.0,5.469352483359495e-06,0.9930850317996259,0.006938925124889562,0.9924457855238736,0.9937242780753782,0.6726027397260274
5899,1.0,182832.0,5.469502056532773e-06,0.9930796001190022,0.006944394626946094,0.9924402686950093,0.9937189315429951,0.6734018264840183
5900,1.0,182830.0,5.469561888092764e-06,0.9930741684086696,0.006949864188834187,0.992434751847775,0.9937135849695642,0.6735159817351598
5906,1.0,182821.0,5.4698311463125135e-06,0.9930687364606525,0.0069553340199804995,0.9924292347675382,0.9937082381537669,0.6742009132420091
5914,1.0,182814.0,5.47004058770116e-06,0.9930633043343577,0.006960804060568201,0.9924237175156037,0.9937028911531118,0.6751141552511416
5933,1.0,182798.0,5.470519371109093e-06,0.9930578717623147,0.00696627457993931,0.9924181998159443,0.9936975437086852,0.6772831050228311
5945,1.0,182795.0,5.470609152329112e-06,0.9930524391308326,0.006971745189091639,0.9924126820672228,0.9936921961944425,0.6786529680365296
5948,1.0,182794.0,5.470639080057332e-06,0.9930470064993505,0.006977215828171696,0.9924071643307745,0.9936868486679266,0.6789954337899543
5950,2.0,182792.0,1.0941397872992254e-05,0.9930361411769458,0.006988157226044688,0.9923961288333376,0.993676153520554,0.6792237442922374
5958,1.0,182785.0,5.470908444347184e-06,0.9930307083671355,0.006993628134489035,0.9923906109496524,0.9936708057846185,0.6801369863013699
5966,1.0,182783.0,5.470968306680599e-06,0.9930252755276024,0.006999099102795716,0.9923850930475498,0.993665458007655,0.6810502283105023
5975,1.0,182778.0,5.471117968245631e-06,0.9930198425691746,0.007004570220763962,0.9923795750350044,0.9936601101033449,0.6820776255707762
5976,1.0,182777.0,5.471147901541223e-06,0.9930144096107468,0.0070100413686655025,0.9923740570347057,0.9936547621867879,0.6821917808219178
5984,1.0,182772.0,5.471297572932397e-06,0.9930089765334177,0.007015512666238435,0.9923685389239495,0.9936494141428859,0.6831050228310502
5995,1.0,182761.0,5.471626878819879e-06,0.9930035431588108,0.0070209842931172545,0.9923630205186583,0.9936440657989632,0.6843607305936074
6032,1.0,182680.0,5.4740529888329315e-06,0.9929981074047974,0.0070264583461060875,0.9923574996701869,0.9936387151394079,0.6885844748858447
6045,1.0,182148.0,5.49004106550717e-06,0.9929926558044098,0.007031948387171595,0.9923519624805888,0.9936333491282308,0.690068493150685
6048,1.0,182034.0,5.493479240141952e-06,0.9929872008198695,0.007037441866411737,0.992346421810773,0.9936279798289659,0.6904109589041096
6062,1.0,181608.0,5.506365358354257e-06,0.9929817330695456,0.007042948231770091,0.9923408679779094,0.9936225981611818,0.6920091324200913
6068,1.0,181413.0,5.512284125172948e-06,0.9929762594721019,0.007048460515895264,0.9923353081225081,0.9936172108216956,0.6926940639269407
6071,1.0,181350.0,5.514199062586159e-06,0.9929707840033427,0.007053974714957851,0.9923297463481832,0.9936118216585023,0.6930365296803653
6081,1.0,181105.0,5.521658706275365e-06,0.9929653011575682,0.007059496373664126,0.9923241769720011,0.9936064253431353,0.6941780821917808
6085,1.0,181036.0,5.523763229412934e-06,0.9929598162523496,0.007065020136893539,0.9923186054826947,0.9936010270220046,0.694634703196347
6086,2.0,181024.0,1.1048258794414001e-05,0.9929488457753273,0.007076068395687953,0.9923074618540205,0.993590229696634,0.6947488584474886
6114,1.0,180924.0,5.5271826844420865e-06,0.9929433575656604,0.0070815955783723955,0.9923018869918103,0.9935848281395105,0.697945205479452
6125,1.0,180921.0,5.527274335207079e-06,0.9929378692953238,0.007087122852707603,0.9922963120796569,0.9935794265109907,0.6992009132420092
6159,1.0,180910.0,5.52761041401802e-06,0.9929323807216169,0.007092650463121621,0.9922907368670371,0.9935740245761968,0.7030821917808219
6171,1.0,180907.0,5.527702078968752e-06,0.9929268920872317,0.0070981781652005894,0.9922851616044587,0.9935686225700048,0.7044520547945206
6172,1.0,180906.0,5.5277326346279284e-06,0.9929214034528465,0.007103705897835218,0.9922795863545499,0.9935632205511431,0.7045662100456621
6182,1.0,180896.0,5.528038209800106e-06,0.992915914545389,0.007109233936045018,0.9922740108354398,0.9935578182553382,0.7057077625570777
6185,1.0,180893.0,5.528129888939871e-06,0.9929104255772445,0.007114762065933958,0.9922684352663506,0.9935524158881385,0.7060502283105022
6186,1.0,180891.0,5.52819101005578e-06,0.992904936578756,0.007120290256944014,0.9922628596785977,0.9935470134789143,0.7061643835616438
6189,1.0,180887.0,5.528313256342357e-06,0.9928994474892328,0.0071258185702003565,0.9922572840095323,0.9935416109689332,0.7065068493150685
6190,1.0,180884.0,5.5284049446053825e-06,0.9928939583390177,0.0071313469751449615,0.9922517082904697,0.9935362083875657,0.70662100456621
6195,1.0,180873.0,5.528741160925069e-06,0.9928884688853219,0.007136875716305887,0.9922461322708033,0.9935308054998405,0.7071917808219178
6196,1.0,180872.0,5.528771728072892e-06,0.992882979431626,0.00714240448803396,0.9922405562637779,0.993525402599474,0.7073059360730594
6217,1.0,180766.0,5.532013763650244e-06,0.9928774867893181,0.00714793650179761,0.9922349769781545,0.9935199966004816,0.7097031963470319
6227,1.0,180694.0,5.534218070328844e-06,0.9928719919887891,0.007153470719867939,0.9922293954774853,0.9935145885000928,0.7108447488584475
6234,1.0,180682.0,5.534585625574213e-06,0.9928664968537342,0.007159005305493513,0.9922238136441943,0.993509180063274,0.7116438356164384
6235,2.0,180677.0,1.1069477576005801e-05,0.9928555063403113,0.007170074783069518,0.9922126497644813,0.9934983629161412,0.71175799086758
6240,1.0,180613.0,5.53670001605643e-06,0.9928500091972134,0.007175611483085575,0.9922070658965102,0.9934929524979167,0.7123287671232876
6244,1.0,180587.0,5.537497162032704e-06,0.9928445112931051,0.007181148980247608,0.9922014812557036,0.9934875413305067,0.7127853881278539
6247,1.0,180583.0,5.5376198202488604e-06,0.992839013297661,0.007186686600067857,0.9921958965332991,0.9934821300620229,0.7131278538812785
6248,1.0,180582.0,5.537650485651948e-06,0.9928335153022169,0.007192224250553509,0.9921903118235684,0.9934767187808653,0.7132420091324201
6261,1.0,180579.0,5.537742483899014e-06,0.9928280172458798,0.007197761993037408,0.9921847270636539,0.9934713074281056,0.7147260273972603
6267,1.0,180574.0,5.537895821103813e-06,0.992822519067752,0.007203299888858512,0.9921791421906936,0.9934658959448104,0.7154109589041096
6268,1.0,180573.0,5.537926489563777e-06,0.9928170208896242,0.007208837815348076,0.9921735573303935,0.9934604844488549,0.7155251141552511
6279,1.0,180568.0,5.53807983695893e-06,0.9928115225896991,0.007214375895185035,0.9921679723570327,0.9934550728223654,0.7167808219178082
6283,1.0,180565.0,5.538171849472489e-06,0.9928060242288729,0.007219914067034507,0.9921623873334628,0.9934496611242829,0.7172374429223745
6284,1.0,180564.0,5.538202520989787e-06,0.9928005258680466,0.007225452269555497,0.9921568023225396,0.9934442494135536,0.717351598173516
6299,1.0,180555.0,5.538478579934092e-06,0.9927950272635998,0.007230990748135431,0.9921512170728023,0.9934388374543973,0.7190639269406393
6311,1.0,180548.0,5.538693311473957e-06,0.9927895284764227,0.007236529441446904,0.9921456316470971,0.9934334253057482,0.7204337899543379
6315,1.0,180547.0,5.538723988767468e-06,0.9927840296892455,0.007242068165435672,0.9921400462340272,0.9934280131444638,0.7208904109589042
6319,1.0,180544.0,5.5388160226869904e-06,0.9927785308411547,0.007247606981458359,0.9921344607707154,0.9934226009115941,0.7213470319634703
6323,1.0,180541.0,5.5389080596651175e-06,0.9927730319321488,0.007253145889518024,0.992128875257156,0.9934171886071417,0.7218036529680365
6326,1.0,180538.0,5.539000099702002e-06,0.992767532962226,0.007258684889617726,0.9921232896933427,0.9934117762311092,0.7221461187214612
6344,1.0,180534.0,5.5391228245095105e-06,0.9927620339009247,0.007264224012442236,0.992117704047831,0.9934063637540184,0.7242009132420091
6376,1.0,180499.0,5.540196898597776e-06,0.9927565338037834,0.007269764209340834,0.992112117345804,0.9934009502617628,0.7278538812785388
6377,2.0,180497.0,1.1080516573682664e-05,0.9927455335485569,0.007280844725914517,0.992100943916693,0.9933901231804207,0.7279680365296803
6378,1.0,180495.0,5.540319676445331e-06,0.9927400334209436,0.007286385045590962,0.9920953572210502,0.993384709620837,0.7280821917808219
6379,1.0,180494.0,5.54035037175751e-06,0.9927345332933305,0.0072919253959627195,0.9920897705380094,0.9933792960486516,0.7281963470319635
6397,1.0,180492.0,5.540411763402256e-06,0.9927290331352443,0.007297465807726122,0.9920841838361134,0.9933738824343752,0.7302511415525114
6399,1.0,180491.0,5.5404424597348344e-06,0.9927235329771581,0.007303006250185856,0.9920785971468092,0.993368468807507,0.7304794520547945
6438,1.0,180477.0,5.540872244108668e-06,0.9927180324228881,0.007308547122429965,0.9920730100611872,0.9933630547845891,0.7349315068493151
6440,1.0,180476.0,5.540902945544006e-06,0.9927125318686182,0.007314088025375509,0.9920674229881504,0.993357640749086,0.7351598173515982
6447,1.0,180475.0,5.540933647319573e-06,0.9927070313143482,0.007319628959022828,0.9920618359276939,0.9933522267010025,0.7359589041095891
6456,1.0,180469.0,5.541117865118109e-06,0.9927015306076822,0.007325170076887946,0.9920562487225252,0.9933468124928392,0.736986301369863
6468,1.0,180464.0,5.541271389307563e-06,0.9926960297790925,0.0073307113482772536,0.9920506614040915,0.9933413981540936,0.7383561643835617
6473,1.0,180457.0,5.541486337465435e-06,0.9926905287676062,0.007336252834614719,0.9920450739094595,0.9933359836257529,0.7389269406392694
6476,2.0,180451.0,1.1083341184033339e-05,0.9926795264397857,0.007347336175798753,0.9920338986432555,0.993325154236316,0.7392694063926941
6485,1.0,180445.0,5.541854858821247e-06,0.9926740251539289,0.007352878030657574,0.9920283109031308,0.993319739404727,0.740296803652968
6495,1.0,180437.0,5.542100566956888e-06,0.9926685236546513,0.0073584201312245304,0.9920227229552917,0.9933143243540109,0.7414383561643836
6498,1.0,180435.0,5.542161997395184e-06,0.9926630221248834,0.007363962293221926,0.992017134988533,0.9933089092612339,0.7417808219178083
6501,1.0,180433.0,5.542223429195324e-06,0.992657520564625,0.007369504516651121,0.9920115470028497,0.9933034941264003,0.7421232876712329
6504,1.0,180432.0,5.542254145606101e-06,0.9926520190043664,0.007375046770796727,0.9920059590297052,0.9932980789790276,0.7424657534246575
6534,1.0,180412.0,5.542868545329579e-06,0.9926465168647137,0.007380589639342057,0.9920003704711255,0.9932926632583019,0.7458904109589041
6535,1.0,180411.0,5.542899268891586e-06,0.9926410147250612,0.0073861325386109485,0.9919947819250802,0.9932872475250422,0.7460045662100456
6554,1.0,180402.0,5.543175796277203e-06,0.992635512341414,0.0073916757144072255,0.9919891931397485,0.9932818315430795,0.7481735159817352
6556,1.0,180400.0,5.543237250554324e-06,0.9926300099272658,0.00739721895165778,0.9919836043354648,0.9932764155190668,0.7484018264840183
6564,1.0,180397.0,5.5433294345249645e-06,0.9926245074521143,0.007402762281092305,0.9919780154807446,0.993270999423484,0.7493150684931507
6566,1.0,180396.0,5.543360163196523e-06,0.9926190049769626,0.007408305641255501,0.9919724266385413,0.993265583315384,0.7495433789954338
6578,2.0,180385.0,1.1087396402139868e-05,0.9926079994165782,0.007419393037657642,0.9919612483620427,0.9932547504711137,0.7509132420091325
6583,1.0,180375.0,5.544005544005544e-06,0.9926024963923264,0.0074249370432016475,0.9919556589906764,0.9932493337939765,0.7514840182648402
6594,1.0,180372.0,5.54409775353159e-06,0.9925969933070561,0.007430481140955179,0.9919500695688395,0.9932439170452727,0.7527397260273972
6596,1.0,180370.0,5.544159228253035e-06,0.9925914901912757,0.007436025300183432,0.9919444801280132,0.9932385002545382,0.7529680365296804
6602,1.0,180366.0,5.544282181785924e-06,0.9925859869839628,0.007441569582365218,0.9919388906052166,0.9932330833627091,0.7536529680365297
6608,1.0,180347.0,5.544866285549524e-06,0.9925804832273881,0.007447114448650768,0.991933300528062,0.9932276659267143,0.754337899543379
6615,1.0,180334.0,5.545266006410327e-06,0.9925749791045759,0.007452659714657178,0.9919277100854338,0.9932222481237181,0.7551369863013698
6616,1.0,180333.0,5.545296756555927e-06,0.9925694749817636,0.007458205011413734,0.9919221196552926,0.9932168303082346,0.7552511415525114
6620,1.0,180329.0,5.545419760548775e-06,0.9925639707673833,0.007463750431174283,0.9919165291431348,0.9932114123916319,0.7557077625570776
6635,1.0,180313.0,5.545911831093709e-06,0.9925584660951148,0.007469296343005376,0.9919109381709125,0.9932059940193171,0.757420091324201
6650,1.0,180267.0,5.547327020475184e-06,0.9925529600487164,0.007474843670025851,0.9919053457930588,0.993200574304374,0.7591324200913242
6658,1.0,180146.0,5.551053034760694e-06,0.9925474503345953,0.007480394723060612,0.9918997496425436,0.9931951510266471,0.7600456621004567
6675,1.0,179556.0,5.569293145313997e-06,0.9925419225468838,0.007485964016205926,0.9918941348512345,0.9931897102425331,0.761986301369863
6692,1.0,179381.0,5.5747264203009236e-06,0.9925363893972049,0.007491538742626227,0.9918885145382955,0.9931842642561143,0.7639269406392694
6696,2.0,179371.0,1.1150074426746799e-05,0.9925253225425918,0.0075026888170529734,0.9918772733774576,0.9931733717077261,0.7643835616438356
6709,1.0,179361.0,5.575348041101466e-06,0.992519788868479,0.007508264165094075,0.9918716525613651,0.9931679251755929,0.7658675799086758
6714,1.0,179359.0,5.57541021080626e-06,0.9925142551635137,0.0075138395753048814,0.9918660317261346,0.9931624786008927,0.7664383561643836
6726,1.0,179354.0,5.5755656411342935e-06,0.9925087213351342,0.007519415140946016,0.9918604107762254,0.993157031894043,0.7678082191780822
6727,1.0,179352.0,5.575627815692047e-06,0.9925031874759003,0.007524990768761708,0.9918547898071678,0.9931515851446328,0.7679223744292237
6728,1.0,179351.0,5.57565890349092e-06,0.9924976536166663,0.007530566427665198,0.9918491688508027,0.99314613838253,0.7680365296803653
6738,1.0,179347.0,5.575783258153189e-06,0.9924921196648656,0.007536142210923352,0.9918435478115848,0.9931406915181464,0.7691780821917809
6750,1.0,179342.0,5.575938709281708e-06,0.9924865855896369,0.007541718149632634,0.9918379266576575,0.9931352445216163,0.7705479452054794
6751,1.0,179341.0,5.57596980054756e-06,0.9924810515144081,0.007547294119433182,0.9918323055164094,0.9931297975124068,0.770662100456621
6756,1.0,179340.0,5.5760008921601425e-06,0.9924755174391795,0.007552870120325341,0.9918266843878357,0.9931243504905233,0.7712328767123288
6761,1.0,179333.0,5.576218543157143e-06,0.9924699831787955,0.007558446338868498,0.9918210630808307,0.9931189032767603,0.7718036529680365
6768,2.0,179327.0,1.1152810229357542e-05,0.9924589143494148,0.007569599149097856,0.9918098201862935,0.9931080085125361,0.7726027397260274
6787,1.0,179319.0,5.5766538961292445e-06,0.9924533797495434,0.0075751758029939855,0.9918041985668881,0.9931025609321987,0.7747716894977169
6789,1.0,179316.0,5.576747194896161e-06,0.9924478450879418,0.007580752550188882,0.9917985768964248,0.9930971132794588,0.775
6791,1.0,179311.0,5.5769026997785966e-06,0.9924423103028752,0.007586329452888661,0.9917929551111837,0.9930916654945667,0.7752283105022831
6792,1.0,179309.0,5.576964904159858e-06,0.9924367754869413,0.007591906417792821,0.9917873333067299,0.9930862176671528,0.7753424657534247
6795,1.0,179308.0,5.576996006870859e-06,0.9924312406710073,0.007597483413799692,0.9917817115149162,0.9930807698270984,0.7756849315068494
6803,2.0,179303.0,1.1154303051259599e-05,0.9924201707921914,0.0076086377168509516,0.9917704677143213,0.9930698738700614,0.7765981735159817
6806,1.0,179301.0,5.577213735561988e-06,0.9924146358527834,0.0076142149305865135,0.9917648458329658,0.9930644258726011,0.7769406392694064
6807,1.0,179299.0,5.577275946882024e-06,0.9924091008825056,0.007619792206533396,0.9917592239323714,0.9930589778326397,0.7770547945205479
6833,1.0,179290.0,5.577555914998048e-06,0.9924035656652548,0.007625369762448393,0.9917536017895026,0.993053529541007,0.7800228310502283
6861,1.0,179282.0,5.577804799143249e-06,0.9923980302318836,0.007630947567247537,0.9917479794361985,0.9930480810275686,0.7832191780821918
6863,1.0,179281.0,5.577835911223163e-06,0.9923924947985122,0.007636525403158761,0.9917423570955048,0.9930426325015196,0.7834474885844749
6866,1.0,179280.0,5.577867023650156e-06,0.992386959365141,0.007642103270182411,0.9917367347674165,0.9930371839628654,0.7837899543378996
6868,1.0,179277.0,5.57796036301366e-06,0.9923814238700168,0.007647681230545425,0.9917311123881968,0.9930317353518369,0.7840182648401827
6870,1.0,179275.0,5.578022590991493e-06,0.9923758883440156,0.007653259253136416,0.9917254899897066,0.9930262866983246,0.7842465753424658
6879,1.0,179272.0,5.578115935561605e-06,0.9923703527562587,0.007658837369071978,0.9917198675400732,0.9930208379724442,0.7852739726027397
6890,1.0,179266.0,5.578302634074504e-06,0.9923648170141061,0.007664415671706053,0.9917142449436851,0.993015389084527,0.7865296803652968
6897,1.0,179260.0,5.578489345085351e-06,0.9923592811175479,0.007669994161051138,0.9917086222005289,0.9930099400345669,0.7873287671232877
6905,1.0,179257.0,5.578582705277897e-06,0.9923537451592249,0.007675572743756416,0.9917029994062092,0.9930044909122406,0.78824200913242
6909,1.0,179256.0,5.5786138260365065e-06,0.9923482092009019,0.007681151357582453,0.9916973766244643,0.9929990417773396,0.7886986301369863
6912,2.0,179251.0,1.1157538870076038e-05,0.9923371370371852,0.007692308896452529,0.9916861308436988,0.9929881432306715,0.7890410958904109
6914,1.0,179249.0,5.578831681069351e-06,0.9923316009553268,0.007697887728133598,0.9916805079721599,0.9929826939384937,0.789269406392694
6915,1.0,179246.0,5.578925052720842e-06,0.9923260648116976,0.007703466653186319,0.9916748850494291,0.9929772445739661,0.7893835616438356
6925,1.0,179241.0,5.579080679085701e-06,0.992320528544522,0.0077090457338654045,0.9916692620117498,0.9929717950772943,0.7905251141552512
6929,1.0,179239.0,5.579142932062776e-06,0.9923149922464588,0.007714624876797467,0.9916636389547421,0.9929663455381755,0.7909817351598174
6938,1.0,179230.0,5.579423087652737e-06,0.9923094557012808,0.00772020429988512,0.9916580156552566,0.9929608957473051,0.7920091324200913
6943,1.0,179229.0,5.579454217788416e-06,0.9923039191561029,0.0077257837541029085,0.991652392368311,0.9929554459438948,0.7925799086757991
6963,1.0,179224.0,5.579609873677633e-06,0.9922983824873579,0.0077313633639765865,0.9916467689663813,0.9929499960083346,0.7948630136986301
6986,1.0,179214.0,5.579921211512494e-06,0.9922928455405653,0.007736943285188099,0.9916411452900425,0.992944545791088,0.7974885844748858
7008,1.0,179203.0,5.5802637232635615e-06,0.9922873082847965,0.007742523548911363,0.9916355213073758,0.9929390952622172,0.8
7020,1.0,179196.0,5.5804817071809635e-06,0.9922817708436243,0.007748104030618544,0.9916298971459035,0.9929336445413451,0.8013698630136986
7022,1.0,179193.0,5.580575134073318e-06,0.992276233340648,0.007753684605752617,0.9916242729331742,0.9929281937481217,0.8015981735159817
7023,1.0,179190.0,5.580668564093979e-06,0.9922706957758657,0.00775926527431671,0.9916186486691818,0.9929227428825496,0.8017123287671233
7030,1.0,179182.0,5.580917726110882e-06,0.9922651579947506,0.0077648461920428215,0.9916130241944558,0.9929172917950453,0.8025114155251142
7038,1.0,179172.0,5.581229209921193e-06,0.9922596199354667,0.007770427421252743,0.9916073994451818,0.9929118404257516,0.8034246575342465
7043,1.0,179155.0,5.581758812201725e-06,0.9922540813815892,0.007776009180064944,0.991601774198016,0.9929063885651624,0.8039954337899543
7056,1.0,178585.0,5.599574432343142e-06,0.9922485251810047,0.007781608754497287,0.9915961307518164,0.992900919610193,0.8054794520547945
7065,1.0,178229.0,5.610759191826246e-06,0.9922429579134715,0.0077872195136891136,0.9915904758962151,0.9928954399307279,0.8065068493150684
7067,1.0,178200.0,5.611672278338945e-06,0.9922373897711713,0.0077928311859674524,0.9915848201505096,0.9928899593918329,0.8067351598173516
7084,1.0,178025.0,5.617188597107148e-06,0.9922318161866198,0.007798448374564559,0.9915791588004408,0.9928844735727989,0.808675799086758
7094,1.0,178018.0,5.617409475446303e-06,0.9922262424142138,0.0078040657840400054,0.9915734972692858,0.9928789875591417,0.8098173515981735
7103,1.0,177991.0,5.618261597496502e-06,0.99222066782762,0.007809684045637502,0.9915678349105759,0.9928735007446641,0.8108447488584475
7113,1.0,177949.0,5.619587634659369e-06,0.9922150919566242,0.007815303633272161,0.9915621712389828,0.9928680126742655,0.811986301369863
7120,1.0,177943.0,5.619777119639435e-06,0.9922095159289526,0.0078209234103918,0.9915565074184901,0.992862524439415,0.8127853881278538
7122,1.0,177942.0,5.619808701711794e-06,0.992203939901281,0.007826543219093512,0.9915508436108063,0.9928570361917557,0.813013698630137
7126,1.0,177940.0,5.619871866921434e-06,0.9921983638422729,0.007832163090960433,0.9915451797835825,0.9928515479009633,0.8134703196347032
7134,1.0,177938.0,5.619935033551012e-06,0.9921927877519277,0.007837783025993984,0.9915395159368133,0.992846059567042,0.8143835616438356
7150,1.0,177926.0,5.620314063149849e-06,0.9921872113168493,0.007843403340057134,0.9915338517470292,0.9928405708866693,0.8162100456621004
7153,1.0,177922.0,5.6204404177111316e-06,0.9921816347877448,0.007849023780474845,0.9915281874729902,0.9928350821024994,0.8165525114155251
7155,1.0,177919.0,5.62053518736054e-06,0.9921760581959542,0.007854644315662206,0.9915225231470391,0.9928295932448693,0.8167808219178082
7159,1.0,177914.0,5.620693143878503e-06,0.9921704814787864,0.007860265008806084,0.991516858704467,0.9928241042531057,0.8172374429223744
7168,1.0,177909.0,5.620851109274967e-06,0.9921649046362351,0.007865885859915359,0.9915111941452639,0.9928186151272063,0.8182648401826484
7180,1.0,177908.0,5.620882703419745e-06,0.9921593277936837,0.00787150674261878,0.9915055295988358,0.9928131259885316,0.819634703196347
7201,2.0,177889.0,1.12429661193216e-05,0.9921481729799763,0.0078827497087381,0.9914941993794487,0.9928021465805038,0.8220319634703196
7232,1.0,177799.0,5.624328595773879e-06,0.9921425928126357,0.007888374037333874,0.9914885314397861,0.9927966541854853,0.8255707762557077
7241,1.0,177509.0,5.633517173777104e-06,0.9921370035603003,0.007894007554507651,0.9914828541359425,0.9927911529846581,0.8265981735159817
7243,1.0,177438.0,5.635771368027142e-06,0.9921314121029825,0.007899643325875678,0.9914771745690534,0.9927856496369116,0.8268264840182649
7258,1.0,177147.0,5.645029269476762e-06,0.992125811492122,0.007905288355145155,0.9914714855668002,0.9927801374174438,0.8285388127853881
7272,1.0,176886.0,5.653358660380132e-06,0.9921202026490733,0.007910941713805535,0.991465788079897,0.9927746172182496,0.8301369863013699
7274,1.0,176825.0,5.655308921249823e-06,0.9921145919028402,0.007916597022726785,0.9914600886414284,0.992769095164252,0.830365296803653
7289,2.0,176525.0,1.132983996601048e-05,0.9921033514032861,0.007927926862692796,0.9914486701827615,0.9927580326238107,0.8320776255707762
7292,1.0,176486.0,5.6661718209943e-06,0.9920977299752329,0.00793359303451379,0.9914429597567535,0.9927525001937124,0.8324200913242009
7306,1.0,175921.0,5.684369688667072e-06,0.9920920905249685,0.007939277404202458,0.991437230738286,0.9927469503116509,0.8340182648401826
7310,1.0,175843.0,5.6868911472165515e-06,0.9920864486052416,0.007944964295349674,0.9914314991835718,0.9927413980269115,0.8344748858447488
7316,1.0,175830.0,5.6873116078029915e-06,0.9920808063004666,0.007950651606957477,0.9914257672446286,0.9927358453563045,0.8351598173515982
7345,1.0,175828.0,5.687376299565485e-06,0.9920751639636015,0.007956338983257042,0.9914200352858591,0.9927302926413439,0.8384703196347032
7348,1.0,175827.0,5.687408645998624e-06,0.9920695216267365,0.00796202639190304,0.9914143033403887,0.9927247399130842,0.8388127853881279
7367,1.0,175816.0,5.687764481048368e-06,0.9920638789689485,0.007967714156384089,0.9914085710768855,0.9927191868610116,0.8409817351598173
7374,1.0,175811.0,5.687926238972533e-06,0.9920582361827806,0.00797340208262306,0.9914028386941323,0.9927136336714288,0.8417808219178082
7394,1.0,175801.0,5.688249782424446e-06,0.9920525931077344,0.007979090332405485,0.991397106026425,0.9927080801890439,0.8440639269406393
7398,1.0,175800.0,5.6882821387940845e-06,0.9920469500326883,0.007984778614544278,0.9913913733720019,0.9927025266933747,0.8445205479452055
7399,1.0,175798.0,5.688346852637687e-06,0.9920413069255424,0.007990466961396915,0.9913856406977176,0.9926969731533671,0.844634703196347
7402,1.0,175783.0,5.688832253403344e-06,0.9920356633689589,0.007996155793650319,0.991379907572708,0.9926914191652098,0.8449771689497717
7408,1.0,175713.0,5.691098552753638e-06,0.9920300175962308,0.008001846892203072,0.9913741721730182,0.9926858630194434,0.845662100456621
7410,1.0,175668.0,5.692556413234055e-06,0.992024370409392,0.008007539448616307,0.9913684353266763,0.9926803054921076,0.8458904109589042
7420,1.0,175384.0,5.70177439219085e-06,0.9920187141102403,0.008013241223008498,0.9913626890857641,0.9926747391347166,0.8470319634703196
7431,1.0,174650.0,5.72573718866304e-06,0.9920130340717971,0.00801896696019716,0.9913569183467916,0.9926691497968025,0.8482876712328767
7443,1.0,174437.0,5.7327287215441675e-06,0.9920073471301846,0.008024699688918705,0.9913511404931272,0.9926635537672419,0.8496575342465753
7446,1.0,174394.0,5.734142229663864e-06,0.9920016588189632,0.008030433831148369,0.9913453612388199,0.9926579563991065,0.85
7465,1.0,173920.0,5.749770009199632e-06,0.9919959550375762,0.008036183601157569,0.9913395660225228,0.9926523440526296,0.8521689497716894
7480,1.0,173759.0,5.75509757767943e-06,0.9919902460040583,0.008041938698735249,0.9913337653959957,0.9926467266121208,0.8538812785388128
7482,1.0,173742.0,5.755660692290868e-06,0.9919845364447922,0.00804769435942754,0.991327964240359,0.9926411086492255,0.8541095890410959
7492,1.0,173724.0,5.756257051414888e-06,0.9919788263268093,0.008053450616478955,0.9913221625215647,0.992635490132054,0.8552511415525114
7501,1.0,173721.0,5.7563564566172194e-06,0.9919731161430876,0.008059206972935572,0.9913163607487314,0.9926298715374438,0.8562785388127854
7502,1.0,173720.0,5.756389592447617e-06,0.9919674059593658,0.00806496336252802,0.9913105589897451,0.9926242529289866,0.8563926940639269
7519,1.0,173718.0,5.756455865252881e-06,0.9919616957427737,0.008070719818393272,0.9913047572106537,0.9926186342748937,0.8583333333333333
7543,1.0,173716.0,5.7565221395841485e-06,0.9919559854933105,0.008076476340532856,0.9912989554114513,0.9926130155751698,0.8610730593607306
7547,1.0,173715.0,5.756555277322051e-06,0.9919502752438474,0.008082232895810178,0.9912931536260791,0.9926073968616157,0.8615296803652968
7548,1.0,173714.0,5.756588415441473e-06,0.9919445649943842,0.00808798948422562,0.9912873518545312,0.9926017781342372,0.8616438356164383
7555,1.0,173711.0,5.756687832088929e-06,0.9919388546791768,0.008093746172057709,0.9912815500289072,0.9925961593294463,0.8624429223744292
7562,1.0,173705.0,5.756886675685789e-06,0.9919331441996011,0.008099503058733394,0.9912757480473526,0.9925905403518496,0.8632420091324201
7564,1.0,173703.0,5.756952959937364e-06,0.9919274336871505,0.008105260011693332,0.9912699460456573,0.9925849213286437,0.8634703196347032
7570,1.0,173699.0,5.757085533019764e-06,0.9919217230760723,0.008111017097226352,0.9912641439559133,0.9925793021962313,0.8641552511415526
7575,1.0,173697.0,5.757151821850694e-06,0.9919160124321171,0.008116774249048202,0.9912583418460166,0.9925736830182177,0.8647260273972602
7576,1.0,173695.0,5.757218112208181e-06,0.9919103017552845,0.00812253146716041,0.9912525397159614,0.9925680637946076,0.8648401826484018
7641,1.0,172551.0,5.795388030205563e-06,0.9919045532501947,0.008128326855190616,0.9912466985308535,0.9925624079695359,0.8722602739726028
7643,1.0,172510.0,5.796765404904063e-06,0.9918988034121954,0.00813412362059552,0.9912408559831284,0.9925567508412624,0.8724885844748859
7659,1.0,172465.0,5.798277911460296e-06,0.9918930521072732,0.00813992189850698,0.9912350119343654,0.992551092280181,0.8743150684931507
7663,1.0,172463.0,5.798345152293535e-06,0.991887300769003,0.008145720243659274,0.9912291678653238,0.9925454336726822,0.8747716894977169
7694,1.0,172456.0,5.798580507491766e-06,0.9918815492306351,0.008151518824166766,0.9912233236037616,0.9925397748575085,0.878310502283105
7695,1.0,172455.0,5.798614131222638e-06,0.9918757976922673,0.008157317438297989,0.9912174793563568,0.9925341160281778,0.8784246575342466
7699,1.0,172454.0,5.798647755343454e-06,0.9918700461538995,0.008163116086053333,0.9912116351231033,0.9925284571846957,0.8788812785388128
7701,1.0,172453.0,5.798681379854221e-06,0.9918642946155316,0.008168914767433188,0.9912057909039947,0.9925227983270685,0.8791095890410959
7703,1.0,172452.0,5.798715004754946e-06,0.9918585430771638,0.008174713482437942,0.9911999466990256,0.9925171394553021,0.879337899543379
7708,1.0,172447.0,5.798883135108178e-06,0.991852791405386,0.00818051236557305,0.991194102370393,0.992511480440379,0.8799086757990867
7714,1.0,172441.0,5.799084904402085e-06,0.991847039566836,0.008186311450477452,0.9911882578836341,0.9925058212500378,0.880593607305936
7715,1.0,172440.0,5.799118533982835e-06,0.991841287728286,0.008192110569011434,0.9911824134109993,0.9925001620455726,0.8807077625570776
7727,1.0,172431.0,5.799421217762467e-06,0.9918355356228772,0.008197909990229197,0.9911765686768532,0.9924945025689011,0.8820776255707763
7729,1.0,172429.0,5.799488485115613e-06,0.9918297834841092,0.008203709478714313,0.9911707239223665,0.9924888430458519,0.8823059360730594
7734,1.0,172425.0,5.799623024503407e-06,0.9918240312452605,0.008209509101738816,0.9911648790786198,0.9924831834119012,0.8828767123287671
7745,1.0,172419.0,5.799824845289672e-06,0.9918182788396019,0.008215308926584106,0.9911590340766869,0.992477523602517,0.8841324200913242
7750,1.0,172415.0,5.799959400284198e-06,0.9918125263338522,0.00822110888598439,0.991153188985475,0.9924718636822294,0.884703196347032
7760,1.0,172403.0,5.800363102730231e-06,0.9918067734610696,0.00822690924908712,0.9911473435292689,0.9924662033928703,0.8858447488584474
7778,1.0,172395.0,5.800632268917312e-06,0.9918010203546949,0.008232709881356038,0.9911414978458912,0.9924605428634985,0.8878995433789955
7780,1.0,172394.0,5.800665916447208e-06,0.9917952672483201,0.008238510547272485,0.9911356521766026,0.9924548823200376,0.8881278538812786
7789,1.0,172392.0,5.800733212678083e-06,0.9917895141085732,0.008244311280485164,0.9911298064869293,0.9924492217302171,0.8891552511415525
7797,1.0,172390.0,5.800800510470445e-06,0.9917837609354534,0.008250112080995634,0.9911239607768649,0.9924435610940419,0.8900684931506849
7807,1.0,172387.0,5.8009014600868976e-06,0.9917780076955865,0.008255912982455722,0.9911181150119346,0.9924379003792385,0.8912100456621005
7832,1.0,172375.0,5.80130529369108e-06,0.9917722540885803,0.008261714287749413,0.9911122688818806,0.9924322392952799,0.8940639269406393
7837,2.0,172372.0,1.1602812521755273e-05,0.9917607467410517,0.008273317100271169,0.9911005765260629,0.9924209169560406,0.8946347031963471
7867,1.0,172357.0,5.801911149532656e-06,0.9917549926333176,0.008279119011420701,0.9910947299210275,0.9924152553456076,0.8980593607305936
7883,1.0,172344.0,5.802348790790512e-06,0.9917492381249353,0.008284921360211491,0.9910888829162506,0.99240959333362,0.8998858447488585
7894,1.0,172327.0,5.802921190527312e-06,0.9917434830822657,0.008290724281402019,0.9910830353737073,0.992403930790824,0.9011415525114155
7901,1.0,172311.0,5.8034600228656326e-06,0.9917377275386087,0.008296527741424885,0.9910771873277903,0.9923982677494271,0.9019406392694064
7913,1.0,172288.0,5.804234769687964e-06,0.9917319712600081,0.008302331976194573,0.9910713385368681,0.9923926039831481,0.903310502283105
7915,1.0,172282.0,5.804436911575208e-06,0.9917262148143478,0.008308136413106147,0.9910654895874553,0.9923869400412402,0.9035388127853882
7925,1.0,172233.0,5.8060882641537915e-06,0.9917204567644107,0.0083139425013703,0.9910596389951861,0.9923812745336352,0.9046803652968036
7937,1.0,172200.0,5.807200929152149e-06,0.9917146976444527,0.008319749702299453,0.9910537873118478,0.9923756079770577,0.9060502283105023
7944,1.0,172197.0,5.807302101662631e-06,0.9917089384576049,0.008325557004401116,0.9910479355734846,0.9923699413417252,0.9068493150684932
7949,1.0,172194.0,5.80740327769841e-06,0.9917031792038652,0.008331364407678813,0.9910420837800894,0.992364274627641,0.9074200913242009
7951,1.0,172192.0,5.807470730347519e-06,0.9916974199166788,0.00833717187840916,0.9910362319661993,0.9923586078671583,0.907648401826484
7969,1.0,171434.0,5.833148616960463e-06,0.9916916351982454,0.008343005027026121,0.9910303538993187,0.9923529164971722,0.909703196347032
7978,1.0,171218.0,5.840507423284935e-06,0.9916858432158885,0.008348845534449407,0.9910244683434211,0.9923472180883559,0.9107305936073059
7986,1.0,171174.0,5.842008716277004e-06,0.9916800497785486,0.008354687543165684,0.991018581298915,0.9923415182581823,0.9116438356164384
7999,1.0,171076.0,5.845355280693961e-06,0.9916742530563328,0.008360532898446378,0.9910126908755454,0.9923358152371202,0.9131278538812785
8001,1.0,171065.0,5.845731154824189e-06,0.9916684559952563,0.008366378629601203,0.9910068001165238,0.9923301118739889,0.9133561643835616
8003,1.0,171063.0,5.8457995007687225e-06,0.9916626589002913,0.008372224429101972,0.9910009093368802,0.9923244084637023,0.9135844748858447
8007,1.0,171061.0,5.8458678483114215e-06,0.9916568617714372,0.008378070296950283,0.990995018536609,0.9923187050062654,0.9140410958904109
8008,1.0,171060.0,5.8459020226821e-06,0.9916510646425831,0.008383916198972965,0.9909891277507107,0.9923130015344556,0.9141552511415525
8009,1.0,171059.0,5.845936197452341e-06,0.9916452675137291,0.008389762135170417,0.9909832369791796,0.9923072980482786,0.914269406392694
8012,1.0,171058.0,5.845970372622152e-06,0.991639470384875,0.008395608105543038,0.9909773462220093,0.9923015945477407,0.9146118721461187
8015,1.0,171055.0,5.84607290052907e-06,0.99163367318824,0.008401454178443568,0.9909714554091787,0.9922958909673013,0.9149543378995434
8022,1.0,171052.0,5.846175432032364e-06,0.9916278759238223,0.0084073003538756,0.9909655645406809,0.9922901873069637,0.9157534246575343
8056,2.0,171048.0,1.169262429259623e-05,0.991616281191631,0.008418992978168196,0.9909537826366549,0.9922787797466072,0.919634703196347
8073,1.0,171046.0,5.846380505828842e-06,0.9916104838255354,0.008424839358674024,0.9909478917061443,0.9922730759449265,0.9215753424657535
8091,1.0,171037.0,5.846688143501114e-06,0.9916046861882767,0.008430686046817525,0.9909420005098653,0.9922673718666881,0.9236301369863014
8093,2.0,171035.0,1.169351302365013e-05,0.9915930908459645,0.008442379559841175,0.9909302180902441,0.9922559636016849,0.9238584474885845
8098,1.0,171029.0,5.846961626390846e-06,0.9915872930392132,0.008448226521467567,0.9909243267618439,0.9922502593165825,0.9244292237442923
8099,2.0,171028.0,1.1693991627101995e-05,0.9915756974257108,0.008459920513094668,0.9909125441479586,0.9922388507034631,0.9245433789954338
8102,1.0,171025.0,5.8470983774302e-06,0.9915698995850593,0.0084657676114721,0.990906652827445,0.9922331463426736,0.9248858447488585
8108,1.0,171022.0,5.847200944907673e-06,0.9915641016766055,0.008471614812417008,0.9909007614511869,0.992227441902024,0.9255707762557077
8121,1.0,171019.0,5.847303515983604e-06,0.9915583037003475,0.00847746211593299,0.9908948700191774,0.9922217373815175,0.927054794520548
8122,1.0,171016.0,5.847406090658184e-06,0.9915525056562832,0.008483309522023648,0.9908889785314091,0.9922160327811572,0.9271689497716895
8123,1.0,171015.0,5.8474402830161095e-06,0.9915467076122189,0.008489156962306664,0.9908830870579138,0.9922103281665239,0.9272831050228311
8129,1.0,171012.0,5.847542862489182e-06,0.9915409095003459,0.008495004505169153,0.9908771955286465,0.9922046234720453,0.9279680365296804
8130,1.0,171011.0,5.847577056446661e-06,0.991535111388473,0.0085008520822256,0.9908713040136409,0.992198918763305,0.928082191780822
8159,1.0,170991.0,5.848261019585826e-06,0.9915293126323315,0.008506700343245185,0.9908654118474371,0.9921932134172258,0.931392694063927
8167,1.0,170981.0,5.848603061158843e-06,0.9915235135709584,0.008512548946306344,0.9908595193802215,0.9921875077616952,0.9323059360730593
8180,1.0,170978.0,5.848705681432699e-06,0.9915177144417513,0.008518397651987777,0.9908536268571947,0.9921818020263079,0.9337899543378996
8221,1.0,170972.0,5.8489109327843155e-06,0.9915119151429512,0.008524246562920562,0.9908477341732473,0.9921760961126551,0.9384703196347032
8225,1.0,170970.0,5.848979353102883e-06,0.9915061158102312,0.008530095542273665,0.9908418414685084,0.992170390151954,0.9389269406392694
8236,1.0,170967.0,5.849081986582206e-06,0.9915003164096696,0.008535944624260248,0.9908359487079359,0.9921646841114033,0.9401826484018265
8249,1.0,170961.0,5.849287264346839e-06,0.9914945168394963,0.008541793911524594,0.9908300557864105,0.9921589778925821,0.9416666666666667
8254,1.0,170955.0,5.849492556520722e-06,0.9914887170997002,0.008547643404081115,0.9908241627039169,0.9921532714954835,0.9422374429223744
8256,1.0,170954.0,5.849526773284042e-06,0.9914829173599041,0.008553492930854398,0.990818269635647,0.9921475650841612,0.9424657534246575
8275,1.0,170440.0,5.867167331612298e-06,0.9914771001637215,0.00855936009818601,0.9908123585509434,0.9921418417764996,0.944634703196347
8277,1.0,170306.0,5.87178373046164e-06,0.9914712784246156,0.008565231881916472,0.9908064427879841,0.992136114061247,0.9448630136986301
8301,1.0,169829.0,5.888275853947206e-06,0.991465440368227,0.008571120157770418,0.9908005101835116,0.9921303705529425,0.9476027397260274
8303,1.0,169826.0,5.888379871162248e-06,0.991459602243085,0.008577008537641581,0.9907945775225913,0.9921246269635788,0.9478310502283105
8315,1.0,169815.0,5.888761299060742e-06,0.9914537637741498,0.008582897298940642,0.9907886445210884,0.9921188830272113,0.9492009132420092
8321,1.0,169813.0,5.888830654896857e-06,0.9914479252708328,0.008588786129595538,0.9907827114986374,0.9921131390430282,0.9498858447488584
8324,1.0,169811.0,5.88890001236669e-06,0.9914420867331334,0.008594675029607906,0.9907767784552324,0.9921073950110344,0.9502283105022831
8349,1.0,169795.0,5.889454930946141e-06,0.9914362476796469,0.008600564484538852,0.9907708448935578,0.992101650465736,0.9530821917808219
8358,1.0,169793.0,5.889524303122037e-06,0.9914304085917711,0.008606454008841974,0.9907649113109153,0.992095905872627,0.9541095890410959
8359,1.0,169792.0,5.889558989822842e-06,0.9914245695038953,0.008612343567831797,0.9907589777428242,0.9920901612649665,0.9542237442922374
8365,1.0,169789.0,5.889663052376774e-06,0.9914187303472392,0.008618233230884174,0.9907530441182264,0.9920844165762519,0.9549086757990868
8369,1.0,169786.0,5.88976711860813e-06,0.9914128911218004,0.008624122998002783,0.9907471104371145,0.9920786718064863,0.955365296803653
8375,1.0,169783.0,5.889871188517107e-06,0.991407051827577,0.0086300128691913,0.9907411766994811,0.992072926955673,0.9560502283105022
8379,1.0,169781.0,5.889940570499643e-06,0.9914012124989606,0.0086359028097618,0.9907352429408481,0.9920671820570731,0.9565068493150685
8381,1.0,169779.0,5.890009954116823e-06,0.9913953731359505,0.008641792819715917,0.990729309161209,0.992061437110692,0.9567351598173516
8399,1.0,169753.0,5.8909120899188824e-06,0.9913895329129611,0.008647683731805836,0.9907233745077242,0.9920556913181979,0.9587899543378996
8406,1.0,169722.0,5.891988074616137e-06,0.9913836916576558,0.008653575719880452,0.990717438802371,0.9920499445129407,0.9595890410958904
8410,1.0,169706.0,5.89254357535974e-06,0.9913778498860528,0.008659468263455813,0.990711502578203,0.9920441971939027,0.9600456621004566
8435,1.0,169690.0,5.893099180859214e-06,0.9913720075980578,0.008665361362636672,0.9907055658351229,0.9920384493609926,0.9628995433789954
8439,1.0,169688.0,5.893168638913771e-06,0.9913661652756331,0.008671254531275586,0.9906996290709986,0.9920327014802677,0.9633561643835616
8446,1.0,169683.0,5.893342291213616e-06,0.9913603228154853,0.0086771478735668,0.9906936921791223,0.9920269534518482,0.9641552511415525
8454,1.0,169678.0,5.893515953747687e-06,0.9913544802176069,0.008683041389520548,0.9906877551594825,0.9920212052757312,0.9650684931506849
8456,1.0,169676.0,5.893585421627101e-06,0.9913486375852947,0.008688934974942176,0.9906818181187789,0.9920154570518105,0.965296803652968
8459,1.0,169673.0,5.893689626516889e-06,0.991342794884113,0.008694828664568693,0.9906758810214346,0.9920097087467915,0.9656392694063927
8460,1.0,169672.0,5.893724362299024e-06,0.9913369521829314,0.008700722388930993,0.990669943938585,0.9920039604272778,0.9657534246575342
8466,1.0,169670.0,5.893793835091648e-06,0.9913311094473141,0.008706616182766084,0.9906640068346529,0.9919982120599752,0.9664383561643836
8489,1.0,169661.0,5.894106482927721e-06,0.9913252664361952,0.008712510289249012,0.990658069460619,0.9919924634117715,0.9690639269406393
8493,1.0,169658.0,5.8942107062443266e-06,0.9913194233561964,0.008718404499955255,0.9906521320299138,0.991986714682479,0.9695205479452055
8513,1.0,169636.0,5.89497512320498e-06,0.9913135795528566,0.00872429947507846,0.9906461938664982,0.991980965239215,0.9718036529680365
8520,1.0,169631.0,5.895148881985015e-06,0.9913077356117165,0.008730194623960446,0.9906402555752154,0.9919752156482176,0.9726027397260274
8521,2.0,169629.0,1.1790436776730393e-05,0.9912960476605335,0.008741985060737176,0.9906283789648808,0.9919637163561862,0.972716894977169
8526,1.0,169623.0,5.895426917340219e-06,0.991290203547131,0.008747880487654517,0.9906224405390526,0.9919579665552095,0.9732876712328767
8533,1.0,169617.0,5.8956354610681715e-06,0.9912843592614549,0.008753776123115585,0.9906165019497288,0.9919522165731809,0.9740867579908675
8537,1.0,169615.0,5.8957049789228545e-06,0.9912785149413225,0.008759671828094508,0.990610563339263,0.9919464665433819,0.9745433789954338
8541,1.0,169614.0,5.895739738464986e-06,0.9912726706211901,0.008765567567832974,0.9906046247432404,0.9919407164991397,0.975
8548,2.0,169613.0,1.1791548996833968e-05,0.9912609819809252,0.008777359116829808,0.9905927475945006,0.9919292163673498,0.9757990867579909
8569,1.0,169593.0,5.896469783540595e-06,0.9912551370404973,0.008783255586613348,0.9905868084010548,0.9919234656799397,0.9781963470319635
8571,1.0,169589.0,5.896608860244473e-06,0.9912492919966736,0.008789152195473594,0.9905808691152347,0.9919177148781124,0.9784246575342466
8579,1.0,169575.0,5.897095680377414e-06,0.9912434465047556,0.008795049291153972,0.9905749293809911,0.9919119636285201,0.979337899543379
8593,1.0,169548.0,5.8980347748130325e-06,0.9912376001164378,0.008800947325928784,0.9905689887352617,0.9919062114976139,0.9809360730593607
8595,1.0,169543.0,5.898208714013554e-06,0.9912317535901871,0.008806845534642798,0.9905630479614808,0.9919004592188935,0.9811643835616438
8599,1.0,169532.0,5.898591416369771e-06,0.9912259067190737,0.008812744126059167,0.9905571068459043,0.9918947065922432,0.98162100456621
8606,1.0,169336.0,5.905418812302168e-06,0.991220053114957,0.008818649544871469,0.9905511587900591,0.9918889474398549,0.9824200913242009
8609,1.0,169195.0,5.910340140075061e-06,0.9912141946672894,0.008824559885011544,0.9905452057455292,0.9918831835890497,0.9827625570776256
8613,1.0,168998.0,5.9172297897016535e-06,0.9912083294251288,0.008830477114801246,0.9905392456969317,0.9918774131533259,0.9832191780821918
8617,1.0,168816.0,5.923609136574733e-06,0.9912024578944124,0.00883640072393782,0.9905332791667462,0.9918716366220787,0.983675799086758
8634,1.0,168566.0,5.932394433041064e-06,0.9911965776904692,0.00884233311837086,0.9905273036913006,0.9918658516896378,0.9856164383561644
8638,1.0,168488.0,5.935140781539338e-06,0.9911906947992385,0.0088482682591524,0.990521325454387,0.99186006414409,0.9860730593607306
8639,1.0,168468.0,5.935845383099461e-06,0.991184811244529,0.0088542041045355,0.9905153465467781,0.9918542759422798,0.9861872146118722
8647,1.0,168377.0,5.939053433663743e-06,0.9911789245449723,0.008860143157969163,0.9905093644049928,0.9918484846849517,0.9871004566210045
8665,1.0,168359.0,5.939688403946329e-06,0.9911730372510079,0.00886608284637311,0.9905033816638873,0.9918426928381285,0.9891552511415526
8671,1.0,168352.0,5.939935373503137e-06,0.9911671497472228,0.008872022781746612,0.9904973987207767,0.9918369007736688,0.9898401826484018
8680,1.0,168348.0,5.940076508185426e-06,0.9911612621385208,0.008877962858254797,0.9904914156840331,0.9918311085930086,0.9908675799086758
8681,1.0,168346.0,5.940147078041652e-06,0.9911553744948457,0.008883903005332839,0.9904854326259092,0.9918253163637822,0.9909817351598174
8682,1.0,168345.0,5.940182363598563e-06,0.9911494868511705,0.008889843187696438,0.9904794495825294,0.9918195241198117,0.9910958904109589
8714,1.0,168331.0,5.940676405415521e-06,0.9911435987527997,0.008895783864101853,0.990473466084152,0.9918137314214474,0.9947488584474886
8720,1.0,168328.0,5.940782282210921e-06,0.9911377105844691,0.008901724646384064,0.9904674825282371,0.991807938640701,0.9954337899543378
8721,1.0,168326.0,5.94085286883785e-06,0.9911318223811577,0.008907665499252902,0.9904614989509152,0.9918021458114002,0.9955479452054794
8759,1.0,168242.0,5.9438190225984e-06,0.9911259312729779,0.008913609318275499,0.9904555123873793,0.9917963501585765,0.9998858447488584
8760,1.0,168228.0,5.944313669543714e-06,0.9911200397095564,0.008919553631945043,0.9904495253682912,0.9917905540508216,1.0
8763,1.0,168157.0,5.946823504225218e-06,0.9911141456936088,0.008925500455449268,0.9904435358302924,0.9917847555569251,1.0003424657534246
8770,2.0,167895.0,1.1912207034158254e-05,0.9911023393367109,0.008937412662483426,0.9904315378669548,0.991773140806467,1.0011415525114156
8771,2.0,167841.0,1.1916039585083501e-05,0.9910905293220025,0.00894932870206851,0.9904195361840137,0.9917615224599913,1.001255707762557
8774,1.0,167685.0,5.963562632316546e-06,0.9910846188915566,0.008955292264700827,0.9904135297620008,0.9917557080211125,1.0015981735159818
8785,1.0,167178.0,5.9816483030063765e-06,0.9910786905719279,0.008961273913003834,0.9904075048717305,0.9917498762721253,1.0028538812785388
8812,1.0,166983.0,5.98863357347754e-06,0.9910727553648075,0.008967262546577311,0.9904014728799021,0.991744037849713,1.0059360730593607
8837,1.0,166027.0,6.023116721978955e-06,0.9910667860179221,0.00897328566329929,0.9903954056238217,0.9917381664120225,1.0087899543378995
8849,1.0,165840.0,6.02990834539315e-06,0.9910608099760382,0.008979315571644683,0.9903893314639884,0.9917322884880879,1.0101598173515982
8856,1.0,165820.0,6.030635628995296e-06,0.991054833249407,0.008985346207273677,0.9903832566120054,0.9917264098868086,1.010958904109589
8872,1.0,165792.0,6.031654120826095e-06,0.9910488555494381,0.008991377861394503,0.9903771807696126,0.9917205303292637,1.012785388127854
8873,1.0,165791.0,6.031690501896967e-06,0.9910428778494691,0.0089974095518964,0.9903711049427657,0.9917146507561725,1.0128995433789953
8886,1.0,165790.0,6.031726883406719e-06,0.9910369001495002,0.009003441278779806,0.9903650291314584,0.991708771167542,1.0143835616438357
8891,1.0,165787.0,6.031836030569345e-06,0.9910309223774183,0.009009473114810375,0.9903589532611552,0.9917028914936814,1.0149543378995434
8917,1.0,165535.0,6.041018515721751e-06,0.9910249355412666,0.009015514133326097,0.9903528680385068,0.9916970030440264,1.0179223744292238
8926,1.0,165030.0,6.059504332545598e-06,0.991018930421376,0.009021573637658643,0.9903467639335796,0.9916910969091725,1.0189497716894977
8929,1.0,164867.0,6.0654952173570215e-06,0.9910129194007933,0.009027639132875999,0.9903406537451764,0.9916851850564101,1.0192922374429223
8936,1.0,164620.0,6.074596039363382e-06,0.9910068993976381,0.009033713728915363,0.9903345342874188,0.9916792645078574,1.0200913242009133
8974,1.0,164540.0,6.077549532028686e-06,0.9910008765041204,0.009039791278447392,0.990328411857777,0.9916733411504638,1.0244292237442922
8986,1.0,164533.0,6.077808099287073e-06,0.9909948533909668,0.00904586908654668,0.9903222892170577,0.991667417564876,1.025799086757991
8991,1.0,164531.0,6.0778819796877186e-06,0.9909888302412054,0.009051946968526367,0.9903161665544566,0.9916614939279542,1.0263698630136986
8996,1.0,164527.0,6.078029745877576e-06,0.9909828069816174,0.009058024998272244,0.99031004379428,0.9916555701689549,1.0269406392694065
8997,1.0,164526.0,6.0780666885477065e-06,0.9909767837220295,0.009064103064960792,0.9903039210500514,0.9916496463940075,1.027054794520548
9000,1.0,164522.0,6.078214463719138e-06,0.9909707603526094,0.009070181279424511,0.9902977982082296,0.9916437224969893,1.0273972602739727
9008,1.0,164517.0,6.078399192788587e-06,0.9909647368367397,0.0090762596786173,0.9902916752309577,0.9916377984425216,1.028310502283105
9015,1.0,164512.0,6.078583933086948e-06,0.9909587131744121,0.009082338262550387,0.9902855521182223,0.9916318742306018,1.029109589041096
9018,1.0,164511.0,6.07862088249418e-06,0.9909526895120845,0.009088416883432881,0.9902794290214108,0.9916259500027582,1.0294520547945205
9019,1.0,164510.0,6.078657832350617e-06,0.9909466658497569,0.009094495541265232,0.9902733059405162,0.9916200257589975,1.0295662100456622
9025,1.0,164507.0,6.0787686846152445e-06,0.9909406421141964,0.009100574309949847,0.990267182799832,0.9916141014285609,1.0302511415525115
9033,1.0,164504.0,6.078879540923017e-06,0.9909346183054007,0.00910665318949077,0.9902610595993497,0.9916081770114518,1.0311643835616437
9047,2.0,164501.0,1.2157980802548313e-05,0.9909225705413348,0.009118811170293319,0.9902488130946642,0.9915963279880055,1.0327625570776255
9070,1.0,164490.0,6.079396923825156e-06,0.9909165463297077,0.009124890567217143,0.9902426895254619,0.9915904031339535,1.0353881278538812
9071,1.0,164489.0,6.079433883116804e-06,0.9909105221180806,0.00913097000110026,0.9902365659721399,0.9915844782640213,1.035502283105023
9095,1.0,164474.0,6.079988326422413e-06,0.9909044973936736,0.00913704998942668,0.9902304419046543,0.9915785528826929,1.03824200913242
9098,1.0,164468.0,6.080210132062164e-06,0.9908984724861086,0.009143130199558742,0.9902243176637188,0.9915726273084985,1.0385844748858448
9102,1.0,164464.0,6.080358011479716e-06,0.9908924474686428,0.009149210557570222,0.9902181933250513,0.9915667016122343,1.039041095890411
9105,1.0,164462.0,6.080431953886004e-06,0.9908864224145423,0.009155290989524108,0.9902120689643776,0.9915607758647069,1.0393835616438356
9122,1.0,164456.0,6.080653791895705e-06,0.9908803971772605,0.009161371643316004,0.9902059444302151,0.9915548499243059,1.041324200913242
9139,1.0,164452.0,6.080801692895191e-06,0.990874371830064,0.009167452445008899,0.9901998197982902,0.9915489238618378,1.0432648401826483
9143,1.0,164448.0,6.080949601089706e-06,0.9908683463729479,0.009173533394609988,0.9901936950685926,0.9915429976773031,1.0437214611872145
9146,1.0,164446.0,6.0810235578852635e-06,0.9908623208791908,0.009179614418167873,0.9901875703168593,0.9915370714415223,1.0440639269406393
9148,1.0,164442.0,6.081171476873305e-06,0.9908562952755076,0.009185695589644747,0.9901814454673353,0.9915311450836798,1.0442922374429224
9162,1.0,164411.0,6.0823180930716315e-06,0.9908502685723352,0.009191777907737819,0.9901753194971847,0.9915252176474856,1.045890410958904
9166,1.0,164393.0,6.082984068664724e-06,0.990844241245937,0.009197860891806483,0.9901691928986869,0.991519289593187,1.0463470319634702
9191,1.0,164367.0,6.083946290922144e-06,0.9908382130027906,0.009203944838097406,0.9901630653684519,0.9915133606371294,1.049200913242009
9193,1.0,164366.0,6.0839833055498095e-06,0.9908321847596442,0.009210028821402956,0.9901569378540487,0.9915074316652397,1.0494292237442922
9197,1.0,164364.0,6.084057336156336e-06,0.9908261564798216,0.009216112878739113,0.9901508103175616,0.9915015026420817,1.0498858447488584
9207,1.0,164358.0,6.084279438786065e-06,0.9908201280166103,0.0092221971581779,0.9901446826073412,0.9914955734258795,1.051027397260274
9212,1.0,164356.0,6.0843534765995764e-06,0.9908140995167197,0.0092282815116545,0.9901385548750223,0.9914896441584171,1.0515981735159818
9222,1.0,164353.0,6.084464536698448e-06,0.9908080709434688,0.009234365976191199,0.9901324270826852,0.9914837148042523,1.0527397260273972
9231,1.0,164349.0,6.084612623137348e-06,0.9908020422601732,0.009240450588814337,0.9901262991924074,0.9914777853279391,1.0537671232876713
9256,1.0,164334.0,6.085168011488797e-06,0.9907960130632799,0.009246535756825826,0.9901201707870761,0.9914718553394837,1.05662100456621
9261,2.0,164332.0,1.2170484141859163e-05,0.9907839545961151,0.009258706240967685,0.9901079139479437,0.9914599952442865,1.0571917808219178
9263,2.0,164327.0,1.2170854454837002e-05,0.9907718959088075,0.009270877095422523,0.9900956569443968,0.9914481348732183,1.057420091324201
9265,1.0,164323.0,6.0855753607224795e-06,0.9907658664917697,0.009276962670783245,0.99008952839043,0.9914422045931094,1.057648401826484
9272,1.0,164319.0,6.0857235012384445e-06,0.9907598369646518,0.009283048394284484,0.9900833997384494,0.9914362741908541,1.0584474885844748
9279,1.0,164315.0,6.085871648966923e-06,0.990753807327449,0.009289134265933452,0.9900772709884449,0.9914303436664531,1.0592465753424658
9293,1.0,164301.0,6.086390222822746e-06,0.9907477772131629,0.009295220656156275,0.9900711417610993,0.9914244126652264,1.0608447488584476
9294,1.0,164298.0,6.086501357289803e-06,0.9907417470254721,0.009301307157513565,0.9900650124736337,0.9914184815773106,1.060958904109589
9299,1.0,164293.0,6.0866865904207725e-06,0.9907357166909659,0.009307393844103985,0.9900588830501689,0.991412550331763,1.0615296803652967
9306,1.0,164290.0,6.086797735711242e-06,0.9907296862830489,0.009313480641839697,0.9900527535665667,0.9914066189995311,1.0623287671232877
9313,2.0,164286.0,1.2173891871492397e-05,0.9907176252469743,0.009325654533711189,0.990040494418919,0.9913947560750296,1.0631278538812785
9326,1.0,164279.0,6.08720530317326e-06,0.9907115945453919,0.009331741739014363,0.9900343646789754,0.9913888244118084,1.0646118721461186
9342,1.0,164273.0,6.087427635703981e-06,0.9907055636602522,0.009337829166650068,0.9900282347650333,0.9913828925554711,1.0664383561643835
9343,1.0,164271.0,6.087501750156753e-06,0.9906995327383995,0.009343916668400225,0.9900221048288546,0.9913769606479444,1.0665525114155252
9357,1.0,164268.0,6.087612925219763e-06,0.990693501743119,0.009350004281325444,0.9900159748324877,0.9913710286537503,1.0681506849315068
9358,1.0,164267.0,6.0876499844764925e-06,0.9906874707478385,0.00935609193130992,0.9900098448518151,0.9913650966438619,1.0682648401826484
9359,1.0,164266.0,6.087687044184432e-06,0.9906814397525581,0.009362179618354104,0.9900037148868299,0.9913591646182862,1.06837899543379
9364,1.0,164263.0,6.087798226015597e-06,0.9906754086838466,0.009368267416580119,0.9899975848616346,0.9913532325060587,1.0689497716894978
9394,1.0,164247.0,6.088391264376214e-06,0.9906693770643425,0.009374355807844495,0.9899914542828729,0.9913472998458122,1.0723744292237443
9395,1.0,164245.0,6.088465402295352e-06,0.9906633454081152,0.009380444273246791,0.9899853236818315,0.9913413671343989,1.072488584474886
9409,1.0,164231.0,6.0889844182888735e-06,0.9906573132744412,0.009386533257665081,0.9899791926030221,0.9913354339458602,1.0740867579908675
9427,1.0,164220.0,6.089392278650591e-06,0.990651280773447,0.009392622649943732,0.9899730611602582,0.9913295003866358,1.0761415525114155
9428,1.0,164217.0,6.089503522777788e-06,0.9906452481989829,0.00939871215346651,0.9899669296572264,0.9913235667407394,1.076255707762557
9430,1.0,164209.0,6.0898001936556466e-06,0.9906392153673585,0.009404801953660166,0.9899607979040815,0.9913176328306356,1.07648401826484
9448,1.0,163647.0,6.110713914706655e-06,0.9906331618545208,0.009410912667574873,0.9899546447919344,0.9913116789171071,1.078538812785388
9457,1.0,163276.0,6.12459883877606e-06,0.990627094623808,0.00941703726641365,0.9899484775165479,0.9913057117310682,1.079566210045662
9487,1.0,162997.0,6.135082240777437e-06,0.9906210170451126,0.009423172348654427,0.9899422995606033,0.991299734529622,1.0829908675799087
9493,1.0,162992.0,6.135270442721115e-06,0.9906149393172669,0.009429307619097148,0.9899361214665804,0.9912937571679533,1.083675799086758
9518,1.0,162963.0,6.136362241735854e-06,0.9906088605451571,0.009435443981338883,0.9899299423091878,0.9912877787811263,1.0865296803652968
9524,1.0,162960.0,6.136475208640157e-06,0.9906027816984428,0.009441580456547524,0.9899237630907743,0.9912818003061113,1.0872146118721462
9526,2.0,162956.0,1.2273251675298854e-05,0.9905906237811928,0.009453853708222822,0.9899114044708521,0.9912698430915334,1.0874429223744293
9544,1.0,162948.0,6.136927117853548e-06,0.990584544598731,0.009459990635340676,0.9899052249536344,0.9912638642438276,1.089497716894977
9557,1.0,162936.0,6.137379093631855e-06,0.9905784650058566,0.009466128014434307,0.9898990450282519,0.9912578849834612,1.0909817351598174
9564,1.0,162932.0,6.13752976701937e-06,0.9905723853010411,0.009472265544201327,0.9898928650032288,0.9912519055988533,1.0917808219178082
9567,1.0,162930.0,6.137605106487449e-06,0.9905663055589107,0.009478403149307814,0.9898866849556993,0.991245926162122,1.0921232876712328
9570,1.0,162927.0,6.13771811915766e-06,0.9905602257421487,0.009484540867426972,0.9898805048470836,0.9912399466372139,1.0924657534246576
9576,1.0,162915.0,6.138170211459964e-06,0.9905541455148784,0.009490679037638432,0.9898743243301893,0.9912339666995675,1.093150684931507
9583,1.0,162912.0,6.138283244942055e-06,0.9905480652129638,0.009496817320883375,0.9898681437521871,0.9912279866737405,1.0939497716894977
9589,1.0,162907.0,6.138471643330243e-06,0.9905419847617541,0.009502955792526704,0.9898619630359073,0.991222006487601,1.094634703196347
9597,1.0,162905.0,6.138547005923698e-06,0.9905359042732194,0.009509094339532629,0.9898557822970837,0.991216026249355,1.0955479452054795
9599,1.0,162904.0,6.138584687914354e-06,0.9905298237846846,0.009515232924220542,0.9898496015742909,0.9912100459950782,1.0957762557077626
9619,1.0,162898.0,6.138810789573844e-06,0.990523743109515,0.009521371735010116,0.9898434206746072,0.9912040655444228,1.0980593607305935
9621,1.0,162896.0,6.1388861604950395e-06,0.9905176623970168,0.009527510621170611,0.9898372397523576,0.991198085041676,1.0982876712328766
9625,1.0,162895.0,6.138923846649682e-06,0.9905115816845186,0.00953364954501726,0.9898310588461201,0.9911921045229171,1.0987442922374429
9647,1.0,162882.0,6.139413808769539e-06,0.9905055005240362,0.00953978895882603,0.9898248774928354,0.9911861235552369,1.101255707762557
9652,1.0,162877.0,6.1396022765645244e-06,0.9904994192142103,0.009545928561102594,0.9898186960011871,0.9911801424272334,1.1018264840182648
9656,1.0,162873.0,6.139753059131962e-06,0.990493337792371,0.009552068314161725,0.9898125144097559,0.9911741611749861,1.102283105022831
9664,1.0,162868.0,6.139941547756465e-06,0.9904872562211735,0.009558208255709482,0.9898063326799358,0.9911681797624112,1.1031963470319635
9666,1.0,162866.0,6.1400169464467725e-06,0.9904811746126351,0.009564348272655928,0.9898001509275052,0.991162198297765,1.1034246575342466
9668,1.0,162865.0,6.1400546464863535e-06,0.9904750930040966,0.009570488327302415,0.9897939691910536,0.9911562168171397,1.1036529680365297
9677,1.0,162864.0,6.140092346988899e-06,0.9904690113955582,0.009576628419649404,0.989787787470574,0.9911502353205424,1.1046803652968036
9687,1.0,162863.0,6.140130047954416e-06,0.9904629297870198,0.009582768549697359,0.9897816057660594,0.9911442538079801,1.1058219178082191
9688,1.0,162861.0,6.140205451274399e-06,0.990456848141139,0.009588908755148633,0.9897754240389058,0.9911382722433721,1.1059360730593608
9690,1.0,162860.0,6.140243153628884e-06,0.9904507664952582,0.009595048998302262,0.9897692423277036,0.9911322906628128,1.106164383561644
9700,1.0,162856.0,6.140393967676966e-06,0.9904446847373464,0.009601189392269938,0.9897630605166517,0.991126308958041,1.1073059360730593
9705,1.0,162855.0,6.140431672346566e-06,0.9904386029794345,0.009607329823942285,0.9897568787215383,0.9911203272373308,1.1078767123287672
9712,1.0,162854.0,6.140469377479215e-06,0.9904325212215226,0.009613470293319765,0.9897506969423561,0.9911143455006891,1.108675799086758
9733,1.0,162849.0,6.1406579100884865e-06,0.9904264393142268,0.009619610951229854,0.9897445150246992,0.9911083636037544,1.1110730593607305
9742,2.0,162843.0,1.228176832900401e-05,0.9904142751261522,0.009631892719558858,0.9897321508511168,0.9910963994011877,1.1121004566210047
9747,1.0,162830.0,6.141374439599583e-06,0.9904081926212384,0.009638034093998459,0.9897259683635237,0.991090416878953,1.1126712328767123
9750,1.0,162828.0,6.141449873486133e-06,0.9904021100789692,0.009644175543871945,0.9897197858532261,0.9910844343047123,1.1130136986301369
9751,1.0,162826.0,6.141525309225799e-06,0.9903960274993439,0.009650317069181171,0.9897136033202165,0.9910784516784712,1.1131278538812786
9788,1.0,162801.0,6.1424684123561895e-06,0.9903899440230293,0.009656459537593528,0.9897074198763255,0.991072468169733,1.117351598173516
9808,1.0,162787.0,6.142996676638798e-06,0.9903838600608945,0.009662602534270167,0.9897012359462095,0.9910664841755795,1.119634703196347
9811,1.0,162786.0,6.143034413278783e-06,0.9903777760987598,0.009668745568683447,0.989695052031985,0.9910605001655345,1.1199771689497717
9817,1.0,162781.0,6.1432231034334475e-06,0.9903716919871245,0.00967488879178688,0.9896888679791305,0.9910545159951185,1.120662100456621
9819,1.0,162779.0,6.143298582741017e-06,0.9903656078381128,0.00968103209036962,0.9896826839035251,0.9910485317727005,1.1208904109589042
9830,2.0,162774.0,1.2286974578249598e-05,0.9903534392410661,0.00969331906494787,0.9896703154908771,0.9910365629912551,1.1221461187214612
9833,1.0,162768.0,6.143713752088862e-06,0.990347354793022,0.00969946277869996,0.989664131153814,0.9910305784322301,1.1224885844748858
9846,1.0,162763.0,6.143902483979774e-06,0.9903412701954489,0.00970560668118394,0.989657946678065,0.9910245937128329,1.123972602739726
9866,1.0,162755.0,6.1442044791250655e-06,0.9903351853361808,0.009711750885663064,0.9896517619477002,0.9910186087246614,1.126255707762557
9869,1.0,162752.0,6.14431773495871e-06,0.9903291004021381,0.009717895203398023,0.9896455771559004,0.9910126236483757,1.1265981735159818
9872,1.0,162750.0,6.144393241167435e-06,0.990323015430707,0.00972403959663919,0.9896393923412986,0.9910066385201154,1.1269406392694064
9875,1.0,162749.0,6.144430994967711e-06,0.9903169304592759,0.009730184027634158,0.9896332075425293,0.9910006533760226,1.1272831050228311
9878,1.0,162744.0,6.144619770928575e-06,0.9903108453382856,0.009736328647405087,0.9896270226050168,0.9909946680715545,1.1276255707762557
9884,1.0,162740.0,6.144770800049158e-06,0.9903047601051201,0.009742473418205135,0.9896208375673926,0.9909886826428477,1.128310502283105
9890,1.0,162737.0,6.144884076761892e-06,0.9902986747971686,0.009748618302281896,0.9896146524682926,0.9909826971260446,1.1289954337899544
9892,1.0,162734.0,6.144997357651136e-06,0.9902925894144287,0.009754763299639547,0.9896084673077085,0.9909767115211489,1.1292237442922375
9904,1.0,162727.0,6.145261695969323e-06,0.9902865038073111,0.009760908561335517,0.9896022819310374,0.9909707256835848,1.1305936073059362
9911,1.0,162724.0,6.145374990781937e-06,0.9902804181253969,0.009767053936326299,0.9895960964928637,0.9909647397579301,1.131392694063927
9914,1.0,162721.0,6.145488289772064e-06,0.9902743323686837,0.009773199424616071,0.9895899109931791,0.9909587537441883,1.1317351598173515
9915,1.0,162717.0,6.145639361590983e-06,0.9902682464997679,0.009779345063977662,0.9895837253933224,0.9909527676062133,1.1318493150684932
9919,1.0,162700.0,6.146281499692686e-06,0.9902621600323647,0.009785491345477354,0.9895775391907328,0.9909467808739966,1.1323059360730594
9921,1.0,162693.0,6.1465459485042385e-06,0.9902560733404969,0.009791637891425857,0.9895713527719474,0.9909407939090464,1.1325342465753425
9955,1.0,161092.0,6.207632905420505e-06,0.9902499261943113,0.009797845524331278,0.9895651038820213,0.9909347485066012,1.1364155251141552
9966,1.0,160736.0,6.221381644435596e-06,0.9902437654715971,0.009804066905975713,0.989558840972752,0.9909286899704421,1.1376712328767122
9977,1.0,160637.0,6.225215859359923e-06,0.9902376009904037,0.009810292121835073,0.9895525741942535,0.9909226277865539,1.1389269406392695
9981,1.0,160618.0,6.225952259398075e-06,0.9902314358183745,0.009816518074094472,0.9895463067180911,0.9909165649186579,1.1393835616438357
9982,1.0,160613.0,6.226146077839278e-06,0.9902252704928042,0.00982274422017231,0.989540039099761,0.9909105018858474,1.1394977168949771
9997,1.0,160532.0,6.229287618667929e-06,0.990219102094787,0.009828973507790979,0.9895337683214707,0.9909044358681034,1.1412100456621004
10004,1.0,160481.0,6.231267252821206e-06,0.990212931774923,0.0098352047750438,0.9895274955728065,0.9908983679770395,1.1420091324200914
10009,1.0,160453.0,6.232354645908771e-06,0.9902067604167571,0.009841437129689708,0.9895212217672621,0.9908922990662522,1.142579908675799
10019,1.0,160218.0,6.241495961752113e-06,0.9902005800452607,0.00984767862565146,0.9895149386593523,0.9908862214311691,1.1437214611872146
10029,1.0,160055.0,6.24785230077161e-06,0.9901943934182884,0.00985392647795223,0.9895086491003071,0.9908801377362697,1.1448630136986302
10040,1.0,159994.0,6.250234383789392e-06,0.990188204471244,0.00986017671233602,0.9895023571591457,0.9908740517833423,1.1461187214611872
10046,1.0,159981.0,6.250742275645233e-06,0.9901820150599735,0.009866427454611665,0.9894960647547671,0.9908679653651798,1.1468036529680365
10069,1.0,159849.0,6.25590400940888e-06,0.9901758205763355,0.009872683358621074,0.9894897671224417,0.9908618740302292,1.1494292237442922
10096,1.0,159259.0,6.279079989199983e-06,0.9901696031831547,0.009878962438610275,0.989483445817276,0.9908557605490335,1.1525114155251142
10100,1.0,159243.0,6.279710882110987e-06,0.9901633852043226,0.009885242149492386,0.9894771239235465,0.9908496464850987,1.1529680365296804
10123,1.0,159235.0,6.28002637611078e-06,0.9901571669521468,0.009891522175868497,0.9894708017642142,0.9908435321400795,1.155593607305936
10124,2.0,159234.0,1.2560131630179484e-05,0.9901447304477954,0.009904082307498676,0.9894581574967212,0.9908313033988696,1.1557077625570775
10148,2.0,159218.0,1.2561393812257409e-05,0.9901322928499051,0.009916643701310932,0.9894455121665872,0.9908190735332231,1.1584474885844749
10152,1.0,159209.0,6.281051950580683e-06,0.9901260737775358,0.009922924753261514,0.9894391892443317,0.9908129583107399,1.158904109589041
10159,1.0,159159.0,6.2830251509496796e-06,0.9901198527905116,0.009929207778412464,0.9894328643591844,0.9908068412218388,1.159703196347032
10176,1.0,159027.0,6.288240361699585e-06,0.9901136266788904,0.009935496018774163,0.9894265341917223,0.9908007191660584,1.1616438356164382
10177,1.0,159025.0,6.288319446627889e-06,0.9901074005281174,0.00994178433822079,0.9894202040008647,0.9907945970553701,1.16175799086758
10180,1.0,159014.0,6.288754449293773e-06,0.990101173985797,0.009948073092670083,0.9894138734221894,0.9907884745494046,1.1621004566210045
10184,1.0,159010.0,6.288912647003333e-06,0.9900949473260021,0.009954362005317087,0.9894075427391144,0.9907823519128899,1.1625570776255707
10189,1.0,159008.0,6.288991748842825e-06,0.9900887206270479,0.00996065099706593,0.9894012120326192,0.9907762292214766,1.1631278538812786
10192,1.0,159006.0,6.289070852672226e-06,0.9900824938889334,0.009966940067918602,0.9893948813026958,0.990770106475171,1.1634703196347032
10201,1.0,159001.0,6.2892686209520694e-06,0.9900762669941724,0.009973229336539553,0.9893885504278459,0.9907639835604989,1.1644977168949773
10214,1.0,158996.0,6.2894664016704826e-06,0.990070039942756,0.009979518802941224,0.989382219408055,0.990757860477457,1.1659817351598174
10218,1.0,158995.0,6.289505959306897e-06,0.9900638128913397,0.00998580830890053,0.9893758884053121,0.9907517373773673,1.1664383561643836
10219,1.0,158994.0,6.28954551744091e-06,0.9900575858399234,0.009992097854417972,0.9893695574196093,0.9907456142602376,1.166552511415525
10222,1.0,158992.0,6.289624635201771e-06,0.9900513587493412,0.009998387479053175,0.9893632264104386,0.9907394910882439,1.1668949771689499
10225,1.0,158987.0,6.289822438312567e-06,0.9900451315020898,0.010004677301491488,0.989356895256287,0.9907333677478927,1.1672374429223744
10226,1.0,158978.0,6.2901785152662636e-06,0.9900389039414745,0.010010967480006754,0.9893505637951175,0.9907272440878315,1.167351598173516
10227,1.0,158964.0,6.290732492891472e-06,0.9900326758715723,0.010017258212499646,0.9893442318243315,0.9907211199188131,1.1674657534246575
10230,1.0,158905.0,6.293068185393789e-06,0.9900264455284372,0.01002355128068504,0.9893378975199015,0.9907149935369729,1.167808219178082
10237,1.0,158600.0,6.305170239596469e-06,0.9900202032431564,0.010029856450924636,0.9893315508832102,0.9907088556031026,1.168607305936073
10246,1.0,158138.0,6.32359078779294e-06,0.9900139427605195,0.010036180041712429,0.9893251854444791,0.9907027000765598,1.169634703196347
10253,1.0,158011.0,6.328673320211884e-06,0.9900076772856933,0.010042508715032641,0.9893188148600169,0.9906965397113696,1.170433789954338
10258,1.0,157985.0,6.329714846346172e-06,0.9900014108194003,0.010048838429878987,0.9893124432675313,0.9906903783712693,1.1710045662100457
10261,1.0,157975.0,6.330115524608324e-06,0.9899951439961002,0.010055168545403595,0.9893060713232108,0.9906842166689896,1.1713470319634702
10300,1.0,157825.0,6.336131791541264e-06,0.9899888712563949,0.010061504677195137,0.989299693277225,0.9906780492355648,1.1757990867579908
10304,1.0,157813.0,6.336613586966853e-06,0.9899825980794623,0.010067841290782104,0.9892933147964805,0.9906718813624441,1.176255707762557
10328,1.0,157729.0,6.3399882076219335e-06,0.9899763216014648,0.010074181278989727,0.9892869329189913,0.9906657102839382,1.1789954337899544
10388,1.0,157690.0,6.3415562178958715e-06,0.9899700436109669,0.010080522835207623,0.9892805494946322,0.9906595377273015,1.1858447488584476
10391,1.0,157688.0,6.341636649586525e-06,0.9899637655806564,0.01008686447185721,0.9892741660465805,0.9906533651147322,1.1861872146118722
10397,1.0,157683.0,6.341837737739642e-06,0.9899574873910888,0.01009320630959495,0.9892677824512908,0.9906471923308868,1.1868721461187215
10406,1.0,157680.0,6.341958396752917e-06,0.9899512091218892,0.010099548267991703,0.9892613987911109,0.9906410194526675,1.1878995433789954
10407,1.0,157679.0,6.341998617444302e-06,0.9899449308526895,0.010105890266609147,0.9892550151483946,0.9906348465569844,1.188013698630137
10415,1.0,157669.0,6.342400852418675e-06,0.9899386522251162,0.010112232667461566,0.9892486311524836,0.9906286732977488,1.1889269406392695
10420,1.0,157664.0,6.342601989039984e-06,0.9899323734382516,0.010118575269450605,0.9892422470092765,0.9906224998672266,1.1894977168949772
10434,1.0,157553.0,6.347070509606291e-06,0.9899260902676776,0.010124922339960213,0.9892358583496176,0.9906163221857377,1.191095890410959
10437,1.0,157482.0,6.349932055727004e-06,0.9899198043042643,0.01013127227201594,0.989229466818881,0.9906101417896476,1.1914383561643835
10439,1.0,157439.0,6.351666359669459e-06,0.9899135166639446,0.010137623938375608,0.9892230735712596,0.9906039597566295,1.1916666666666667
10440,1.0,157417.0,6.352554044353533e-06,0.9899072281848307,0.010143976492419961,0.9892166794736073,0.9905977768960541,1.1917808219178083
10448,1.0,157249.0,6.359340917907268e-06,0.9899009330272895,0.010150335833337869,0.989210278485986,0.9905915875685931,1.1926940639269406
10456,2.0,157096.0,1.273106890054489e-05,0.9898883305303064,0.010163066902238414,0.9891974639634736,0.9905791970971393,1.193607305936073
10458,1.0,157053.0,6.367277288558639e-06,0.9898820276368213,0.010169434179526973,0.9891910550271992,0.9905730002464435,1.1938356164383561
10461,1.0,157004.0,6.369264477338157e-06,0.9898757228163859,0.010175803444004311,0.9891846441154453,0.9905668015173266,1.194178082191781
10462,1.0,156992.0,6.3697513249082756e-06,0.989869417554189,0.010182173195329219,0.9891782327644209,0.9905606023439572,1.1942922374429223
10466,1.0,156921.0,6.37263336328471e-06,0.9898631094793133,0.010188545828692504,0.9891718185217664,0.9905544004368603,1.1947488584474886
10473,1.0,156789.0,6.377998456524374e-06,0.989856796133929,0.010194923827149028,0.9891653988451631,0.9905481934226948,1.1955479452054794
10487,1.0,156602.0,6.3856144876821496e-06,0.9898504752900308,0.01020130944163671,0.9891589714298656,0.9905419791501959,1.1971461187214611
10492,1.0,156579.0,6.386552475108411e-06,0.9898441535580279,0.010207695994111818,0.9891525431137116,0.9905357640023442,1.197716894977169
10511,1.0,156514.0,6.389204799570645e-06,0.9898378292410112,0.010214085198911389,0.9891461121413868,0.9905295463406355,1.1998858447488585
10512,1.0,156513.0,6.389245621769438e-06,0.9898315049239944,0.010220474444533159,0.9891396811868953,0.9905233286610935,1.2
10516,1.0,156510.0,6.389368091495751e-06,0.9898251805261609,0.010226863812624654,0.989133250166631,0.9905171108856907,1.2004566210045662
10521,1.0,156502.0,6.389694700387216e-06,0.9898188558454506,0.01023325350732504,0.9891268188715742,0.990510892819327,1.201027397260274
10529,1.0,156499.0,6.389817187330271e-06,0.9898125310839131,0.010239643324512371,0.9891203875107221,0.9905046746571041,1.2019406392694063
10533,2.0,156498.0,1.2779716034709709e-05,0.9897998815608382,0.010252423040547081,0.989107524842426,0.9904922382792504,1.2023972602739725
10542,1.0,156496.0,6.389939678969431e-06,0.9897935567993008,0.01025881298022605,0.9891010935349657,0.990486020063636,1.2034246575342467
10544,1.0,156495.0,6.389980510559443e-06,0.9897872320377633,0.01026520296073661,0.9890946622452859,0.9904798018302408,1.2036529680365298
10545,1.0,156494.0,6.390021342671284e-06,0.9897809072762259,0.01027159298207928,0.9890882309733788,0.990473583579073,1.2037671232876712
10565,1.0,156490.0,6.390184676337146e-06,0.9897745823934394,0.010277983166755617,0.9890817995938195,0.9904673651930593,1.2060502283105023
10569,1.0,156489.0,6.390225511058285e-06,0.9897682575106528,0.010284373392266675,0.9890753682320175,0.9904611467892881,1.2065068493150686
10570,1.0,156486.0,6.39034801835308e-06,0.9897619325470298,0.010290763740285029,0.9890689368043509,0.9904549282897087,1.20662100456621
10574,1.0,156484.0,6.390429692492523e-06,0.9897556075429875,0.010297154169977521,0.9890625053526183,0.9904487097333567,1.2070776255707762
10578,1.0,156483.0,6.3904705303451495e-06,0.9897492825389453,0.010303544640507867,0.9890560739186203,0.9904424911592704,1.2075342465753425
10591,1.0,156475.0,6.390797251957181e-06,0.9897429572519504,0.010309935437759824,0.9890496422096773,0.9904362722942235,1.2090182648401826
10593,1.0,156472.0,6.390919781174907e-06,0.9897366318841067,0.010316326357541,0.9890432104348301,0.9904300533333832,1.2092465753424657
10597,1.0,156471.0,6.390960625291588e-06,0.9897303065162629,0.01032271731816629,0.989036778677697,0.9904238343548288,1.209703196347032
10624,1.0,156449.0,6.39185932795991e-06,0.989723980299371,0.01032910917749425,0.9890303460600706,0.9904176145386715,1.2127853881278539
10631,1.0,156446.0,6.391981897907265e-06,0.989717654001605,0.010335501159392156,0.9890239133765008,0.9904113946267094,1.2135844748858446
10641,1.0,156438.0,6.392308774083023e-06,0.9897113274207615,0.01034189346816624,0.9890174804178363,0.9904051744236867,1.2147260273972602
10649,1.0,156430.0,6.392635683692386e-06,0.9897050005568133,0.010348286103849932,0.9890110471840454,0.9903989539295812,1.2156392694063927
10675,1.0,156417.0,6.3931669831284325e-06,0.9896986732074807,0.010354679270833061,0.9890046134659023,0.9903927329490592,1.2186073059360731
10681,1.0,156408.0,6.393534857552043e-06,0.9896923455345151,0.010361072805690614,0.9889981794307077,0.9903865116383226,1.2192922374429225
10688,1.0,156396.0,6.39402542264508e-06,0.9896860174164972,0.010367466831113259,0.9889917449528727,0.9903802898801217,1.2200913242009133
10704,1.0,156383.0,6.394556953121503e-06,0.989679688812893,0.010373861388066381,0.9889853099904709,0.9903740676353152,1.2219178082191782
10707,1.0,156381.0,6.394638734884672e-06,0.9896733601688198,0.010380256026801265,0.9889788750038886,0.990367845333751,1.2222602739726027
10728,1.0,156372.0,6.395006778707186e-06,0.9896670312009729,0.010386651033579972,0.9889724397000961,0.9903616227018497,1.2246575342465753
10748,1.0,156354.0,6.395742993463551e-06,0.9896607015449922,0.010393046776573435,0.9889660037022328,0.9903553993877516,1.2269406392694064
10758,1.0,156341.0,6.3962748095509175e-06,0.9896543714031769,0.010399443051382986,0.9889595672195369,0.9903491755868169,1.228082191780822
10760,1.0,156340.0,6.396315722144045e-06,0.9896480412613615,0.01040583936710513,0.9889531307545026,0.9903429517682204,1.2283105022831051
10766,1.0,156334.0,6.396561208694206e-06,0.9896417109170905,0.010412235928313824,0.9889466940977246,0.9903367277364564,1.2289954337899542
10773,1.0,156331.0,6.3966839590356356e-06,0.9896353804918331,0.01041863261227286,0.9889402573748315,0.9903305036088347,1.2297945205479452
10775,1.0,156329.0,6.39676579521394e-06,0.9896290500260815,0.010425029378068074,0.9889338206276966,0.9903242794244663,1.2300228310502284
10783,1.0,156322.0,6.397052238328578e-06,0.9896227193173519,0.010431426430306402,0.9889273836468891,0.9903180549878147,1.2309360730593608
10789,1.0,156318.0,6.397215931626556e-06,0.9896163884871255,0.010437823646238029,0.988920946558049,0.9903118304162021,1.2316210045662102
10795,2.0,156317.0,1.2794513712520071e-05,0.9896037268266729,0.01045061815995055,0.9889080724332228,0.990299381220123,1.2323059360730593
10802,1.0,156313.0,6.397420560030196e-06,0.9895973959154445,0.010457015580510579,0.988901635313444,0.990293156517445,1.2331050228310503
10818,2.0,156309.0,1.2795168544357651e-05,0.9895847338499727,0.010469810749054937,0.9888887608753345,0.9902807068246109,1.234931506849315
10826,1.0,156305.0,6.397747992706567e-06,0.9895784027362281,0.010476208497047643,0.9888823235988756,0.9902744818735806,1.2358447488584474
10832,1.0,156300.0,6.397952655150352e-06,0.9895720714604589,0.010482606449702794,0.9888758861724212,0.9902682567484966,1.2365296803652968
10837,1.0,156296.0,6.398116394533449e-06,0.9895657400631649,0.010489004566097328,0.9888694486378518,0.990262031488478,1.2371004566210047
10854,1.0,156291.0,6.3983210805484645e-06,0.9895594085038297,0.010495402887177877,0.9888630109532582,0.9902558060544012,1.239041095890411
10857,1.0,156290.0,6.398362019323053e-06,0.9895530769444945,0.010501801249197201,0.988856573286221,0.9902495806027679,1.2393835616438356
10893,1.0,156289.0,6.398402958621528e-06,0.9895467453851593,0.010508199652155822,0.9888501356367323,0.9902433551335863,1.2434931506849316
10894,1.0,156288.0,6.398443898443899e-06,0.989540413825824,0.010514598096054265,0.9888436980047838,0.9902371296468643,1.243607305936073
10895,2.0,156287.0,1.2796969677580348e-05,0.9895277507071535,0.010527395065731845,0.9888308227934759,0.9902246786208311,1.2437214611872147
10899,1.0,156285.0,6.398566721054484e-06,0.9895214191478183,0.0105337936324529,0.9888243852141005,0.9902184530815361,1.2441780821917807
10910,1.0,156283.0,6.398648605414536e-06,0.9895150875479697,0.010540192281058316,0.988817947610335,0.9902122274856043,1.245433789954338
10912,1.0,156281.0,6.398730491870413e-06,0.9895087559076068,0.010546591011550185,0.9888115099821714,0.9902060018330422,1.245662100456621
10925,1.0,156278.0,6.398853325484073e-06,0.9895024241862135,0.01055298986487567,0.9888050722877013,0.9901997760847256,1.2471461187214612
10936,1.0,156273.0,6.399058058653766e-06,0.9894960923027519,0.010559388922934324,0.9887986344431112,0.9901935501623926,1.2484018264840182
10972,1.0,156266.0,6.3993447071019925e-06,0.989489760176171,0.010565788267641426,0.9887921963645753,0.9901873239877667,1.2525114155251142
10973,1.0,156265.0,6.399385658976739e-06,0.98948342804959,0.010572187653300402,0.988785758303514,0.990181097795666,1.2526255707762557
10990,1.0,156259.0,6.399631381232441e-06,0.9894770957203926,0.010578587284681635,0.9887793200503824,0.9901748713904027,1.254566210045662
10992,1.0,156258.0,6.399672336776357e-06,0.9894707633911952,0.010584986957018412,0.988772881814712,0.9901686449676784,1.2547945205479452
10996,1.0,156255.0,6.39979520655339e-06,0.9894644309809466,0.010591386752224966,0.9887664435126757,0.9901624184492175,1.2552511415525114
11007,1.0,156246.0,6.400163844194412e-06,0.9894580982464702,0.01059778691606916,0.9887600048927879,0.9901561916001526,1.2565068493150684
11014,1.0,156237.0,6.400532524306023e-06,0.9894517651877309,0.010604187448593465,0.9887535659550089,0.990149964420453,1.2573059360730594
11019,1.0,156229.0,6.400860275621044e-06,0.9894454318452325,0.010610588308869087,0.9887471267412219,0.9901437369492431,1.257876712328767
11021,1.0,156225.0,6.401024163866219e-06,0.9894390983811144,0.010616989333032954,0.9887406874190968,0.990137509343132,1.2581050228310502
11027,2.0,156217.0,1.2802703931070242e-05,0.98942643088528,0.010629792036964025,0.9887278082401514,0.9901250535304087,1.2587899543378995
11035,3.0,156211.0,1.9204793516461708e-05,0.9894074291549751,0.010648996830480486,0.9887084890991649,0.9901063692107854,1.259703196347032
11044,1.0,156205.0,6.401843730994526e-06,0.9894010951232274,0.01065539867421148,0.9887020492945015,0.9901001409519533,1.2607305936073059
11048,1.0,156201.0,6.4020076696051886e-06,0.989394760969828,0.010661800681881085,0.9886956093814232,0.9900939125582329,1.261187214611872
11056,1.0,156193.0,6.402335572016672e-06,0.9893884265325551,0.010668203017453103,0.9886891691921715,0.9900876838729387,1.2621004566210046
11062,1.0,156185.0,6.402663508019336e-06,0.9893820918113813,0.010674605680961123,0.9886827287267146,0.9900814548960479,1.262785388127854
11064,1.0,156181.0,6.402827488618974e-06,0.9893757569685271,0.010681008508449741,0.9886762881527984,0.9900752257842558,1.263013698630137
11083,1.0,156162.0,6.403606511187101e-06,0.9893694213954878,0.010687412114960928,0.9886698468411735,0.990068995949802,1.2651826484018265
11088,1.0,156154.0,6.403934577404358e-06,0.9893630855384403,0.010693816049538332,0.9886634052532239,0.9900627658236567,1.2657534246575342
11097,1.0,156149.0,6.40413963586062e-06,0.98935674951909,0.010700220189174192,0.9886569635147985,0.9900565355233816,1.2667808219178083
11111,1.0,156140.0,6.404508774177021e-06,0.989350413175107,0.010706624697948369,0.9886505214580313,0.9900503048921826,1.2683789954337898
11114,1.0,156135.0,6.4047138694078846e-06,0.9893440766687941,0.010713029411817777,0.9886440792507513,0.9900440740868369,1.2687214611872146
11118,1.0,156133.0,6.4047959111782904e-06,0.9893377401218971,0.010719434207728955,0.9886376370188458,0.9900378432249485,1.2691780821917809
11135,1.0,156128.0,6.405001024800164e-06,0.9893314034126578,0.010725839208753757,0.9886311946364027,0.9900316121889129,1.2711187214611872
11157,1.0,156096.0,6.406314063140631e-06,0.989325065444975,0.010732245522816897,0.9886247509699864,0.9900253799199636,1.2736301369863015
11161,1.0,156034.0,6.408859607521438e-06,0.9893187249995243,0.010738654382424419,0.9886183047587415,0.9900191452403072,1.2740867579908677
11197,1.0,154801.0,6.4599065897507124e-06,0.9893123340929734,0.01074511428901417,0.9886118063779616,0.9900128618079851,1.2781963470319635
11207,1.0,154775.0,6.460991762235503e-06,0.9893059421541325,0.010751575280776405,0.9886053069473508,0.9900065773609141,1.279337899543379
11220,1.0,154512.0,6.471989230609921e-06,0.989299539376729,0.010758047270007015,0.9885987963236381,0.9900002824298199,1.2808219178082192
11223,1.0,154457.0,6.474293816401976e-06,0.9892931343608387,0.010764521563823416,0.9885922834024697,0.9899939853192076,1.2811643835616437
11230,1.0,154388.0,6.4771873461668e-06,0.9892867265238672,0.010770998751169584,0.9885857675812073,0.989987685466527,1.2819634703196348
11246,2.0,154289.0,1.2962686905741823e-05,0.9892739027097712,0.010783961438075326,0.9885727275726052,0.9899750778469373,1.2837899543378994
11249,1.0,154276.0,6.481889600456325e-06,0.9892674903455492,0.010790443327675783,0.9885662071225345,0.9899687735685638,1.2841324200913242
11257,1.0,154269.0,6.482183718050937e-06,0.9892610777319305,0.010796925511393834,0.9885596864325715,0.9899624690312895,1.2850456621004567
11262,1.0,154266.0,6.482309776619605e-06,0.9892546650351747,0.010803407821170454,0.9885531656746918,0.9899561643956576,1.2856164383561643
11267,1.0,154263.0,6.482435840091272e-06,0.989248252255279,0.010809890257010546,0.9885466448488854,0.9899498596616726,1.2861872146118722
11270,1.0,154261.0,6.482519885129748e-06,0.9892418394338125,0.010816372776895676,0.9885401239981446,0.9899435548694804,1.2865296803652968
11277,1.0,154252.0,6.482898114773228e-06,0.9892354262797566,0.01082285567501045,0.9885336028214339,0.9899372497380793,1.2873287671232876
11281,1.0,154248.0,6.483066231004616e-06,0.98922901300097,0.010829338741241454,0.9885270815337567,0.9899309444681833,1.2877853881278538
11284,1.0,154244.0,6.483234355955499e-06,0.9892225995974471,0.01083582197559741,0.9885205601351011,0.989924639059793,1.2881278538812786
11298,1.0,154235.0,6.4836126689791555e-06,0.9892161858612679,0.01084230558826639,0.9885140384103924,0.9899183333121434,1.2897260273972602
11301,1.0,154233.0,6.483696744535865e-06,0.989209772083504,0.010848789285010926,0.9885075166607048,0.9899120275063032,1.290068493150685
11305,1.0,154229.0,6.483864902190898e-06,0.9892033581809819,0.010855273149913117,0.9885009947999983,0.9899057215619655,1.2905251141552512
11317,1.0,154203.0,6.484958139595209e-06,0.9891969432386126,0.010861758108052712,0.9884944718817276,0.9898994145954977,1.2918949771689499
11321,1.0,154154.0,6.487019474032461e-06,0.9891905262987781,0.010868245127526745,0.9884879469153606,0.9898931056821957,1.292351598173516
11353,1.0,152861.0,6.5418909990121745e-06,0.9891840551221778,0.010874787018525758,0.9884813658580557,0.9898867443862999,1.2960045662100457
11360,1.0,152711.0,6.5483167551780814e-06,0.9891775776316557,0.010881335335280936,0.9884747782865154,0.989880376976796,1.2968036529680365
11414,1.0,152599.0,6.553122890713569e-06,0.9891710954294288,0.01088788845817165,0.9884681858584687,0.9898740050003889,1.3029680365296803
11418,1.0,152597.0,6.55320877867848e-06,0.9891646131847227,0.010894441666950328,0.988461593405225,0.9898676329642204,1.3034246575342465
11422,1.0,152596.0,6.553251723505203e-06,0.9891581309400166,0.010900994918673834,0.9884550009707297,0.9898612609093035,1.3038812785388127
11427,1.0,152594.0,6.553337614847242e-06,0.98915164865283,0.01090754825628868,0.9884484085110194,0.9898548887946406,1.3044520547945206
11428,1.0,152593.0,6.553380561362579e-06,0.9891451663656435,0.010914101636850044,0.9884418160700404,0.9898485166612466,1.304566210045662
11439,1.0,152586.0,6.5536812027315746e-06,0.98913868382356,0.010920655318052775,0.9884352233840447,0.9898421442630753,1.305821917808219
11469,1.0,152572.0,6.554282568230082e-06,0.989132200729127,0.010927209600621005,0.9884286301452574,0.9898357713129966,1.3092465753424658
11477,1.0,152540.0,6.555657532450505e-06,0.9891257163171646,0.010933765258153455,0.9884220355619562,0.989829397072373,1.3101598173515983
11478,1.0,152534.0,6.555915402467647e-06,0.989119231692646,0.010940321173555922,0.9884154407774471,0.9898230226078449,1.3102739726027397
11485,1.0,152512.0,6.556861099454469e-06,0.989112746175233,0.010946878034655378,0.9884088450877914,0.9898166472626747,1.3110730593607305
11495,1.0,152505.0,6.557162060260319e-06,0.9891062604026606,0.010953435196715638,0.9884022491528435,0.9898102716524777,1.312214611872146
11520,1.0,152493.0,6.557678057353453e-06,0.9890997741622404,0.010959992874772992,0.988395652752535,0.9898038955719457,1.3150684931506849
11529,1.0,152490.0,6.557807069316021e-06,0.9890932878367492,0.010966550681842309,0.9883890562829128,0.9897975193905856,1.316095890410959
11539,1.0,152483.0,6.558108116970416e-06,0.9890868012560298,0.010973108789959279,0.9883824595679134,0.9897911429441462,1.3172374429223743
11540,1.0,152482.0,6.558151126034548e-06,0.9890803146753103,0.010979666941085313,0.9883758628716068,0.9897847664790138,1.317351598173516
11545,1.0,152481.0,6.558194135662804e-06,0.989073828094591,0.010986225135220976,0.9883692661939846,0.9897783899951974,1.3179223744292237
11548,1.0,152479.0,6.5582801566117306e-06,0.9890673414713308,0.010992783415377587,0.9883626694910228,0.9897720134516388,1.3182648401826484
11555,1.0,152473.0,6.5585382329986296e-06,0.9890608546353568,0.010999341953610586,0.9883560725866448,0.9897656366840687,1.3190639269406392
11560,1.0,152469.0,6.55871029520755e-06,0.9890543676717469,0.011005900663905794,0.9883494755688707,0.9897592597746232,1.3196347031963471
11566,1.0,152463.0,6.558968405449191e-06,0.9890478804953982,0.011012459632311244,0.9883428783496429,0.9897528826411535,1.3203196347031962
11597,1.0,152448.0,6.559613769941226e-06,0.9890413927233022,0.011019019246081185,0.9883362805326831,0.9897465049139212,1.3238584474885844
11598,1.0,152447.0,6.559656798756289e-06,0.9890349049512062,0.01102557890287994,0.9883296827343687,0.9897401271680436,1.323972602739726
11600,1.0,152446.0,6.559699828135865e-06,0.9890284171791102,0.011032138602708077,0.988323084954691,0.9897337494035293,1.3242009132420092
11617,1.0,152445.0,6.559742858079964e-06,0.989021929407014,0.011038698345566157,0.9883164871936412,0.9897273716203869,1.3261415525114155
11618,1.0,152444.0,6.559785888588596e-06,0.9890154416349181,0.011045258131454745,0.9883098894512108,0.9897209938186253,1.326255707762557
11631,1.0,152440.0,6.559958016268696e-06,0.9890089537351435,0.011051818089471014,0.9883032915952938,0.9897146158749932,1.3277397260273973
11634,1.0,152439.0,6.560001049600168e-06,0.989002465835369,0.011058378090520614,0.9882966937579803,0.9897082379127576,1.3280821917808219
11636,1.0,152437.0,6.560087117956927e-06,0.9889959778930332,0.01106493817763857,0.9882900958952278,0.9897018598908386,1.328310502283105
11639,2.0,152436.0,1.312026030596447e-05,0.9889830020083616,0.011078058437944535,0.9882769002254732,0.9896891037912501,1.3286529680365298
11663,1.0,152412.0,6.561163163005537e-06,0.9889765131295201,0.011084619601107541,0.9882703014495627,0.9896827248094774,1.331392694063927
11669,1.0,152407.0,6.5613784143772924e-06,0.9889700240803745,0.011091180979521918,0.9882637025160306,0.9896763456447184,1.3320776255707762
11684,1.0,152399.0,6.561722845950433e-06,0.9889635347331736,0.011097742702367868,0.9882571032927026,0.9896699661736446,1.3337899543378995
11685,1.0,152398.0,6.561765902439665e-06,0.9889570453859726,0.011104304468270307,0.9882505040879336,0.9896635866840117,1.3339041095890412
11713,1.0,152384.0,6.562368752624948e-06,0.9889505554851603,0.011110866837022932,0.9882439043289681,0.9896572066413525,1.3371004566210045
11724,1.0,152372.0,6.562885569527209e-06,0.9889440651158308,0.01111742972259246,0.9882373041038406,0.989650826127821,1.3383561643835618
11726,1.0,152369.0,6.563014786472314e-06,0.9889375746613084,0.011123992737378931,0.9882307038091209,0.9896444455134958,1.3385844748858446
11732,1.0,152367.0,6.563100933929263e-06,0.9889310841641885,0.01113055583831286,0.9882241034888691,0.9896380648395079,1.339269406392694
11741,2.0,152341.0,1.3128442113416612e-05,0.9889181010396959,0.011143684280426277,0.9882109007001022,0.9896253013792896,1.340296803652968
11756,1.0,152307.0,6.565686409685701e-06,0.9889116081135596,0.011150249966835963,0.9882042979225023,0.9896189183046169,1.3420091324200913
11766,1.0,152298.0,6.5660744067551775e-06,0.988905114846359,0.011156816041242718,0.9881976948105871,0.989612534882131,1.343150684931507
11792,1.0,152292.0,6.566333096945342e-06,0.9888986213659737,0.011163382374339663,0.9881910914966496,0.9896061512352978,1.3461187214611872
11795,1.0,152291.0,6.566376213958803e-06,0.9888921278855883,0.011169948750553622,0.988184488201232,0.9895997675699447,1.346461187214612
11798,1.0,152289.0,6.566462449684482e-06,0.9888856343625638,0.011176515213003306,0.9881778848802143,0.9895933838449134,1.3468036529680365
11809,1.0,152286.0,6.566591807520061e-06,0.9888791407542586,0.011183081804810827,0.9881712814894749,0.9895870000190424,1.3480593607305935
11818,1.0,152279.0,6.566893662290927e-06,0.9888726468900965,0.011189648698473118,0.9881646778525416,0.9895806159276513,1.3490867579908676
11834,1.0,152272.0,6.567195544814543e-06,0.9888661527700554,0.011196215894017932,0.9881580739693875,0.9895742315707233,1.3509132420091323
11843,1.0,152271.0,6.567238673155098e-06,0.9888596586500144,0.011202783132691086,0.9881514701047175,0.9895678471953112,1.3519406392694064
11847,1.0,152270.0,6.567281802062126e-06,0.9888531645299733,0.011209350414493148,0.9881448662585232,0.9895614628014234,1.3523972602739727
11849,1.0,152269.0,6.567324931535638e-06,0.9888466704099322,0.011215917739424684,0.9881382624307958,0.9895550783890686,1.3526255707762558
11852,1.0,152267.0,6.5674111921821535e-06,0.9888401762472416,0.011222485150616865,0.9881316585774063,0.989548693917077,1.3529680365296803
11856,1.0,152265.0,6.567497455094736e-06,0.9888336820419006,0.01122905264807196,0.9881250546983456,0.9895423093854556,1.3534246575342466
11875,1.0,152261.0,6.567669987718457e-06,0.9888271877086041,0.01123562031805968,0.9881184507053593,0.9895359247118489,1.355593607305936
11928,1.0,152236.0,6.568748522031582e-06,0.9888206923514763,0.01124218906658171,0.9881118456716732,0.9895295390312794,1.3616438356164384
11949,1.0,152224.0,6.569266344334665e-06,0.9888141965249815,0.011248758332926045,0.9881052401708745,0.9895231528790884,1.364041095890411
11956,1.0,152217.0,6.5695684450488445e-06,0.988807700442438,0.011255327901371095,0.9880986344236343,0.9895167664612418,1.3648401826484018
11967,1.0,152210.0,6.569870573549701e-06,0.988801204103824,0.011261897771944645,0.9880920284299256,0.9895103797777224,1.3660958904109588
11973,1.0,152162.0,6.571943060685322e-06,0.9887947057586123,0.01126846971500533,0.988085420378869,0.9895039911383555,1.3667808219178081
11974,1.0,152145.0,6.572677380130797e-06,0.9887882067300161,0.011275042392385462,0.9880788116393064,0.9894976018207258,1.3668949771689498
11996,1.0,150905.0,6.626685663165568e-06,0.9887816543413827,0.011281669078048628,0.9880721477110536,0.9894911609717117,1.3694063926940638
12003,1.0,150495.0,6.64473902787468e-06,0.988775084145334,0.011288313817076503,0.9880654653746841,0.9894847029159839,1.3702054794520548
12004,1.0,150454.0,6.646549776011272e-06,0.9887685122025199,0.011294960366852515,0.9880587812499148,0.9894782431551251,1.3703196347031963
12015,1.0,149833.0,6.674097161506477e-06,0.9887619130653993,0.011301634464014021,0.9880520690004042,0.9894717571303944,1.3715753424657535
12017,1.0,149640.0,6.682705159048383e-06,0.9887553054610618,0.01130831716917307,0.9880453480067778,0.9894652629153459,1.3718036529680366
12019,1.0,149448.0,6.69129061613404e-06,0.9887486894119647,0.011315008459789203,0.9880386182920329,0.9894587605318965,1.3720319634703195
12020,1.0,149350.0,6.695681285570807e-06,0.9887420690658689,0.011321704141074774,0.9880318841492894,0.9894522539824484,1.3721461187214612
12040,1.0,148195.0,6.747865987381491e-06,0.9887353971668907,0.011328452007062156,0.9880250966574214,0.98944569767636,1.3744292237442923
12043,1.0,148035.0,6.755159252879386e-06,0.988728718101824,0.011335207166315035,0.9880183017663342,0.9894391344373137,1.3747716894977169
12053,1.0,147703.0,6.7703431886962354e-06,0.9887220240690818,0.01134197750950373,0.9880114913976991,0.9894325567404646,1.3759132420091325
12068,1.0,147587.0,6.775664523298122e-06,0.9887153248203399,0.011348753174027029,0.9880046756486441,0.9894259739920356,1.3776255707762557
12073,1.0,147585.0,6.775756343801877e-06,0.9887086255262055,0.011355528930370831,0.9879978598732924,0.9894193911791187,1.3781963470319634
12092,1.0,147463.0,6.781362104392289e-06,0.9887019207350001,0.011362310292475223,0.9879910384264275,0.9894128030435726,1.380365296803653
12094,1.0,147459.0,6.7815460568700455e-06,0.9886952158073882,0.011369091838532094,0.9879842168590673,0.989406214755709,1.3805936073059362
12110,1.0,147457.0,6.781638036851421e-06,0.9886885108343059,0.011375873476568946,0.9879773952653683,0.9893996264032434,1.3824200913242009
12144,1.0,147386.0,6.784904943481742e-06,0.9886818026767412,0.011382658381512428,0.9879705703948587,0.9893930349586237,1.3863013698630138
12148,1.0,147381.0,6.785135125966033e-06,0.9886750943371134,0.011389443516638394,0.9879637453565867,0.9893864433176401,1.38675799086758
12153,1.0,147379.0,6.785227203332904e-06,0.988668385951968,0.011396228743841727,0.9879569202919388,0.9893798516119973,1.3873287671232877
12185,1.0,147371.0,6.785595537792374e-06,0.98866167724818,0.01140301433937952,0.9879500949180852,0.9893732595782748,1.3909817351598173
12190,1.0,147369.0,6.7856876276557486e-06,0.9886549684988687,0.011409800027007175,0.9879432695178341,0.9893666674799033,1.3915525114155252
12223,1.0,147360.0,6.7861020629750274e-06,0.9886482593853474,0.01141658612907015,0.9879364437611803,0.9893600750095145,1.3953196347031964
12240,1.0,147355.0,6.786332326694038e-06,0.988641550089705,0.011423372461396844,0.9879296178366695,0.9893534823427405,1.3972602739726028
12246,2.0,147350.0,1.3573125212080081e-05,0.9886281311341557,0.011436945586608923,0.9879159656726074,0.989340296595704,1.3979452054794521
12280,1.0,147341.0,6.786977148247942e-06,0.9886214213376215,0.011443732563757171,0.987909139291567,0.9893337033836761,1.4018264840182648
12281,1.0,147340.0,6.7870232116193835e-06,0.9886147115410874,0.01145051958696879,0.9879023129312207,0.9893271101509541,1.4019406392694065
12287,3.0,147334.0,2.036189881493749e-05,0.988594581468364,0.011470881485783728,0.9878818332669109,0.989307329669817,1.4026255707762556
12289,1.0,147331.0,6.787437810101065e-06,0.9885878714441229,0.01147766892359383,0.9878750067534671,0.9893007361347786,1.4028538812785387
12300,1.0,147226.0,6.792278537758276e-06,0.988581156679941,0.011484461202131589,0.9878681753527186,0.9892941380071633,1.404109589041096
12319,1.0,146834.0,6.810411757494858e-06,0.9885744240352082,0.011491271613889084,0.9878613254573463,0.9892875226130702,1.4062785388127854
12329,1.0,146730.0,6.815238874122538e-06,0.9885676866643636,0.011498086852763207,0.9878544706887293,0.9892809026399978,1.407420091324201
12330,1.0,146724.0,6.815517570404297e-06,0.9885609490639256,0.01150490237033361,0.9878476157033079,0.9892742824245432,1.4075342465753424
12332,1.0,146720.0,6.815703380588877e-06,0.9885542113257231,0.011511718073714199,0.9878407605961699,0.9892676620552763,1.4077625570776255
12343,1.0,146717.0,6.8158427448761904e-06,0.988547473495674,0.011518533916459074,0.9878339054148575,0.9892610415764904,1.4090182648401826
12357,1.0,146713.0,6.816028572791777e-06,0.988540735527849,0.011525349945031866,0.9878270501118004,0.9892544209438977,1.4106164383561643
12367,1.0,146709.0,6.816214410840507e-06,0.9885339974222419,0.011532166159442707,0.987820194686984,0.9892478001574998,1.41175799086758
12376,1.0,146705.0,6.81640025902321e-06,0.9885272591788459,0.01153898255970173,0.9878133391403937,0.989241179217298,1.4127853881278538
12390,1.0,146697.0,6.816771985793847e-06,0.9885205206139184,0.011545799331687525,0.9878064832817502,0.9892345579460865,1.4143835616438356
12400,1.0,146693.0,6.8169578643834405e-06,0.9885137819111812,0.011552616289551908,0.9877996273012977,0.9892279365210648,1.4155251141552512
12403,1.0,146692.0,6.817004335614757e-06,0.9885070432084442,0.011559433293887523,0.987792771341733,0.9892213150751553,1.4158675799086757
12426,1.0,146683.0,6.817422605209874e-06,0.9885003041381824,0.011566250716492733,0.9877859150224684,0.9892146932538963,1.4184931506849314
12435,1.0,146681.0,6.8175155609792676e-06,0.9884935650219768,0.011573068232053712,0.9877790586765004,0.9892080713674533,1.4195205479452055
12436,1.0,146680.0,6.8175620398145626e-06,0.9884868259057713,0.011579885794093527,0.9877722023513944,0.9892014494601482,1.419634703196347
12445,1.0,146617.0,6.820491484616382e-06,0.9884800839397926,0.011586706285578143,0.9877653430961831,0.989194824783402,1.4206621004566211
12447,1.0,146578.0,6.822306212392037e-06,0.9884733402259751,0.011593528591790535,0.9877584820519403,0.9891881984000099,1.420890410958904
12462,1.0,146340.0,6.833401667350007e-06,0.9884665855906039,0.011600361993457885,0.9877516097188775,0.9891815614623302,1.4226027397260275
12470,1.0,146303.0,6.835129833291184e-06,0.9884598292931556,0.011607197123291177,0.9877447356856346,0.9891749229006765,1.42351598173516
12527,1.0,146089.0,6.845142344735059e-06,0.988453063144922,0.011614042265635912,0.9877378514720139,0.9891682748178301,1.4300228310502283
12547,1.0,146034.0,6.847720393880877e-06,0.9884462944947231,0.011620889986029793,0.9877309646884447,0.9891616243010015,1.4323059360730594
12590,1.0,146024.0,6.848189338738837e-06,0.9884395254273473,0.011627738175368533,0.987724077493995,0.9891549733606995,1.437214611872146
12591,1.0,146023.0,6.848236236757223e-06,0.9884327563599714,0.01163458641160529,0.9877171903206972,0.9891483223992457,1.4373287671232877
12594,1.0,146022.0,6.848283135417951e-06,0.9884259872925955,0.011641434694740709,0.9877103031685404,0.9891416714166505,1.4376712328767123
12601,1.0,146017.0,6.848517638357177e-06,0.9884192180397873,0.011648283212379066,0.9877034158454798,0.9891350202340947,1.4384703196347033
12612,1.0,146010.0,6.848845969454147e-06,0.9884124485088096,0.01165513205834852,0.9876965282554696,0.9891283687621496,1.4397260273972603
12651,1.0,145841.0,6.856782386297406e-06,0.9884056711797422,0.011661988840734818,0.9876896326107534,0.989121709748731,1.444178082191781
12655,1.0,145766.0,6.860310360440707e-06,0.9883988904100759,0.01166884915109526,0.9876827334240199,0.9891150473961319,1.4446347031963471
12662,1.0,145500.0,6.8728522336769755e-06,0.9883920972905542,0.011675722003328937,0.9876758214680776,0.9891083731130308,1.445433789954338
12673,2.0,145012.0,1.3791962044520454e-05,0.9883784654242632,0.011689513965373459,0.987661950361564,0.9890949804869624,1.446689497716895
12687,1.0,144850.0,6.903693476009665e-06,0.9883716419622997,0.011696417658849469,0.9876550070421876,0.9890882768824117,1.4482876712328767
12731,1.0,144798.0,6.906172737192502e-06,0.9883648160970117,0.01170332383158666,0.9876480612550521,0.9890815709389712,1.453310502283105
12745,1.0,144786.0,6.906745127291313e-06,0.9883579897131342,0.011710230576713951,0.9876411149524845,0.9890748644737838,1.4549086757990868
12766,1.0,144725.0,6.909656244601831e-06,0.9883511604991786,0.011717140232958553,0.9876341657401071,0.9890681552582501,1.4573059360730594
12773,1.0,144723.0,6.909751732620247e-06,0.9883443312380349,0.011724049984691173,0.9876272165006214,0.9890614459754484,1.4581050228310501
12807,2.0,144710.0,1.3820744938152166e-05,0.9883306715831218,0.011737870729629325,0.9876133169136966,0.9890480262525471,1.461986301369863
12813,1.0,144704.0,6.910659000442283e-06,0.9883238415668708,0.011744781388629767,0.9876063669572986,0.989041316176443,1.4626712328767124
12824,1.0,144700.0,6.91085003455425e-06,0.9883170114090162,0.01175169223866432,0.987599416875961,0.9890346059420714,1.4639269406392694
12828,1.0,144695.0,6.911088842047064e-06,0.9883101810623461,0.011758603327506367,0.9875924666207716,0.9890278955039207,1.4643835616438357
12831,2.0,144693.0,1.3822368739330859e-05,0.9882965202745946,0.011772425696245698,0.9875785660777516,0.9890144744714375,1.4647260273972602
12835,1.0,144690.0,6.9113276660446475e-06,0.9882896898335117,0.011779337023911743,0.987571615789899,0.9890077638771244,1.4651826484018264
12836,1.0,144688.0,6.911423200265399e-06,0.9882828593452208,0.011786248447112008,0.9875646654748375,0.989001053215604,1.465296803652968
12840,1.0,144683.0,6.911662047372531e-06,0.9882760286680897,0.01179316010915938,0.987557714985854,0.9889943423503255,1.4657534246575343
12843,1.0,144681.0,6.911757590837774e-06,0.9882691979437468,0.011800071866750217,0.9875507644696395,0.9889876314178541,1.466095890410959
12862,1.0,144671.0,6.912235347789121e-06,0.9882623667944637,0.011806984102098007,0.9875438135349356,0.9889809200539917,1.4682648401826484
12865,1.0,144669.0,6.912330907105185e-06,0.9882555355979613,0.011813896433005112,0.9875368625729778,0.9889742086229448,1.4686073059360731
12902,1.0,144650.0,6.913238852402351e-06,0.9882487035513965,0.011820809671857514,0.9875299107521835,0.9889674963506094,1.4728310502283104
12909,1.0,144649.0,6.913286645604187e-06,0.9882418715048317,0.011827722958503118,0.9875229589530344,0.9889607840566289,1.4736301369863014
12910,2.0,144648.0,1.3826668878933687e-05,0.988228207411702,0.01184154962738205,0.9875090554196275,0.9889473594037765,1.4737442922374429
12912,1.0,144646.0,6.9134300291746744e-06,0.9882213753651373,0.011848463057411225,0.9875021036853484,0.9889406470449262,1.473972602739726
12922,1.0,144640.0,6.913716814159292e-06,0.9882145430823983,0.011855376774225384,0.987495151728052,0.9889339344367446,1.4751141552511415
12926,1.0,144639.0,6.913764613969953e-06,0.9882077107996594,0.011862290538839354,0.9874881997923497,0.9889272218069691,1.4755707762557078
12936,1.0,144621.0,6.914625123598924e-06,0.988200877713795,0.011869205163962953,0.9874812470463961,0.9889205083811938,1.4767123287671233
12944,1.0,144477.0,6.9215169196481104e-06,0.9881940378646998,0.011876126680882601,0.9874742873169376,0.988913788412462,1.4776255707762558
12947,1.0,144343.0,6.927942470365726e-06,0.988187191713256,0.011883054623352967,0.9874673210812319,0.98890706234528,1.4779680365296803
12957,2.0,143682.0,1.3919628067538036e-05,0.9881734365150863,0.011896974251420505,0.9874533235231973,0.9888935495069753,1.479109589041096
12980,1.0,143415.0,6.9727713279643e-06,0.9881665462076811,0.01190394702274847,0.9874463116116673,0.9888867808036949,1.4817351598173516
12981,1.0,143412.0,6.972917189635456e-06,0.9881596558041847,0.011910919939938105,0.9874392996228438,0.9888800119855257,1.481849315068493
13008,1.0,143402.0,6.9734034392825764e-06,0.9881527649682424,0.011917893343377388,0.9874322872082498,0.9888732427282351,1.484931506849315
13017,1.0,143397.0,6.973646589538135e-06,0.9881458739400831,0.011924866989966925,0.9874252746167604,0.9888664732634058,1.485958904109589
13043,1.0,143385.0,6.9742302193395405e-06,0.988138982383268,0.011931841220186265,0.9874182614998164,0.9888597032667197,1.4889269406392693
13055,1.0,143380.0,6.974473427256242e-06,0.9881320906341929,0.011938815693613521,0.987411248205921,0.9888529330624649,1.490296803652968
13058,1.0,143379.0,6.974522070875093e-06,0.9881251988851179,0.011945790215684395,0.9874042349342464,0.9888461628359893,1.4906392694063928
13073,1.0,143376.0,6.974668005802924e-06,0.9881183070399074,0.011952764883690199,0.9873972215851866,0.9888393924946283,1.492351598173516
13077,1.0,143373.0,6.974813946837968e-06,0.9881114150985584,0.011959739697637037,0.9873902081587288,0.988832622038388,1.4928082191780823
13092,1.0,143369.0,6.975008544385467e-06,0.9881045230129952,0.011966714706181422,0.9873831946050583,0.9888258514209322,1.4945205479452055
13105,1.0,143363.0,6.97530046106736e-06,0.9880976306870602,0.011973690006642489,0.9873761808245504,0.9888190805495701,1.4960045662100456
13108,1.0,143362.0,6.975349116223267e-06,0.9880907383611253,0.011980665355758712,0.9873691670662146,0.988812309656036,1.4963470319634704
13127,1.0,143349.0,6.975981695024032e-06,0.9880838454582214,0.011987641337453735,0.9873621527323236,0.9888055381841191,1.4985159817351599
13152,1.0,143330.0,6.976906439684643e-06,0.988076951689677,0.01199461824389342,0.9873551375238239,0.9887987658555302,1.5013698630136987
13153,1.0,143327.0,6.97705247441166e-06,0.9880700578249363,0.012001595296367832,0.9873481222378264,0.9887919934120462,1.5014840182648401
13159,1.0,143321.0,6.977344562206516e-06,0.9880631637196913,0.012008572640930039,0.9873411067248264,0.9887852207145561,1.5021689497716895
13161,1.0,143318.0,6.977490615275122e-06,0.9880562695182391,0.012015550131545314,0.9873340911343006,0.9887784479021776,1.5023972602739726
13163,1.0,143315.0,6.977636674458361e-06,0.9880493752205765,0.012022527768219772,0.987327075466236,0.9887716749749169,1.5026255707762557
13164,1.0,143314.0,6.9776853622116475e-06,0.9880424809229139,0.012029505453581984,0.9873200598202909,0.9887649020255369,1.5027397260273974
13193,1.0,143293.0,6.9787079620079135e-06,0.9880355856629855,0.012036484161543992,0.9873130431996172,0.9887581281263539,1.5060502283105024
13200,1.0,143278.0,6.97943857396111e-06,0.9880286897293065,0.012043463600117953,0.9873060259030979,0.988751353555515,1.5068493150684932
13201,1.0,143275.0,6.979584714709475e-06,0.9880217936993659,0.012050443184832662,0.9872990085289662,0.9887445788697656,1.5069634703196346
13236,1.0,143251.0,6.980754061053675e-06,0.9880148965622172,0.012057423938893716,0.9872919900299554,0.988737803094479,1.510958904109589
13238,1.0,143249.0,6.980851524268931e-06,0.9880079993769205,0.012064404790417985,0.9872849715031675,0.9887310272506735,1.511187214611872
13239,1.0,143248.0,6.9809002568971295e-06,0.9880011021916238,0.012071385690674882,0.9872779529984692,0.9887242513847785,1.5113013698630138
13269,1.0,143240.0,6.981290142418319e-06,0.9879942046692685,0.0120783669808173,0.9872709341666892,0.9887174751718477,1.5147260273972603
13285,1.0,143230.0,6.9817775605669206e-06,0.9879873067135003,0.012085348758377868,0.9872639149080094,0.9887106985189913,1.5165525114155252
13290,1.0,143224.0,6.982070044126683e-06,0.9879804085169221,0.012092330828421994,0.987256895421942,0.9887039216119023,1.5171232876712328
13311,2.0,143211.0,1.396540768516385e-05,0.9879666109677323,0.012106296236107159,0.9872428553184542,0.9886903666170104,1.5195205479452054
13326,1.0,143206.0,6.982947641858581e-06,0.987959712048616,0.012113279183749017,0.9872358351500741,0.9886835889471579,1.5212328767123289
13343,1.0,143199.0,6.98328898944825e-06,0.9879528128404369,0.012120262472738466,0.9872288147042955,0.9886768109765783,1.5231735159817352
13358,1.0,143187.0,6.9838742343927875e-06,0.9879459131022426,0.01212724634697286,0.9872217937315165,0.9886700324729686,1.5248858447488585
13393,1.0,143173.0,6.984557144154275e-06,0.9879390127375571,0.012134230904117013,0.9872147721317986,0.9886632533433156,1.5288812785388128
13406,1.0,143170.0,6.984703499336453e-06,0.9879321122764777,0.01214121560761635,0.9872077504542491,0.9886564740987063,1.530365296803653
13407,1.0,143169.0,6.984752285760186e-06,0.9879252118153983,0.01214820035990211,0.9872007287987091,0.9886496948320874,1.5304794520547946
13421,2.0,143135.0,1.3972822859538197e-05,0.9879114077114151,0.012162173182761648,0.9871866822577268,0.9886361331651033,1.5320776255707762
13432,1.0,142934.0,6.9962360250185404e-06,0.9879044960500348,0.012169169418786667,0.9871796490661428,0.9886293430339269,1.5333333333333334
13433,1.0,142897.0,6.998047544735019e-06,0.9878975826474018,0.012176167466331402,0.9871726140929112,0.9886225512018924,1.5334474885844749
13440,1.0,142655.0,7.0099190354351404e-06,0.9878906575653321,0.012183177385366837,0.987165567042782,0.9886157480878822,1.5342465753424657
13449,1.0,142558.0,7.014688758259796e-06,0.987883727819842,0.012190192074125097,0.987158515183786,0.9886089404558981,1.5352739726027398
13450,1.0,142556.0,7.014787171357221e-06,0.9878767980257414,0.012197206861296455,0.9871514632967376,0.9886021327547451,1.5353881278538812
13459,2.0,142519.0,1.4033216623748413e-05,0.9878629349366371,0.012211240077920203,0.9871373559627232,0.988588513910551,1.5364155251141554
13489,1.0,142001.0,7.042203928141351e-06,0.9878559782043963,0.012218282281848344,0.987130276234091,0.9885816801747016,1.5398401826484018
13490,1.0,141998.0,7.042352709193087e-06,0.9878490213741719,0.012225324634557536,0.9871231964265498,0.9885748463217939,1.5399543378995433
13492,1.0,141996.0,7.042451900053523e-06,0.9878420644949543,0.01223236708645759,0.9871161165908482,0.9885680123990603,1.5401826484018264
13519,1.0,141917.0,7.046372175285554e-06,0.9878351037921174,0.012239413458632876,0.9871090328161474,0.9885611747680874,1.5432648401826483
13541,1.0,141186.0,7.0828552406045925e-06,0.9878281070990755,0.01224649631387348,0.9871019117716598,0.9885543024264912,1.5457762557077626
13554,1.0,140826.0,7.100961470183063e-06,0.9878210925697479,0.012253597275343663,0.9870947722661926,0.9885474128733033,1.5472602739726027
13562,1.0,140804.0,7.102070963893071e-06,0.9878140769942488,0.012260699346307555,0.9870876316998252,0.9885405222886725,1.5481735159817351
13570,1.0,140778.0,7.1033826308087914e-06,0.9878070601728919,0.012267802728938364,0.9870804898656126,0.9885336304801712,1.5490867579908676
13577,1.0,140760.0,7.104290991759023e-06,0.9878000425040927,0.012274907019930123,0.9870733471764629,0.9885267378317225,1.5498858447488584
13587,1.0,140756.0,7.104492881298133e-06,0.9877930246857226,0.01228201151281142,0.9870662043556216,0.9885198450158236,1.551027397260274
13588,1.0,140755.0,7.104543355475827e-06,0.9877860068673525,0.012289116056166897,0.9870590615580878,0.9885129521766173,1.5511415525114156
13596,1.0,140752.0,7.104694782312152e-06,0.9877789889492635,0.01229622075094921,0.987051918680506,0.988506059218021,1.5520547945205478
13600,1.0,140749.0,7.104846215603663e-06,0.9877719709314521,0.012303325597164813,0.9870447757228626,0.9884991661400415,1.552511415525114
13602,1.0,140748.0,7.104896694802058e-06,0.9877649529136406,0.012310430493859615,0.9870376327884932,0.9884922730387881,1.5527397260273972
13606,1.0,140745.0,7.105048136701126e-06,0.9877579347961024,0.012317535541996317,0.9870304897740363,0.9884853798181685,1.5531963470319634
13619,1.0,140738.0,7.105401526240248e-06,0.987750916379365,0.012324640943522557,0.9870233464727645,0.9884784862859655,1.5546803652968038
13628,1.0,140707.0,7.106966959710604e-06,0.9877438964662378,0.012331747910482267,0.987016201644,0.9884715912884757,1.5557077625570777
13631,1.0,140693.0,7.107674155786002e-06,0.9877368759044723,0.012338855584638053,0.9870090561662912,0.9884646956426535,1.5560502283105022
13642,1.0,140666.0,7.10903843146176e-06,0.9877298540450613,0.012345964623069514,0.9870019093670593,0.9884577987230633,1.5573059360730594
13646,1.0,140665.0,7.1090889702484626e-06,0.9877228321856503,0.012353073712039761,0.9869947625910803,0.9884509017802202,1.5577625570776257
13651,1.0,140664.0,7.109139509753739e-06,0.9877158103262393,0.012360182851549516,0.9869876158383424,0.9884440048141363,1.5583333333333333
13653,1.0,140661.0,7.10929113258117e-06,0.9877087883669875,0.012367292142682097,0.9869804690053683,0.9884371077286067,1.5585616438356165
13672,1.0,140641.0,7.11030211673694e-06,0.9877017654590988,0.012374402444798835,0.9869733212125434,0.9884302097056542,1.560730593607306
13681,1.0,140636.0,7.1105549077049975e-06,0.9876947423514632,0.012381512999706539,0.9869661732359412,0.9884233114669851,1.5617579908675798
13695,1.0,140628.0,7.110959410643684e-06,0.9876877188942402,0.012388623959117183,0.9869590249202754,0.988416412868205,1.5633561643835616
13722,1.0,140617.0,7.111515677336311e-06,0.987680694937543,0.01239573547479452,0.986951876110215,0.988409513764871,1.5664383561643835
13724,1.0,140616.0,7.111566251351198e-06,0.9876736709808458,0.012402847041045871,0.9869447273233516,0.98840261463834,1.5666666666666667
13726,1.0,140614.0,7.111667401538965e-06,0.9876666469741965,0.01240995870844741,0.9869375785079093,0.9883957154404837,1.5668949771689498
13731,1.0,140612.0,7.111768554604159e-06,0.9876596229175941,0.012417070477002015,0.9869304296638762,0.988388816171312,1.5674657534246574
13734,1.0,140610.0,7.111869710546903e-06,0.9876525988110375,0.012424182346712562,0.9869232807912403,0.9883819168308348,1.5678082191780822
13739,1.0,140605.0,7.112122612993848e-06,0.9876455745046557,0.012431294469325557,0.9869161317346861,0.9883750172746254,1.56837899543379
13758,1.0,139841.0,7.150978611422973e-06,0.9876385118722768,0.01243844544793698,0.9869089429821606,0.988368080762393,1.5705479452054794
13759,1.0,139791.0,7.153536350694966e-06,0.9876314467642807,0.012445598984287676,0.9869017516874209,0.9883611418411405,1.570662100456621
13782,1.0,139397.0,7.173755532758955e-06,0.9876243617377252,0.012452772739820435,0.9868945397707086,0.9883541837047417,1.5732876712328767
13786,1.0,139391.0,7.174064322660717e-06,0.9876172764570273,0.012459946804143095,0.986887327614481,0.9883472252995738,1.573744292237443
13787,1.0,139390.0,7.174115790228854e-06,0.9876101911763296,0.012467120919933324,0.9868801154821598,0.9883402668704995,1.5738584474885844
13812,1.0,139368.0,7.17524826358992e-06,0.9876031048280204,0.012474296168196914,0.9868729022671117,0.9883333073889291,1.5767123287671232
13814,1.0,139366.0,7.175351233442877e-06,0.987596018428864,0.012481471519430357,0.9868656890232547,0.9883263478344734,1.5769406392694063
13817,1.0,139362.0,7.175557182015183e-06,0.9875889318771611,0.012488647076612373,0.9868584756451629,0.9883193881091593,1.577283105022831
13832,1.0,139351.0,7.176123601552913e-06,0.9875818448169185,0.012495823200213927,0.9868512617638311,0.9883124278700058,1.5789954337899543
13835,1.0,139349.0,7.176226596531012e-06,0.9875747577058175,0.012502999426810458,0.9868440478536519,0.9883054675579831,1.5793378995433789
13857,1.0,139337.0,7.176844628490638e-06,0.9875676700352224,0.012510176271438947,0.9868368333874055,0.9882985066830393,1.5818493150684931
13862,1.0,139332.0,7.177102173226538e-06,0.9875605821611516,0.012517353373612174,0.9868296187341061,0.9882915455881971,1.5824200913242008
13863,1.0,139330.0,7.177205196296562e-06,0.9875534942362096,0.01252453057880847,0.9868224040519206,0.9882845844204987,1.5825342465753425
13868,1.0,139327.0,7.177359736447351e-06,0.9875464062095225,0.012531707938544918,0.9868151892881066,0.9882776231309384,1.5831050228310501
13869,1.0,139325.0,7.177462766911896e-06,0.9875393181319614,0.01253888540131183,0.9868079744953814,0.9882706617685414,1.5832191780821918
13870,1.0,139323.0,7.177565800334475e-06,0.9875322300035251,0.012546062967112165,0.9868007596737323,0.9882637003333179,1.5833333333333333
13885,1.0,139310.0,7.178235589692053e-06,0.9875251412645257,0.012553241202701857,0.9867935442430424,0.988256738286009,1.5850456621004567
13893,1.0,139301.0,7.178699363249366e-06,0.9875180521184229,0.012560419902065106,0.9867863284141911,0.9882497758226547,1.585958904109589
13908,1.0,139287.0,7.179420907909568e-06,0.9875109623106726,0.012567599322973015,0.986779111923345,0.9882428126980002,1.5876712328767124
13913,1.0,139279.0,7.179833284271139e-06,0.9875038721465969,0.012574779156257286,0.9867718950869602,0.9882358492062335,1.58824200913242
13923,1.0,139040.0,7.192174913693901e-06,0.9874967698460204,0.01258197133117098,0.9867646656949285,0.9882288739971123,1.5893835616438357
13931,1.0,138606.0,7.214694890553078e-06,0.9874896453581206,0.012589186026061534,0.9867574133279241,0.988221877388317,1.590296803652968
13935,1.0,138442.0,7.223241501856373e-06,0.9874825124819316,0.01259640926756339,0.986750152289397,0.9882148726744663,1.5907534246575343
13938,1.0,138299.0,7.2307102726700844e-06,0.9874753722819846,0.012603639977836058,0.9867428836827439,0.9882078608812253,1.591095890410959
13951,1.0,137997.0,7.246534344949528e-06,0.9874682165077846,0.012610886512181008,0.9867355989540467,0.9882008340615225,1.592579908675799
13959,1.0,137986.0,7.247112025857696e-06,0.9874610602149976,0.012618133624206865,0.9867283137122929,0.9881938067177023,1.5934931506849315
13967,1.0,137981.0,7.24737463853719e-06,0.9874539037147533,0.012625380998845403,0.9867210282800489,0.9881867791494576,1.594406392694064
13982,1.0,137975.0,7.2476897988766085e-06,0.9874467469551684,0.012632628688644279,0.9867137426035152,0.9881797513068217,1.5961187214611872
13984,1.0,137972.0,7.24784738932537e-06,0.9874395900918413,0.012639876536033604,0.9867064568440018,0.9881727233396809,1.5963470319634703
14006,1.0,137943.0,7.249371117055596e-06,0.9874324317757971,0.01264712590715066,0.9866991696029391,0.988165693948655,1.5988584474885845
14024,1.0,137933.0,7.249896688972182e-06,0.9874252729926793,0.012654375803839633,0.9866918819022072,0.9881586640831515,1.6009132420091323
14025,1.0,137931.0,7.250001812500453e-06,0.9874181141576605,0.012661625805652133,0.9866845941722319,0.988151634143089,1.601027397260274
14032,1.0,137922.0,7.25047490610635e-06,0.9874109549074019,0.012668876280558239,0.986677306036312,0.9881446037784919,1.6018264840182648
14038,1.0,137904.0,7.2514212785705996e-06,0.9874037947745928,0.01267612770183681,0.9866700170099616,0.9881375725392241,1.6025114155251141
14054,1.0,137883.0,7.252525692072264e-06,0.9873966336032027,0.012683380227528882,0.9866627269314187,0.9881305402749868,1.604337899543379
14082,1.0,137868.0,7.2533147648475355e-06,0.9873894717046215,0.01269063354229373,0.986655436123516,0.9881235072857271,1.6075342465753424
14092,1.0,137863.0,7.253577827263297e-06,0.9873823095982427,0.012697887120120994,0.9866481451247258,0.9881164740717596,1.608675799086758
14118,2.0,137839.0,1.4509681585037616e-05,0.9873679829953278,0.012712396801706032,0.9866335607228011,0.9881024052678545,1.6116438356164384
14121,1.0,137833.0,7.255156602555266e-06,0.9873608194859868,0.012719651958308587,0.9866262683431132,0.9880953706288603,1.611986301369863
14135,1.0,137821.0,7.255788305120409e-06,0.9873536554048998,0.012726907746613707,0.9866189753952012,0.9880883354145985,1.6135844748858448
14145,1.0,137812.0,7.256262154239108e-06,0.9873464909079372,0.012734164008767947,0.9866116820406546,0.9880812997752199,1.6147260273972603
14150,2.0,137810.0,1.4512734924896597e-05,0.9873321618100357,0.012748676743692844,0.9865970952972595,0.9880672283228119,1.615296803652968
14156,1.0,137804.0,7.256683405416389e-06,0.9873249970531215,0.01275593342709826,0.9865898017466881,0.9880601923595549,1.6159817351598174
14167,1.0,137792.0,7.257315373896888e-06,0.9873178317242414,0.012763190742472157,0.9865825076276327,0.9880531558208501,1.6172374429223744
14173,1.0,137789.0,7.257473383216367e-06,0.9873106662913568,0.012770448215855374,0.9865752134252184,0.9880461191574952,1.6179223744292237
14181,1.0,137784.0,7.257736747372699e-06,0.9873035006504529,0.012777705952602747,0.9865679190316048,0.988039082269301,1.6188356164383562
14199,1.0,137771.0,7.258421583642421e-06,0.9872963343854142,0.01278496437418639,0.9865606240154071,0.9880320447554213,1.6208904109589042
14205,1.0,137763.0,7.2588430855890184e-06,0.9872891677562439,0.012792223217271978,0.9865533286461609,0.9880250068663269,1.6215753424657535
14211,1.0,137755.0,7.259264636492324e-06,0.9872820007629024,0.01279948248190847,0.9865460329238189,0.9880179686019859,1.6222602739726026
14232,1.0,137735.0,7.260318727992159e-06,0.9872748327809024,0.012806742800636463,0.9865387362009933,0.9880109293608116,1.6246575342465754
14246,1.0,137724.0,7.260898608811826e-06,0.9872676642784426,0.012814003699245275,0.9865314389630488,0.9880038895938363,1.626255707762557
14252,1.0,137720.0,7.2611094975312225e-06,0.9872604956198289,0.012821264808742806,0.9865241415876415,0.9879968496520163,1.6269406392694064
14257,1.0,137718.0,7.261214946484846e-06,0.987253326909162,0.012828526023689292,0.986516844182677,0.987989809635647,1.6275114155251142
14260,2.0,137716.0,1.4522640797002528e-05,0.9872389893837196,0.012843048664486293,0.9865022493379877,0.9879757294294514,1.6278538812785388
14264,1.0,137711.0,7.2615840419429095e-06,0.9872318204648286,0.012850310248528236,0.9864949517903098,0.9879686891393474,1.628310502283105
14268,1.0,137691.0,7.262638807184202e-06,0.9872246505566975,0.01285757288733542,0.986487653241518,0.987961647871877,1.6287671232876713
14272,1.0,137671.0,7.2636938788851685e-06,0.9872174796590462,0.012864836581214305,0.9864803536913243,0.9879546056267681,1.6292237442922375
14278,1.0,137642.0,7.265224277473446e-06,0.9872103073026457,0.012872101805491778,0.9864730526533163,0.9879475619519751,1.6299086757990868
14297,1.0,137624.0,7.266174504446899e-06,0.9872031340602803,0.012879367979996224,0.9864657507212626,0.9879405173992979,1.6320776255707763
14306,1.0,137609.0,7.26696655015297e-06,0.9871959600881268,0.012886634946546377,0.9864584480570606,0.987933472119193,1.6331050228310502
14309,1.0,137597.0,7.267600311053293e-06,0.9871887855424603,0.01289390254685743,0.9864511448227068,0.9879264262622137,1.633447488584475
14313,1.0,137564.0,7.269343723648629e-06,0.987181609327858,0.012901171890581079,0.9864438398826653,0.9879193787730508,1.6339041095890412
14316,1.0,137516.0,7.271881090200413e-06,0.9871744306605806,0.01290844377167128,0.9864365324244997,0.9879123288966616,1.6342465753424658
14326,1.0,137385.0,7.278815008916548e-06,0.9871672452005182,0.012915722586680195,0.9864292179490716,0.9879052724519649,1.6353881278538813
14353,1.0,136548.0,7.3234320531974105e-06,0.9871600157482728,0.012923046018733392,0.9864218578886877,0.9878981736078579,1.6384703196347032
14360,1.0,136510.0,7.325470661490001e-06,0.9871527843365393,0.012930371489394882,0.9864144958216179,0.9878910728514607,1.639269406392694
14361,1.0,136509.0,7.325524324403519e-06,0.9871455529248058,0.012937697013719286,0.9864071337796193,0.9878839720699922,1.6393835616438357
14373,1.0,136499.0,7.326060996783859e-06,0.9871383210362724,0.01294502307471607,0.9863997712683007,0.9878768708042441,1.6407534246575342
14381,1.0,136491.0,7.326490391307852e-06,0.9871310887768485,0.012952349565107378,0.9863924083974708,0.9878697691562263,1.6416666666666666
14387,1.0,136485.0,7.326812470234824e-06,0.9871238562524774,0.012959676377577613,0.9863850452769716,0.9878626672279833,1.642351598173516
14394,1.0,136478.0,7.327188264775275e-06,0.9871166234101421,0.012967003565842388,0.986377681851824,0.9878555649684602,1.643150684931507
14407,1.0,136471.0,7.327564097866946e-06,0.987109390249812,0.012974331129940255,0.9863703181219892,0.9878484623776349,1.644634703196347
14408,1.0,136470.0,7.3276177914559974e-06,0.9871021570894819,0.012981658747731712,0.9863629544171701,0.9878413597617937,1.6447488584474885
14411,1.0,136469.0,7.327671485831947e-06,0.9870949239291518,0.012988986419217544,0.9863555907373539,0.9878342571209496,1.6450913242009133
14414,2.0,136465.0,1.4655772542410141e-05,0.9870804572904689,0.013003642191759954,0.9863408631229436,0.9878200514579942,1.6454337899543379
14425,1.0,136461.0,7.328101069169946e-06,0.9870732238651144,0.013010970292829124,0.9863334992432768,0.987812948486952,1.6466894977168949
14442,1.0,136407.0,7.331002074673587e-06,0.9870659876292623,0.013018301294903797,0.9863261324745941,0.9878058427839306,1.6486301369863015
14505,1.0,136340.0,7.334604664808567e-06,0.987058747890465,0.013025635899568606,0.9863187620989462,0.9877987336819838,1.6558219178082192
14529,1.0,136317.0,7.3358421913627795e-06,0.9870515069832568,0.013032971741759969,0.9863113905368676,0.9877916234296461,1.6585616438356163
14538,1.0,136312.0,7.3361112741358065e-06,0.9870442658635683,0.013040307853034104,0.9863040187795005,0.9877845129476361,1.6595890410958904
14539,1.0,136309.0,7.336272733275132e-06,0.9870370246376341,0.01304764412576738,0.9862966469369823,0.9877774023382859,1.659703196347032
14559,1.0,136288.0,7.337403146278469e-06,0.987029782349064,0.013054981528913658,0.9862892740176987,0.9877702906804293,1.661986301369863
14580,1.0,136280.0,7.337833871441151e-06,0.987022539688495,0.0130623193627851,0.9862819007377173,0.9877631786392727,1.6643835616438356
14584,1.0,136277.0,7.337995406414875e-06,0.9870152969216327,0.013069657358191515,0.9862745273725184,0.987756066470747,1.6648401826484018
14607,1.0,136271.0,7.338318497699437e-06,0.9870080538890217,0.013076995676689214,0.9862671537567667,0.9877489540212767,1.6674657534246575
14610,1.0,136268.0,7.338480054011213e-06,0.9870008107501052,0.013084334156743226,0.9862597800557646,0.9877418414444457,1.667808219178082
14616,1.0,136265.0,7.3386416174366125e-06,0.986993567504879,0.013091672798360663,0.9862524062694971,0.9877347287402609,1.6684931506849314
14622,1.0,136257.0,7.339072488018964e-06,0.9869863238875418,0.013099011870848682,0.9862450321223732,0.9877276156527104,1.6691780821917808
14631,1.0,136244.0,7.3397727606353305e-06,0.9869790796322065,0.013106351643609317,0.9862376573387199,0.9877205019256932,1.6702054794520549
14640,1.0,136204.0,7.341928284044521e-06,0.9869718333025861,0.013113693571893362,0.9862302804294149,0.9877133861757573,1.6712328767123288
14656,1.0,136169.0,7.343815405855959e-06,0.9869645851636315,0.013121037387299217,0.9862229016691643,0.9877062686580987,1.6730593607305937
14681,1.0,136150.0,7.344840249724568e-06,0.9869573360664213,0.013128382227548942,0.9862155219403655,0.9876991501924771,1.6759132420091325
14684,1.0,136144.0,7.345163944059231e-06,0.9869500867029821,0.013135727391493001,0.9862081419605034,0.9876920314454608,1.676255707762557
14689,1.0,136139.0,7.345433711133474e-06,0.986942837126544,0.013143072825204135,0.9862007617847577,0.9876849124683302,1.676826484018265
14703,1.0,136130.0,7.345919341805627e-06,0.9869355871240675,0.013150418744545941,0.9861933811922458,0.9876777930558892,1.6784246575342465
14713,1.0,136127.0,7.346081232966274e-06,0.9869283370150728,0.013157764825778908,0.9861860005142304,0.9876706735159151,1.679566210045662
14717,1.0,136125.0,7.346189164370983e-06,0.9869210868528173,0.01316511101494328,0.9861786198059161,0.9876635538997185,1.6800228310502283
14723,1.0,136119.0,7.346512977615175e-06,0.9869138364242449,0.013172457527920895,0.9861712388464036,0.9876564340020862,1.6807077625570777
14740,1.0,136111.0,7.3469447730161415e-06,0.986906585622793,0.013179804472693912,0.9861638575252061,0.9876493137203799,1.682648401826484
14745,1.0,136108.0,7.347106709377847e-06,0.9868993347147963,0.013187151579403289,0.9861564761184385,0.9876421933111541,1.6832191780821917
14750,1.0,136106.0,7.347214670918255e-06,0.9868920837535256,0.013194498794074206,0.9861490946813177,0.9876350728257334,1.6837899543378996
14777,1.0,136090.0,7.34807847747814e-06,0.9868848319930453,0.013201846872551685,0.9861417124404955,0.9876279515455951,1.6868721461187215
14781,1.0,136074.0,7.348942487176095e-06,0.9868775794331736,0.013209195815038861,0.9861343293957832,0.987620829470564,1.6873287671232877
14786,1.0,136056.0,7.349914740989004e-06,0.986870325967105,0.01321654572977985,0.9861269454364523,0.9876137064977577,1.6878995433789954
14792,1.0,136040.0,7.350779182593355e-06,0.986863071701257,0.013223896508962444,0.9861195606728299,0.987606582729684,1.6885844748858447
14794,1.0,136030.0,7.351319561861354e-06,0.9868558169554531,0.013231247828524305,0.9861121754364851,0.9875994584744211,1.6888127853881278
14797,1.0,136021.0,7.35180597113681e-06,0.9868485617829654,0.01323859963449544,0.9861047897826414,0.9875923337832895,1.6891552511415524
14800,1.0,136013.0,7.352238388977524e-06,0.9868413062370853,0.013245951872884418,0.9860974037665415,0.9875852087076291,1.6894977168949772
14815,1.0,135994.0,7.353265585246408e-06,0.9868340497308701,0.013253305138469665,0.9860900167796892,0.9875780826820509,1.6912100456621004
14839,1.0,135984.0,7.353806330156489e-06,0.9868267927443884,0.013260658944799822,0.9860826293197782,0.9875709561689987,1.6939497716894978
14863,1.0,135978.0,7.3541308152789425e-06,0.9868195354910625,0.0132680130756151,0.9860752416080594,0.9875638293740656,1.696689497716895
14882,1.0,135922.0,7.3571607245331885e-06,0.9868122753011338,0.013275370236339634,0.9860678508767735,0.9875566997254941,1.6988584474885844
14884,1.0,135871.0,7.359922279220731e-06,0.9868050124394835,0.013282730158618854,0.9860604574005303,0.9875495674784367,1.6990867579908675
14890,1.0,135546.0,7.377569238487303e-06,0.9867977322171793,0.013290107727857341,0.9860530459503827,0.9875424184839758,1.6997716894977168
14896,1.0,135026.0,7.405981070312384e-06,0.9867904240118542,0.013297513708927653,0.9860456055106627,0.9875352425130458,1.7004566210045662
14900,1.0,134652.0,7.4265514065888364e-06,0.9867830955620428,0.013304940260334241,0.9860381441031969,0.9875280470208887,1.7009132420091324
14919,1.0,133919.0,7.467200322583054e-06,0.9867757270549933,0.013312407460656825,0.9860306411767903,0.9875208129331963,1.7030821917808219
14930,1.0,133890.0,7.468817686160281e-06,0.9867683570069907,0.013319876278342985,0.9860231366783505,0.9875135773356309,1.7043378995433789
14932,1.0,133882.0,7.469263978727536e-06,0.9867609865736463,0.013327345542321713,0.9860156318065243,0.9875063413407683,1.704566210045662
14939,1.0,133855.0,7.470770609988421e-06,0.9867536147086687,0.0133348163129317,0.9860081254760604,0.987499103941277,1.705365296803653
14959,1.0,133764.0,7.4758529948267095e-06,0.986746237883703,0.013342292165926528,0.9860006140272064,0.9874918617401995,1.707648401826484
14962,1.0,133761.0,7.476020663721115e-06,0.9867388609484387,0.01334976818659025,0.9859931024903021,0.9874846194065752,1.7079908675799087
14963,1.0,133759.0,7.476132447162434e-06,0.9867314839580235,0.013357244319037412,0.9859855909225367,0.9874773769935102,1.7081050228310501
14967,1.0,133742.0,7.477082741397617e-06,0.9867241060850743,0.01336472140177881,0.985978078465708,0.9874701337044407,1.7085616438356164
15006,2.0,133667.0,1.4962556203101737e-05,0.98670934217018,0.01337968395798191,0.9859630451578784,0.9874556391824817,1.713013698630137
15009,1.0,133663.0,7.481501986338777e-06,0.9867019601022766,0.013387165459968249,0.9859555284289387,0.9874483917756145,1.7133561643835618
15028,1.0,133648.0,7.482341673650185e-06,0.986694577261081,0.0133946478016419,0.985948010924262,0.9874411435979,1.7155251141552512
15040,1.0,133641.0,7.482733592235916e-06,0.9866871940884225,0.013402130535234135,0.9859404931021253,0.9874338950747198,1.7168949771689497
15049,1.0,133634.0,7.48312555188051e-06,0.9866798105842688,0.013409613660786015,0.9859329749624872,0.9874266462060504,1.7179223744292238
15054,2.0,133629.0,1.4966811096393748e-05,0.9866650431339312,0.013424580471882408,0.9859179383036891,0.9874121479641733,1.7184931506849315
15059,1.0,133623.0,7.483741571436055e-06,0.9866576591877309,0.013432064213453844,0.9859104197844895,0.9874048985909722,1.7190639269406394
15074,1.0,133614.0,7.484245662879639e-06,0.9866502747994244,0.013439548459116723,0.9859029008330251,0.9873976487658236,1.7207762557077626
15075,1.0,133613.0,7.484301677232006e-06,0.9866428904111179,0.013447032760793955,0.9858953819078397,0.9873903989143961,1.720890410958904
15093,1.0,133604.0,7.484805844136403e-06,0.9866355055806456,0.013454517566638092,0.9858878625503108,0.9873831486109804,1.722945205479452
15097,1.0,133600.0,7.48502994011976e-06,0.9866281205843463,0.013462002596578211,0.9858803430470463,0.9873758981216464,1.7234018264840183
15116,1.0,133593.0,7.485422140381607e-06,0.9866207352563682,0.013469488018718593,0.9858728232260177,0.9873686472867187,1.7255707762557078
15132,1.0,133589.0,7.485646273271003e-06,0.9866133497625381,0.013476973664991863,0.9858653032592082,0.987361396265868,1.7273972602739727
15135,1.0,133587.0,7.485758344749115e-06,0.9866059642134221,0.013484459423336613,0.985857783261282,0.9873541451655621,1.7277397260273972
15140,1.0,133585.0,7.485870419583037e-06,0.9865985786090188,0.013491945293756196,0.9858502632322248,0.9873468939858128,1.7283105022831051
15142,1.0,133583.0,7.4859824977729204e-06,0.986591192949327,0.013499431276253969,0.9858427431720224,0.9873396427266316,1.7285388127853882
15153,1.0,133574.0,7.486486891161453e-06,0.986583806847294,0.01350691776314513,0.9858352226792321,0.9873323910153559,1.7297945205479452
15155,1.0,133572.0,7.486598987811817e-06,0.9865764206899642,0.013514404362132942,0.9858277021552675,0.9873251392246609,1.7300228310502284
15159,1.0,133568.0,7.486823191183517e-06,0.9865690343667379,0.013521891185324125,0.9858201814854091,0.9873178872480668,1.7304794520547946
15165,1.0,133561.0,7.4872155793981774e-06,0.9865616477116936,0.013529378400903524,0.9858126604975643,0.9873106349258229,1.731164383561644
15183,1.0,133554.0,7.4876080087455266e-06,0.9865542607247991,0.01353686600891227,0.9858051391916923,0.9873033822579059,1.7332191780821917
15193,1.0,133551.0,7.487776205344774e-06,0.9865468736272804,0.013544353785117615,0.9857976177972225,0.9872961294573384,1.7343607305936073
15205,1.0,133540.0,7.48839299086416e-06,0.9865394859765868,0.013551842178108479,0.9857900958551692,0.9872888760980044,1.735730593607306
15209,1.0,133537.0,7.488561222732277e-06,0.9865320982152475,0.01355933073933121,0.9857825738244782,0.9872816226060167,1.7361872146118722
15216,1.0,133527.0,7.489122050222052e-06,0.9865247099559575,0.013566819861381432,0.9857750513034639,0.9872743686084512,1.736986301369863
15226,1.0,133520.0,7.489514679448772e-06,0.9865173213646606,0.013574309376060882,0.985767528464221,0.9872671142651003,1.7381278538812786
15237,1.0,133515.0,7.489795154102535e-06,0.9865099325520077,0.013581799171214983,0.9857600054214969,0.9872598596825185,1.7393835616438356
15250,1.0,133506.0,7.490300061420461e-06,0.9865025432965994,0.013589289471276404,0.9857524819456721,0.9872526046475266,1.7408675799086757
15253,1.0,133504.0,7.4904122722914665e-06,0.9864951539858424,0.013596779883548696,0.9857449584385126,0.9872453495331722,1.7412100456621005
15277,2.0,133485.0,1.4982956886541559e-05,0.9864803733714815,0.013611762840435238,0.9857299094356222,0.9872308373073408,1.7439497716894976
15305,1.0,133477.0,7.491927448174592e-06,0.9864729827320952,0.013619254767883412,0.9857223846287239,0.9872235808354665,1.7471461187214612
15323,1.0,133473.0,7.492151970810576e-06,0.9864655919265934,0.013626746919854223,0.9857148596755839,0.987216324177603,1.7492009132420092
15330,1.0,133471.0,7.4922642371751164e-06,0.9864582010657179,0.013634239184091398,0.9857073346910367,0.9872090674403992,1.75
15363,1.0,133380.0,7.49737591842855e-06,0.9864508052177567,0.013641736560009826,0.9856998045605981,0.9872018058749154,1.7537671232876713
15364,1.0,133345.0,7.499343807416851e-06,0.9864434074840194,0.013649235903817244,0.9856922725005417,0.987194542467497,1.7538812785388127
15382,1.0,132450.0,7.550018875047188e-06,0.9864359598176736,0.013656785922692292,0.9856846886767556,0.9871872309585916,1.7559360730593607
15393,1.0,132353.0,7.555552197532356e-06,0.9864285067492897,0.013664341474889824,0.9856770992760524,0.987179914222527,1.7571917808219177
15431,1.0,132274.0,7.560064714153953e-06,0.9864210492859429,0.013671901539603978,0.9856695053430837,0.987172593228802,1.761529680365297
15445,1.0,132260.0,7.5608649629517614e-06,0.9864135910895927,0.01367946240456693,0.9856619106766146,0.9871652715025708,1.7631278538812785
15447,1.0,132259.0,7.560922130062982e-06,0.9864061328932424,0.013687023326696994,0.9856543160370235,0.9871579497494614,1.7633561643835616
15462,1.0,132208.0,7.563838799467506e-06,0.9863986718762624,0.013694587165496461,0.9856467184983231,0.9871506252542017,1.765068493150685
15464,1.0,132196.0,7.5645254016762985e-06,0.9863912102384529,0.013702151690898138,0.9856391203424953,0.9871433001344104,1.765296803652968
15471,1.0,132186.0,7.56509766541086e-06,0.9863837480926111,0.01370971678856355,0.9856315216865467,0.9871359744986755,1.766095890410959
15481,1.0,132174.0,7.56578449619441e-06,0.9863762853257424,0.013717282573059745,0.9856239224132581,0.9871286482382267,1.7672374429223745
15485,1.0,132173.0,7.565841737722531e-06,0.9863688225588737,0.013724848414797467,0.9856163231668403,0.9871213219509071,1.7676940639269407
15499,1.0,132169.0,7.566070712496879e-06,0.9863613596226136,0.013732414485509964,0.9856087237715644,0.9871139954736629,1.7692922374429223
15514,1.0,132167.0,7.56618520508145e-06,0.9863538966298876,0.013739980670715045,0.985601124344559,0.9871066689152161,1.7710045662100458
15518,1.0,132166.0,7.566242452673153e-06,0.9863464336371616,0.013747546913167718,0.985593524944384,0.9870993423299391,1.7714611872146118
15520,1.0,132165.0,7.566299701131162e-06,0.9863389706444355,0.013755113212868849,0.9855859255710248,0.9870920157178463,1.7716894977168949
15538,1.0,132155.0,7.566872233362339e-06,0.9863315071434658,0.013762680085102211,0.9855783256972642,0.9870846885896675,1.773744292237443
15541,1.0,132154.0,7.566929491350999e-06,0.9863240436424963,0.013770247014593562,0.9855707258502977,0.9870773614346948,1.7740867579908677
15543,1.0,132151.0,7.5671012705163035e-06,0.9863165800285725,0.013777814115864078,0.9855631259129441,0.9870700341442008,1.7743150684931508
15559,2.0,132136.0,1.5135920566688865e-05,0.9863016512191636,0.013792950036430766,0.985547924478003,0.9870553779603242,1.7761415525114155
15567,1.0,132125.0,7.568590350047304e-06,0.986294186306004,0.013800518626780814,0.9855403232732552,0.9870480493387527,1.777054794520548
15569,1.0,132120.0,7.568876778686043e-06,0.9862867211668404,0.0138080875035595,0.9855327218608219,0.9870407204728588,1.777283105022831
15571,1.0,132116.0,7.569105937206697e-06,0.9862792558581633,0.013815656609496706,0.9855251202992887,0.9870333914170379,1.7775114155251142
15572,1.0,132115.0,7.569163229005034e-06,0.9862717905494864,0.013823225772725711,0.9855175187644739,0.987026062334499,1.7776255707762556
15573,1.0,132114.0,7.569220521670679e-06,0.9862643252408094,0.013830794993247382,0.9855099172563627,0.9870187332252561,1.7777397260273973
15576,1.0,132109.0,7.569506998009219e-06,0.9862568597060977,0.01383836450024539,0.9855023155404876,0.9870114038717077,1.7780821917808218
15577,1.0,132106.0,7.569678894221307e-06,0.9862493940583624,0.013845934179139612,0.9854947137340585,0.9870040743826664,1.7781963470319635
15579,1.0,132105.0,7.569736194693615e-06,0.9862419284106273,0.013853503915334306,0.9854871119542947,0.9869967448669599,1.7784246575342466
15583,1.0,132103.0,7.569850798240766e-06,0.9862344627063783,0.013861073766132548,0.9854795101425642,0.9869894152701923,1.7788812785388128
15604,1.0,132096.0,7.570251937984496e-06,0.9862269966630257,0.013868644018070532,0.9854719080057467,0.9869820853203047,1.7812785388127854
15623,1.0,132090.0,7.570595805889923e-06,0.9862195303370611,0.013876214613876421,0.985464305602428,0.9869747550716942,1.7834474885844749
15635,1.0,132086.0,7.570825068515967e-06,0.9862120638415177,0.013883785438944937,0.9854567030498386,0.9869674246331969,1.7848173515981736
15636,1.0,132084.0,7.570939705036189e-06,0.986204597289446,0.013891356378649973,0.985449100465223,0.9869600941136689,1.784931506849315
15639,1.0,132080.0,7.571168988491823e-06,0.9861971305677827,0.013898927547638464,0.9854414977313001,0.9869527634042653,1.7852739726027398
15650,2.0,132077.0,1.5142681920394921e-05,0.9861821968983238,0.013914070229558859,0.9854262921086392,0.9869381016880083,1.7865296803652968
15677,1.0,131610.0,7.598206823189727e-06,0.9861747036820264,0.013921668436382048,0.9854186619731076,0.9869307453909453,1.7896118721461187
15707,1.0,131113.0,7.627008763433069e-06,0.9861671821189192,0.01392929544514548,0.9854110024582848,0.9869233617795535,1.7930365296803652
15723,1.0,130951.0,7.63644416613848e-06,0.9861596513082944,0.013936931889311619,0.985403333376833,0.9869159692397559,1.79486301369863
15729,1.0,130935.0,7.637377324626723e-06,0.986152119634935,0.013944569266636245,0.985395663427741,0.986908575842129,1.7955479452054794
15732,1.0,130933.0,7.637493985473486e-06,0.9861445879040526,0.013952206760621718,0.9853879934463975,0.9869011823617077,1.795890410958904
15757,1.0,130868.0,7.641287404101843e-06,0.9861370524898344,0.01395984804802582,0.9853803196710902,0.9868937853085786,1.798744292237443
15766,1.0,130867.0,7.641345793821208e-06,0.9861295170756162,0.013967489393819641,0.9853726459232344,0.9868863882279981,1.799771689497717
15775,1.0,130862.0,7.641637755803824e-06,0.9861219814310664,0.013975131031575445,0.9853649719638521,0.9868789908982808,1.8007990867579908
15781,2.0,130861.0,1.52833923017553e-05,0.9861069101419668,0.0139904144238772,0.9853496241273467,0.9868641961565869,1.8014840182648402
15783,1.0,130859.0,7.641812943702764e-06,0.986099374497417,0.013998056236820903,0.9853419502501936,0.9868567987446405,1.8017123287671233
15784,1.0,130858.0,7.641871341454095e-06,0.9860918388528672,0.014005698108162358,0.98533427640042,0.9868494013053144,1.801826484018265
15791,1.0,130831.0,7.64344841818835e-06,0.9860843017107613,0.014013341556580546,0.9853266010243843,0.9868420023971384,1.8026255707762557
15804,1.0,130791.0,7.645786025032303e-06,0.9860767623211878,0.014020987342605578,0.9853189233440984,0.9868346012982772,1.8041095890410959
15807,1.0,130789.0,7.645902942908042e-06,0.9860692228739688,0.014028633245548486,0.9853112456313978,0.9868272001165398,1.8044520547945206
15809,1.0,130786.0,7.646078326426375e-06,0.9860616833114555,0.014036279323874913,0.9853035678264617,0.9868197987964493,1.8046803652968038
15833,1.0,130763.0,7.647423200752506e-06,0.9860541424804611,0.014043926747075665,0.9852958887329238,0.9868123962279983,1.807420091324201
15838,1.0,130757.0,7.64777411534373e-06,0.9860466013611139,0.01405157452119101,0.9852882093676056,0.9868049933546221,1.8079908675799086
15841,1.0,130754.0,7.647949584716338e-06,0.9860390601264185,0.014059222470775725,0.9852805299099768,0.9867975903428602,1.8083333333333333
15860,1.0,130733.0,7.649178095813605e-06,0.9860315177380382,0.01406687164887154,0.9852728492828342,0.9867901861932422,1.8105022831050228
15869,1.0,130723.0,7.649763239827728e-06,0.9860239748303805,0.014074521412111367,0.9852651681443276,0.9867827815164334,1.8115296803652967
15894,1.0,130693.0,7.651519209138975e-06,0.9860164302489964,0.014082172931320506,0.9852574852968079,0.986775375201185,1.8143835616438355
15897,1.0,130692.0,7.65157775533315e-06,0.9860088856676124,0.014089824509075838,0.985249802476633,0.9867679688585917,1.8147260273972603
15910,1.0,130681.0,7.652221822606194e-06,0.9860013405089001,0.014097476730898444,0.9852421190848639,0.9867605619329363,1.8162100456621004
16005,1.0,129960.0,7.694675284702986e-06,0.9859937535487546,0.014105171406183146,0.9852343923511654,0.9867531147463439,1.827054794520548
16007,1.0,129880.0,7.69941484447182e-06,0.9859861619738121,0.014112870821027617,0.9852266608569957,0.9867456630906284,1.827283105022831
16024,1.0,129696.0,7.71033802121885e-06,0.9859785596872189,0.014120581159048837,0.9852189182758737,0.9867382010985641,1.8292237442922374
16028,1.0,129695.0,7.71039747098963e-06,0.9859709574006259,0.014128291556519826,0.9852111757228654,0.9867307390783864,1.8296803652968037
16045,2.0,129592.0,1.543305142292734e-05,0.9859557408601388,0.014143724607942753,0.9851956782830378,0.9867158034372399,1.83162100456621
16049,1.0,129530.0,7.72021925422682e-06,0.9859481290656444,0.01415144482719698,0.9851879259483015,0.9867083321829874,1.8320776255707762
16069,1.0,129444.0,7.725348413213436e-06,0.9859405122728301,0.014159170175610193,0.9851801684550029,0.9867008560906573,1.8343607305936074
16082,1.0,129435.0,7.725885579634565e-06,0.985932895009244,0.014166896061189828,0.9851724105014319,0.986693379517056,1.8358447488584475
16109,1.0,129420.0,7.726781023025808e-06,0.9859252769216609,0.014174622842212853,0.9851646517210391,0.9866859021222827,1.8389269406392694
16110,1.0,129418.0,7.726900431161045e-06,0.9859176587752135,0.014182349742644014,0.9851568929078012,0.9866784246426259,1.8390410958904109
16116,1.0,129416.0,7.727019842986957e-06,0.9859100405699006,0.014190076762487002,0.9851491340617023,0.9866709470780989,1.8397260273972602
16127,1.0,129411.0,7.72731838869957e-06,0.9859024221291145,0.014197804080875702,0.9851413749994655,0.9866634692587635,1.8409817351598174
16131,1.0,129409.0,7.727437813444196e-06,0.9858948036294574,0.014205531518689146,0.9851336159043359,0.9866559913545788,1.8414383561643837
16134,1.0,129407.0,7.72755724188027e-06,0.9858871850709279,0.014213259075931026,0.9851258567762979,0.9866485133655578,1.8417808219178082
16136,1.0,129406.0,7.727616957482651e-06,0.9858795665123984,0.014220986692888508,0.9851180976764269,0.9866410353483699,1.8420091324200913
16138,1.0,129405.0,7.72767667400796e-06,0.9858719479538689,0.014228714369562516,0.9851103386047072,0.9866335573030306,1.8422374429223745
16140,1.0,129403.0,7.727796109827439e-06,0.9858643293364647,0.014236442165672344,0.9851025795000321,0.9866260791728974,1.8424657534246576
16158,1.0,129173.0,7.741555897904361e-06,0.9858566972126515,0.014244183721570249,0.9850948064082065,0.9866185880170965,1.8445205479452054
16221,1.0,128538.0,7.779800525914515e-06,0.9858490274442,0.014251963522096163,0.985086994277184,0.986611060611216,1.8517123287671233
16278,1.0,128390.0,7.788768595685022e-06,0.985841348894255,0.014259752290691848,0.9850791730606411,0.9866035247278689,1.8582191780821917
16297,1.0,128207.0,7.799886121662623e-06,0.9858336594439996,0.014267552176813511,0.9850713405590993,0.9865959783288999,1.8603881278538812
16306,2.0,128092.0,1.5613777597351903e-05,0.985818266856493,0.014283165954410863,0.9850556614365374,0.9865808722764485,1.8614155251141553
16320,1.0,128074.0,7.807986008089074e-06,0.9858105696012589,0.014290973940418953,0.985047820921037,0.9865733182814808,1.8630136986301369
16323,1.0,128070.0,7.8082298742875e-06,0.9858028721657189,0.01429878217029324,0.9850399802475667,0.9865657640838712,1.8633561643835617
16342,1.0,128059.0,7.808900584886654e-06,0.9857951741290939,0.014306591070878127,0.985032138979353,0.9865582092788348,1.8655251141552511
16344,2.0,128058.0,1.561792312858236e-05,0.9857797780558438,0.01432220899400671,0.9850164565304019,0.9865430995812857,1.8657534246575342
16345,1.0,128055.0,7.809144508219124e-06,0.9857720799591037,0.014330018138514929,0.9850086152872346,0.9865355446309727,1.8658675799086757
16365,1.0,128033.0,7.810486358985574e-06,0.98576438059972,0.014337828624873913,0.9850007727626144,0.9865279884368257,1.8681506849315068
16367,1.0,128028.0,7.810791389383572e-06,0.9857566809997842,0.014345639416263297,0.9849929300174309,0.9865204319821375,1.86837899543379
16368,1.0,128027.0,7.81085239832223e-06,0.9857489813998482,0.01435345026866162,0.9849850873013534,0.9865128754983431,1.8684931506849316
16397,1.0,127991.0,7.813049355032776e-06,0.9857412796944048,0.014361263318016652,0.9849772424289669,0.9865053169598428,1.8718036529680366
16415,1.0,127974.0,7.814087236469908e-06,0.9857335770260527,0.014369077405253122,0.9849693965862399,0.9864977574658654,1.8738584474885844
16451,1.0,127961.0,7.814881096584116e-06,0.9857258736353554,0.014376892286349707,0.9849615500228646,0.9864901972478461,1.8779680365296805
16461,1.0,127957.0,7.815125393686942e-06,0.985718170064049,0.014384707411743393,0.9849537033011264,0.9864826368269717,1.8791095890410958
16469,1.0,127950.0,7.815552950371238e-06,0.9857104661314968,0.014392522964693764,0.9849458562335245,0.9864750760294692,1.8800228310502283
16525,1.0,127924.0,7.817141427722711e-06,0.9857027606933763,0.014400340106121486,0.9849380076323258,0.9864675137544268,1.8864155251141552
16528,1.0,127922.0,7.817263645033693e-06,0.9856950551950202,0.014408157369766519,0.9849301589976869,0.9864599513923535,1.88675799086758
16551,1.0,127906.0,7.818241521117071e-06,0.9856873487930126,0.014415975611287636,0.9849223094541955,0.9864523881318297,1.8893835616438357
16552,1.0,127904.0,7.818363772829622e-06,0.9856796423307534,0.014423793975060465,0.9849144598772298,0.9864448247842771,1.8894977168949771
16581,1.0,127883.0,7.81964764667704e-06,0.985671934663258,0.014431613622707142,0.9849066090783841,0.9864372602481318,1.8928082191780822
16585,1.0,127880.0,7.81983109164842e-06,0.9856642268752172,0.01443943345379879,0.9848987581834718,0.9864296955669625,1.8932648401826484
16598,1.0,127878.0,7.819953393077777e-06,0.9856565190269018,0.014447253407191867,0.9848909072550343,0.9864221307987693,1.8947488584474885
16604,1.0,127877.0,7.820014545227054e-06,0.9856488111785864,0.014455073421737094,0.9848830563556149,0.9864145660015579,1.8954337899543379
16607,1.0,127875.0,7.820136852394917e-06,0.9856411032699945,0.014462893558589488,0.9848752054226376,0.9864070011173515,1.8957762557077626
16620,1.0,127872.0,7.82032032032032e-06,0.9856333952408461,0.01447071387890981,0.984867354393524,0.9863994360881683,1.8972602739726028
16621,1.0,127871.0,7.820381478208507e-06,0.9856256872116977,0.014478534260388018,0.9848595033933827,0.9863918710300128,1.8973744292237442
16623,1.0,127869.0,7.820503796854594e-06,0.9856179791222686,0.014486354764184873,0.9848516523596341,0.986384305884903,1.8976027397260273
16648,1.0,127852.0,7.82154365985671e-06,0.9856102700682129,0.01449417630784473,0.9848438003536809,0.9863767397827449,1.9004566210045661
16653,1.0,127843.0,7.822094287524542e-06,0.9856025605317497,0.014501998402132255,0.984835947875998,0.9863691731875013,1.901027397260274
16654,1.0,127841.0,7.822216659757042e-06,0.9855948509349808,0.014509820618792012,0.984828095364657,0.9863616065053046,1.9011415525114155
16667,1.0,127829.0,7.822950973566249e-06,0.9855871406747821,0.014517643569765579,0.9848202421936949,0.9863540391558694,1.9026255707762556
16671,1.0,127827.0,7.823073372605161e-06,0.9855794303542655,0.014525466643138184,0.9848123889890412,0.9863464717194899,1.9030821917808218
16677,1.0,127822.0,7.823379386959991e-06,0.9855717197924658,0.014533290022525144,0.9848045355628698,0.9863389040220618,1.9037671232876712
16694,1.0,127813.0,7.823930273133406e-06,0.9855640087480511,0.014541113952798277,0.9847966816647091,0.986331335831393,1.9057077625570775
16699,1.0,127811.0,7.824052702819005e-06,0.9855562976433045,0.014548938005501097,0.984788827732807,0.9863237675538021,1.9062785388127854
16702,2.0,127810.0,1.5648227838197324e-05,0.9855408754338116,0.014564586233339295,0.9847731199555568,0.9863086309120664,1.90662100456621
16703,1.0,127808.0,7.824236354531797e-06,0.9855331643290652,0.014572410469693826,0.9847652661101766,0.9863010625479539,1.9067351598173516
16719,1.0,127803.0,7.824542459879658e-06,0.9855254529829753,0.014580235012153706,0.9847574120431407,0.98629349392281,1.9085616438356163
16733,1.0,127798.0,7.824848589179799e-06,0.985517741395525,0.014588059860742885,0.9847495577544206,0.9862859250366293,1.9101598173515981
16752,1.0,127795.0,7.825032278258148e-06,0.9855100296873878,0.014595884893021143,0.984741703369238,0.9862783560055375,1.9123287671232876
16757,1.0,127794.0,7.825093509867442e-06,0.9855023179792506,0.01460370998653101,0.9847338490128248,0.9862707869456764,1.9128995433789955
16759,1.0,127793.0,7.825154742435032e-06,0.9854946062711134,0.014611535141273446,0.9847259946851648,0.9862632178570621,1.9131278538812786
16764,1.0,127790.0,7.825338445887784e-06,0.9854868944422828,0.014619360479719333,0.9847181402609916,0.986255648623574,1.9136986301369863
16777,1.0,127788.0,7.825460919648167e-06,0.9854791825531035,0.01462718594063898,0.9847102858029148,0.9862480793032923,1.9151826484018264
16781,1.0,127786.0,7.825583397242264e-06,0.9854714706035742,0.014635011524036222,0.9847024313109182,0.9862405098962302,1.9156392694063926
16788,2.0,127785.0,1.5651289274954024e-05,0.9854560467045156,0.014650662813311177,0.9846867224129878,0.9862253709960433,1.9164383561643836
16792,1.0,127783.0,7.825767120822018e-06,0.9854483347549863,0.014658488580431998,0.9846788680070222,0.9862178015029504,1.9168949771689499
16815,1.0,127769.0,7.826624611603754e-06,0.985440622020796,0.014666315205043603,0.9846710128154466,0.9862102312261454,1.9195205479452055
16828,1.0,127764.0,7.82693090385398e-06,0.9854329090451376,0.014674142135947458,0.9846631574019377,0.9862026606883375,1.9210045662100457
16831,1.0,127763.0,7.826992165180843e-06,0.9854251960694792,0.014681969128112638,0.9846553020170574,0.986195090121901,1.9213470319634702
16834,1.0,127761.0,7.827114690711563e-06,0.9854174830334504,0.01468979624280335,0.9846474465981436,0.9861875194687573,1.921689497716895
16838,1.0,127756.0,7.827421021321894e-06,0.985409769755929,0.014697623663824672,0.9846395909572329,0.9861799485546251,1.9221461187214612
16872,1.0,127736.0,7.82864658357863e-06,0.9854020553311016,0.01470545231040825,0.984631734154363,0.9861723765078402,1.926027397260274
16892,1.0,127731.0,7.828953034110749e-06,0.9853943406646907,0.014713281263442362,0.9846238771293925,0.9861648041999889,1.928310502283105
16903,1.0,127727.0,7.829198211811128e-06,0.9853866258170808,0.014721110461654172,0.9846160199449703,0.9861572316891913,1.929566210045662
16920,1.0,127277.0,7.856879090487676e-06,0.9853788837535045,0.01472896734074466,0.9846081345460619,0.986149632960947,1.9315068493150684
16930,1.0,126798.0,7.886559724916796e-06,0.985371112504086,0.014736853900469577,0.9846002188849546,0.9861420061232175,1.932648401826484
16936,1.0,126771.0,7.888239423842993e-06,0.9853633396608292,0.01474474213989342,0.9845923015989105,0.9861343777227479,1.9333333333333333
16939,1.0,126767.0,7.888488328981518e-06,0.9853555666336244,0.0147526306282224,0.9845843841513202,0.9861267491159287,1.933675799086758
16961,1.0,126650.0,7.895775759968418e-06,0.9853477864870265,0.01476052640398237,0.9845764593435338,0.9861191136305192,1.9361872146118722
16963,1.0,126618.0,7.897771248953546e-06,0.9853400044356081,0.014768424175231323,0.9845685325880711,0.9861114762831451,1.9364155251141553
16987,1.0,126508.0,7.90463844183767e-06,0.9853322156791308,0.01477632881367316,0.9845605989023785,0.9861038324558831,1.9391552511415524
16997,1.0,126504.0,7.904888382976032e-06,0.9853244267379456,0.014784233702056136,0.9845526650545166,0.9860961884213747,1.940296803652968
16998,1.0,126503.0,7.904950870730338e-06,0.9853166377967605,0.014792138652926867,0.9845447312361958,0.9860885443573252,1.9404109589041096
17005,1.0,126502.0,7.905013359472577e-06,0.9853088488555755,0.01480004366628634,0.9845367974473997,0.9860809002637512,1.9412100456621004
17007,1.0,126498.0,7.905263324321334e-06,0.9853010597296695,0.01480794892961066,0.9845288634963777,0.9860732559629614,1.9414383561643835
17016,1.0,126487.0,7.905950809174066e-06,0.9852932699879591,0.014815854880419834,0.9845209289356692,0.9860656110402489,1.9424657534246574
17047,1.0,126473.0,7.906825962853732e-06,0.9852854794455509,0.014823761706382688,0.9845129935733581,0.9860579653177437,1.9460045662100456
17052,1.0,126471.0,7.90695100062465e-06,0.9852776888415433,0.014831668657383312,0.9845050581765924,0.9860503195064942,1.9465753424657535
17066,1.0,126466.0,7.907263612354309e-06,0.9852698979911263,0.014839575920995666,0.984497122553534,0.9860426734287185,1.948173515981735
17090,1.0,126460.0,7.907638779060572e-06,0.985262106832673,0.014847483559774726,0.984489186640207,0.986035027025139,1.9509132420091324
17098,1.0,126456.0,7.907888909976592e-06,0.9852543154893849,0.014855391448684703,0.984481250564476,0.9860273804142938,1.9518264840182649
17103,1.0,126453.0,7.908076518548394e-06,0.9852465240228678,0.01486329952520325,0.9844733143902709,0.9860197336554648,1.9523972602739725
17109,1.0,126447.0,7.908451762398476e-06,0.9852387322482585,0.01487120797696565,0.9844653779257044,0.9860120865708126,1.9530821917808219
17116,1.0,126440.0,7.908889591901297e-06,0.9852309401039036,0.014879116866557551,0.9844574411067757,0.9860044391010314,1.9538812785388129
17134,1.0,126435.0,7.909202356942302e-06,0.98522314771303,0.014887026068914493,0.9844495040613744,0.9859967913646855,1.9559360730593607
17136,1.0,126432.0,7.909390027841053e-06,0.9852153551988903,0.014894935458942334,0.984441566917413,0.9859891434803675,1.9561643835616438
17146,1.0,126429.0,7.909577707646188e-06,0.9852075625614795,0.01490284503664998,0.9844336296748729,0.985981495448086,1.9573059360730594
17150,1.0,126404.0,7.911142052466694e-06,0.9851997684445009,0.014910756178702446,0.9844256909260513,0.9859738459629505,1.9577625570776256
17161,1.0,126095.0,7.930528569729173e-06,0.9851919552895904,0.014918686707272175,0.9844177324464543,0.9859661781327265,1.9590182648401826
17166,1.0,125944.0,7.940036841770945e-06,0.9851841328291692,0.014926626744113946,0.9844097643373857,0.9859585013209526,1.9595890410958905
17171,1.0,125816.0,7.948114707191454e-06,0.9851763024726737,0.014934574858821137,0.9844017880616841,0.9859508168836634,1.9601598173515982
17182,1.0,125433.0,7.972383662991397e-06,0.9851684482692147,0.014942547242484129,0.9843937870602087,0.9859431094782206,1.9614155251141552
17214,1.0,124201.0,8.051464964050209e-06,0.9851605162199697,0.014950598707448179,0.9843857052578846,0.9859353271820548,1.965068493150685
17222,2.0,124052.0,1.612227130558153e-05,0.9851446331948477,0.01496672097875376,0.9843695220911788,0.9859197442985166,1.9659817351598174
17235,1.0,123385.0,8.104712890545853e-06,0.98513664888044,0.014974825691644305,0.9843613860980698,0.9859119116628101,1.9674657534246576
17245,1.0,122857.0,8.139544348307382e-06,0.9851286303169973,0.014982965235992612,0.9843532145573979,0.9859040460765967,1.9686073059360731
17251,1.0,122808.0,8.142792000521138e-06,0.9851206086194668,0.014991108027993133,0.9843450397933167,0.985896177445617,1.9692922374429225
17253,1.0,122790.0,8.143985666585227e-06,0.9851125858113503,0.014999252013659719,0.984336863908149,0.9858883077145516,1.9695205479452054
17273,1.0,122256.0,8.179557649522314e-06,0.9851045280261633,0.015007431571309241,0.9843286517137734,0.9858804043385533,1.9718036529680365
17285,1.0,121642.0,8.220844774008978e-06,0.9850964296347522,0.01501565241608325,0.9843203973546636,0.9858724619148408,1.9731735159817352
17287,1.0,121587.0,8.224563481293231e-06,0.9850883276466315,0.015023876979564544,0.9843121392914416,0.9858645160018213,1.9734018264840183
17304,1.0,121105.0,8.257297386565378e-06,0.985080193479358,0.01503213427695111,0.9843038478157662,0.9858565391429499,1.9753424657534246
17316,1.0,120536.0,8.296276631047985e-06,0.9850720209815692,0.015040430553582158,0.9842955165281765,0.9858485254349619,1.9767123287671233
17317,1.0,120511.0,8.297997693156642e-06,0.9850638468562115,0.015048728551275314,0.984287183583655,0.985840510128768,1.9768264840182648
17326,1.0,120449.0,8.302269010120465e-06,0.9850556685911627,0.015057030820285434,0.9842788463704837,0.9858324908118417,1.977853881278539
17329,1.0,120446.0,8.302475798283047e-06,0.9850474901903142,0.015065333296083717,0.9842705090513371,0.9858244713292914,1.9781963470319635
17331,1.0,120445.0,8.302544729959732e-06,0.9850393117894658,0.015073635840813676,0.9842621717673794,0.9858164518115522,1.9784246575342466
17353,1.0,120439.0,8.302958344057988e-06,0.9850311330490927,0.015081938799157734,0.9842538341656087,0.9858084319325767,1.9809360730593608
17354,1.0,120438.0,8.303027283747654e-06,0.9850229543087197,0.015090241826441482,0.9842454965989897,0.9858004120184496,1.9810502283105023
17370,2.0,120432.0,1.6606881891855986e-05,0.9850065961488567,0.015106848708333337,0.9842288208651057,0.9857843714326077,1.9828767123287672
17382,1.0,120427.0,8.30378569589876e-06,0.9849984168651732,0.015115152494029236,0.9842204828389931,0.9857763508913533,1.9842465753424658
17410,1.0,120414.0,8.304682179812978e-06,0.9849902367663735,0.015123457176209049,0.984212144000565,0.9857683295321821,1.9874429223744292
17415,1.0,120413.0,8.304751148131846e-06,0.9849820566675739,0.015131761927357181,0.9842038051972044,0.9857603081379434,1.9880136986301369
17417,1.0,120412.0,8.304820117596252e-06,0.9849738765687742,0.015140066747474777,0.9841954664288899,0.9857522867086586,1.98824200913242
17438,1.0,120404.0,8.305371914554334e-06,0.9849656959944032,0.015148372119389332,0.9841871272012089,0.9857442647875975,1.9906392694063928
17442,1.0,120401.0,8.30557885731846e-06,0.9849575152841433,0.01515667769824665,0.9841787878672739,0.9857362427010128,1.9910958904109588
17456,1.0,120392.0,8.306199747491528e-06,0.9849493340302786,0.01516498389799414,0.9841704480032218,0.9857282200573354,1.9926940639269406
17463,1.0,120388.0,8.30647572847792e-06,0.9849411525725418,0.01517329037372262,0.984162107962214,0.9857201971828695,1.9934931506849316
17464,1.0,120382.0,8.306889734345666e-06,0.9849329707749925,0.015181597263456964,0.9841537676029182,0.9857121739470669,1.993607305936073
17477,1.0,120327.0,8.310686712043016e-06,0.9849247853056401,0.015189907950169007,0.9841454234615572,0.985704147149723,1.9950913242009132
17483,1.0,120320.0,8.311170212765958e-06,0.9849165994281027,0.015198219120381773,0.9841370789308562,0.9856961199253492,1.9957762557077625
17486,1.0,120318.0,8.311308366163002e-06,0.9849084134825299,0.015206530428747936,0.9841287343644033,0.9856880926006565,1.9961187214611873
17487,1.0,120317.0,8.31137744458389e-06,0.984900227536957,0.01521484180619252,0.9841203898329041,0.98568006524101,1.9962328767123287
17492,1.0,120313.0,8.311653769750568e-06,0.9848920413872679,0.015223153459962271,0.9841120451241531,0.9856720376503828,1.9968036529680366
17507,1.0,120307.0,8.312068291953087e-06,0.9848838548973596,0.015231465528254225,0.9841037000966524,0.9856640096980669,1.9985159817351599
17530,1.0,120292.0,8.313104778372627e-06,0.9848756674546794,0.015239778633032598,0.9840953541136317,0.985655980795727,2.0011415525114153
17543,1.0,120289.0,8.31331210667642e-06,0.9848674798758695,0.015248091945139274,0.9840870080239972,0.9856479517277419,2.0026255707762557
17556,1.0,120286.0,8.313519445321983e-06,0.9848592921609245,0.015256405464584595,0.9840786618277253,0.9856399224941237,2.004109589041096
17561,1.0,120285.0,8.31358856050214e-06,0.9848511044459796,0.015264719053145097,0.9840703156663095,0.9856318932256496,2.0046803652968035
17562,1.0,120284.0,8.313657676831499e-06,0.9848429167310345,0.015273032710821928,0.9840619695397286,0.9856238639223405,2.004794520547945
17580,1.0,120281.0,8.31386503271506e-06,0.9848347288799464,0.015281346575854643,0.984053623306444,0.9856158344534488,2.006849315068493
17588,1.0,120279.0,8.31400327571729e-06,0.9848265409607845,0.01528966057913036,0.9840452770371936,0.9856078048843754,2.0077625570776254
17645,1.0,120256.0,8.315593400745077e-06,0.9848183515436996,0.015297976172531105,0.9840369292456823,0.9855997738417168,2.0142694063926943
17647,1.0,120246.0,8.316284949187499e-06,0.9848101615136649,0.015306292457480292,0.9840285808518133,0.9855917421755164,2.014497716894977
17649,1.0,120212.0,8.318637074501714e-06,0.9848019692353439,0.015314611094554793,0.9840202301557119,0.9855837083149759,2.0147260273972605
17660,1.0,119583.0,8.362392647784384e-06,0.9847937339345969,0.015322973487202577,0.9840118347699334,0.9855756330992604,2.0159817351598175
17674,1.0,119062.0,8.39898540256337e-06,0.984785462666401,0.01533137247260514,0.9840034020226041,0.9855675233101979,2.017579908675799
17677,1.0,119061.0,8.399055946111657e-06,0.9847771913982052,0.015339771528551252,0.983994969311377,0.9855594134850334,2.0179223744292236
17679,1.0,119060.0,8.399126490844953e-06,0.9847689201300093,0.015348170655042096,0.9839865366362294,0.9855513036237892,2.018150684931507
17689,1.0,119057.0,8.399338132155187e-06,0.9847606487228671,0.015356569993174252,0.9839781038526614,0.9855431935930727,2.0192922374429223
17691,1.0,119056.0,8.399408681628814e-06,0.9847523773157248,0.015364969401855881,0.9839696711051308,0.9855350835263189,2.0195205479452056
17699,1.0,119052.0,8.399690891375198e-06,0.9847441057001508,0.015373369092747256,0.9839612381768893,0.9855269732234123,2.020433789954338
17701,1.0,119045.0,8.400184804065689e-06,0.9847358336676783,0.01538176927755132,0.9839528048511588,0.9855188624841977,2.020662100456621
17709,1.0,118716.0,8.423464402439436e-06,0.9847275387804375,0.01539019274195376,0.9839443477962129,0.9855107297646621,2.0215753424657534
17720,1.0,118010.0,8.473858147614609e-06,0.9847191943389598,0.015398666600101373,0.9839358392410064,0.9855025494369133,2.0228310502283104
17723,1.0,117946.0,8.478456242687331e-06,0.9847108454403594,0.01540714505634406,0.9839273260870336,0.9854943647936851,2.023173515981735
17736,1.0,117882.0,8.483059330516958e-06,0.9847024920798341,0.015415628115674576,0.9839188083292975,0.9854861758303707,2.0246575342465754
17744,1.0,117842.0,8.485938799409379e-06,0.9846941359547506,0.015424114054473985,0.9839102877333301,0.9854779841761712,2.025570776255708
17750,1.0,117830.0,8.486803021301875e-06,0.9846857790495825,0.015432600857495288,0.9839017663633075,0.9854697917358576,2.026255707762557
17753,1.0,117828.0,8.486947075398038e-06,0.9846774220734898,0.015441087804570685,0.9838932449568535,0.9854615991901262,2.026598173515982
17757,1.0,117827.0,8.487019104280004e-06,0.9846690650973972,0.015449574823674966,0.9838847235877174,0.9854534066070769,2.027054794520548
17758,1.0,117826.0,8.4870911343846e-06,0.9846607081213045,0.01545806191480935,0.9838762022558759,0.985445213986733,2.0271689497716894
17761,1.0,117823.0,8.487307232034493e-06,0.9846523510033554,0.015466549222041385,0.9838676808137582,0.9854370211929525,2.027511415525114
17768,1.0,117821.0,8.487451303248148e-06,0.9846439938144756,0.015475036673344633,0.9838591593351151,0.9854288282938362,2.028310502283105
17769,1.0,117820.0,8.487523340689187e-06,0.9846356366255958,0.015483524196685323,0.9838506378937001,0.9854206353574916,2.0284246575342464
17804,1.0,117803.0,8.48874816430821e-06,0.984627278301643,0.01549201294484963,0.9838421153089063,0.9854124412943797,2.0324200913242008
17805,1.0,117801.0,8.488892284445802e-06,0.9846189199067371,0.015500501837134075,0.9838335926875166,0.9854042471259576,2.0325342465753424
17812,1.0,117796.0,8.48925260620055e-06,0.9846105612280052,0.015508991089740276,0.9838250698081042,0.9853960526479061,2.033333333333333
17828,1.0,117791.0,8.48961295854522e-06,0.9846022022654255,0.015517480702698821,0.9838165466706307,0.9853878578602203,2.035159817351598
17869,1.0,117766.0,8.491415179253775e-06,0.9845938415993397,0.015525972117878074,0.9838080217985345,0.9853796614001449,2.0398401826484016
17880,1.0,117759.0,8.491919938178823e-06,0.9845854805072652,0.015534464037816253,0.983799496520532,0.9853714644939985,2.041095890410959
17906,1.0,117742.0,8.49314603115286e-06,0.9845771182789992,0.015542957183847406,0.9837909700979545,0.9853632664600439,2.0440639269406393
17911,1.0,117741.0,8.493218165295011e-06,0.984568756050733,0.0155514504020127,0.9837824437125081,0.9853550683889579,2.044634703196347
17912,1.0,117740.0,8.493290300662476e-06,0.984560393822467,0.015559943692313363,0.9837739173641699,0.9853468702807641,2.0447488584474884
17916,1.0,117738.0,8.493434575073469e-06,0.9845520315231768,0.015568437126888436,0.9837653909790485,0.9853386720673052,2.0452054794520547
17925,1.0,117736.0,8.493578854386084e-06,0.9845436691528608,0.015576930705742823,0.983756864557121,0.9853304737486007,2.046232876712329
17935,1.0,117731.0,8.49393957411387e-06,0.9845353064984269,0.015585424645316938,0.9837483378767452,0.9853222751201086,2.047374429223744
17938,2.0,117729.0,1.6988167741168277e-05,0.984518581047493,0.015602412813058106,0.9837312844792896,0.9853058776156964,2.047716894977169
17941,1.0,117725.0,8.49437247823317e-06,0.9845102181799539,0.01561090718553634,0.9837227576882852,0.9852976786716225,2.0480593607305937
17944,1.0,117724.0,8.494444633209881e-06,0.9845018553124146,0.01561940163016955,0.9837142309342379,0.9852894796905913,2.0484018264840183
17963,1.0,117713.0,8.495238418866226e-06,0.98449349173443,0.015627896868588415,0.983705703478274,0.985281279990586,2.0505707762557077
17980,1.0,117703.0,8.495960170938718e-06,0.9844851275169357,0.015636392828759355,0.9836971753941585,0.985273079639713,2.0525114155251143
17984,1.0,117700.0,8.496176720475786e-06,0.9844767631573137,0.01564488900547983,0.9836886471991462,0.9852648791154812,2.0529680365296805
17992,1.0,117698.0,8.496321092966746e-06,0.9844683987266253,0.0156533853265728,0.9836801189671188,0.9852566784861317,2.053881278538813
18012,1.0,117663.0,8.498848406040981e-06,0.9844600318789439,0.01566188417497884,0.9836715882583863,0.9852484754995016,2.0561643835616437
18034,1.0,117244.0,8.529221111528095e-06,0.9844516352016566,0.01567041339609037,0.9836630265628753,0.9852402438404378,2.058675799086758
18053,1.0,116820.0,8.560178051703475e-06,0.9844432081203759,0.015678973574142073,0.9836544332795191,0.9852319829612327,2.0608447488584476
18054,1.0,116768.0,8.563990134283366e-06,0.9844347773584537,0.015687537564276356,0.9836458362053222,0.9852237185115853,2.0609589041095893
18063,1.0,116209.0,8.605185484773125e-06,0.9844263061145969,0.015696142749761128,0.9836371970541037,0.9852154151750901,2.061986301369863
18097,2.0,115712.0,1.728429203539823e-05,0.9844092910028347,0.015713427041796527,0.9836198433016833,0.9851987387039861,2.0658675799086756
18099,1.0,115706.0,8.642594161063386e-06,0.9844007831528442,0.01572206963595759,0.9836111661783644,0.985190400127324,2.066095890410959
18101,1.0,115704.0,8.64274355251331e-06,0.9843922752293225,0.015730712379510105,0.9836024890177945,0.9851820614408505,2.066324200913242
18111,1.0,115698.0,8.643191757852339e-06,0.9843837669381227,0.015739355571267957,0.9835938115138687,0.9851737223623767,2.0674657534246577
18133,1.0,115690.0,8.643789437289307e-06,0.9843752581321158,0.015747999360705246,0.983585133513474,0.9851653827507576,2.0699771689497717
18138,1.0,115688.0,8.643938870064311e-06,0.9843667492525593,0.01575664329957531,0.9835764554757526,0.985157043029366,2.0705479452054796
18144,1.0,115687.0,8.644013588389361e-06,0.9843582403730028,0.0157652873131637,0.9835677774772132,0.9851487032687923,2.0712328767123287
18183,1.0,115672.0,8.645134518293105e-06,0.9843497304636006,0.015773932447681993,0.9835590984462323,0.9851403624809689,2.0756849315068493
18185,1.0,115671.0,8.645209257290072e-06,0.9843412205541985,0.015782577656939283,0.9835504194544022,0.9851320216539947,2.0759132420091326
18188,1.0,115664.0,8.645732466454558e-06,0.9843327102033498,0.015791223389405737,0.9835417400423603,0.9851236803643393,2.076255707762557
18190,1.0,115655.0,8.646405257014397e-06,0.9843241992638296,0.01579986979466275,0.9835330600569014,0.9851153384707578,2.07648401826484
18199,1.0,115519.0,8.656584631099647e-06,0.9843156783780943,0.01580852637929385,0.9835243697611175,0.9851069869950712,2.077511415525114
18201,1.0,115437.0,8.662733785528036e-06,0.9843071515134116,0.015817189113079378,0.983515673283084,0.9850986297437393,2.077739726027397
18214,1.0,114658.0,8.721589422456349e-06,0.9842985667905706,0.015825910702501833,0.9835069166306003,0.9850902169505409,2.0792237442922374
18217,1.0,114548.0,8.729964730942487e-06,0.9842899738987978,0.015834640667232776,0.9834981515157529,0.9850817962818427,2.079566210045662
18246,1.0,114180.0,8.758101243650377e-06,0.9842813533875533,0.015843398768476426,0.9834893576911469,0.9850733490839597,2.0828767123287673
18267,1.0,114067.0,8.766777420288076e-06,0.9842727244120093,0.015852165545896715,0.9834805550960458,0.9850648937279728,2.0852739726027396
18274,2.0,114004.0,1.754324409669836e-05,0.9842554570753471,0.015869708789993414,0.9834629402585637,0.9850479738921305,2.0860730593607304
18278,1.0,113908.0,8.779014643396425e-06,0.9842468162822766,0.015878487804636812,0.9834541254843807,0.9850395070801725,2.0865296803652966
18280,1.0,113843.0,8.784027125075763e-06,0.9842381706315446,0.015887271831761886,0.983445305694312,0.9850310355687772,2.08675799086758
18339,1.0,112602.0,8.88083693007229e-06,0.9842294297728509,0.01589615266869196,0.9834363868050372,0.9850224727406646,2.0934931506849317
18353,1.0,112520.0,8.887308922858158e-06,0.9842206826218575,0.015905039977614818,0.9834274614052525,0.9850139038384624,2.0950913242009133
18354,1.0,112512.0,8.887940841865756e-06,0.984211934926655,0.015913927918456684,0.9834185354819238,0.9850053343713863,2.095205479452055
18365,1.0,112419.0,8.89529350020904e-06,0.9842031800726274,0.015922823211956892,0.983409602145527,0.9849967579997279,2.096461187214612
18378,1.0,112318.0,8.903292437543403e-06,0.9841944174238972,0.015931726504394436,0.9834006607336654,0.9849881741141291,2.097945205479452
18418,1.0,112100.0,8.920606601248886e-06,0.9841856378126802,0.015940647110995684,0.9833917016965997,0.9849795739287607,2.102511415525114
18434,2.0,112037.0,1.7851245570659692e-05,0.9841680688731725,0.015958498356566344,0.9833737736318962,0.9849623641144489,2.104337899543379
18435,1.0,112035.0,8.92578212165841e-06,0.9841592844034187,0.015967424138688003,0.9833648096653208,0.9849537591415166,2.1044520547945207
18441,1.0,112034.0,8.925861791956013e-06,0.9841504999336649,0.01597635000047996,0.9833558457425567,0.984945154124773,2.10513698630137
18456,1.0,112027.0,8.926419523864782e-06,0.9841417149934278,0.015985276420003827,0.9833468813734954,0.9849365486133603,2.106849315068493
18495,1.0,111626.0,8.958486374142224e-06,0.9841328985732838,0.01599423490637797,0.9833378842550125,0.9849279128915551,2.1113013698630136
18517,1.0,110819.0,9.023723368736408e-06,0.984124018030249,0.016003258629746706,0.9833288203687588,0.9849192156917391,2.1138127853881277
18518,1.0,110818.0,9.02380479705463e-06,0.9841151374872141,0.01601228243454376,0.9833197565281401,0.9849105184462882,2.1139269406392693
18536,1.0,110809.0,9.024537718055392e-06,0.984106256303037,0.016021306972261815,0.9833106920650064,0.9849018205410677,2.115981735159817
18571,1.0,110793.0,9.025840982733567e-06,0.9840973739164576,0.01603033281324455,0.9833016263944708,0.9848931214384443,2.1199771689497715
18579,1.0,110785.0,9.026492756239562e-06,0.9840884909686405,0.01603935930600079,0.9832925601846683,0.9848844217526127,2.120890410958904
18590,1.0,110771.0,9.027633586407996e-06,0.9840796069783274,0.016048386939587198,0.9832834929340831,0.9848757210225717,2.122146118721461
18591,1.0,110769.0,9.02779658568733e-06,0.9840707229078114,0.016057414736172886,0.9832744256454706,0.9848670201701522,2.1222602739726026
18592,1.0,110768.0,9.027878087534306e-06,0.9840618388372955,0.01606644261426042,0.9832653584023767,0.9848583192722142,2.1223744292237443
18594,1.0,110767.0,9.02795959085287e-06,0.9840529547667795,0.016075470573851273,0.9832562912047695,0.9848496183287894,2.122602739726027
18596,1.0,110766.0,9.028041095643067e-06,0.9840440706962635,0.016084498614946915,0.9832472240526182,0.9848409173399089,2.1228310502283105
18603,1.0,110763.0,9.028285618843839e-06,0.9840351864653317,0.016093526900565758,0.983238156778736,0.9848322161519274,2.1236301369863013
18606,1.0,110762.0,9.028367129520954e-06,0.9840263022343999,0.01610255526769528,0.9832290895502501,0.9848235149185497,2.123972602739726
18612,1.0,110760.0,9.028530155290718e-06,0.9840174179232566,0.016111583797850573,0.9832200222835495,0.9848148135629636,2.1246575342465754
18617,1.0,110756.0,9.028856224493481e-06,0.9840085333714678,0.016120612654075064,0.9832109548114362,0.9848061119314994,2.125228310502283
18619,1.0,110753.0,9.02910079185214e-06,0.98399964865924,0.016129641754866916,0.9832018872174589,0.984797410101021,2.1254566210045662
18626,1.0,110749.0,9.029426902274513e-06,0.9839907637063405,0.01613867118176919,0.9831928194179919,0.9847887079946892,2.126255707762557
18649,1.0,110734.0,9.030650026188885e-06,0.9839818776301245,0.01614770183179538,0.9831837504933321,0.9847800047669168,2.1288812785388127
18660,1.0,110727.0,9.03122093075763e-06,0.9839729910723957,0.016156733052726135,0.9831746811122066,0.9847713010325847,2.1301369863013697
18675,1.0,110442.0,9.054526357726228e-06,0.9839640816630127,0.01616578757908386,0.9831655879649505,0.984762575361075,2.131849315068493
18680,1.0,110195.0,9.074821906620083e-06,0.9839551523642092,0.016174862400990482,0.9831564741367941,0.9847538305916242,2.132420091324201
18696,1.0,109711.0,9.114856304290363e-06,0.9839461837543855,0.01618397725729477,0.9831473193838691,0.9847450481249018,2.1342465753424658
18698,1.0,109701.0,9.115687186078523e-06,0.9839372144087665,0.01619309294448085,0.9831381639108403,0.9847362649066926,2.1344748858447486
18701,1.0,109699.0,9.115853380614226e-06,0.9839282449813842,0.016202208797861464,0.9831290083993939,0.9847274815633745,2.1348173515981737
18702,1.0,109698.0,9.115936480154606e-06,0.9839192755540019,0.016211324734341618,0.9831198529347207,0.9847186981732832,2.134931506849315
18707,1.0,109658.0,9.119261704572398e-06,0.9839103029366321,0.01622044399604619,0.9831106941919053,0.9847099116813588,2.1355022831050228
18709,1.0,109641.0,9.120675659652866e-06,0.9839013290098808,0.016229564671705846,0.9831015341311123,0.9847011238886493,2.135730593607306
18710,1.0,109633.0,9.121341202010344e-06,0.9838923545101498,0.016238686012907858,0.9830923735198819,0.9846923355004177,2.1358447488584473
18718,1.0,109566.0,9.126918934706022e-06,0.9838833746043897,0.016247812931842562,0.9830832073207711,0.9846835418880082,2.13675799086758
18723,1.0,109559.0,9.127502076506722e-06,0.983874394206845,0.01625694043391907,0.9830740406559065,0.9846747477577834,2.1373287671232877
18740,1.0,109548.0,9.12841859276299e-06,0.9838654129895319,0.01626606885251183,0.9830648731834174,0.9846659527956464,2.1392694063926943
18743,1.0,109543.0,9.12883525191021e-06,0.9838564314442666,0.01627519768776374,0.983055705415902,0.9846571574726312,2.139611872146119
18759,1.0,109532.0,9.129752035934704e-06,0.9838474490790086,0.016284327439799674,0.983046536840499,0.9846483613175181,2.1414383561643837
18763,2.0,109531.0,1.825967077813587e-05,0.9838294843484924,0.01630258711057781,0.9830281998299075,0.9846307688670772,2.14189497716895
18766,1.0,109529.0,9.130002099900483e-06,0.9838205019832343,0.01631171711267771,0.9830190313946539,0.9846219725718148,2.1422374429223745
18773,1.0,109522.0,9.130585635762679e-06,0.9838115191258907,0.016320847698313472,0.983009862493185,0.9846131757585964,2.1430365296803653
18788,1.0,109516.0,9.13108586873151e-06,0.9838025358584309,0.016329978784182204,0.9830006932109131,0.9846043785059487,2.1447488584474885
18798,1.0,109508.0,9.131752931292691e-06,0.9837935520167403,0.016339110537113496,0.9829915233767748,0.9845955806567059,2.1458904109589043
18804,1.0,109505.0,9.132003104881056e-06,0.9837845680109687,0.016348242540218376,0.9829823534182147,0.9845867826037227,2.1465753424657534
18817,1.0,109501.0,9.132336690989123e-06,0.9837755837590623,0.016357374876909365,0.9829731832496895,0.984577984268435,2.148059360730594
18825,1.0,109497.0,9.132670301469447e-06,0.9837665992610052,0.016366507547210835,0.9829640128711575,0.9845691856508528,2.1489726027397262
18831,1.0,109495.0,9.13283711585004e-06,0.9837576146808941,0.016375640384326685,0.9829548424536118,0.9845603869081764,2.1496575342465754
18834,1.0,109492.0,9.133087348847404e-06,0.9837486299366691,0.016384773471675534,0.9829456719115023,0.984551587961836,2.15
18836,1.0,109490.0,9.133254178463786e-06,0.9837396451103841,0.016393906725853998,0.982936501330315,0.9845427888904533,2.1502283105022832
18880,1.0,109457.0,9.13600774733457e-06,0.9837306576573651,0.016403042733601332,0.9829273280580728,0.9845339872566574,2.1552511415525113
18882,1.0,109454.0,9.136258154110402e-06,0.9837216700401227,0.01641217899175544,0.9829181546611181,0.9845251854191273,2.1554794520547946
18887,1.0,109453.0,9.136341626086083e-06,0.9837126824228801,0.016421315333381526,0.9829089813105678,0.9845163835351924,2.156050228310502
18894,1.0,109451.0,9.136508574613297e-06,0.9837036947235223,0.01643045184195614,0.9828998079208148,0.9845075815262297,2.1568493150684933
18911,2.0,109445.0,1.8274018913609575e-05,0.9836857185035994,0.016448725860869748,0.9828814604245113,0.9844899765826876,2.1587899543378994
18924,1.0,109434.0,9.137927883473143e-06,0.9836767296544437,0.016457863788753222,0.9828722859754859,0.9844811733334016,2.16027397260274
18927,1.0,109433.0,9.138011385962187e-06,0.9836677408052881,0.016467001800139186,0.98286311157273,0.9844723700378462,2.1606164383561643
18928,1.0,109432.0,9.138094889977338e-06,0.9836587519561324,0.016476139895029163,0.9828539372162114,0.9844635666960534,2.160730593607306
18934,1.0,109428.0,9.13842892129985e-06,0.9836497628605448,0.016485278323950463,0.9828447626490968,0.9844547630719929,2.161415525114155
18942,1.0,109421.0,9.139013534879045e-06,0.9836407732720486,0.016494417337485343,0.9828355876145155,0.9844459589295816,2.1623287671232876
18943,1.0,109420.0,9.139097057210747e-06,0.9836317836835522,0.016503556434542554,0.9828264126260908,0.9844371547410136,2.1624429223744293
18954,1.0,109419.0,9.139180581069102e-06,0.9836227940950558,0.016512695615123623,0.982817237683791,0.9844283505063206,2.1636986301369863
18956,1.0,109418.0,9.139264106454148e-06,0.9836138045065594,0.016521834879230077,0.9828080627875844,0.9844195462255345,2.1639269406392696
18966,1.0,109414.0,9.139598223262106e-06,0.9836048146715795,0.016530974477453338,0.9827988876805953,0.9844107416625636,2.165068493150685
18979,1.0,109338.0,9.145951087453585e-06,0.9835958186700551,0.01654012042854079,0.9827897061938745,0.9844019311462356,2.1665525114155253
18982,1.0,109275.0,9.151223976206818e-06,0.9835868175644165,0.016549271652517,0.9827805194345225,0.9843931156943104,2.16689497716895
18987,1.0,109121.0,9.164138891689042e-06,0.9835778038382083,0.01655843579140869,0.9827713195696571,0.9843842881067594,2.1674657534246577
18988,1.0,109089.0,9.166827086140675e-06,0.9835687875505547,0.01656760261849483,0.982762117081909,0.9843754580192003,2.167579908675799
18989,1.0,109059.0,9.169348701161756e-06,0.98355976886537,0.01657677196719599,0.9827529121421115,0.9843666255886285,2.1676940639269406
18992,1.0,108980.0,9.175995595522114e-06,0.983550743725263,0.016585947962791513,0.9827437005219493,0.9843577869285767,2.168036529680365
18997,1.0,108874.0,9.18492936789316e-06,0.9835417098811522,0.016595132892159407,0.9827344798774749,0.9843489398848295,2.168607305936073
19005,1.0,108835.0,9.18822070106124e-06,0.9835326728828531,0.01660432111286047,0.9827252559925206,0.9843400897731855,2.1695205479452055
19014,1.0,108790.0,9.192021325489475e-06,0.9835236322295495,0.016613513134185957,0.9827160283451627,0.9843312361139364,2.1705479452054797
19024,1.0,108765.0,9.194134142417138e-06,0.9835145895813425,0.016622707268328374,0.9827067986655525,0.9843223804971325,2.171689497716895
19027,1.0,108703.0,9.19937812203895e-06,0.9835055418587444,0.016631906646450412,0.9826975637442916,0.9843135199731972,2.1720319634703196
19035,2.0,108502.0,1.8432839947650735e-05,0.9834874130585037,0.016650339486398064,0.9826790592792115,0.984295766837796,2.172945205479452
19048,1.0,108152.0,9.24624602411421e-06,0.9834783194919209,0.01665958573242218,0.982669776716796,0.9842868622670458,2.1744292237442924
19052,1.0,108076.0,9.252748066175653e-06,0.983469219614802,0.016668838480488356,0.9826604876240818,0.9842779516055223,2.1748858447488586
19053,1.0,108059.0,9.254203722040737e-06,0.9834601183902895,0.016678092684210395,0.9826511971746785,0.9842690396059004,2.175
19067,1.0,107940.0,9.264406151565684e-06,0.9834510072163188,0.01668735709036196,0.9826418964016581,0.9842601180309796,2.176598173515982
19074,1.0,107919.0,9.26620891594622e-06,0.9834418943538273,0.01669662329927791,0.9826325939164726,0.9842511947911821,2.1773972602739726
19098,1.0,107822.0,9.274545083563651e-06,0.983432773377641,0.016705897844361474,0.9826232830212254,0.9842422637340567,2.18013698630137
19105,1.0,107785.0,9.277728811986826e-06,0.9834236493550648,0.016715175573173462,0.9826139689983803,0.9842333297117493,2.1809360730593608
19114,1.0,107777.0,9.278417473115786e-06,0.9834145247398931,0.01672445399064658,0.9826046544059488,0.9842243950738374,2.181963470319635
19124,1.0,107768.0,9.279192339098804e-06,0.983405399447369,0.01673373318298568,0.9825953391555593,0.9842154597391788,2.1831050228310502
19133,1.0,107704.0,9.284706231894823e-06,0.9833962688171284,0.016743017889217574,0.9825860183889749,0.9842065192452819,2.1841324200913244
19135,1.0,107661.0,9.288414560518665e-06,0.9833871346249063,0.01675230630377809,0.9825766939573579,0.9841975752924548,2.1843607305936072
19149,1.0,107336.0,9.316538719534919e-06,0.9833779728605904,0.016761622842497628,0.9825673408293113,0.9841886048918694,2.1859589041095893
19167,1.0,107237.0,9.325139643966168e-06,0.9833688027236707,0.016770947982141595,0.9825579790207649,0.9841796264265764,2.188013698630137
19190,1.0,107204.0,9.328010148875041e-06,0.9833596298494988,0.01678027599229047,0.9825486144072516,0.9841706452917459,2.1906392694063928
19193,1.0,107201.0,9.32827119150008e-06,0.9833504568041928,0.01678960426348197,0.9825392496642779,0.9841616639441076,2.1909817351598173
19196,1.0,107199.0,9.328445228033843e-06,0.9833412836733165,0.016798932708710003,0.9825298848810236,0.9841526824656095,2.191324200913242
19207,1.0,107176.0,9.330447115025753e-06,0.9833321086594732,0.01680826315582503,0.9825205181834918,0.9841436991354545,2.192579908675799
19215,1.0,107142.0,9.333408000597337e-06,0.983322930819703,0.01681759656382563,0.9825111485885571,0.9841347130508489,2.1934931506849313
19236,1.0,107121.0,9.335237721828587e-06,0.9833137512663864,0.016826931801547457,0.9825017772560123,0.9841257252767606,2.195890410958904
19237,1.0,107120.0,9.335324869305452e-06,0.9833045717130698,0.01683626712641676,0.982492405972403,0.9841167374537367,2.196004566210046
19241,2.0,107117.0,1.8671172642997843e-05,0.9832862122636508,0.01685493829905976,0.9824736631944729,0.9840987613328286,2.196461187214612
19243,1.0,107115.0,9.335760631097419e-06,0.9832770325389412,0.01686427405969086,0.9824642918787782,0.9840897731991042,2.196689497716895
19249,1.0,107112.0,9.336022107700351e-06,0.9832678526428273,0.016873610081798558,0.9824549204331862,0.9840807848524685,2.1973744292237445
19250,1.0,107110.0,9.336196433572962e-06,0.9832586726610082,0.01688294627823213,0.9824455489470126,0.9840717963750037,2.1974885844748857
19251,1.0,107109.0,9.336283598950601e-06,0.983249492679189,0.016892282561831083,0.9824361775095763,0.9840628078488017,2.1976027397260274
19256,1.0,107108.0,9.336370765955857e-06,0.98324031269737,0.016901618932597038,0.9824268061208432,0.9840538192738968,2.1981735159817353
19289,1.0,106927.0,9.352174848260963e-06,0.9832311172620478,0.0169109711074453,0.9824174186697463,0.9840448158543493,2.2019406392694063
19294,1.0,106827.0,9.360929353066172e-06,0.9832219133050214,0.016920332036798366,0.9824080223829258,0.984035804227117,2.202511415525114
19296,1.0,106807.0,9.36268222120273e-06,0.9832127077106942,0.016929694719019568,0.982398624438151,0.9840267909832375,2.202739726027397
19298,1.0,106799.0,9.363383552280451e-06,0.9832035015129985,0.01693905810257185,0.9823892259134115,0.9840177771125855,2.2029680365296804
19306,1.0,106793.0,9.363909619544351e-06,0.9831942948842727,0.016948422012191395,0.9823798269883696,0.9840087627801758,2.203881278538813
19318,1.0,106781.0,9.364961931429749e-06,0.98318508730713,0.016957786974122823,0.9823704271235815,0.9839997474906784,2.2052511415525116
19321,1.0,106779.0,9.365137339739087e-06,0.983175879643757,0.01696715211146256,0.9823610272179388,0.9839907320695751,2.205593607305936
19342,1.0,106768.0,9.366102202907238e-06,0.9831666711179847,0.016976518213665467,0.9823516264621976,0.9839817157737718,2.2079908675799085
19345,2.0,106766.0,1.8732555307869545e-05,0.9831482538939412,0.016995250768973336,0.9823328249178359,0.9839636828700465,2.2083333333333335
19348,1.0,106764.0,9.366453111535724e-06,0.9831390452819194,0.01700461722208487,0.9823234242190685,0.9839546663447704,2.208675799086758
19357,1.0,106757.0,9.367067264910029e-06,0.9831298361523515,0.01701398428934978,0.9823140230296381,0.9839456492750649,2.209703196347032
19374,1.0,106742.0,9.368383579097263e-06,0.9831206258149383,0.017023352672928878,0.9823046206298685,0.9839366310000082,2.2116438356164383
19381,1.0,106738.0,9.368734658696996e-06,0.9831114152186575,0.017032721407587575,0.9822952180090879,0.9839276124282271,2.212442922374429
19392,1.0,106733.0,9.369173545201577e-06,0.9831022042771941,0.017042090581132777,0.9822858150772853,0.9839185934771029,2.213698630136986
19407,1.0,106725.0,9.369875849144998e-06,0.983092992731593,0.017051460456981922,0.982276411564475,0.983909573898711,2.2154109589041098
19431,1.0,106703.0,9.371807727992653e-06,0.9830837793730864,0.017060832264709915,0.982267006210499,0.9839005525356739,2.2181506849315067
19440,1.0,106695.0,9.372510426917849e-06,0.9830745654101137,0.017070204775136832,0.982257600275161,0.9838915305450665,2.219178082191781
19505,1.0,106654.0,9.37611341346785e-06,0.9830653479914946,0.0170795808885503,0.9822481907861037,0.9838825051968855,2.2265981735159817
19519,1.0,106644.0,9.376992610929823e-06,0.9830561297949904,0.01708895788116123,0.9822387805349141,0.9838734790550666,2.2281963470319637
19526,1.0,106643.0,9.377080539744756e-06,0.9830469115984862,0.017098334961700976,0.982229370332514,0.9838644528644584,2.2289954337899545
19546,1.0,106637.0,9.377608147265958e-06,0.983037692969759,0.017107712569848242,0.9822199597282871,0.9838554262112308,2.2312785388127856
19549,1.0,106635.0,9.377784029633798e-06,0.9830284742545813,0.017117090353877876,0.9822105490826686,0.983846399426494,2.23162100456621
19576,1.0,106632.0,9.378047865556305e-06,0.9830192553664965,0.017126468401743433,0.9822011383054993,0.9838373724274937,2.234703196347032
19581,1.0,106631.0,9.378135814162861e-06,0.9830100364784118,0.017135846537557595,0.9821917275769968,0.9838283453798268,2.2352739726027395
19586,1.0,106629.0,9.378311716324828e-06,0.9830008175038694,0.01714522484927392,0.9821823168070002,0.9838193182007385,2.2358447488584474
19603,1.0,106626.0,9.378575581940615e-06,0.9829915983564053,0.01715460342485586,0.9821729059053457,0.9838102908074648,2.237785388127854
19610,1.0,106625.0,9.378663540445487e-06,0.9829823792089412,0.017163982088396305,0.9821634950522607,0.9838012633656216,2.2385844748858448
19611,1.0,106624.0,9.37875150060024e-06,0.9829731600614771,0.017173360839896904,0.9821540842477114,0.9837922358752427,2.2386986301369864
19616,1.0,106623.0,9.378839462404923e-06,0.982963940914013,0.017182739679359307,0.9821446734916637,0.9837832083363622,2.239269406392694
19639,1.0,106622.0,9.378927425859578e-06,0.982954721766549,0.017192118606785167,0.9821352627840834,0.9837741807490146,2.2418949771689496
19652,1.0,106621.0,9.379015390964256e-06,0.9829455026190849,0.01720149762217613,0.9821258521249365,0.9837651531132332,2.24337899543379
19659,1.0,106620.0,9.379103357719001e-06,0.9829362834716208,0.017210876725533848,0.9821164415141892,0.9837561254290523,2.2441780821917807
19660,1.0,106619.0,9.379191326123862e-06,0.9829270643241567,0.017220255916859974,0.9821070309518075,0.9837470976965058,2.2442922374429224
19684,1.0,106614.0,9.379631192901495e-06,0.9829178448308038,0.017229635548052874,0.9820976200772221,0.9837380695843855,2.2470319634703197
19711,1.0,106610.0,9.379983116030392e-06,0.9829086250780149,0.017239015531168904,0.9820882089805225,0.9837290411755073,2.2501141552511417
19716,1.0,106609.0,9.380071100938945e-06,0.9828994053252259,0.01724839560226984,0.9820787979320997,0.9837200127183521,2.250684931506849
19746,1.0,106601.0,9.380775039633774e-06,0.982890184967018,0.017257776377309474,0.9820693863008811,0.9837109836331548,2.254109589041096
19766,1.0,106599.0,9.380951040816518e-06,0.9828809645223142,0.01726715732835029,0.9820599746277293,0.9837019544168991,2.2563926940639267
19769,1.0,106598.0,9.381039043884501e-06,0.9828717440776105,0.017276538367394175,0.9820505630027676,0.9836929251524533,2.2567351598173517
19783,1.0,106597.0,9.381127048603619e-06,0.9828625236329067,0.01728591949444278,0.9820411514259624,0.983683895839851,2.2583333333333333
19791,1.0,106594.0,9.381391072668256e-06,0.9828533030152019,0.017295300885515445,0.9820317397169648,0.983674866313439,2.2592465753424658
19795,1.0,106591.0,9.381655111594787e-06,0.9828440822244877,0.01730468254062704,0.9820223278757377,0.9836658365732377,2.259703196347032
19814,1.0,106584.0,9.382271260226676e-06,0.9828348609147017,0.01731406481188727,0.9820129155415656,0.9836568062878379,2.2618721461187214
19829,1.0,106581.0,9.382535348701925e-06,0.9828256394318773,0.01732344734723597,0.9820035030750839,0.9836477757886707,2.2635844748858447
19833,1.0,106578.0,9.382799452044513e-06,0.9828164177760061,0.017332830146688016,0.9819940904762561,0.9836387450757562,2.264041095890411
19839,2.0,106574.0,1.8766303225927524e-05,0.9827979739450947,0.017351596449913943,0.9819752648814188,0.9836206830087706,2.2647260273972605
19843,1.0,106571.0,9.38341575100168e-06,0.982788751943106,0.017360979865664945,0.9819658520657099,0.9836116518205021,2.2651826484018267
19844,1.0,106569.0,9.383591851288837e-06,0.9827795298545817,0.017370363457516233,0.9819564392077009,0.9836026205014625,2.265296803652968
19847,1.0,106568.0,9.383679903911117e-06,0.9827703077660574,0.017379747137420146,0.9819470263975482,0.9835935891345667,2.2656392694063925
19861,1.0,106561.0,9.384296318540555e-06,0.9827610851582763,0.017389131433738686,0.9819376130940565,0.9835845572224962,2.2672374429223745
19868,1.0,106553.0,9.385000891575085e-06,0.982751861944616,0.01739851643463026,0.9819281992069315,0.9835755246823004,2.2680365296803653
19871,1.0,106550.0,9.385265133740028e-06,0.982742638557831,0.017407901699764,0.9819187851871612,0.9835664919285007,2.26837899543379
19889,1.0,106539.0,9.386234148997081e-06,0.9827334143053172,0.017417287933912996,0.981909370312912,0.9835574582977225,2.270433789954338
19892,1.0,106538.0,9.386322251215529e-06,0.9827241900528035,0.01742667425616421,0.9818999554863979,0.9835484246192092,2.2707762557077626
19893,1.0,106537.0,9.386410355087903e-06,0.9827149658002898,0.017436060666519298,0.9818905407075857,0.9835393908929939,2.2708904109589043
19906,1.0,106534.0,9.386674676629058e-06,0.982705741374606,0.01744544734119593,0.9818811257959761,0.9835303569532359,2.272374429223744
19921,1.0,106475.0,9.391876027236441e-06,0.9826965119241118,0.017454839217223166,0.9818717056954719,0.9835213181527517,2.2740867579908675
19934,1.0,106463.0,9.392934634567878e-06,0.9826872815200097,0.017464232151857734,0.9818622846488856,0.9835122783911339,2.275570776255708
19943,1.0,106459.0,9.393287556711974e-06,0.9826780508557962,0.017473625439414445,0.9818528633789256,0.9835032383326667,2.276598173515982
19946,1.0,106458.0,9.39337579139191e-06,0.9826688201915825,0.017483018815205836,0.9818434421566348,0.9834941982265303,2.2769406392694065
19950,1.0,106455.0,9.39364050537786e-06,0.9826595893539498,0.017492412455711214,0.9818340208012579,0.9834851579066417,2.2773972602739727
19952,1.0,106454.0,9.393728746688711e-06,0.9826503585163171,0.017501806184457902,0.9818245994934879,0.9834761175391463,2.2776255707762556
19956,1.0,106452.0,9.393905234283996e-06,0.9826411275919708,0.017511200089692185,0.9818151781429282,0.9834670770410133,2.278082191780822
19966,1.0,106447.0,9.39434648228696e-06,0.9826318963207504,0.017520594436174472,0.9818057564784393,0.9834580361630616,2.2792237442922376
19974,1.0,106445.0,9.394522993095026e-06,0.9826226649628067,0.017529988959167568,0.9817963347710951,0.9834489951545183,2.28013698630137
19982,1.0,106444.0,9.394611250986435e-06,0.982613433604863,0.017539383570418555,0.981786913111237,0.9834399540984889,2.281050228310502
19990,1.0,106439.0,9.395052565319103e-06,0.9826042019000029,0.017548778622983874,0.9817774911373258,0.9834309126626799,2.2819634703196345
19994,1.0,106437.0,9.395229102661668e-06,0.9825949701084087,0.017558173852086537,0.9817680691204613,0.983421871096356,2.2824200913242008
20005,1.0,106430.0,9.39584703561026e-06,0.9825857377963716,0.017567569699122147,0.9817586466086721,0.9834128289840711,2.2836757990867578
20012,1.0,106420.0,9.396729937981582e-06,0.9825765047035526,0.017576966429060127,0.9817492233306583,0.983403786076447,2.284474885844749
20018,2.0,106399.0,1.8797169146326563e-05,0.9825580350467945,0.017595763598206453,0.9817303732997068,0.9833856967938822,2.285159817351598
20042,2.0,106344.0,1.8806890844805536e-05,0.9825395561850807,0.017614570489051257,0.9817115138664001,0.9833675985037613,2.2878995433789955
20046,1.0,106337.0,9.40406443664952e-06,0.9825303163197828,0.017623974553487905,0.9817020837681059,0.9833585488714598,2.2883561643835617
20061,1.0,106181.0,9.41788078846498e-06,0.9825210629663926,0.01763339243427637,0.9816926396620752,0.9833494862707101,2.290068493150685
20065,1.0,106018.0,9.432360542549379e-06,0.9825117954734861,0.01764282479481892,0.9816831808689829,0.9833404100779893,2.290525114155251
20072,1.0,105627.0,9.467276359264203e-06,0.9825024937627921,0.017652292071178185,0.981673686462247,0.9833313010633372,2.291324200913242
20084,1.0,105322.0,9.494692466910997e-06,0.9824931652037658,0.017661786763645097,0.9816641641194034,0.9833221662881283,2.2926940639269406
20088,1.0,105313.0,9.495503878913335e-06,0.9824838359361046,0.01767128226752401,0.9816546410869363,0.9833130307852728,2.293150684931507
20110,1.0,105304.0,9.49631542961331e-06,0.9824745059596941,0.017680778582953624,0.9816451173647125,0.9833038945546757,2.295662100456621
20125,1.0,105300.0,9.49667616334283e-06,0.9824651757174723,0.017690275259116966,0.981635593414419,0.9832947580205256,2.297374429223744
20156,1.0,105166.0,9.50877660080254e-06,0.9824558336755983,0.01769978403571777,0.9816260572133941,0.9832856101378025,2.3009132420091323
20202,1.0,104190.0,9.597850081581726e-06,0.9824464042117949,0.01770938188579935,0.9816164299156475,0.9832763785079423,2.3061643835616437
20203,1.0,104189.0,9.597942201192065e-06,0.9824369747479914,0.017718979828000542,0.9816068026689181,0.9832671468270647,2.3062785388127853
20220,1.0,104177.0,9.599047774460773e-06,0.9824275442885354,0.017728578875775003,0.9815971744349221,0.9832579141421487,2.308219178082192
20223,1.0,104174.0,9.599324207575787e-06,0.9824181136480273,0.01773817819998258,0.981587546063096,0.9832486812329587,2.3085616438356165
20231,1.0,104148.0,9.601720628336597e-06,0.9824086807437599,0.017747779920610916,0.9815779153816269,0.9832394461058929,2.309474885844749
20238,1.0,104084.0,9.607624610891203e-06,0.9823992421299408,0.017757387545221808,0.9815682787973199,0.9832302054625617,2.3102739726027397
20258,1.0,103981.0,9.617141593175676e-06,0.9823897942573282,0.017767004686814983,0.9815586326089754,0.983220955905681,2.312557077625571
20271,1.0,103973.0,9.617881565406403e-06,0.982380345748636,0.01777662256838039,0.9815489858085161,0.9832117056887558,2.3140410958904107
20273,1.0,103971.0,9.61806657625684e-06,0.9823708971490673,0.017786240634956648,0.9815393389644648,0.9832024553336699,2.314269406392694
20326,1.0,103946.0,9.620379812595001e-06,0.98236144636792,0.017795861014769244,0.9815296898966069,0.9831932028392331,2.3203196347031962
20331,2.0,103942.0,1.924150006734525e-05,0.9823425442600835,0.01781510251483659,0.9815103913454237,0.9831746971747433,2.320890410958904
20340,1.0,103934.0,9.621490561317759e-06,0.982333092660566,0.017824724005397908,0.9815007415775382,0.9831654437435938,2.3219178082191783
20346,1.0,103923.0,9.622508972989618e-06,0.9823236401515675,0.017834346514370897,0.9814910909123346,0.9831561893908004,2.3226027397260274
20354,1.0,103910.0,9.6237128284092e-06,0.98231418655095,0.017843970227199305,0.9814814391598753,0.9831469339420248,2.32351598173516
20356,1.0,103906.0,9.624083306065098e-06,0.9823047326773859,0.017853594310505372,0.9814717871738285,0.9831376781809433,2.3237442922374427
20370,1.0,103894.0,9.625194910196932e-06,0.9822952778028727,0.01786321950541557,0.9814621341950448,0.9831284214107007,2.3253424657534247
20374,1.0,103892.0,9.625380202518e-06,0.9822858228373527,0.017872844885618088,0.981452481172348,0.9831191645023574,2.325799086757991
20393,1.0,103878.0,9.626677448545409e-06,0.982276366688574,0.017882471563066632,0.9814428269667812,0.9831099064103668,2.3279680365296804
20396,1.0,103876.0,9.626862797951403e-06,0.9822669104487622,0.017892098425864582,0.9814331727172302,0.9831006481802943,2.328310502283105
20412,1.0,103870.0,9.62741888899586e-06,0.9822574537537545,0.017901725844753576,0.9814235180439442,0.9830913894635648,2.33013698630137
20414,1.0,103868.0,9.62760426695421e-06,0.9822479969677015,0.01791135344902053,0.9814138633266024,0.9830821306088006,2.330365296803653
20415,1.0,103866.0,9.627789652051681e-06,0.9822385400906005,0.01792098123867258,0.9814042085651685,0.9830728716160325,2.3304794520547945
20425,1.0,103860.0,9.628345850182938e-06,0.9822290827582292,0.017930609584522764,0.9813945533798403,0.9830636121366181,2.3316210045662102
20441,1.0,103855.0,9.628809397717972e-06,0.9822196250616064,0.01794023839392048,0.9813848978654985,0.9830543522577143,2.3334474885844747
20452,1.0,103847.0,9.629551166620123e-06,0.9822101667274701,0.0179498679450871,0.9813752417371964,0.9830450917177438,2.334703196347032
20472,1.0,103837.0,9.630478538478577e-06,0.9822007075735391,0.01795949842362558,0.9813655848048588,0.9830358303422193,2.336986301369863
20497,1.0,103829.0,9.631220564582149e-06,0.9821912477818857,0.017969129644190163,0.9813559272583114,0.98302656830546,2.339840182648402
20503,1.0,103827.0,9.63140608897493e-06,0.9821817878991213,0.017978761050279138,0.9813462696674587,0.9830173061307838,2.340525114155251
20510,1.0,103826.0,9.631498853851636e-06,0.9821723280163569,0.017988392549132988,0.9813366121272631,0.9830080439054507,2.3413242009132422
20577,1.0,103803.0,9.633632939317745e-06,0.9821628661286657,0.017998026182072305,0.9813269525472957,0.9829987797100356,2.348972602739726
20586,1.0,103799.0,9.634004181157815e-06,0.9821534039675067,0.018007660186253462,0.9813172927328326,0.9829895152021808,2.35
20587,1.0,103798.0,9.634096996088556e-06,0.9821439418063479,0.018017294283249552,0.9813076329689678,0.982980250643728,2.3501141552511418
20597,1.0,103718.0,9.641527989355753e-06,0.9821344724380434,0.018026935811238907,0.9812979657413584,0.9829709791347284,2.351255707762557
20616,1.0,103258.0,9.684479652908249e-06,0.9821249609767287,0.018036620290891814,0.981288254673139,0.9829616672803185,2.3534246575342466
20625,1.0,103239.0,9.686261974641367e-06,0.982115447857065,0.018046306552866456,0.9812785419271249,0.982952353787005,2.3544520547945207
20634,1.0,103232.0,9.686918784872907e-06,0.9821059341844842,0.01805599347165133,0.9812688286560756,0.9829430397128929,2.3554794520547944
20635,1.0,103231.0,9.687012622177447e-06,0.9820964205119035,0.018065680484273507,0.9812591154365511,0.9829337255872559,2.355593607305936
20636,1.0,103229.0,9.687200302240649e-06,0.9820869067471618,0.01807536768457575,0.9812494021724104,0.9829244113219132,2.3557077625570777
20644,1.0,103225.0,9.687575684185032e-06,0.9820773927059242,0.018085055260259934,0.9812396886713995,0.9829150967404489,2.35662100456621
20665,1.0,103216.0,9.688420399937994e-06,0.9820678779272783,0.018094743680659872,0.9812299744528653,0.9829057814016914,2.3590182648401825
20669,1.0,103212.0,9.688795876448474e-06,0.9820583628720723,0.01810443247653632,0.981220259997347,0.9828964657467976,2.3594748858447487
20680,1.0,103210.0,9.688983625617673e-06,0.9820488477246749,0.01811412146016194,0.9812105454970671,0.9828871499522828,2.3607305936073057
20698,1.0,103198.0,9.690110273454912e-06,0.9820393315630466,0.018123811570435393,0.9812008299905423,0.9828778331355509,2.362785388127854
20709,1.0,103192.0,9.69067369563532e-06,0.9820298149403281,0.018133502244131027,0.9811911140545443,0.982868515826112,2.364041095890411
20712,2.0,103191.0,1.9381535211404095e-05,0.9820107816948912,0.018152883779342432,0.9811716823363965,0.9828498810533859,2.3643835616438356
20714,1.0,103187.0,9.691143264170874e-06,0.9820012648877188,0.018162574922606603,0.9811619663618427,0.9828405634135948,2.364611872146119
20749,1.0,103171.0,9.69264618933615e-06,0.9819917466969007,0.01817226756879594,0.9811522489957544,0.982831244398047,2.3686073059360733
20768,1.0,103167.0,9.693021993466903e-06,0.9819822282293026,0.018181960590789407,0.9811425313922526,0.9828219250663526,2.3707762557077627
20792,1.0,103152.0,9.694431518535753e-06,0.9819727084698386,0.018191655022307945,0.9811328124928954,0.9828126044467819,2.3735159817351597
20794,3.0,103149.0,2.908414041822994e-05,0.9819441486376986,0.018220739162726176,0.9811036555241718,0.9827846417512255,2.373744292237443
20795,1.0,103144.0,9.69518343287055e-06,0.9819346285090568,0.018230434346159046,0.9810939364442556,0.982775320573858,2.3738584474885847
20812,1.0,103134.0,9.696123489828767e-06,0.9819251075496399,0.018240130469648876,0.9810842165491481,0.9827659985501317,2.375799086757991
20813,1.0,103133.0,9.696217505551085e-06,0.9819155865902229,0.018249826687154427,0.9810744967050287,0.9827566764754172,2.3759132420091325
20823,1.0,103130.0,9.696499563657519e-06,0.9819060654461661,0.018259523186718085,0.981064776719352,0.9827473541729802,2.377054794520548
20834,1.0,103122.0,9.697251798840209e-06,0.9818965436558066,0.018269220438516927,0.9810550561107529,0.9827380312008602,2.378310502283105
20868,1.0,102881.0,9.719967729707137e-06,0.9818869996530883,0.018278940406246634,0.981045312393284,0.9827286869128927,2.382191780821918
20871,1.0,102742.0,9.733117906990325e-06,0.9818774428311494,0.018288673524153625,0.9810355553602732,0.9827193303020256,2.3825342465753425
20886,1.0,101748.0,9.828203011361402e-06,0.981867792740309,0.018298501727164986,0.9810257011037621,0.9827098843768559,2.3842465753424658
20909,1.0,101240.0,9.877518767285658e-06,0.9818580943227593,0.01830837924593227,0.981015796483274,0.9827003921622446,2.3868721461187214
20919,1.0,101236.0,9.877909044213521e-06,0.9818483956178092,0.018318257154976484,0.981005891617545,0.9826908996180734,2.388013698630137
20925,1.0,101231.0,9.878396933745591e-06,0.9818386965296285,0.018328135551910228,0.9809959864065592,0.9826814066526979,2.3886986301369864
20953,1.0,101208.0,9.880641846494348e-06,0.9818289953331171,0.01833801619375672,0.9809860790504042,0.9826719116158299,2.39189497716895
20972,1.0,101201.0,9.881325283347003e-06,0.9818192935614416,0.01834789751904007,0.9809761711487197,0.9826624159741635,2.3940639269406394
20997,1.0,101188.0,9.882594774083884e-06,0.9818095906392219,0.018357780113814153,0.9809662621011666,0.9826529191772773,2.396917808219178
21009,1.0,101177.0,9.883669213358767e-06,0.9817998867579975,0.01836766378302751,0.980956352107577,0.9826434214084179,2.3982876712328767
21030,1.0,101158.0,9.885525613396865e-06,0.9817901811500697,0.018377549308640908,0.9809464403669771,0.9826339219331622,2.4006849315068495
21031,1.0,101157.0,9.885623337979577e-06,0.981780475542142,0.018387434931978888,0.9809365286808812,0.9826244224034028,2.4007990867579907
21048,1.0,101145.0,9.886796183696673e-06,0.9817707688786831,0.018397321728162584,0.9809266159480021,0.982614921809364,2.4027397260273973
21052,1.0,101143.0,9.886991685039992e-06,0.9817610621192546,0.018407208719847624,0.9809167031694455,0.9826054210690638,2.4031963470319635
21093,1.0,101128.0,9.888458191598767e-06,0.9817513540160377,0.018417097178039223,0.9809067890433315,0.982595918988744,2.407876712328767
21105,1.0,101122.0,9.889044916042009e-06,0.9817416454328015,0.018426986222955265,0.9808968744708196,0.9825864163947834,2.4092465753424657
21112,1.0,101116.0,9.889631710115115e-06,0.9817319363694937,0.01843687585466538,0.9808869594518305,0.982576913287157,2.4100456621004565
21113,1.0,101115.0,9.88972951589774e-06,0.981722227306186,0.018446765584181277,0.9808770444871837,0.9825674101251882,2.410159817351598
21118,1.0,101113.0,9.889925133266741e-06,0.9817125181468562,0.018456655509314544,0.980867129476664,0.9825579068170485,2.410730593607306
21126,1.0,101108.0,9.890414210547138e-06,0.9817028086034161,0.01846654592352509,0.9808572141196867,0.9825484030871454,2.4116438356164385
21134,1.0,101103.0,9.890903336201695e-06,0.9816930986758312,0.018476436826861294,0.9808472984161887,0.9825388989354737,2.412557077625571
21138,1.0,101101.0,9.891099000009891e-06,0.9816833886522046,0.018486327925861305,0.9808373826667003,0.9825293946377089,2.413013698630137
21139,1.0,101100.0,9.891196834817013e-06,0.981673678628578,0.018496219122696122,0.9808274669713777,0.9825198902857784,2.4131278538812784
21140,1.0,101099.0,9.89129467155956e-06,0.9816639686049514,0.01850611041736768,0.9808175513301814,0.9825103858797214,2.41324200913242
21144,1.0,101096.0,9.891588193400332e-06,0.9816542583892297,0.018516002005561083,0.9808076355426788,0.9825008812357806,2.4136986301369863
21148,1.0,101093.0,9.891881732662004e-06,0.9816445479814034,0.018525893887293744,0.980797719608827,0.9824913763539799,2.4141552511415525
21149,1.0,101092.0,9.891979582954141e-06,0.9816348375735772,0.018535785866876698,0.9807878037289918,0.9824818714181626,2.414269406392694
21160,1.0,101086.0,9.892566725362563e-06,0.9816251266854465,0.01854567843360206,0.9807778874020963,0.9824723659687968,2.415525114155251
21172,1.0,101077.0,9.893447569674605e-06,0.9816154150287226,0.018555571881171736,0.9807679703273843,0.982462859730061,2.41689497716895
21177,1.0,101075.0,9.893643334157803e-06,0.981605703275915,0.018565465524505893,0.9807580532063693,0.9824533533454607,2.4174657534246577
21178,1.0,101074.0,9.893741219304667e-06,0.9815959915231074,0.0185753592657252,0.9807481361392439,0.9824438469069708,2.417579908675799
21179,1.0,101072.0,9.893936995409213e-06,0.9815862796742123,0.018585253202720607,0.9807382190257374,0.9824343403226872,2.4176940639269406
21184,1.0,101070.0,9.894132779261897e-06,0.9815765677292269,0.01859514733549987,0.9807283018658107,0.982424833592643,2.4182648401826485
21185,1.0,101069.0,9.894230674093935e-06,0.9815668557842414,0.018605041566173965,0.9807183847596607,0.9824153268088222,2.4183789954337898
21187,2.0,101068.0,1.9788657141726364e-05,0.9815474318942706,0.01862483022331569,0.9806985507085344,0.9823963130800069,2.418607305936073
21214,1.0,101054.0,9.895699329071585e-06,0.9815377187960074,0.018634725922644764,0.9806886325605216,0.9823868050314931,2.421689497716895
21218,1.0,101050.0,9.896091044037606e-06,0.981528005409379,0.018644622013688803,0.98067871416537,0.982377296653388,2.4221461187214612
21225,1.0,101048.0,9.896286913150186e-06,0.9815182919266242,0.018654518300601955,0.9806687957235665,0.982367788129682,2.422945205479452
21243,1.0,101041.0,9.896972516107323e-06,0.981508577867065,0.018664415273118063,0.9806588767337038,0.9823582790004263,2.425
21262,1.0,101035.0,9.89756025139803e-06,0.9814988633267784,0.018674312833369462,0.9806489572959728,0.982348769357584,2.4271689497716893
21276,2.0,100887.0,1.982415970343057e-05,0.981479405936563,0.01869413699307289,0.980629089052556,0.9823297228205701,2.4287671232876713
21284,1.0,100710.0,9.92950054612253e-06,0.9814696603362658,0.018704066493619016,0.9806191373774724,0.9823201832950592,2.4296803652968038
21291,1.0,100667.0,9.93374194125185e-06,0.9814599106699369,0.018714000235560267,0.9806091815150009,0.9823106398248729,2.4304794520547945
21301,1.0,100664.0,9.934037987761266e-06,0.9814501608099008,0.01872393427354803,0.980599225504608,0.9823010961151936,2.43162100456621
21315,1.0,100658.0,9.93463013372012e-06,0.9814404104655584,0.018733868903681748,0.9805892690431249,0.9822915518879919,2.433219178082192
21347,1.0,100561.0,9.944212965264864e-06,0.981430650813104,0.018743813116647013,0.9805793029259601,0.9822819987002479,2.4368721461187213
21350,1.0,100530.0,9.947279419078881e-06,0.98142088824819,0.01875376039606609,0.9805693338248606,0.9822724426715194,2.4372146118721463
21351,1.0,100520.0,9.948269001193792e-06,0.9814111248091902,0.018763708665067286,0.9805593638662184,0.982262885752162,2.4373287671232875
21359,1.0,100507.0,9.949555752335659e-06,0.981401360204488,0.01877365822081962,0.9805493927458167,0.9822533276631593,2.43824200913242
21365,1.0,100496.0,9.950644801783156e-06,0.9813915946281446,0.018783608865621405,0.9805394206660842,0.982243768590205,2.4389269406392695
21380,1.0,100439.0,9.956291878652715e-06,0.9813818236069813,0.018793565157500056,0.9805294429607764,0.9822342042531863,2.4406392694063928
21384,1.0,100310.0,9.969095803010667e-06,0.9813720401175625,0.018803534253303066,0.9805194523030683,0.9822246279320568,2.441095890410959
21390,1.0,99902.0,1.0009809613421154e-05,0.981362216770281,0.018813544062916486,0.980509420116497,0.982215013424065,2.441780821917808
21433,1.0,99279.0,1.007262361627333e-05,0.9813523318780403,0.01882361668653276,0.9804993237625668,0.9822053399935138,2.446689497716895
21442,1.0,99269.0,1.0073638295943346e-05,0.9813424460896081,0.018833690324828702,0.9804892265300899,0.9821956656491263,2.447716894977169
21476,1.0,99259.0,1.0074653180064277e-05,0.9813325594048129,0.018843764978008767,0.980479128418872,0.9821859903907538,2.4515981735159817
21479,1.0,99257.0,1.007485618142801e-05,0.9813226726204107,0.018853839834190193,0.9804690302604123,0.9821763149804091,2.4519406392694063
21511,1.0,99240.0,1.007658202337767e-05,0.9813127842420087,0.018863916416213572,0.9804589304951008,0.9821666379889167,2.455593607305936
21512,1.0,99237.0,1.0076886645102129e-05,0.9813028956643185,0.018873993302858674,0.9804488305784752,0.9821569607501618,2.455707762557078
21551,1.0,99211.0,1.0079527471752125e-05,0.9812930045948235,0.018884072830330428,0.9804387281180227,0.9821472810716243,2.4601598173515984
21553,1.0,99206.0,1.0080035481724895e-05,0.9812831131265192,0.018894152865812152,0.980428625298016,0.9821376009550223,2.4603881278538813
21560,1.0,99194.0,1.008125491461177e-05,0.9812732205613123,0.018904234120726764,0.9804185213899019,0.9821279197327226,2.461187214611872
21573,2.0,99181.0,2.01651525997923e-05,0.9812534330370776,0.018924399273326557,0.9803983112452838,0.9821085548288714,2.4626712328767124
21578,1.0,99176.0,1.0083084617246108e-05,0.9812435389756813,0.018934482357943802,0.9803882059454828,0.9820988720058798,2.4632420091324203
21593,1.0,99170.0,1.0083694665725521e-05,0.9812336444154416,0.018944566052609527,0.9803781001816121,0.9820891886492711,2.4649543378995435
21594,1.0,99168.0,1.0083898031623104e-05,0.9812237497554261,0.01895464995064115,0.9803679943700915,0.9820795051407608,2.4650684931506848
21626,1.0,99163.0,1.0084406482256487e-05,0.9812138546962836,0.018964734357123408,0.9803578881984987,0.9820698211940686,2.4687214611872146
21641,1.0,99155.0,1.0085220109928899e-05,0.9812039589385841,0.018974819577233338,0.9803477813543411,0.9820601365228272,2.470433789954338
21658,2.0,98919.0,2.021856266238033e-05,0.9811841204048557,0.01899503813989572,0.980327518768712,0.9820407220409993,2.4723744292237444
21668,1.0,98475.0,1.0154861640010155e-05,0.9811741566158696,0.01900519300153573,0.9803173410934101,0.9820309721383291,2.4735159817351597
21699,1.0,98112.0,1.0192433137638617e-05,0.981164156063882,0.01901538543467337,0.9803071251000891,0.9820211870276748,2.477054794520548
21706,1.0,98109.0,1.0192744804248336e-05,0.9811541553080281,0.019025578179477618,0.9802969089525669,0.9820114016634892,2.4778538812785387
21716,1.0,98105.0,1.0193160389378727e-05,0.9811441542463563,0.019035771339866996,0.9802866925443757,0.9820016159483368,2.4789954337899545
21740,1.0,98036.0,1.0200334570973928e-05,0.9811341462477206,0.01904597167443797,0.9802764689529806,0.9819918235424605,2.4817351598173514
21743,1.0,98032.0,1.020075077525706e-05,0.9811241379428175,0.019056172425213225,0.9802662451005257,0.9819820307851093,2.4820776255707764
21755,1.0,98028.0,1.0201167013506345e-05,0.9811141293316253,0.01906637359222673,0.9802560209869543,0.9819722376762964,2.483447488584475
21789,1.0,97955.0,1.0208769332856924e-05,0.9811041133637898,0.019076582361559586,0.9802457892521027,0.9819624374754768,2.4873287671232878
21791,1.0,97954.0,1.0208873552892173e-05,0.9810940973959542,0.019086791235112477,0.9802355575759705,0.981952637215938,2.4875570776255707
21792,1.0,97953.0,1.0208977775055384e-05,0.9810840814281186,0.019097000212887533,0.9802253259585135,0.9819428368977238,2.4876712328767123
21796,1.0,97949.0,1.0209394684989127e-05,0.9810740651535121,0.019107209607572524,0.9802150940794433,0.981933036227581,2.4881278538812786
21797,1.0,97947.0,1.0209603152725454e-05,0.9810640487766435,0.01911741921072525,0.9802048621522149,0.9819232354010722,2.48824200913242
21818,1.0,97944.0,1.0209915870293229e-05,0.9810540321952421,0.019127629126595543,0.9801946300700274,0.9819134343204569,2.4906392694063926
21820,1.0,97942.0,1.0210124359314696e-05,0.9810440155115702,0.019137839250954858,0.980184397939594,0.9819036330835463,2.490867579908676
21822,1.0,97941.0,1.021022860701851e-05,0.9810339988278982,0.019148049479561877,0.9801741658676322,0.9818938317881643,2.491095890410959
21834,1.0,97938.0,1.021054136290306e-05,0.9810239819396748,0.01915826002092478,0.9801639336405736,0.9818840302387759,2.4924657534246575
21835,1.0,97937.0,1.0210645619122497e-05,0.9810139650514513,0.019168470666543903,0.9801537014719036,0.981874228630999,2.492579908675799
21841,1.0,97935.0,1.021085413794864e-05,0.9810039480609468,0.01917868152068185,0.9801434692548129,0.9818644268670808,2.4932648401826483
21881,1.0,97919.0,1.0212522595206241e-05,0.9809939295359612,0.019188894043277057,0.9801332354942798,0.9818546235776426,2.4978310502283105
21893,1.0,97914.0,1.0213044099924423e-05,0.9809839106016971,0.01919910708737698,0.9801230013648253,0.9818448198385689,2.499200913242009
21900,1.0,97912.0,1.0213252716725222e-05,0.9809738915651071,0.019209320340093705,0.9801127671868223,0.9818350159433918,2.5
21907,1.0,97908.0,1.021366997589574e-05,0.9809638722215237,0.0192195340100696,0.980102532746597,0.9818252116964504,2.500799086757991
21910,1.0,97894.0,1.0215130651521033e-05,0.9809538515474046,0.019229749140721123,0.980092296975742,0.9818154061190671,2.5011415525114153
21932,1.0,97334.0,1.0273902233546346e-05,0.9809437733234382,0.01924002304295467,0.9800820011856402,0.9818055454612362,2.50365296803653
21934,1.0,97267.0,1.0280979160455241e-05,0.9809336882609471,0.019250304022115125,0.9800716983152397,0.9817956782066545,2.5038812785388127
21940,1.0,97219.0,1.0286055194972177e-05,0.980923598322887,0.019260590077310097,0.980061390414013,0.981785806231761,2.5045662100456623
21943,1.0,97181.0,1.029007727848036e-05,0.980913504543256,0.01927088015458858,0.9800510785615623,0.9817759305249497,2.504908675799087
21973,1.0,96810.0,1.0329511414110112e-05,0.9809033721860145,0.019281209666002688,0.9800407264877481,0.981766017884281,2.5083333333333333
22008,1.0,96745.0,1.0336451496201354e-05,0.9808932331258855,0.01929154611749889,0.9800303674750495,0.9817560987767215,2.5123287671232877
22025,1.0,96397.0,1.0373766818469454e-05,0.9808830575682113,0.01930191988431736,0.980019970407558,0.9817461447288646,2.5142694063926943
22036,1.0,96100.0,1.040582726326743e-05,0.9808728506685487,0.019312325711580626,0.9800095406658506,0.9817361606712468,2.5155251141552513
22039,2.0,96065.0,2.0819236974964867e-05,0.9808524296442284,0.019333144948555592,0.9799886738224235,0.9817161854660332,2.515867579908676
22051,1.0,95960.0,1.0421008753647352e-05,0.9808422081724729,0.01934356595730924,0.9799782290463028,0.981706187298643,2.5172374429223745
22055,1.0,95956.0,1.0421443161448997e-05,0.9808319863811501,0.019353987400470687,0.9799677839988225,0.9816961887634778,2.5176940639269407
22057,1.0,95954.0,1.042166037893157e-05,0.9808217644832993,0.01936440906084962,0.9799573389024747,0.9816861900641238,2.5179223744292236
22059,1.0,95953.0,1.0421768991068543e-05,0.9808115425854484,0.01937483082984069,0.9799468938684872,0.9816761913024097,2.518150684931507
22060,1.0,95951.0,1.0421986222134214e-05,0.9808013205810651,0.019385252816062824,0.979936448785536,0.9816661923765941,2.5182648401826486
22083,2.0,95493.0,2.094394353512823e-05,0.9807807787335876,0.01940619675959795,0.9799154566034247,0.9816461008637505,2.5208904109589043
22094,1.0,95171.0,1.0507402465036618e-05,0.9807704732752155,0.019416704162062988,0.979904924526359,0.981636022024072,2.5221461187214613
22100,1.0,95115.0,1.0513588813541503e-05,0.9807601618577391,0.019427217750876528,0.9798943862870533,0.9816259374284249,2.5228310502283104
22119,1.0,95086.0,1.051679532212944e-05,0.9807498474038567,0.019437734546198657,0.9798838449393849,0.9816158498683286,2.525
22120,1.0,95085.0,1.0516905926276489e-05,0.9807395329499744,0.019448251452124934,0.9798733036560137,0.9816057622439351,2.5251141552511416
22121,2.0,95084.0,2.103403306549998e-05,0.9807189040422096,0.019469285485190436,0.9798522212819607,0.9815855868024586,2.5252283105022832
22134,1.0,95080.0,1.051745898190997e-05,0.9807085893713635,0.019479802944172345,0.9798416799644895,0.9815754987782376,2.526712328767123
22154,1.0,95076.0,1.0517901468299045e-05,0.9806982743750514,0.019490320845640643,0.9798311383710683,0.9815654103790346,2.5289954337899543
22156,1.0,95075.0,1.051801209571391e-05,0.9806879593787393,0.019500838857736357,0.9798205968417059,0.9815553219157728,2.5292237442922376
22161,1.0,95072.0,1.0518343991921912e-05,0.9806776441654339,0.01951135720172828,0.9798100551496399,0.9815452331812279,2.529794520547945
22165,1.0,95069.0,1.0518675909076565e-05,0.9806673287351236,0.019521875877637356,0.9797995132948158,0.9815351441754314,2.5302511415525113
22173,1.0,95066.0,1.0519007847179855e-05,0.9806570130877972,0.019532394885484534,0.9797889712771797,0.9815250548984147,2.5311643835616437
22177,1.0,95054.0,1.0520335809119026e-05,0.9806466962467059,0.019542915221293655,0.9797784280762228,0.9815149644171889,2.53162100456621
22178,1.0,95051.0,1.0520667851995245e-05,0.9806363791885345,0.01955343588914565,0.9797678847123261,0.9815048736647429,2.5317351598173516
22186,1.0,94881.0,1.0539517922450228e-05,0.9806260437538407,0.019563975407068102,0.9797573222128543,0.981494765294827,2.532648401826484
22191,1.0,94656.0,1.0564570655848546e-05,0.9806156838607144,0.019574539977723952,0.9797467342219509,0.9814846334994779,2.533219178082192
22199,1.0,94397.0,1.0593556998633431e-05,0.9806052956525737,0.019585133534722587,0.9797361167076316,0.9814744745975158,2.534132420091324
22204,1.0,94306.0,1.0603779186902212e-05,0.9805948975305491,0.01959573731390949,0.9797254888983724,0.9814643061627257,2.534703196347032
22207,1.0,94246.0,1.06105298898627e-05,0.980584492899079,0.019606347843799353,0.9797148543519794,0.9814541314461787,2.5350456621004565
22208,2.0,94231.0,2.1224437817703304e-05,0.9805636805444845,0.019627572281617055,0.9796935822254287,0.9814337788635403,2.535159817351598
22217,1.0,94170.0,1.0619093129446745e-05,0.9805532678474415,0.0196381913747465,0.9796829394471779,0.981423596247705,2.5361872146118722
22235,1.0,94118.0,1.0624960156399414e-05,0.9805428495080394,0.0196488163349029,0.9796722908380382,0.9814134081780406,2.53824200913242
22265,1.0,94066.0,1.06308336699764e-05,0.9805324255201,0.019659447168572878,0.9796616363915729,0.9814032146486271,2.5416666666666665
22267,1.0,94051.0,1.0632529159711221e-05,0.9805219999804936,0.01967007969773259,0.9796509803894489,0.9813930195715383,2.54189497716895
22279,1.0,93979.0,1.0640675044424818e-05,0.9805115665645179,0.019680720372777016,0.9796403162217074,0.9813828169073283,2.5432648401826485
22297,1.0,93971.0,1.0641580913260473e-05,0.980501132371346,0.019691361953690277,0.9796296513078208,0.9813726134348711,2.5453196347031963
22310,1.0,93968.0,1.0641920653839604e-05,0.9804906979560943,0.019702003874344117,0.9796189862279132,0.9813624096842755,2.5468036529680367
22323,1.0,93963.0,1.0642486936347286e-05,0.98048026309665,0.019712646361280464,0.9796083207498137,0.9813522054434863,2.5482876712328766
22336,1.0,93914.0,1.0648039695891987e-05,0.9804698229038876,0.019723294400976355,0.979597649763936,0.9813419960438392,2.549771689497717
22343,1.0,93888.0,1.0650988411724608e-05,0.9804593799311658,0.01973394538938808,0.9795869759388209,0.9813317839235107,2.5505707762557077
22347,1.0,93883.0,1.06515556597041e-05,0.9804489365135084,0.019744596945047783,0.9795763017147966,0.9813215713122202,2.551027397260274
22372,1.0,93869.0,1.0653144275532923e-05,0.9804384916495329,0.019755250089323315,0.9795656260453052,0.9813113572537606,2.553881278538813
22380,1.0,93865.0,1.0653598252809887e-05,0.9804280464517313,0.019765903687576126,0.9795549500929719,0.9813011428104907,2.5547945205479454
22389,2.0,93864.0,2.1307423506349613e-05,0.980407156056128,0.019787211111082476,0.9795335983862076,0.9812807137260485,2.555821917808219
22401,1.0,93654.0,1.0677600529608986e-05,0.9803966876601593,0.019797888711612085,0.9795228983876932,0.9812704769326254,2.557191780821918
22414,1.0,93446.0,1.0701367634783725e-05,0.9803861960747767,0.019808590079246867,0.9795121742186882,0.9812602179308653,2.558675799086758
22430,1.0,93197.0,1.0729959118855756e-05,0.9803756765709721,0.01981932003836572,0.9795014209343222,0.981249932207622,2.560502283105023
22437,1.0,93060.0,1.074575542660649e-05,0.9803651416937256,0.019830065793792328,0.9794906516468911,0.9812396317405601,2.561301369863014
22442,2.0,93008.0,2.150352657835885e-05,0.9803440603858447,0.019851569320370688,0.9794691011982241,0.9812190195734652,2.5618721461187213
22461,1.0,93001.0,1.07525725529833e-05,0.9803335191652084,0.01986232189292367,0.9794583254834991,0.9812087128469177,2.5640410958904107
22477,1.0,92996.0,1.0753150673147233e-05,0.9803229774911669,0.019873075043596818,0.979447549362754,0.9811984056195798,2.5658675799086756
22491,1.0,92990.0,1.075384449940854e-05,0.9803124352503078,0.019883828888096228,0.9794367727173945,0.981188097783221,2.5674657534246577
22495,1.0,92977.0,1.0755348096841155e-05,0.980301891648823,0.01989458423619307,0.979425994717581,0.981177788580065,2.567922374429224
22508,3.0,92794.0,3.2329676487703943e-05,0.9802701988058057,0.019926913912680772,0.9793935962726248,0.9811468013389866,2.569406392694064
22530,1.0,92677.0,1.0790163686783129e-05,0.9802596215299033,0.019937704076367555,0.9793827833423895,0.9811364597174171,2.5719178082191783
22570,1.0,92384.0,1.0824385174922065e-05,0.9802490108221884,0.019948528461542478,0.9793719355274668,0.98112608611691,2.57648401826484
22581,1.0,91763.0,1.0897638481741006e-05,0.9802383284228464,0.01995942610002422,0.9793610128121985,0.9811156440334944,2.577739726027397
22586,1.0,91639.0,1.0912384465129475e-05,0.9802276316853392,0.01997033848448935,0.9793500751718032,0.9811051881988753,2.578310502283105
22587,1.0,91625.0,1.0914051841746249e-05,0.9802169334301503,0.019981252536331096,0.9793391360155063,0.9810947308447943,2.5784246575342467
22588,1.0,91610.0,1.0915838882218098e-05,0.9802062335400353,0.019992168375213313,0.9793281952206715,0.9810842718593992,2.5785388127853883
22603,1.0,91216.0,1.096298894930714e-05,0.980195487549929,0.02000313136416262,0.9793172062764143,0.9810737688234438,2.5802511415525116
22616,1.0,91119.0,1.0974659511188666e-05,0.9801847302381987,0.02001410602367381,0.9793062055610197,0.9810632549153778,2.5817351598173515
22621,1.0,91117.0,1.0974900402778844e-05,0.980173972808408,0.02002508092407659,0.9792952047949833,0.9810527408218327,2.5823059360730594
22624,1.0,91115.0,1.09751413049443e-05,0.980163215260553,0.020036056065381534,0.9792842039782453,0.9810422265428606,2.582648401826484
22631,1.0,91111.0,1.097562314100383e-05,0.9801524573584856,0.020047031688522537,0.9792732028637142,0.9810317118532569,2.5834474885844747
22642,1.0,91106.0,1.097622549557658e-05,0.9801416989840935,0.020058007914018114,0.9792622013277869,0.9810211966404002,2.584703196347032
22643,1.0,91105.0,1.0976345974425114e-05,0.9801309406097015,0.02006898425999254,0.9792511998645115,0.9810106813548916,2.5848173515981734
22666,1.0,91054.0,1.0982493904715884e-05,0.9801201763276204,0.020079966753897255,0.9792401922939071,0.9810001603613336,2.587442922374429
22692,1.0,90810.0,1.1012003083360863e-05,0.9801093832412165,0.020090978756980616,0.9792291546625439,0.9809896118198892,2.5904109589041098
22694,1.0,90806.0,1.1012488161575227e-05,0.9800985897982365,0.02010199124514219,0.9792181167315439,0.9809790628649291,2.5906392694063927
22702,1.0,90794.0,1.1013943652664274e-05,0.9800877950475944,0.020113005188794855,0.9792070775058483,0.9809685125893404,2.591552511415525
22704,1.0,90781.0,1.1015520868904286e-05,0.9800769988700346,0.020124020709663758,0.9791960368606789,0.9809579608793904,2.591780821917808
22725,1.0,90625.0,1.103448275862069e-05,0.9800661842272884,0.02013505519242238,0.9791849769704224,0.9809473914841544,2.594178082191781
22736,1.0,90591.0,1.1038624145886457e-05,0.9800553656450427,0.020146093816568265,0.979173913032249,0.9809368182578364,2.595433789954338
22742,2.0,90589.0,2.2077735707425847e-05,0.9800337282417013,0.02016817155227569,0.9791517851273464,0.9809156713560563,2.5961187214611874
22767,1.0,90580.0,1.103996467211305e-05,0.980022908703964,0.020179211516947803,0.9791407204107405,0.9809050969971875,2.598972602739726
22769,1.0,90578.0,1.1040208439135331e-05,0.9800120890467768,0.020190251725386937,0.9791296556428064,0.9808945224507473,2.5992009132420093
22783,1.0,90569.0,1.1041305523965153e-05,0.9800012684338845,0.0202012930309109,0.9791185899486046,0.9808839469191644,2.600799086757991
22785,1.0,90568.0,1.1041427435738893e-05,0.9799904478209922,0.02021233445834664,0.9791075243279499,0.9808733713140345,2.6010273972602738
22791,1.0,90562.0,1.104215896292043e-05,0.9799796266106852,0.020223376617309562,0.9790964581557849,0.9808627950655854,2.6017123287671233
22794,1.0,90550.0,1.1043622308117063e-05,0.9799688040858192,0.02023442023961768,0.9790853906818243,0.9808522174898141,2.602054794520548
22798,1.0,90532.0,1.1045818053285026e-05,0.9799579795287113,0.020245466057670965,0.979074321155245,0.9808416379021777,2.602511415525114
22799,1.0,90519.0,1.1047404412333323e-05,0.9799471535366043,0.0202565134620833,0.9790632502008559,0.9808310568723527,2.602625570776256
22804,1.0,90481.0,1.1052044075551773e-05,0.9799363231174717,0.020267565506158852,0.9790521746885402,0.9808204715464032,2.6031963470319637
22811,1.0,90433.0,1.1057910276116019e-05,0.9799254870695343,0.02027862341643497,0.9790410933610726,0.980809880777996,2.6039954337899545
22820,1.0,90383.0,1.1064027527300488e-05,0.9799146451469707,0.02028968744396227,0.979030005961309,0.9807992843326324,2.605022831050228
22825,1.0,90369.0,1.1065741570671359e-05,0.9799038016647461,0.02030075318553294,0.979018917003513,0.9807886863259793,2.605593607305936
22830,1.0,90367.0,1.1065986477364525e-05,0.9798929580625277,0.020311819172010307,0.9790078279938016,0.9807780881312539,2.606164383561644
22871,1.0,90291.0,1.1075300971303896e-05,0.9798821054530975,0.02032289447298161,0.9789967296346146,0.9807674812715804,2.6108447488584474
22876,1.0,90287.0,1.1075791642207626e-05,0.9798712524830636,0.020333970264623816,0.9789856309719164,0.9807568739942109,2.6114155251141553
22886,1.0,90276.0,1.1077141211396162e-05,0.9798603983108308,0.02034504740583521,0.9789745311252137,0.9807462654964479,2.6125570776255707
22891,1.0,90251.0,1.1080209637566344e-05,0.979849541252202,0.02035612761547278,0.9789634283325465,0.9807356541718576,2.6131278538812786
22893,1.0,90243.0,1.1081191893000011e-05,0.9798386833514092,0.02036720880736578,0.9789523247325262,0.9807250419702922,2.6133561643835614
22899,1.0,90215.0,1.1084631158898187e-05,0.979827822201009,0.020378293438524677,0.978941217806575,0.980714426595443,2.614041095890411
22901,1.0,90212.0,1.1084999778300005e-05,0.9798169608098171,0.020389378438302977,0.9789301107023891,0.980703810917245,2.614269406392694
22910,1.0,90207.0,1.1085614198454666e-05,0.9798060989370044,0.02040046405250143,0.978919003167978,0.9806931947060309,2.615296803652968
22915,1.0,90206.0,1.1085737090659159e-05,0.9797952370641918,0.02041154978959209,0.9789078957071319,0.9806825784212517,2.615867579908676
22928,1.0,89905.0,1.1122851899226962e-05,0.9797843389468784,0.020422672641491318,0.9788967504013756,0.9806719274923813,2.617351598173516
22949,1.0,89017.0,1.1233809272386174e-05,0.9797733322364867,0.020433906450763702,0.9788854915291576,0.9806611729438157,2.6197488584474886
22954,1.0,88974.0,1.1239238429204037e-05,0.9797623203303991,0.020445145689192906,0.9788742272958948,0.9806504133649034,2.6203196347031965
22983,1.0,88759.0,1.1266463119232979e-05,0.9797512818743516,0.02045641215231214,0.9788629353483629,0.9806396284003402,2.6236301369863013
23069,2.0,88594.0,2.2574892204889722e-05,0.9797291640947756,0.02047898704451703,0.9788403089057532,0.980618019283798,2.633447488584475
23071,1.0,88591.0,1.1287828334706686e-05,0.9797181050801568,0.020490274872851735,0.9788289956716713,0.9806072144886423,2.633675799086758
23074,1.0,88589.0,1.1288083170596801e-05,0.9797070459407029,0.02050156295602233,0.9788176823854214,0.9805964094959844,2.634018264840183
23100,1.0,88550.0,1.1293054771315642e-05,0.9796959820553732,0.020512856010793647,0.9788063642093662,0.9805855999013803,2.636986301369863
23103,1.0,88536.0,1.1294840516851902e-05,0.9796849165455009,0.0205241508513105,0.9787950444111664,0.9805747886798355,2.6373287671232877
23104,1.0,88532.0,1.129535083359689e-05,0.9796738506606623,0.020535446202144095,0.9787837242989331,0.9805639770223914,2.6374429223744293
23106,1.0,88516.0,1.1297392561796738e-05,0.9796627829005888,0.02054674359470589,0.9787724023020734,0.9805531634991043,2.6376712328767122
23118,1.0,88495.0,1.1300073450477429e-05,0.9796517126391853,0.02055804366815637,0.9787610777651629,0.9805423475132077,2.639041095890411
23130,1.0,88479.0,1.130211688649284e-05,0.979640640501021,0.02056934578504286,0.9787497513420348,0.9805315296600071,2.6404109589041096
23132,1.0,88476.0,1.1302500113025e-05,0.979629568112571,0.020580648285155885,0.978738424735321,0.9805207114898209,2.6406392694063925
23141,1.0,88472.0,1.1303011122162944e-05,0.979618495348667,0.020591951296278048,0.9787270978139375,0.9805098928833964,2.6416666666666666
23155,1.0,88469.0,1.1303394409341124e-05,0.9796074223344433,0.02060325469068739,0.9787157707088225,0.9804990739600641,2.6432648401826486
23176,1.0,88462.0,1.1304288847188623e-05,0.9795963485691843,0.02061455897953458,0.9787044428957778,0.9804882542425908,2.645662100456621
23178,1.0,88461.0,1.130441663557952e-05,0.9795852748039254,0.02062586339617016,0.9786931151609302,0.9804774344469207,2.6458904109589043
23181,1.0,88460.0,1.1304544426859598e-05,0.9795742010386664,0.02063716794059702,0.9786817875042123,0.9804666145731206,2.646232876712329
23189,1.0,88457.0,1.1304927818035882e-05,0.9795631270230313,0.020648472868415053,0.9786704596634778,0.9804557943825848,2.6471461187214613
23195,1.0,88454.0,1.1305311235218305e-05,0.9795520527570057,0.02065977817965027,0.9786591316386555,0.980444973875356,2.6478310502283104
23213,1.0,88440.0,1.1307100859339666e-05,0.9795409768631482,0.02067108528050961,0.9786478019878891,0.9804341517384073,2.6498858447488582
23216,1.0,88437.0,1.1307484423940206e-05,0.9795299007188097,0.02068239276493355,0.9786364721528649,0.9804233292847546,2.6502283105022832
23222,1.0,88430.0,1.1308379509216329e-05,0.9795188238229517,0.02069370114444277,0.9786251416090889,0.9804125060368146,2.6509132420091324
23225,1.0,88427.0,1.1308763160573128e-05,0.9795077466765618,0.020705009907603343,0.978613810880903,0.9804016824722206,2.651255707762557
23235,1.0,88421.0,1.1309530541387227e-05,0.9794966689037853,0.02071631943814473,0.9786024795748525,0.9803908582327181,2.6523972602739727
23247,1.0,88417.0,1.1310042186457356e-05,0.9794855907551385,0.020727629480331185,0.9785911479531029,0.9803800335571742,2.6537671232876714
23271,1.0,88411.0,1.131080974086935e-05,0.9794745119799776,0.020738940290072054,0.9785798157532655,0.9803692082066897,2.6565068493150683
23281,1.0,88406.0,1.1311449449132412e-05,0.9794634327035486,0.020750251739521188,0.978568483106387,0.9803583823007103,2.657648401826484
23286,1.0,88404.0,1.1311705352698974e-05,0.9794523533017941,0.020761563444873888,0.9785571504058949,0.9803475561976934,2.658219178082192
23302,1.0,88399.0,1.1312345162275592e-05,0.9794412733987036,0.020772875790036165,0.9785458172581886,0.9803367295392186,2.6600456621004565
23322,1.0,88386.0,1.1314009005951169e-05,0.9794301919913155,0.020784189799042115,0.978534482613513,0.9803259013691181,2.6623287671232876
23328,1.0,88383.0,1.1314393039385403e-05,0.9794191103331688,0.0207955041920815,0.9785231477838116,0.980315072882526,2.663013698630137
23330,1.0,88382.0,1.1314521056323685e-05,0.979408028675022,0.020806818713137824,0.9785118130314696,0.9803042443185743,2.66324200913242
23335,1.0,88378.0,1.1315033153047139e-05,0.9793969466407072,0.020818133746290872,0.9785004779627345,0.9802934153186799,2.663812785388128
23337,1.0,88375.0,1.1315417256011316e-05,0.9793858643555967,0.020829449163546884,0.9784891427087655,0.9802825860024279,2.664041095890411
23350,2.0,88364.0,2.2633651713367434e-05,0.9793636972770499,0.020852082815260253,0.9784664698072503,0.9802609247468494,2.665525114155251
23351,2.0,88362.0,2.2634164007152396e-05,0.979341530198503,0.020874716979267405,0.9784437972140755,0.9802392631829305,2.665639269406393
23356,2.0,88356.0,2.2635701027660827e-05,0.9793193621164215,0.020897352680295064,0.9784211238785361,0.9802176003543068,2.6662100456621003
23359,1.0,88353.0,1.131823480809933e-05,0.9793082779499289,0.020908670915103164,0.9784097871947754,0.9802067687050824,2.6665525114155253
23362,1.0,88351.0,1.1318491018777376e-05,0.9792971936579803,0.02091998940612194,0.9783984504565078,0.9801959368594528,2.66689497716895
23389,1.0,88334.0,1.1320669277967714e-05,0.979286107358326,0.02093131007539991,0.9783871116939901,0.9801851030226619,2.6699771689497718
23451,1.0,88298.0,1.1325284830913498e-05,0.9792750166642292,0.020942635360230822,0.9783757684096082,0.9801742649188503,2.677054794520548
23478,1.0,88283.0,1.1327209088952573e-05,0.9792639242113599,0.020953962569319775,0.9783644233615211,0.9801634250611987,2.68013698630137
23494,1.0,88152.0,1.134404210908431e-05,0.9792528154001677,0.02096530661142886,0.9783530612715852,0.9801525695287503,2.681963470319635
23501,1.0,87863.0,1.1381355064133936e-05,0.979241670176178,0.020976687966492994,0.978341661150053,0.980141679202303,2.6827625570776257
23518,1.0,87505.0,1.1427918404662591e-05,0.9792304794822728,0.020988115884897657,0.9783302135116034,0.9801307454529422,2.684703196347032
23533,1.0,87476.0,1.1431706982486625e-05,0.979219285206363,0.020999547591880142,0.9783187622027164,0.9801198082100097,2.686415525114155
23536,1.0,87474.0,1.143196835631159e-05,0.9792080908024807,0.021010979560236454,0.9783073108392,0.9801088707657615,2.68675799086758
23541,1.0,87470.0,1.1432491139819366e-05,0.9791968960146586,0.021022412051376272,0.9782958591530428,0.9800979328762744,2.6873287671232875
23554,1.0,87466.0,1.1433013971143072e-05,0.979185700842866,0.021033845065347414,0.9782844071441607,0.9800869945415714,2.688812785388128
23580,1.0,87448.0,1.1435367303997804e-05,0.9791745034947181,0.02104528043265141,0.9782729529362539,0.9800760540531823,2.691780821917808
23583,1.0,87445.0,1.1435759620332781e-05,0.9791633058904697,0.021056716192271743,0.9782614985394174,0.9800651132415221,2.6921232876712327
23587,1.0,87444.0,1.1435890398426422e-05,0.9791521082862215,0.02106815208267017,0.9782500442216713,0.9800541723507716,2.692579908675799
23589,1.0,87443.0,1.1436021179511224e-05,0.9791409106819732,0.02107958810384968,0.978238589982948,0.9800432313809984,2.692808219178082
23596,1.0,87442.0,1.1436151963587291e-05,0.9791297130777248,0.021091024255813266,0.9782271358231801,0.9800322903322695,2.693607305936073
23601,2.0,87440.0,2.2872827081427266e-05,0.9791073176131072,0.021113897082894694,0.9782042274721571,0.9800104077540573,2.694178082191781
23614,1.0,87433.0,1.1437329154895749e-05,0.9790961192404377,0.02112533441204959,0.9781927727445509,0.9799994657363246,2.695662100456621
23640,1.0,87426.0,1.1438244915700135e-05,0.9790849200992299,0.021136772656965293,0.9781813172912335,0.9799885229072263,2.6986301369863015
23644,1.0,87424.0,1.1438506588579795e-05,0.9790737208299205,0.021148211163553872,0.9781698617824983,0.9799775798773427,2.6990867579908677
23649,1.0,87421.0,1.1438899120348657e-05,0.9790625213043965,0.021159650062674222,0.9781584060841926,0.9799666365246005,2.699657534246575
23651,1.0,87420.0,1.1439029970258522e-05,0.9790513217788726,0.02117108909264448,0.978146950464427,0.9799556930933181,2.6998858447488585
23668,1.0,87415.0,1.1439684264714294e-05,0.9790401217408724,0.021182528776909192,0.9781354943867584,0.9799447490949864,2.7018264840182646
23670,1.0,87411.0,1.1440207754172815e-05,0.9790289213184801,0.021193968984663365,0.9781240379851964,0.9799338046517637,2.702054794520548
23673,2.0,87407.0,2.288146258308831e-05,0.9790065197048491,0.021216850447246454,0.9781011246124285,0.9799119147972697,2.7023972602739725
23678,1.0,87403.0,1.1441254876834891e-05,0.9789953186417311,0.02122829170212329,0.9780896677751997,0.9799009695082624,2.7029680365296804
23690,1.0,87395.0,1.144230219120087e-05,0.9789841166814514,0.02123973400431449,0.9780782100772075,0.9798900232856952,2.704337899543379
23694,1.0,87391.0,1.1442825920289274e-05,0.9789729143366255,0.02125117683023478,0.978066752054906,0.979879076618345,2.7047945205479453
23719,2.0,87285.0,2.291344446353898e-05,0.9789504826951214,0.02127409027469832,0.9780438080375954,0.9798571573526474,2.707648401826484
23763,1.0,86204.0,1.1600389773096376e-05,0.9789391264879536,0.021285690664471415,0.9780321891789232,0.9798460637969839,2.7126712328767124
23776,1.0,86201.0,1.1600793494275009e-05,0.9789277700173037,0.02129729145796569,0.9780205701265983,0.9798349699080091,2.7141552511415523
23780,1.0,86199.0,1.1601062657339413e-05,0.9789164134149068,0.02130889252062303,0.9780089510185065,0.979823875811307,2.7146118721461185
23795,1.0,86193.0,1.1601870221479703e-05,0.9789050561537206,0.02132049439084451,0.977997331302697,0.9798127810047442,2.7163242009132422
23807,1.0,86190.0,1.160227404571296e-05,0.9788936986289943,0.02133209666489022,0.9779857113930004,0.9798016858649883,2.7176940639269405
23809,1.0,86188.0,1.1602543277486425e-05,0.9788823409724919,0.021343699208167706,0.9779740914273283,0.9797905905176556,2.717922374429224
23845,1.0,86173.0,1.1604562914137838e-05,0.9788709814707806,0.021355303771081843,0.9779624696114778,0.9797794933300833,2.72203196347032
23849,1.0,86170.0,1.160496692584426e-05,0.9788596217054158,0.021366908738007687,0.9779508476014821,0.9797683958093496,2.722488584474886
23853,1.0,86167.0,1.1605370965682917e-05,0.9788482616763826,0.02137851410897337,0.9779392253972652,0.9797572979555,2.722945205479452
23854,1.0,86165.0,1.1605640341205826e-05,0.978836901515509,0.021390119749314575,0.9779276031367999,0.979746199894218,2.7230593607305935
23866,1.0,86155.0,1.1606987406418663e-05,0.9788255401679201,0.021401726736720993,0.9779159797155107,0.9797351006203295,2.724429223744292
23869,1.0,86154.0,1.1607122130139053e-05,0.9788141788203313,0.021413333858851132,0.9779043563759152,0.9797240012647473,2.7247716894977168
23880,1.0,86150.0,1.1607661056297156e-05,0.9788028170771064,0.02142494151990743,0.9778927327037007,0.979712901450512,2.7260273972602738
23886,1.0,86146.0,1.160820003250296e-05,0.9787914549382133,0.021436549719939933,0.9778811086987793,0.9797018011776473,2.7267123287671233
23888,1.0,86145.0,1.160833478437518e-05,0.9787800927993202,0.021448158054724307,0.9778694847753631,0.9796907008232774,2.726940639269406
23902,1.0,86138.0,1.160927813508556e-05,0.9787687298689899,0.021459767332859394,0.9778578601047542,0.9796795996332256,2.7285388127853882
23906,1.0,86136.0,1.1609547692021918e-05,0.9787573668067411,0.021471376880551417,0.9778462353774169,0.9796684982360653,2.7289954337899545
23911,1.0,86130.0,1.1610356437942645e-05,0.9787460030848462,0.02148298723698936,0.9778346100407734,0.9796573961289189,2.729566210045662
23931,1.0,86125.0,1.1611030478955007e-05,0.9787346388351732,0.021494598267468315,0.9778229842328401,0.9796462934375063,2.731849315068493
23938,1.0,86123.0,1.161130011727413e-05,0.9787232744535465,0.021506209567585588,0.9778113583679738,0.9796351905391191,2.732648401826484
23963,1.0,86117.0,1.1612109107377172e-05,0.9787119094120975,0.021517821676692965,0.977799731893469,0.979624086930726,2.735502283105023
23981,1.0,86110.0,1.1613053071652537e-05,0.9787005435787517,0.021529434729764617,0.9777881046710105,0.9796129824864929,2.7375570776255707
23986,1.0,86108.0,1.1613322803920657e-05,0.9786891776134107,0.021541048052568536,0.9777764773914164,0.979601877835405,2.7381278538812786
23991,1.0,86104.0,1.16138623060485e-05,0.9786778112520614,0.021552661914874587,0.9777648497782286,0.9795907727258942,2.7386986301369864
23993,1.0,86103.0,1.161399718941268e-05,0.9786664448907122,0.021564275912063998,0.9777532222459678,0.9795796675354566,2.7389269406392693
23998,1.0,86098.0,1.1614671653232363e-05,0.9786550780012968,0.02157589058371723,0.977741594241749,0.9795685617608446,2.7394977168949772
24000,2.0,86096.0,2.3229882921390077e-05,0.9786323439584145,0.02159912046663862,0.9777183381992315,0.9795463497175975,2.73972602739726
24001,1.0,86093.0,1.1615346195393353e-05,0.9786209768049413,0.021610735812834014,0.9777067101607952,0.9795352434490874,2.739840182648402
24002,1.0,86092.0,1.1615481113227709e-05,0.9786096096514681,0.021622351293947243,0.9776950822029624,0.9795241370999739,2.7399543378995435
24003,1.0,86090.0,1.1615750958299454e-05,0.978598242365957,0.02163396704490554,0.9776834541874464,0.9795130305444677,2.740068493150685
24018,1.0,86083.0,1.1616695514793862e-05,0.9785868742881442,0.021645583740420336,0.9776718254230268,0.9795019231532616,2.7417808219178084
24021,1.0,86076.0,1.1617640224917515e-05,0.9785755054179098,0.021657201380645252,0.9776601959095403,0.9794908149262793,2.742123287671233
24029,1.0,86065.0,1.1619125079881485e-05,0.9785641352267123,0.021668820505725134,0.9776485650936872,0.9794797053597373,2.7430365296803654
24047,1.0,85952.0,1.163440059568131e-05,0.9785527502195545,0.021680454906320815,0.9776369188489955,0.9794685815901134,2.745091324200913
24060,1.0,85730.0,1.166452816983553e-05,0.9785413358634338,0.02169211943449065,0.9776252419605199,0.9794574297663478,2.7465753424657535
24066,1.0,85591.0,1.1683471393020294e-05,0.9785299031037293,0.02170380290588367,0.9776135458858051,0.9794462603216536,2.7472602739726026
24082,1.0,84990.0,1.1766090128250382e-05,0.9785183896326963,0.021715568996011923,0.9776017653763618,0.9794350138890309,2.7490867579908675
24094,1.0,84857.0,1.1784531623790613e-05,0.9785068582517893,0.021727353527635714,0.9775899661933823,0.9794237503101962,2.7504566210045662
24101,1.0,84774.0,1.1796069549626065e-05,0.9784953157168346,0.02173914959718534,0.9775781554124429,0.9794124760212263,2.751255707762557
24118,1.0,84666.0,1.1811116622965534e-05,0.9784837585945456,0.021750960713808304,0.9775663294372452,0.979401187751846,2.7531963470319636
24131,1.0,84594.0,1.1821169350072108e-05,0.978472191772329,0.021762781883158375,0.9775544933869854,0.9793898901576726,2.7546803652968035
24134,1.0,84582.0,1.182284646851576e-05,0.978460623445832,0.02177460472962689,0.9775426558464876,0.9793785910451763,2.7550228310502285
24135,1.0,84575.0,1.182382500738989e-05,0.9784490542986437,0.02178642855463428,0.9775308175317687,0.9793672910655187,2.7551369863013697
24143,1.0,84543.0,1.1828300391516743e-05,0.9784374809093117,0.021798256855025795,0.9775189748589561,0.9793559869596673,2.756050228310502
24156,1.0,84526.0,1.1830679317606417e-05,0.9784259053292427,0.0218100875343434,0.9775071299768627,0.9793446806816226,2.7575342465753425
24163,1.0,84523.0,1.183109922742922e-05,0.9784143294752701,0.02182191863357083,0.9774952848932797,0.9793333740572604,2.7583333333333333
24166,1.0,84521.0,1.1831379183871463e-05,0.978402753484339,0.021833750012754703,0.9774834397515846,0.9793220672170935,2.758675799086758
24209,1.0,84477.0,1.1837541579364798e-05,0.9783911716010633,0.021845587554334068,0.9774715885233347,0.9793107546787918,2.7635844748858447
24211,1.0,84466.0,1.1839083181398433e-05,0.9783795883465988,0.021857426637515467,0.9774597359442284,0.9792994407489691,2.763812785388128
24221,1.0,84438.0,1.1843009071744949e-05,0.9783680013882584,0.02186926964658721,0.977447879570914,0.9792881232056029,2.7649543378995434
24245,1.0,84394.0,1.1849183591250563e-05,0.9783564085261902,0.021881118830178462,0.9774360170992055,0.979276799953175,2.7676940639269407
24263,2.0,84386.0,2.3700613845898608e-05,0.9783332208787481,0.02190481944402436,0.9774122903976139,0.9792541513598823,2.7697488584474885
24288,2.0,84370.0,2.3705108450871162e-05,0.9783100293836461,0.021928524552475234,0.9773885600073883,0.9792314987599039,2.7726027397260276
24293,1.0,84364.0,1.1853397183632829e-05,0.978298433086299,0.021940377949658866,0.9773766943643452,0.9792201718082529,2.773173515981735
24294,2.0,84363.0,2.370707537664616e-05,0.978275240491605,0.021964085025035513,0.9773529633337716,0.9791975176494383,2.7732876712328767
24318,1.0,84356.0,1.1854521314429324e-05,0.9782636435069152,0.02197593954634994,0.9773410972262061,0.9791861897876243,2.776027397260274
24321,1.0,84355.0,1.185466184577085e-05,0.9782520465222254,0.021987794208195712,0.977329231203633,0.9791748618408178,2.7763698630136986
24329,1.0,84351.0,1.1855224004457564e-05,0.978240449125081,0.02199964943220017,0.977317364834006,0.979163533416156,2.777283105022831
24344,1.0,84340.0,1.1856770215793218e-05,0.97822885035286,0.022011506202415963,0.9773054971091041,0.9791522035966159,2.7789954337899543
24346,1.0,84338.0,1.1857051388460717e-05,0.9782172514431117,0.022023363253804423,0.9772936293249921,0.9791408735612313,2.7792237442922376
24357,1.0,84334.0,1.185761377380416e-05,0.9782056521207573,0.022035220867578226,0.977281761193516,0.9791295430479986,2.7804794520547946
24361,1.0,84328.0,1.1858457451854663e-05,0.9781940521106524,0.02204707932503008,0.9772698924264673,0.9791182117948374,2.780936073059361
24374,1.0,84324.0,1.1859019970589631e-05,0.9781824516878532,0.02205893834500067,0.9772580233118564,0.97910688006385,2.7824200913242008
24393,1.0,84304.0,1.1861833364964888e-05,0.9781708486506108,0.022070800178365636,0.9772461515438362,0.9790955457573853,2.7845890410958902
24408,1.0,84292.0,1.1863522042423955e-05,0.9781592440991865,0.02208266370040806,0.9772342782746701,0.9790842099237029,2.786301369863014
24412,1.0,84288.0,1.186408504176158e-05,0.9781476391347302,0.022094527785449822,0.9772224046575091,0.9790728736119514,2.7867579908675797
24421,1.0,84281.0,1.1865070419192939e-05,0.9781360333441116,0.022106392855869017,0.9772105302596557,0.9790615364285675,2.787785388127854
24436,1.0,84275.0,1.1865915158706616e-05,0.9781244268649263,0.022118258771027723,0.9771986552251619,0.9790501985046907,2.789497716894977
24444,1.0,84270.0,1.1866619200189865e-05,0.9781128198348223,0.022130125390227913,0.9771867796981276,0.9790388599715171,2.7904109589041095
24487,1.0,84248.0,1.1869717975500902e-05,0.9781012099115026,0.022141995108203413,0.9771749012256563,0.9790275185973489,2.7953196347031963
24488,1.0,84247.0,1.1869858867378067e-05,0.978089599988183,0.02215386496707079,0.9771630228375214,0.9790161771388446,2.795433789954338
24490,1.0,84246.0,1.1869999762600006e-05,0.9780779900648634,0.02216573496683339,0.9771511445336496,0.9790048355960772,2.795662100456621
24499,1.0,84243.0,1.1870422468335647e-05,0.9780663798659144,0.022177605389301726,0.9771392660253396,0.9789934937064891,2.796689497716895
24524,1.0,84233.0,1.1871831704913751e-05,0.9780547684264563,0.02218947722100664,0.9771273863021576,0.9789821505507551,2.7995433789954336
24526,1.0,84232.0,1.1871972646975021e-05,0.9780431569869984,0.022201349193653613,0.9771155066630632,0.9789708073109336,2.799771689497717
24539,1.0,84224.0,1.1873100303951368e-05,0.978031544582494,0.022213222293957564,0.9771036260974598,0.9789594630675281,2.8012557077625573
24567,1.0,84216.0,1.1874228175168615e-05,0.9780199312127711,0.022225096522132733,0.9770917446051322,0.97894811782041,2.8044520547945204
24616,1.0,84193.0,1.1877471998859763e-05,0.9780083148084239,0.022236973994131593,0.9770798600191487,0.978936769597699,2.810045662100457
24618,1.0,84192.0,1.1877613074876473e-05,0.9779966984040765,0.02224885160720647,0.9770679755171051,0.978925421291048,2.8102739726027397
24623,1.0,84191.0,1.1877754154244516e-05,0.9779850819997292,0.022260729361360712,0.9770560910989289,0.9789140729005296,2.8108447488584476
24633,1.0,84188.0,1.1878177412457833e-05,0.9779734653194185,0.022272607538773168,0.9770442064755936,0.9789027241632434,2.811986301369863
24634,1.0,84187.0,1.1878318505232399e-05,0.9779618486391078,0.0222844858572784,0.9770323219359888,0.9788913753422269,2.8121004566210046
24639,1.0,84186.0,1.1878459601358896e-05,0.977950231958797,0.02229636431687976,0.9770204374800415,0.9788800264375526,2.8126712328767125
24642,1.0,84185.0,1.187860070083744e-05,0.9779386152784864,0.022308242917580597,0.9770085531076801,0.9788686774492926,2.813013698630137
24675,1.0,84175.0,1.188001188001188e-05,0.9779269973561189,0.02232012292946061,0.9769966675183743,0.9788573271938634,2.816780821917808
24684,1.0,84170.0,1.188071759534276e-05,0.9779153788816344,0.022332003647055954,0.9769847814344741,0.9788459763287947,2.817808219178082
24692,1.0,84167.0,1.1881141064787862e-05,0.9779037601310685,0.02234388478812074,0.9769728951449385,0.9788346251171985,2.8187214611872147
24695,1.0,84165.0,1.1881423394522664e-05,0.9778921412424554,0.022355766211515263,0.9769610087942265,0.9788232736906842,2.8190639269406392
24697,1.0,84163.0,1.18817057376757e-05,0.97788052221579,0.022367647917252938,0.9769491223822673,0.9788119220493128,2.8192922374429226
24716,1.0,84157.0,1.188255284765379e-05,0.9778689024988061,0.022379530470100592,0.9769372353307949,0.9788005696668173,2.821461187214612
24738,2.0,84147.0,2.376792993214256e-05,0.9778456605792486,0.022403298400032735,0.9769134588750402,0.978777862283457,2.823972602739726
24741,1.0,84145.0,1.1884247430031493e-05,0.9778340396194699,0.022415182647462766,0.9769015707717917,0.9787665084671481,2.8243150684931506
24745,1.0,84144.0,1.1884388667046967e-05,0.9778224186596912,0.022427067036129813,0.976889682751534,0.9787551545678485,2.824771689497717
24760,1.0,84139.0,1.1885094902482796e-05,0.9778107971474477,0.022438952131032294,0.9768777942358225,0.9787438000590728,2.82648401826484
24786,1.0,84134.0,1.1885801221860365e-05,0.9777991750826801,0.022450837932254154,0.9768659052245469,0.9787324449408134,2.8294520547945203
24790,1.0,84133.0,1.1885942495810204e-05,0.9777875530179126,0.022462723874749964,0.9768540162960798,0.9787210897397455,2.8299086757990866
24802,1.0,84128.0,1.188664891593762e-05,0.9777759304005555,0.0224746105236659,0.9768421268718676,0.9787097339292435,2.8312785388127852
24813,1.0,84125.0,1.1887072808320951e-05,0.9777643075068807,0.022486497596474222,0.9768302372410755,0.9786983777726859,2.8325342465753423
24815,1.0,84122.0,1.18874967309384e-05,0.9777526843368716,0.02249838509320516,0.9768183474036273,0.9786870212701159,2.8327625570776256
24854,1.0,84106.0,1.1889758162318978e-05,0.9777410590939122,0.02251027485136748,0.9768064554787216,0.9786756627091028,2.837214611872146
24856,1.0,84103.0,1.18901822764943e-05,0.9777294335745003,0.022522165033643973,0.976794563346966,0.9786643038020345,2.837442922374429
24859,1.0,84100.0,1.1890606420927467e-05,0.9777178077786195,0.0225340556400649,0.9767826710082844,0.9786529445489546,2.837785388127854
24865,1.0,84095.0,1.189131339556454e-05,0.9777061814297549,0.022545946953460464,0.9767707781731643,0.9786415846863454,2.838470319634703
24874,1.0,84088.0,1.1892303301303397e-05,0.9776945542513057,0.022557839256761768,0.9767588845520172,0.9786302239505942,2.8394977168949773
24876,1.0,84086.0,1.1892586161786742e-05,0.9776829269345794,0.022569731842923553,0.976746990868444,0.9786188630007148,2.83972602739726
24877,1.0,84085.0,1.189272759707439e-05,0.977671299617853,0.02258162457052063,0.9767350972671222,0.9786075019685839,2.839840182648402
24903,1.0,84073.0,1.1894425082963615e-05,0.977659670779824,0.022593518995603593,0.9767232021555692,0.9785961394040787,2.842808219178082
24913,1.0,84064.0,1.1895698515416826e-05,0.9776480408351297,0.02260541469411901,0.9767113059677859,0.9785847757024735,2.843949771689498
24914,1.0,84062.0,1.1895981537436654e-05,0.9776364107520858,0.022617310675656446,0.9766994097173044,0.9785734117868673,2.844063926940639
24928,1.0,84060.0,1.1896264572924102e-05,0.9776247805306875,0.02262920694022937,0.9766875134040551,0.9785620476573198,2.845662100456621
24931,1.0,84058.0,1.189654762188013e-05,0.9776131501709295,0.022641103487851248,0.976675617027969,0.9785506833138901,2.8460045662100457
24933,1.0,84055.0,1.1896972220569864e-05,0.9776015195344394,0.022653000460071817,0.9766637204441493,0.9785393186247295,2.8462328767123286
24959,1.0,84046.0,1.189824619851034e-05,0.977589887790876,0.022664898706270326,0.976651822783442,0.97852795279831,2.8492009132420093
24968,1.0,84042.0,1.1898812498512649e-05,0.9775782556321007,0.02267679751876884,0.9766399247699654,0.9785165864942359,2.850228310502283
24971,1.0,84040.0,1.1899095668729177e-05,0.9775666233349133,0.022688696614437568,0.9766280266933792,0.9785052199764473,2.850570776255708
24984,1.0,84033.0,1.1900086870634156e-05,0.9775549902071737,0.022700596701308202,0.9766161278291999,0.9784938525851475,2.852054794520548
25005,1.0,83987.0,1.1906604593568053e-05,0.9775433508464368,0.02271250330590177,0.9766042225229749,0.9784824791698988,2.8544520547945207
25009,1.0,83971.0,1.1908873301496946e-05,0.9775317094065249,0.02272441217920327,0.9765923151223522,0.9784711036906976,2.854908675799087
25013,1.0,83955.0,1.1911142874158776e-05,0.9775200658866702,0.02273632332207743,0.9765804056265287,0.9784597261468116,2.855365296803653
25016,1.0,83954.0,1.1911284751173261e-05,0.9775084223668153,0.022748234606828604,0.9765684962124364,0.9784483485211943,2.8557077625570777
25032,1.0,83249.0,1.2012156302177804e-05,0.9774966803828592,0.022760246763130782,0.9765564838064024,0.978436876959316,2.8575342465753426
25044,1.0,82607.0,1.210551163944944e-05,0.9774848472854173,0.02277235227477023,0.9765443760718999,0.9784253184989347,2.8589041095890413
25051,1.0,82277.0,1.215406492701484e-05,0.9774729668711182,0.022784506339697246,0.9765322188620744,0.9784137148801619,2.859703196347032
25076,2.0,81839.0,2.4438226273537066e-05,0.9774490791655776,0.022808944565970782,0.9765077717843673,0.9783903865467878,2.8625570776255707
25093,1.0,81630.0,1.2250398137939483e-05,0.9774371050251982,0.022821194964108723,0.9764955166443787,0.9783786934060177,2.8644977168949772
25097,1.0,81626.0,1.2250998456374194e-05,0.9774251304447333,0.022833445962565098,0.9764832611340922,0.9783669997553744,2.8649543378995435
25098,1.0,81624.0,1.2251298637655592e-05,0.9774131557175643,0.022845697261202752,0.9764710055608691,0.9783553058742595,2.865068493150685
25102,1.0,81620.0,1.2251899044351874e-05,0.9774011805502558,0.022857949160247103,0.9764587496171587,0.9783436114833529,2.8655251141552514
25114,1.0,81608.0,1.225370061758651e-05,0.977389203768806,0.022870202860864688,0.9764464920727346,0.9783319154648774,2.8668949771689496
25124,3.0,81597.0,3.676605757564616e-05,0.9773532690210665,0.022906968918440334,0.9764097153689454,0.9782968226731875,2.8680365296803654
25128,1.0,81587.0,1.2256854645960753e-05,0.9773412897441103,0.022919225773086294,0.9763974555717949,0.9782851239164256,2.8684931506849316
25129,1.0,81585.0,1.225715511429797e-05,0.9773293103203222,0.022931482928200592,0.9763851957111622,0.9782734249294822,2.8686073059360733
25184,1.0,81552.0,1.2262114969589955e-05,0.9773173261959559,0.02294374504317018,0.9763729310156807,0.9782617213762311,2.8748858447488583
25190,1.0,81551.0,1.226226533089723e-05,0.9773053420715896,0.02295600730850108,0.9763606664105492,0.97825001773263,2.875570776255708
25192,1.0,81550.0,1.226241569589209e-05,0.9772933579472234,0.022968269724196973,0.9763484018956873,0.9782383139987595,2.875799086757991
25196,1.0,81547.0,1.2262866813003544e-05,0.9772813735289376,0.022980532591009975,0.9763361371630639,0.9782266098948114,2.876255707762557
25217,1.0,81536.0,1.2264521193092622e-05,0.9772693876408204,0.02299279711220307,0.9763238709805755,0.9782149043010653,2.87865296803653
25230,1.0,81522.0,1.2266627413458944e-05,0.9772573998413596,0.023005063739616527,0.976311602885617,0.9782031967971022,2.8801369863013697
25231,1.0,81521.0,1.2266777885452828e-05,0.9772454120418989,0.02301733051750198,0.9762993348807179,0.9781914892030799,2.8802511415525114
25233,1.0,81520.0,1.2266928361138371e-05,0.9772334242424381,0.02302959744586312,0.9762870669657979,0.9781797815190783,2.8804794520547947
25247,1.0,81511.0,1.22682828084553e-05,0.9772214352664196,0.023041865728671576,0.9762747979081194,0.9781680726247197,2.8820776255707763
25248,1.0,81509.0,1.2268583837367652e-05,0.9772094461433133,0.023054134312508943,0.9762625287861963,0.9781563635004302,2.882191780821918
25260,1.0,81496.0,1.227054088544223e-05,0.9771974552548507,0.023066404853394385,0.9762502579045617,0.9781446526051397,2.8835616438356166
25264,1.0,81492.0,1.227114317969862e-05,0.9771854639249624,0.023078675996574084,0.9762379866502208,0.9781329411997041,2.884018264840183
25287,1.0,81416.0,1.228259801513216e-05,0.9771734615487229,0.023090958594589216,0.9762257039127754,0.9781212191846703,2.8866438356164386
25291,1.0,81413.0,1.2283050618451599e-05,0.9771614588776317,0.02310324164520767,0.9762134209563618,0.9781094967989017,2.887100456621005
25297,1.0,81406.0,1.228410682259293e-05,0.9771494553218879,0.023115525752030262,0.9762011371630055,0.9780977734807703,2.887785388127854
25298,1.0,81404.0,1.2284408628568621e-05,0.9771374516186876,0.023127810160658832,0.9761888533049813,0.9780860499323939,2.8878995433789956
25309,1.0,81398.0,1.2285314135482445e-05,0.977125447178141,0.023140095474794314,0.976176568764231,0.978074325592051,2.8891552511415526
25334,1.0,81382.0,1.2287729473347915e-05,0.9771134405249845,0.023152383204267664,0.9761642819951889,0.9780625990547801,2.892009132420091
25337,1.0,81380.0,1.228803145736053e-05,0.9771014337242899,0.023164671235725024,0.9761519951612522,0.9780508722873277,2.892351598173516
25345,1.0,81375.0,1.228878648233487e-05,0.9770894263333993,0.023176960022207357,0.976139707798621,0.9780391448681777,2.8932648401826486
25385,1.0,81344.0,1.2293469708890637e-05,0.9770774145141339,0.023189253491916247,0.976127415886392,0.9780274131418758,2.8978310502283104
25393,1.0,81335.0,1.2294830023974919e-05,0.9770654015134022,0.023201548321940223,0.9761151228260563,0.978015680200748,2.898744292237443
25399,1.0,81326.0,1.2296190640139685e-05,0.9770533873309573,0.023213844512580364,0.9761028286173231,0.9780039460445914,2.899429223744292
25418,1.0,81308.0,1.2298912776110592e-05,0.9770413706365689,0.023226143425356473,0.9760905318666456,0.9779922094064922,2.901598173515982
25440,1.0,81283.0,1.2302695520588561e-05,0.977029350394075,0.02323844612087706,0.976078231488574,0.977980469299576,2.904109589041096
25449,1.0,81277.0,1.2303603725531207e-05,0.9770173294121196,0.02325074972460259,0.976065930425388,0.9779687283988512,2.90513698630137
25476,1.0,81262.0,1.2305874824641283e-05,0.9770053063591624,0.02326305559942723,0.9760536272821766,0.9779569854361482,2.908219178082192
25490,1.0,81259.0,1.2306329145079314e-05,0.9769932830102859,0.02327536192857231,0.9760413239184207,0.9779452421021511,2.9098173515981736
25508,1.0,81248.0,1.2307995273729814e-05,0.9769812581815761,0.023287669923846042,0.9760290190938636,0.9779334972692886,2.9118721461187214
25535,1.0,81217.0,1.2312693155373875e-05,0.9769692289111256,0.023299982617001416,0.9760167097057849,0.9779217481164663,2.9149543378995433
25538,1.0,81215.0,1.2312996367666072e-05,0.9769571994925588,0.02331229561336908,0.9760044002519429,0.9779099987331746,2.915296803652968
25542,1.0,81212.0,1.231345121410629e-05,0.9769451697777446,0.02332460906458319,0.9759920905770961,0.9778982489783931,2.915753424657534
25544,1.0,81211.0,1.2313602837054093e-05,0.9769331400629304,0.023336922667420244,0.9759797809914974,0.9778864991343634,2.9159817351598174
25549,1.0,81208.0,1.231405772830263e-05,0.976921110051847,0.023349236725148548,0.9759674711847308,0.9778747489189632,2.9165525114155253
25560,1.0,81205.0,1.231451265316175e-05,0.9769090797444762,0.02336155123780171,0.9759551611567115,0.9778629983322408,2.9178082191780823
25562,1.0,81202.0,1.2314967611635181e-05,0.9768970491407996,0.023373866205413346,0.9759428509073548,0.9778512473742443,2.918036529680365
25593,1.0,81184.0,1.2317698068584942e-05,0.9768850160179042,0.02338618390348193,0.9759305381082063,0.9778394939276022,2.9215753424657533
25596,1.0,81183.0,1.2317849796139586e-05,0.9768729828950088,0.02339850175327807,0.9759182253980148,0.9778277403920028,2.921917808219178
25634,1.0,81156.0,1.2321947853516685e-05,0.9768609459170541,0.023410823701131588,0.9759059087387875,0.9778159830953207,2.9262557077625573
25637,1.0,81155.0,1.2322099685786459e-05,0.9768489089390993,0.023423145800817374,0.9758935921684746,0.9778042257097239,2.926598173515982
25648,1.0,81147.0,1.232331447866218e-05,0.9768368709227963,0.023435469115296037,0.9758812745994185,0.977792467246174,2.927853881278539
25651,1.0,81143.0,1.2323921964926118e-05,0.9768248324614265,0.023447793037260963,0.975868956652988,0.977780708269865,2.9281963470319634
25655,1.0,81140.0,1.2324377618930245e-05,0.9768127937033237,0.023460117414879893,0.9758566384844871,0.9777689489221604,2.9286529680365296
25658,1.0,81138.0,1.232468140698563e-05,0.976800754796847,0.023472442096286877,0.9758443202492385,0.9777571893444555,2.928995433789954
25666,1.0,81133.0,1.2325440942649723e-05,0.9767887152968311,0.02348476753722953,0.9758320014809213,0.9777454291127409,2.9299086757990866
25667,1.0,81131.0,1.2325744783128521e-05,0.9767766756484193,0.023497093282012656,0.975819682645704,0.9777336686511346,2.9300228310502283
25677,1.0,81126.0,1.2326504449868106e-05,0.9767646354063805,0.023509419786462524,0.9758073632772082,0.9777219075355528,2.9311643835616437
25681,1.0,81123.0,1.232696029486089e-05,0.9767525948675024,0.023521746746757385,0.9757950436862147,0.9777101460487901,2.93162100456621
25686,1.0,81117.0,1.2327872085999236e-05,0.9767405535864532,0.023534074618843385,0.9757827234062572,0.9776983837666492,2.932191780821918
25691,1.0,81108.0,1.2329240025644819e-05,0.9767285111177252,0.02354640385886903,0.9757704019707071,0.9776866202647433,2.9327625570776257
25702,1.0,81091.0,1.2331824740106793e-05,0.9767164662729074,0.023558735683609135,0.9757580781349149,0.9776748544109,2.9340182648401827
25765,1.0,80081.0,1.2487356551491615e-05,0.9767042696661434,0.023571223040160627,0.9757455954032649,0.977662943929022,2.9412100456621006
25772,1.0,79944.0,1.2508756129290503e-05,0.9766920523106238,0.023583731796289916,0.9757330910212617,0.977651013599986,2.9420091324200914
25787,1.0,79936.0,1.2510008006405123e-05,0.9766798338852296,0.02359624180429632,0.9757205856112974,0.9776390821591618,2.9437214611872147
25800,1.0,79898.0,1.2515957846253974e-05,0.9766676098015994,0.023608757762142576,0.9757080743649662,0.9776271452382326,2.9452054794520546
25804,1.0,79863.0,1.2521442971087988e-05,0.9766553805138216,0.023621279205113664,0.975695557758182,0.9776152032694613,2.945662100456621
25805,1.0,79854.0,1.2522854208931299e-05,0.9766431500008791,0.023633802059322594,0.9756830399608096,0.9776032600409486,2.9457762557077625
25834,1.0,79789.0,1.2533055935028638e-05,0.9766309096776515,0.023646335115257624,0.9756705119759477,0.9775913073793554,2.9490867579908677
25859,1.0,79772.0,1.2535726821441108e-05,0.9766186668993624,0.023658870842079065,0.9756579815117543,0.9775793522869705,2.9519406392694063
25860,1.0,79770.0,1.2536041118214868e-05,0.9766064239675973,0.023671406883197278,0.9756454509802094,0.9775673969549853,2.952054794520548
25866,2.0,79766.0,2.5073339518090415e-05,0.9765819371831537,0.02369648022271537,0.9756203892322002,0.9775434851341072,2.952739726027397
25875,1.0,79753.0,1.2538713277243489e-05,0.9765696921022516,0.02370901893599261,0.9756078567285161,0.9775315274759871,2.953767123287671
25897,1.0,79740.0,1.254075746175069e-05,0.9765574451785985,0.023721559693454363,0.9755953223870134,0.9775195679701837,2.9562785388127852
25903,1.0,79737.0,1.2541229291295132e-05,0.9765451979477624,0.02373410092274566,0.9755827878168059,0.977507608078719,2.956963470319635
25907,1.0,79733.0,1.2541858452585504e-05,0.9765329502561172,0.023746642781198243,0.975570252856841,0.9774956476553934,2.957420091324201
25908,1.0,79731.0,1.2542173056903839e-05,0.9765207024108593,0.023759184954255146,0.9755577178289586,0.97748368699276,2.9575342465753423
25922,1.0,79724.0,1.2543274296322313e-05,0.9765084536438329,0.02377172822855147,0.9755451819281619,0.9774717253595039,2.9591324200913243
25928,1.0,79721.0,1.254374631527452e-05,0.9764962045695156,0.023784271974866742,0.9755326457982864,0.9774597633407448,2.9598173515981734
25948,2.0,79711.0,2.509063993677159e-05,0.9764717036548471,0.023809362614803514,0.975507570918668,0.9774358363910263,2.9621004566210045
25958,1.0,79703.0,1.2546579175187884e-05,0.976459452275305,0.023821909193978703,0.9754950326516768,0.9774238718989331,2.9632420091324203
25974,1.0,79678.0,1.2550515826200457e-05,0.9764471972054956,0.023834459709804905,0.9754824906106652,0.9774119038003259,2.9650684931506848
25989,1.0,79655.0,1.2554139727575168e-05,0.9764349387509452,0.02384701384953248,0.9754699451157967,0.9773999323860938,2.966780821917808
25994,1.0,79647.0,1.2555400705613519e-05,0.9764226792190261,0.02385956925023809,0.9754573985847736,0.9773879598532786,2.967351598173516
25997,1.0,79642.0,1.2556188945531252e-05,0.9764104190713752,0.02387212543918362,0.9754448515012558,0.9773759866414945,2.9676940639269405
26023,1.0,79611.0,1.2561078242956375e-05,0.9763981543037039,0.023884686517426576,0.9754322996695552,0.9773640089378526,2.970662100456621
26030,1.0,79599.0,1.2562971896631867e-05,0.9763858878411315,0.02389724948932321,0.9754197461546238,0.9773520295276391,2.971461187214612
26045,1.0,78759.0,1.269696161708503e-05,0.9763734907069901,0.023909946450940293,0.9754070557846954,0.9773399256292847,2.973173515981735
26057,1.0,78392.0,1.2756403714664763e-05,0.9763610356925663,0.02392270285465496,0.9753943048302947,0.9773277665548379,2.974543378995434
26073,1.0,78379.0,1.2758519501397057e-05,0.9763485787712519,0.023935461374156357,0.9753815519748058,0.977315605567698,2.9763698630136988
26083,1.0,78375.0,1.2759170653907497e-05,0.9763361213731176,0.023948220544810266,0.9753687987176213,0.977303444028614,2.977511415525114
26089,1.0,78365.0,1.2760798826006507e-05,0.9763236625442862,0.02396098134363627,0.9753560440585601,0.9772912810300122,2.9781963470319637
26093,1.0,78359.0,1.2761775928738244e-05,0.9763112029204708,0.02397374311956501,0.9753432886641124,0.9772791171768292,2.97865296803653
26096,1.0,78354.0,1.276259029532634e-05,0.9762987426605871,0.023986505709860335,0.9753305327008374,0.9772669526203369,2.9789954337899545
26100,1.0,78351.0,1.2763078965169557e-05,0.976286282082641,0.023999268788825506,0.9753177765020814,0.9772547876632006,2.9794520547945207
26110,1.0,78348.0,1.27635676724358e-05,0.976273821186612,0.02401203235649794,0.9753050200677479,0.9772426223054761,2.980593607305936
26128,1.0,78334.0,1.2765848801286797e-05,0.976261358222622,0.02402479820529923,0.9752922615631756,0.9772304548820685,2.982648401826484
26145,1.0,78333.0,1.2766011770262852e-05,0.9762488952586321,0.02403756421706949,0.9752795031564054,0.9772182873608588,2.9845890410958904
26148,1.0,78331.0,1.2766337720698064e-05,0.9762364321355358,0.02405033055479019,0.9752667446805439,0.9772061195905277,2.984931506849315
26152,1.0,78330.0,1.2766500702157539e-05,0.9762239690124395,0.02406309705549235,0.9752539863023109,0.9771939517225681,2.985388127853881
26155,2.0,78329.0,2.5533327375556945e-05,0.9761990427662468,0.024088630382867907,0.9752284698383739,0.9771696156941198,2.9857305936073057
26168,1.0,78323.0,1.2767641688903643e-05,0.9761865790066517,0.02410139802455681,0.9752157110852369,0.9771574469280666,2.987214611872146
26176,1.0,78320.0,1.2768130745658836e-05,0.9761741149287788,0.024114166155302468,0.9752029520957393,0.9771452777618184,2.9881278538812786
26186,1.0,78315.0,1.2768945923514014e-05,0.9761616502142934,0.02412693510122598,0.9751901925360982,0.9771331078924885,2.989269406392694
26229,1.0,78286.0,1.277367600848172e-05,0.9761491810416416,0.024139708777234464,0.9751774284001542,0.977120933683129,2.9941780821917807
26233,1.0,78284.0,1.2774002350416433e-05,0.9761367117097086,0.02415248277958488,0.975164664194434,0.9771087592249832,2.994634703196347
26237,1.0,78277.0,1.2775144678513484e-05,0.9761242414219905,0.02416525792426339,0.9751518990839053,0.9770965837600757,2.995091324200913
26243,1.0,78271.0,1.2776123979507097e-05,0.9761117703376626,0.024178034048242897,0.9751391332353776,0.9770844074399476,2.9957762557077627
26247,1.0,78270.0,1.2776287210936502e-05,0.9760992992533347,0.024190810335453835,0.9751263674838402,0.9770722310228293,2.996232876712329
26249,1.0,78269.0,1.2776450446536944e-05,0.9760868281690069,0.02420358678590037,0.9751136018292051,0.9770600545088087,2.996461187214612
26253,1.0,78264.0,1.2777266687110293e-05,0.9760743564472936,0.024216364052587484,0.975100835603267,0.9770478772913201,2.996917808219178
26272,1.0,78257.0,1.277840959914129e-05,0.9760618837693676,0.024229142462186624,0.9750880684717698,0.9770356990669655,2.9990867579908675
26293,1.0,78241.0,1.2781022737439449e-05,0.976049408700238,0.024241923484924065,0.975075298930513,0.977023518469963,3.0014840182648403
26320,1.0,78215.0,1.2785271367384773e-05,0.9760369296436798,0.02425470875629145,0.975062525306339,0.9770113339810207,3.0045662100456623
26322,1.0,78210.0,1.2786088735455825e-05,0.9760244499488884,0.024267494845026907,0.9750497511098881,0.9769991487878886,3.004794520547945
26331,1.0,78203.0,1.2787233226346816e-05,0.9760119692966122,0.024280282078253255,0.975036976006469,0.9769869625867553,3.0058219178082193
26345,1.0,78192.0,1.27890321260487e-05,0.9759994870481814,0.024293071110379302,0.9750241993266028,0.97697477476976,3.007420091324201
26357,1.0,78177.0,1.2791485986927101e-05,0.9759870025644196,0.024305862596366228,0.9750114204003065,0.9769625847285327,3.0087899543378995
26363,1.0,78173.0,1.279214050887135e-05,0.975974517601548,0.0243186547368751,0.9749986410683612,0.9769503941347347,3.0094748858447486
26368,1.0,78167.0,1.2793122417388412e-05,0.975962031840068,0.02433144785929249,0.9749858609958233,0.9769382026843128,3.0100456621004565
26376,1.0,78160.0,1.2794268167860798e-05,0.975949545120111,0.02434424212746035,0.9749730800150773,0.9769260102251447,3.010958904109589
26377,1.0,78158.0,1.2794595562834258e-05,0.9759370582403915,0.024357036723023185,0.9749602989632186,0.9769138175175643,3.0110730593607307
26379,1.0,78153.0,1.279541412357811e-05,0.9759245707215727,0.024369832137146764,0.9749475173377762,0.9769016241053692,3.0113013698630136
26381,1.0,78150.0,1.2795905310300704e-05,0.9759120828831757,0.024382628042457066,0.9749347354735758,0.9768894302927755,3.011529680365297
26387,1.0,78145.0,1.2796724038646107e-05,0.9758995944055651,0.024395424766495713,0.9749219530355446,0.9768772357755855,3.012214611872146
26398,1.0,78134.0,1.2798525609849746e-05,0.9758871043296135,0.02440822329210556,0.9749091690184005,0.9768650396408264,3.013470319634703
26404,1.0,78129.0,1.2799344673552714e-05,0.9758746136142027,0.024421022636779116,0.9748963844270774,0.976852842801328,3.0141552511415526
26405,1.0,78127.0,1.2799672328388393e-05,0.9758621227389148,0.024433822309107504,0.9748835997641357,0.9768406457136939,3.0142694063926943
26406,1.0,78125.0,1.28e-05,0.9758496317037437,0.024446622309107505,0.97487081502949,0.9768284483779974,3.0143835616438355
26425,1.0,78116.0,1.2801474729888883e-05,0.9758371393893432,0.024459423783837395,0.9748580290499768,0.9768162497287097,3.016552511415525
26441,1.0,78108.0,1.2802785886208839e-05,0.9758246459553879,0.024472226569723605,0.9748452419929009,0.9768040499178748,3.01837899543379
26488,1.0,78089.0,1.2805900959161982e-05,0.9758121496416182,0.024485032470682767,0.9748324520134829,0.9767918472697535,3.023744292237443
26492,1.0,78087.0,1.2806228949761163e-05,0.975799653167818,0.02449783869963253,0.9748196619620347,0.9767796443736013,3.024200913242009
26497,1.0,78084.0,1.2806720967163568e-05,0.9757871563739401,0.024510645420599695,0.9748068716707532,0.976767441077127,3.024771689497717
26501,1.0,78083.0,1.2806884981365982e-05,0.975774659580062,0.02452345230558106,0.9747940814749934,0.9767552376851307,3.0252283105022832
26507,1.0,78079.0,1.2807541080188014e-05,0.9757621623060244,0.02453625984666125,0.9747812908714912,0.9767430337405576,3.0259132420091324
26514,1.0,78077.0,1.2807869154808715e-05,0.9757496648719234,0.024549067715816057,0.9747685001956198,0.976730829548227,3.026712328767123
26519,2.0,78073.0,2.5617050708951878e-05,0.9757246690432791,0.02457468476652501,0.9747429181232006,0.9767064199633577,3.027283105022831
26521,1.0,78071.0,1.2808853479525048e-05,0.975712171128957,0.024587493620004536,0.9747301272297263,0.9766942150281878,3.027511415525114
26524,1.0,78070.0,1.2809017548354041e-05,0.9756996732146349,0.02460030263755289,0.9747173364312953,0.9766820099979745,3.027853881278539
26531,1.0,78068.0,1.2809345698621714e-05,0.9756871751402227,0.02461311198325151,0.9747045455600719,0.9766698047203736,3.0286529680365297
26533,1.0,78067.0,1.2809509780060716e-05,0.9756746770658105,0.024625921493031572,0.9746917547837267,0.9766575993478942,3.0288812785388126
26540,1.0,78064.0,1.2810002049600328e-05,0.9756621786711975,0.024638731495081174,0.974678963766661,0.9766453935757341,3.029680365296804
26565,1.0,78056.0,1.2811314953366814e-05,0.9756496791557385,0.02465154281003454,0.9746661716698771,0.9766331866415999,3.0325342465753424
26569,1.0,78053.0,1.281180736166451e-05,0.9756371793199967,0.024664354617396207,0.9746533793321688,0.9766209793078247,3.0329908675799087
26583,1.0,78051.0,1.2812135654892313e-05,0.9756246793241053,0.024677166753051098,0.9746405869212514,0.9766087717269593,3.0345890410958902
26589,1.0,78046.0,1.2812956461573944e-05,0.9756121786875663,0.02468997970951267,0.9746277939335943,0.9765965634415383,3.03527397260274
26604,1.0,78039.0,1.2814105767629006e-05,0.9755996770899205,0.024702793815280302,0.9746150000333751,0.9765843541464658,3.036986301369863
26605,1.0,78038.0,1.281426997103975e-05,0.9755871754922746,0.02471560808525134,0.97460220622755,0.9765721447569992,3.0371004566210047
26610,1.0,78035.0,1.2814762606522715e-05,0.9755746735742187,0.024728422847857864,0.9745894121803304,0.976559934968107,3.037671232876712
26629,1.0,78030.0,1.2815583749839806e-05,0.9755621710152852,0.024741238431607703,0.974576617555885,0.9765477244746854,3.0398401826484016
26633,2.0,78024.0,2.563313852148057e-05,0.9755371642950192,0.024766871570129183,0.9745510269105995,0.976523301679439,3.040296803652968
26637,1.0,78021.0,1.281706207303162e-05,0.97552466077463,0.024779688632202215,0.9745382315611434,0.9765110899881165,3.040753424657534
26650,1.0,78011.0,1.2818705054415402e-05,0.9755121558117301,0.02479250733725663,0.9745254347943607,0.9764988768290995,3.0422374429223744
26653,1.0,78008.0,1.2819198030971182e-05,0.9754996505282232,0.0248053265352876,0.9745126377856006,0.9764866632708458,3.042579908675799
26662,1.0,78005.0,1.2819691045445805e-05,0.9754871449240884,0.02481814622633305,0.9744998405347721,0.9764744493134047,3.043607305936073
26682,1.0,77999.0,1.2820677188169079e-05,0.9754746385183021,0.02483096690352122,0.9744870425378691,0.976462234498735,3.0458904109589042
26695,1.0,77996.0,1.2821170316426484e-05,0.9754621317918223,0.024843788073837646,0.9744742442987044,0.9764500192849401,3.047374429223744
26696,1.0,77995.0,1.2821334700942368e-05,0.9754496250653425,0.02485660940853859,0.9744614461531701,0.9764378039775149,3.047488584474886
26726,1.0,77984.0,1.2823143208863356e-05,0.9754371167351072,0.024869432551747454,0.974448646421096,0.9764255870491185,3.0509132420091323
26731,1.0,77983.0,1.2823307643973687e-05,0.975424608404872,0.02488225585939143,0.9744358467825346,0.9764133700272094,3.05148401826484
26734,1.0,77981.0,1.2823636526846283e-05,0.9754120999142344,0.024895079495918276,0.9744230470693706,0.9764011527590982,3.0518264840182647
26739,1.0,77979.0,1.282396542658921e-05,0.9753995912631884,0.024907903461344864,0.9744102472815223,0.9763889352448546,3.0523972602739726
26763,1.0,77967.0,1.2825939179396412e-05,0.9753870808473553,0.02492072940052426,0.9743974457382547,0.9763767159564558,3.05513698630137
26775,1.0,77963.0,1.2826597232020317e-05,0.975374569950124,0.02493355599775628,0.974384643783951,0.9763644961162969,3.0565068493150687
26785,1.0,77959.0,1.2827255352172296e-05,0.9753620585714512,0.024946383253108453,0.9743718414185039,0.9763522757243985,3.057648401826484
26786,1.0,77957.0,1.2827584437574561e-05,0.9753495470322877,0.024959210837546028,0.9743590389780508,0.9763400550865247,3.0577625570776257
26792,1.0,77953.0,1.2828242659038139e-05,0.9753370350116211,0.024972039080205066,0.9743462361262575,0.9763278338969846,3.058447488584475
26793,1.0,77952.0,1.2828407224958949e-05,0.9753245229909544,0.024984867487430024,0.9743334333674287,0.9763156126144801,3.0585616438356165
26811,1.0,77943.0,1.2829888508268864e-05,0.975312009686065,0.024997697375938294,0.9743206293562984,0.9763033900158317,3.0606164383561643
26820,1.0,77937.0,1.28308762205371e-05,0.9752994955783924,0.02501052825215883,0.9743078245971244,0.9762911665596603,3.0616438356164384
26824,1.0,77936.0,1.2831040854034078e-05,0.9752869814707197,0.025023359293012862,0.9742950199307318,0.9762789430107076,3.0621004566210046
26829,1.0,77934.0,1.2831370133702877e-05,0.9752744672024738,0.025036190663146565,0.9742822151888496,0.976266719216098,3.0626712328767125
26839,1.0,77931.0,1.2831864084895613e-05,0.9752619526130653,0.02504902252723146,0.974269410203199,0.9762544950229315,3.063812785388128
26867,1.0,77927.0,1.2832522745646566e-05,0.9752494375418754,0.025061855049977107,0.9742566048054794,0.9762422702782715,3.0670091324200914
26869,1.0,77926.0,1.283268742139979e-05,0.9752369224706856,0.025074687737398505,0.9742437995002444,0.9762300454411268,3.0672374429223743
26883,1.0,77915.0,1.2834499133671309e-05,0.975224405793249,0.025087522236532177,0.9742309926050609,0.9762178189814371,3.0688356164383563
26891,1.0,77910.0,1.283532280836863e-05,0.9752118884731901,0.025100357559340546,0.9742181851291835,0.9762055918171967,3.069748858447489
26895,1.0,77908.0,1.2835652307850284e-05,0.9751993709924632,0.025113193211648396,0.9742053775773374,0.9761933644075891,3.0702054794520546
26899,1.0,77903.0,1.2836476130572635e-05,0.975186852869015,0.025126029687778967,0.9741925694445721,0.9761811362934578,3.070662100456621
26901,1.0,77900.0,1.2836970474967908e-05,0.9751743344241771,0.025138866658253933,0.9741797610673754,0.9761689077809789,3.070890410958904
26902,1.0,77899.0,1.2837135264894286e-05,0.9751618159793393,0.025151703793518828,0.9741669527822778,0.9761566791764007,3.071004566210046
26916,2.0,77894.0,2.567591855598634e-05,0.9751367778039733,0.025177379712074816,0.9741413351415665,0.9761322204663802,3.0726027397260274
26942,1.0,77882.0,1.2839937341105775e-05,0.9751242571088473,0.02519021964941592,0.9741285247756216,0.976119989442073,3.0755707762557076
26944,1.0,77880.0,1.2840267077555214e-05,0.9751117362529522,0.025203059916493475,0.9741157143331519,0.9761077581727525,3.075799086757991
26945,1.0,77878.0,1.2840596830940701e-05,0.9750992152362818,0.025215900513324417,0.9741029038140778,0.9760955266584859,3.0759132420091326
26949,1.0,77875.0,1.2841091492776886e-05,0.9750866938980445,0.025228741604817195,0.9740900930499381,0.9760832947461509,3.0763698630136984
26954,1.0,77872.0,1.2841586192726525e-05,0.9750741722382193,0.02524158319100992,0.9740772820406449,0.9760710624357938,3.0769406392694063
26962,1.0,77869.0,1.2842080930794025e-05,0.9750616502567859,0.025254425271940713,0.9740644707861106,0.9760588297274613,3.0778538812785388
26974,1.0,77867.0,1.2842410777351124e-05,0.97504912811454,0.025267267682718066,0.974051659454655,0.9760465967744251,3.0792237442922374
26991,1.0,77858.0,1.2843895296565543e-05,0.9750366046856296,0.02528011157801463,0.974038846867222,0.9760343625040372,3.081164383561644
26996,1.0,77855.0,1.2844390212574658e-05,0.9750240809350075,0.025292955968227206,0.974026034034264,0.9760221278357509,3.0817351598173515
27008,1.0,77851.0,1.2845050159920874e-05,0.9750115567017806,0.025305801018387128,0.9740132207872332,0.9760098926163281,3.08310502283105
27070,1.0,77838.0,1.2847195457231686e-05,0.9749990305377386,0.025318648213844358,0.9740004056095631,0.9759976554659141,3.0901826484018264
27078,1.0,77834.0,1.2847855692884858e-05,0.9749865038908936,0.025331496069537243,0.9739875900175337,0.9759854177642535,3.091095890410959
27083,1.0,77831.0,1.2848350914160168e-05,0.974973976922155,0.025344344420451404,0.97397477417958,0.9759731796647301,3.091666666666667
27089,1.0,77825.0,1.2849341471249599e-05,0.9749614491486,0.025357193761922654,0.9739619575899561,0.9759609407072438,3.092351598173516
27093,1.0,77824.0,1.2849506578947368e-05,0.9749489213750449,0.0253700432685016,0.9739491410913491,0.9759487016587406,3.092808219178082
27116,1.0,77820.0,1.2850167052171679e-05,0.9749363931185379,0.025382893435553774,0.9739363241779823,0.9759364620590935,3.095433789954338
27121,1.0,77814.0,1.2851157889325828e-05,0.9749238640570179,0.025395744593443098,0.9739235065125708,0.9759242216014651,3.0960045662100457
27137,1.0,77812.0,1.285148820233383e-05,0.9749113348344809,0.025408596081645432,0.9739106887693805,0.9759119808995813,3.0978310502283106
27139,1.0,77811.0,1.2851653365205434e-05,0.9748988056119439,0.02542144773501064,0.9738978711169346,0.9758997401069531,3.0980593607305935
27151,1.0,77810.0,1.2851818532322323e-05,0.9748862763894068,0.025434299553542962,0.9738850535551545,0.9758874992236591,3.099429223744292
27161,1.0,77807.0,1.285231405914635e-05,0.9748737468448108,0.02544715186760211,0.9738722357467557,0.9758752579428658,3.100570776255708
27167,1.0,77806.0,1.2852479243246023e-05,0.9748612173002147,0.025460004346845356,0.9738594180288755,0.9758630165715538,3.101255707762557
27171,1.0,77804.0,1.2852809624183847e-05,0.9748486875945788,0.02547285715646954,0.9738466002328264,0.9758507749563311,3.1017123287671233
27182,1.0,77803.0,1.2852974821022325e-05,0.9748361578889428,0.025485710131290563,0.9738337825271446,0.9758385332507411,3.1029680365296803
27183,1.0,77802.0,1.28531400221074e-05,0.9748236281833069,0.025498563271312672,0.9738209649117521,0.9758262914548618,3.103082191780822
27198,1.0,77797.0,1.2853966091237452e-05,0.9748110978334453,0.02551141723740391,0.9738081467120897,0.975814048954801,3.1047945205479452
27203,1.0,77796.0,1.2854131317805543e-05,0.9747985674835837,0.025524271368721718,0.9737953286025799,0.9758018063645876,3.105365296803653
27218,1.0,77794.0,1.2854461783685117e-05,0.9747860369726512,0.0255371258305054,0.9737825104145138,0.9757895635307886,3.1070776255707764
27221,1.0,77792.0,1.2854792266556973e-05,0.9747735063006416,0.02554998062277196,0.9737696921478144,0.9757773204534689,3.107420091324201
27222,1.0,77789.0,1.285528802272815e-05,0.9747609753064612,0.02556283591079469,0.97375687363376,0.9757650769791625,3.1075342465753426
27231,1.0,77787.0,1.2855618548086442e-05,0.9747484441511871,0.025575691529342776,0.9737440550409183,0.9757528332614559,3.1085616438356163
27235,1.0,77783.0,1.2856279649794942e-05,0.9747359125126009,0.02558854780899257,0.9737312360318932,0.9757405889933087,3.1090182648401825
27263,1.0,77769.0,1.2858594041327521e-05,0.9747233787792045,0.025601406403033898,0.9737184149195862,0.9757283426388227,3.112214611872146
27272,1.0,77766.0,1.2859090090785176e-05,0.9747108447234631,0.025614265493124684,0.9737055935595359,0.9757160958873904,3.11324200913242
27283,1.0,77763.0,1.2859586178516776e-05,0.9746983103453564,0.0256271250793032,0.973692771951657,0.9757038487390557,3.1144977168949772
27287,1.0,77761.0,1.2859916924936665e-05,0.9746857758060585,0.025639984996228136,0.9736799502646102,0.9756916013475069,3.1149543378995435
27296,1.0,77759.0,1.2860247688370477e-05,0.9746732411055634,0.025652845243916506,0.9736671284983188,0.975679353712808,3.115981735159817
27305,1.0,77756.0,1.2860743865425176e-05,0.9746607060826571,0.02566570598778193,0.9736543064839521,0.9756671056813621,3.1170091324200913
27306,1.0,77755.0,1.2860909266285126e-05,0.9746481710597507,0.025678566897048213,0.9736414845589475,0.9756548575605538,3.117123287671233
27313,1.0,77750.0,1.2861736334405144e-05,0.9746356353919556,0.02569142863338262,0.9736286620481663,0.9756426087357449,3.1179223744292237
27326,1.0,77741.0,1.286322532511802e-05,0.9746230984341677,0.025704291858707738,0.9736158382762762,0.9756303585920593,3.119406392694064
27331,1.0,77739.0,1.2863556258763298e-05,0.9746105613151099,0.0257171554149665,0.9736030144247623,0.9756181082054576,3.1199771689497715
27355,1.0,77732.0,1.2864714660628828e-05,0.9745980232283333,0.025730020129627128,0.9735901896493999,0.9756058568072667,3.122716894977169
27359,1.0,77731.0,1.2864880163641276e-05,0.9745854851415569,0.02574288500979077,0.9735773649631061,0.9755936053200076,3.123173515981735
27366,1.0,77725.0,1.286587327114828e-05,0.9745729462482132,0.025755750883061916,0.9735645395215454,0.975581352974881,3.123972602739726
27372,2.0,77722.0,2.573273976480276e-05,0.9745478678162056,0.025781483622826718,0.973538888229706,0.9755568474027052,3.1246575342465754
27382,1.0,77719.0,1.2866866531993463e-05,0.9745353284388614,0.02579435048935871,0.973526062548146,0.9755445943295767,3.125799086757991
27386,1.0,77716.0,1.2867363219928973e-05,0.9745227887388197,0.02580721785257864,0.9735132366175512,0.9755323408600882,3.126255707762557
27392,1.0,77706.0,1.2869019123362417e-05,0.9745102475864152,0.025820086871702,0.9735004092554724,0.9755200859173581,3.1269406392694066
27394,1.0,77683.0,1.2872829319156057e-05,0.9744977028823283,0.025832959701021157,0.9734875782645971,0.9755078275000595,3.1271689497716895
27406,1.0,77040.0,1.2980269989615784e-05,0.9744850536390406,0.025845939971010774,0.9734746379248174,0.9754954693532638,3.128538812785388
27408,2.0,76900.0,2.6007802340702212e-05,0.9744597094243815,0.025871947773351476,0.9734487096393647,0.9754707092093984,3.128767123287671
27410,1.0,76787.0,1.3023037753786448e-05,0.9744470189987962,0.025884970811105263,0.9734357264531063,0.975458311544486,3.1289954337899544
27426,1.0,76522.0,1.306813726771386e-05,0.9744342847913917,0.025898038948372976,0.9734226975093904,0.9754458720733931,3.1308219178082193
27429,1.0,76520.0,1.3068478829064297e-05,0.9744215504175706,0.02591110742720204,0.9734096684851072,0.975433432350034,3.131164383561644
27430,1.0,76518.0,1.3068820408269949e-05,0.9744088158773262,0.02592417624761031,0.9733966393801752,0.9754209923744772,3.1312785388127855
27433,1.0,76515.0,1.3069332810560022e-05,0.9743960810042179,0.025937245580420872,0.9733836100202099,0.975408551988226,3.13162100456621
27438,1.0,76513.0,1.306967443440984e-05,0.974383345964669,0.02595031525485528,0.9733705805794334,0.9753961113499047,3.132191780821918
27439,1.0,76512.0,1.3069845253032204e-05,0.9743706109251201,0.025963385100108313,0.9733575512320767,0.9753836706181636,3.132305936073059
27467,1.0,76502.0,1.3071553684870983e-05,0.9743578743873704,0.025976456653793185,0.9733445204090816,0.9753712283656593,3.1355022831050228
27480,1.0,76496.0,1.307257895837691e-05,0.9743451370171238,0.025989529232751562,0.9733314888075709,0.9753587852266766,3.136986301369863
27481,1.0,76495.0,1.3072749852931565e-05,0.9743323996468771,0.026002601982604494,0.9733184572993046,0.9753463419944497,3.137100456621005
27502,1.0,76486.0,1.3074288105012682e-05,0.974319660944374,0.02601567627070951,0.9733054244890539,0.9753338973996942,3.139497716894977
27503,2.0,76485.0,2.6148918088514088e-05,0.974294183539368,0.026041825188798023,0.9732793591478345,0.9753090079309016,3.139611872146119
27524,2.0,76477.0,2.6151653438288637e-05,0.9742687041355331,0.02606797684223631,0.973253292085372,0.9752841161856942,3.142009132420091
27534,1.0,76474.0,1.3076339670999295e-05,0.9742559642670271,0.026081053181907312,0.9732402585189798,0.9752716700150744,3.143150684931507
27539,1.0,76471.0,1.3076852663101044e-05,0.9742432240653263,0.026094130034570413,0.9732272246964413,0.9752592234342112,3.1437214611872144
27541,1.0,76470.0,1.3077023669412842e-05,0.9742304838636254,0.026107207058239826,0.9732141909665835,0.9752467767606674,3.1439497716894977
27546,1.0,76469.0,1.3077194680197204e-05,0.9742177436619245,0.026120284252920022,0.9732011573293259,0.9752343299945231,3.1445205479452056
27548,1.0,76468.0,1.3077365695454308e-05,0.9742050034602237,0.026133361618615476,0.9731881237845886,0.9752218831358587,3.1447488584474885
27551,1.0,76466.0,1.3077707739387441e-05,0.9741922630919101,0.026146439326354864,0.9731750901578361,0.9752094360259841,3.145091324200913
27552,1.0,76465.0,1.307787876806382e-05,0.9741795227235966,0.02615951720512293,0.9731620566234487,0.9751969888237446,3.1452054794520548
27576,1.0,76457.0,1.3079247158533555e-05,0.9741667811888421,0.02617259645228146,0.9731490219600286,0.9751845404176557,3.147945205479452
27584,1.0,76454.0,1.3079760378789861e-05,0.9741540393207753,0.026185676212660252,0.973135987039858,0.9751720916016925,3.1488584474885846
27586,2.0,76451.0,2.616054727864907e-05,0.9741285549179729,0.026211836759938902,0.9731099167779382,0.9751471930580076,3.1490867579908675
27588,1.0,76447.0,1.3080958049367536e-05,0.9741158123832113,0.02622491771798827,0.9730968814360212,0.9751347433304014,3.149315068493151
27591,1.0,76446.0,1.3081129163069357e-05,0.9741030698484497,0.02623799884715134,0.9730838461860547,0.9751222935108448,3.1496575342465754
27598,1.0,76444.0,1.3081471403903511e-05,0.9740903271469971,0.026251080318555244,0.9730708108534389,0.9751098434405552,3.150456621004566
27614,1.0,76441.0,1.3081984798733664e-05,0.9740775841121447,0.026264162303353978,0.9730577752635657,0.9750973929607237,3.152283105022831
27624,1.0,76440.0,1.3082155939298796e-05,0.9740648410772924,0.026277244459293275,0.97304473976542,0.9750849423891648,3.1534246575342464
27627,1.0,76439.0,1.3082327084341763e-05,0.9740520980424401,0.02629032678637762,0.9730317043589229,0.9750724917259572,3.1537671232876714
27629,1.0,76438.0,1.3082498233862739e-05,0.9740393550075878,0.02630340928461148,0.9730186690439957,0.9750600409711798,3.1539954337899543
27638,1.0,76436.0,1.3082840546339421e-05,0.9740266118060203,0.02631649212515782,0.9730056336460258,0.9750475899660149,3.1550228310502284
27642,1.0,76433.0,1.3083354048643911e-05,0.9740138682710053,0.026329575479206464,0.9729925979903914,0.9750351385516193,3.1554794520547946
27645,1.0,76430.0,1.3083867591259977e-05,0.9740011244025208,0.026342659346797723,0.9729795620770053,0.9750226867280364,3.155821917808219
27646,1.0,76429.0,1.3084038781090947e-05,0.9739883805340364,0.026355743385578813,0.972966526254899,0.9750102348131737,3.155936073059361
27655,1.0,76428.0,1.3084209975401685e-05,0.9739756366655519,0.026368827595554215,0.9729534905239943,0.9749977828071095,3.1569634703196345
27670,1.0,76420.0,1.308557969118032e-05,0.973962891629741,0.026381913175245394,0.9729404536622156,0.9749853295972665,3.1586757990867578
27671,1.0,76418.0,1.3085922164934963e-05,0.9739501464271496,0.02639499909741033,0.972927416716926,0.9749728761373733,3.1587899543378994
27700,1.0,76413.0,1.308677842775444e-05,0.9739374005573836,0.026408085875838084,0.9729143791642366,0.9749604219505307,3.1621004566210047
27703,1.0,76411.0,1.3087120964259073e-05,0.9739246545208109,0.026421172996802342,0.9729013415278811,0.9749479675137407,3.1624429223744293
27707,1.0,76407.0,1.3087806091064954e-05,0.9739119079837851,0.026434260802893406,0.9728883034585326,0.9749355125090376,3.1628995433789955
27712,2.0,76381.0,2.6184522328851417e-05,0.9738864065656843,0.026460445325222258,0.9728622188579208,0.9749105942734477,3.1634703196347034
27736,1.0,75209.0,1.3296281030195854e-05,0.9738734574983311,0.026473741606252453,0.972848968986468,0.9748979460101942,3.1662100456621003
27746,1.0,75204.0,1.329716504441253e-05,0.9738605077422344,0.026487038771296864,0.9728357184900339,0.9748852969944349,3.167351598173516
27758,1.0,75198.0,1.3298226016649378e-05,0.9738475571250937,0.026500336997313512,0.9728224671880811,0.9748726470621064,3.1687214611872148
27762,1.0,75194.0,1.3298933425539272e-05,0.9738346059912649,0.026513635930739052,0.972809215441262,0.9748599965412679,3.169178082191781
27766,1.0,75192.0,1.329928715820832e-05,0.9738216546851952,0.02652693521789726,0.9727959636103067,0.9748473457600837,3.169634703196347
27771,1.0,75186.0,1.330034846912989e-05,0.9738087025178411,0.02654023556636639,0.9727827109734055,0.9748346940622767,3.1702054794520547
27775,1.0,75182.0,1.3301056103854645e-05,0.9737957498336545,0.026553536622470245,0.9727694578912984,0.9748220417760105,3.170662100456621
27776,1.0,75180.0,1.3301409949454642e-05,0.9737827969771788,0.026566838032419698,0.972756204724804,0.9748093892295537,3.1707762557077626
27805,1.0,75173.0,1.3302648557327764e-05,0.9737698430868594,0.026580140680977027,0.9727429505714491,0.9747967356022698,3.1740867579908674
27816,1.0,75165.0,1.3304064391671655e-05,0.9737568879901644,0.026593444745368698,0.9727296952504823,0.9747840807298465,3.175342465753425
27832,1.0,75150.0,1.3306719893546241e-05,0.9737439304800115,0.026606751465262243,0.9727164374975841,0.974771423462439,3.1771689497716893
27835,1.0,75149.0,1.3306896964696802e-05,0.9737309729698587,0.02662005836222694,0.9727031798405628,0.9747587660991546,3.1775114155251143
27837,2.0,75148.0,2.6614148081119923e-05,0.9737050579495529,0.026646672510308063,0.9726766648138149,0.9747334510852909,3.177739726027397
27841,1.0,75144.0,1.330778239114234e-05,0.9736921000945284,0.026659980292699205,0.9726634070827256,0.9747207931063313,3.1781963470319634
27846,1.0,75141.0,1.3308313703570621e-05,0.9736791418946097,0.026673288606402775,0.9726501490859735,0.9747081347032459,3.1787671232876713
27855,1.0,75140.0,1.3308490817141337e-05,0.9736661836946909,0.026686597097219916,0.9726368911847,0.9746954762046819,3.1797945205479454
27861,1.0,75139.0,1.3308667935426343e-05,0.9736532254947722,0.02669990576515534,0.9726236333788217,0.9746828176107226,3.1804794520547945
27869,1.0,75138.0,1.3308845058425829e-05,0.9736402672948534,0.026713214610213767,0.9726103756682554,0.9746701589214515,3.181392694063927
27876,1.0,75132.0,1.3309907895437364e-05,0.9736273082325725,0.026726524518109206,0.9725971171497966,0.9746574993153484,3.182191780821918
27878,1.0,75130.0,1.331026221216558e-05,0.973614348997803,0.02673983478032137,0.9725838585458699,0.974644839449736,3.182420091324201
27892,1.0,75122.0,1.3311679667740476e-05,0.9736013885554692,0.02675314645998911,0.9725705987724265,0.9746321783385119,3.1840182648401827
27896,1.0,75121.0,1.3311856870914924e-05,0.9735884281131354,0.026766458316860028,0.972557339094029,0.9746195171322418,3.184474885844749
27897,1.0,75120.0,1.3312034078807241e-05,0.9735754676708016,0.026779770350938835,0.9725440795105946,0.9746068558310086,3.1845890410958906
27906,1.0,75119.0,1.3312211291417618e-05,0.9735625072284678,0.02679308256223025,0.9725308200220407,0.9745941944348949,3.1856164383561643
27931,1.0,75107.0,1.331433821081923e-05,0.9735495448879772,0.026806396900441072,0.9725175586405563,0.974581531135398,3.1884703196347033
27932,1.0,75106.0,1.3314515484781508e-05,0.9735365825474865,0.026819711415925852,0.9725042973538431,0.9745688677411299,3.188584474885845
27944,1.0,75101.0,1.3315401925407118e-05,0.9735236195166008,0.02683302681785126,0.9724910354388612,0.9745562035943405,3.189954337899543
27951,1.0,75095.0,1.3316465809974032e-05,0.9735106556226064,0.02684634328366123,0.9724777727146987,0.9745435385305141,3.1907534246575344
27956,1.0,75093.0,1.3316820475943164e-05,0.9734976915559741,0.026859660104137175,0.9724645099043298,0.9745308732076184,3.191324200913242
27957,1.0,75092.0,1.3316997816012358e-05,0.9734847274893418,0.026872977101953188,0.9724512471884537,0.9745182077902299,3.1914383561643835
27958,1.0,75091.0,1.331717516080489e-05,0.9734717634227094,0.026886294277113993,0.9724379845669886,0.9745055422784301,3.191552511415525
27959,1.0,75090.0,1.3317352510320948e-05,0.973458799356077,0.026899611629624315,0.9724247220398529,0.9744928766723012,3.191666666666667
27964,1.0,75088.0,1.3317707223524397e-05,0.9734458351167931,0.02691292933684784,0.9724114594261838,0.9744802108074023,3.1922374429223743
27972,2.0,75087.0,2.6635769174424333e-05,0.9734199066382251,0.026939565106022263,0.9723849344812774,0.9744548787951728,3.1931506849315068
27975,1.0,75085.0,1.3318239328760738e-05,0.9734069423989411,0.026952883345351022,0.9723716721498774,0.9744422126480048,3.1934931506849313
27982,1.0,75084.0,1.3318416706621917e-05,0.9733939781596571,0.026966201762057645,0.9723584099124046,0.9744295464069096,3.1942922374429226
28005,1.0,75082.0,1.3318771476519006e-05,0.9733810137477055,0.026979520533534165,0.9723451475879924,0.9744168799074185,3.1969178082191783
28010,1.0,75081.0,1.3318948868555294e-05,0.9733680493357537,0.02699283948240272,0.9723318853573502,0.9744042133141573,3.1974885844748857
28013,1.0,75079.0,1.33193036668043e-05,0.9733550847511251,0.027006158786069524,0.9723186230396067,0.9743915464626435,3.1978310502283107
28021,1.0,75075.0,1.332001332001332e-05,0.9733421196484311,0.027019478799389537,0.9723053602730758,0.9743788790237864,3.1987442922374427
28022,1.0,75074.0,1.3320190745131471e-05,0.9733291545457371,0.02703279899013467,0.9722920976000928,0.9743662114913814,3.1988584474885844
28026,1.0,75073.0,1.3320368174976356e-05,0.9733161894430431,0.027046119358309646,0.9722788350205773,0.9743535438655089,3.1993150684931506
28031,1.0,75070.0,1.3320900492873318e-05,0.9733032239949354,0.027059440258802518,0.9722655721728236,0.9743408758170472,3.1998858447488585
28032,1.0,75069.0,1.3321077941627036e-05,0.9732902585468277,0.027072761336744144,0.9722523094183867,0.9743282076752687,3.2
28036,1.0,75066.0,1.3321610316255028e-05,0.9732772927532787,0.0270860829470604,0.9722390463955414,0.974315539111016,3.2004566210045664
28037,1.0,75065.0,1.3321787783920601e-05,0.9732643269597298,0.02709940473484432,0.9722257834658626,0.9743028704535969,3.2005707762557076
28043,1.0,75064.0,1.332196525631461e-05,0.9732513611661808,0.027112726700100637,0.9722125206292703,0.9742902017030913,3.201255707762557
28044,1.0,75063.0,1.3322142733437246e-05,0.9732383953726319,0.027126048842834073,0.9721992578856847,0.9742775328595791,3.2013698630136984
28055,1.0,75057.0,1.3323207695484766e-05,0.9732254287153531,0.027139372050529558,0.972185994330828,0.9742648630998783,3.202625570776256
28060,1.0,75050.0,1.3324450366422385e-05,0.9732124610214329,0.02715269650089598,0.972172729783643,0.9742521922592228,3.2031963470319633
28062,1.0,75049.0,1.332462790976562e-05,0.9731994933275125,0.027166021128805746,0.9721594653292801,0.974239521325745,3.2034246575342467
28066,1.0,75047.0,1.332498301064666e-05,0.973186525460798,0.027179346111816393,0.9721462007867763,0.9742268501348197,3.203881278538813
28078,1.0,75040.0,1.3326226012793176e-05,0.973173556557207,0.027192672337829186,0.9721329352515333,0.9742141778628808,3.2052511415525116
28079,1.0,75038.0,1.3326581198859245e-05,0.9731605874807849,0.027205998919028047,0.9721196696279908,0.9742015053335791,3.205365296803653
28080,1.0,75034.0,1.33272916277954e-05,0.9731476178858348,0.027219326210655842,0.9721064035542079,0.9741888322174618,3.2054794520547945
28082,1.0,75033.0,1.3327469246864713e-05,0.9731346482908848,0.027232653679902706,0.9720931375729054,0.9741761590088642,3.205707762557078
28087,1.0,75030.0,1.3328002132480341e-05,0.9731216783502172,0.027245981682035188,0.9720798713221229,0.9741634853783115,3.2062785388127852
28092,1.0,75027.0,1.3328535060711476e-05,0.973108708063809,0.0272593102170959,0.9720666048017718,0.9741508113258462,3.206849315068493
28093,1.0,75026.0,1.3328712712926186e-05,0.9730957377774008,0.027272638929808826,0.9720533383736842,0.9741381371811173,3.206963470319635
28094,1.0,75024.0,1.3329068031563233e-05,0.9730827673181107,0.027285967997840388,0.9720400718568237,0.9741254627793977,3.2070776255707765
28095,1.0,75023.0,1.3329245697985951e-05,0.9730697968588207,0.027299297243538374,0.9720268054320746,0.9741127882855667,3.2071917808219177
28099,1.0,75019.0,1.3329956411042535e-05,0.9730568258808436,0.027312627199949417,0.9720135385564549,0.9741001132052324,3.207648401826484
28106,1.0,74961.0,1.3340270273875748e-05,0.9730438450397946,0.027325967470223294,0.9720002614491899,0.9740874286303992,3.2084474885844747
28129,2.0,74099.0,2.6990917556242324e-05,0.9730175816935945,0.027352958387779538,0.9719733916805976,0.9740617717065915,3.2110730593607304
28131,1.0,74074.0,1.35000135000135e-05,0.973004445943106,0.02736645840127955,0.9719599526709172,0.9740489392152948,3.2113013698630137
28140,1.0,74018.0,1.3510227242022211e-05,0.9729913004319337,0.027379968628521573,0.9719465035358317,0.9740360973280358,3.212328767123288
28144,2.0,74001.0,2.702666180186754e-05,0.9729650037251207,0.02740699529032344,0.971919599602394,0.9740104078478474,3.212785388127854
28145,1.0,73995.0,1.3514426650449355e-05,0.9729518546609445,0.02742050971697389,0.9719061470361517,0.9739975622857372,3.2128995433789953
28146,1.0,73985.0,1.351625329458674e-05,0.9729387039972335,0.027434025970268477,0.9718926928912988,0.9739847151031682,3.213013698630137
28147,1.0,73977.0,1.3517714965462239e-05,0.972925552089154,0.02744754368523394,0.971879237539746,0.973971866638562,3.2131278538812786
28152,1.0,73954.0,1.3521919030748843e-05,0.9729123962686157,0.02746106560426469,0.9718657781874147,0.9739590143498167,3.213698630136986
28155,1.0,73941.0,1.352429639847987e-05,0.9728992383129988,0.02747458990066317,0.971852316695624,0.9739461599303737,3.214041095890411
28157,1.0,73933.0,1.3525759809557302e-05,0.9728860791115825,0.027488115660472726,0.9718388539956174,0.9739333042275476,3.214269406392694
28168,2.0,73913.0,2.7058839446376144e-05,0.9728597539433682,0.027515174499919103,0.9718119217999847,0.9739075860867518,3.215525114155251
28182,1.0,73858.0,1.353949470605757e-05,0.97284658191388,0.02752871399462516,0.9717984459555625,0.9738947178721974,3.217123287671233
28188,2.0,73822.0,2.709219473869578e-05,0.9728202253648318,0.027555806189363857,0.9717714814766129,0.9738689692530508,3.217808219178082
28191,1.0,73796.0,1.3550869965851808e-05,0.9728070428044577,0.027569357059329707,0.9717579948937943,0.9738560907151211,3.2181506849315067
28194,1.0,73787.0,1.3552522802119614e-05,0.972793858814828,0.027582909582131828,0.9717445069107934,0.9738432107188627,3.2184931506849317
28195,1.0,73786.0,1.3552706475483154e-05,0.9727806748251984,0.02759646228860731,0.9717310190242616,0.9738303306261351,3.218607305936073
28196,1.0,73785.0,1.3552890153825303e-05,0.9727674908355687,0.027610015178761136,0.9717175312341151,0.9738174504370223,3.2187214611872146
28201,1.0,73782.0,1.3553441218725434e-05,0.9727543064885622,0.02762356861997986,0.9717040431660453,0.9738045698110791,3.2192922374429225
28202,1.0,73781.0,1.3553624916984048e-05,0.9727411221415557,0.027637122244896846,0.971690555194204,0.9737916890889075,3.219406392694064
28207,1.0,73778.0,1.355417604163843e-05,0.9727279374371433,0.027650676420938484,0.971677066944262,0.9737788079300245,3.2199771689497716
28210,1.0,73775.0,1.3554727211114876e-05,0.9727147523753007,0.027664231148149598,0.9716635784161258,0.9737659263344756,3.220319634703196
28214,1.0,73773.0,1.3555094682336356e-05,0.9727015671347333,0.027677786242831934,0.971650089796848,0.9737530444726187,3.2207762557077624
28224,1.0,73764.0,1.3556748549427906e-05,0.972688380464174,0.027691342991381363,0.9716365997761764,0.9737401611521717,3.221917808219178
28228,1.0,73759.0,1.3557667538876612e-05,0.9726751930784928,0.02770490065892024,0.9716231091026029,0.9737272770543828,3.2223744292237444
28235,1.0,73757.0,1.355803516954323e-05,0.9726620055140165,0.027718458694089784,0.9716096183376387,0.9737143926903943,3.223173515981735
28244,1.0,73754.0,1.3558586652927298e-05,0.9726488175919307,0.02773201728074271,0.9715961272939825,0.9737015078898789,3.2242009132420093
28266,1.0,73751.0,1.3559138181177204e-05,0.9726356293122113,0.02774557641892389,0.9715826359715413,0.9736886226528813,3.2267123287671233
28268,1.0,73750.0,1.3559322033898305e-05,0.9726224410324917,0.02775913574095779,0.9715691447446959,0.9736757373202876,3.226940639269406
28287,1.0,73746.0,1.3560057494643777e-05,0.9726092522162707,0.027772695798452433,0.9715556530516449,0.9736628513808965,3.2291095890410957
28299,1.0,73744.0,1.3560425254935995e-05,0.9725960632212038,0.027786256223707367,0.9715421612667907,0.973649965175617,3.2304794520547944
28309,1.0,73740.0,1.3561160835367507e-05,0.9725828736895626,0.027799817384542735,0.9715286690155245,0.9736370783636008,3.23162100456621
28312,1.0,73739.0,1.3561344742944711e-05,0.9725696841579214,0.02781337872928568,0.9715151768595613,0.9736241914562815,3.2319634703196347
28329,1.0,73735.0,1.3562080423136908e-05,0.9725564940896478,0.02782694080970882,0.9715016842369908,0.9736113039423049,3.2339041095890413
28336,1.0,73734.0,1.356226435565682e-05,0.9725433040213741,0.027840503074064476,0.9714881917095748,0.9735984163331735,3.234703196347032
28340,1.0,73733.0,1.3562448293165883e-05,0.9725301139531004,0.02785406552235764,0.9714746992772316,0.9735855286289692,3.2351598173515983
28343,1.0,73732.0,1.3562632235664297e-05,0.9725169238848268,0.027867628154593305,0.9714612069398798,0.9735726408297738,3.235502283105023
28344,1.0,73731.0,1.356281618315227e-05,0.9725037338165532,0.02788119097077646,0.9714477146974375,0.9735597529356689,3.2356164383561645
28352,1.0,73730.0,1.356300013563e-05,0.9724905437482795,0.027894753970912088,0.9714342225498231,0.9735468649467358,3.236529680365297
28357,1.0,73729.0,1.3563184093097695e-05,0.9724773536800059,0.027908317155005184,0.9714207304969558,0.973533976863056,3.2371004566210044
28360,1.0,73728.0,1.3563368055555555e-05,0.9724641636117322,0.02792188052306074,0.9714072385387539,0.9735210886847104,3.2374429223744294
28361,1.0,73727.0,1.3563552023003784e-05,0.9724509735434586,0.027935444075083745,0.9713937466751366,0.9735082004117805,3.2375570776255707
28364,1.0,73726.0,1.3563735995442585e-05,0.9724377834751848,0.027949007811079188,0.9713802549060226,0.973495312044347,3.237899543378995
28365,1.0,73725.0,1.356391997287216e-05,0.9724245934069112,0.02796257173105206,0.9713667632313315,0.9734824235824909,3.238013698630137
28383,1.0,73723.0,1.3564287942704447e-05,0.9724114031597236,0.027976136018994766,0.9713532714636952,0.973469534855752,3.240068493150685
28386,1.0,73720.0,1.356483993488877e-05,0.972398212554689,0.027989700858929656,0.971339779415736,0.9734566456936419,3.2404109589041097
28390,1.0,73718.0,1.3565207954637945e-05,0.972385021770721,0.028003266066884292,0.9713262872746704,0.9734437562667715,3.240867579908676
28396,1.0,73716.0,1.356557599435672e-05,0.9723718308078123,0.02801683164287865,0.9713127950404177,0.9734308665752069,3.241552511415525
28400,1.0,73713.0,1.3566128091381438e-05,0.9723586394870032,0.02803039777097003,0.9712993025255793,0.9734179764484271,3.2420091324200913
28402,1.0,73711.0,1.3566496181031326e-05,0.972345447987234,0.02804396426715106,0.971285809917393,0.973405086057075,3.2422374429223746
28406,1.0,73709.0,1.35668642906565e-05,0.9723322563084975,0.028057531131441715,0.9712723172157784,0.9733921954012166,3.242694063926941
28435,1.0,73704.0,1.3567784652122001e-05,0.9723190639138336,0.02807109891609384,0.9712588238586225,0.9733793039690447,3.2460045662100456
28438,1.0,73703.0,1.3567968739400024e-05,0.9723058715191697,0.02808466688483324,0.9712453305952328,0.9733664124431066,3.24634703196347
28448,1.0,73700.0,1.3568521031207599e-05,0.9722926787665033,0.028098235405864445,0.9712318370508144,0.9733535204821921,3.247488584474886
28455,1.0,73697.0,1.3569073367979701e-05,0.9722794856558099,0.028111804479232425,0.9712183432252768,0.973340628086343,3.2482876712328768
28461,1.0,73695.0,1.356944161747744e-05,0.9722662923660934,0.028125373920849902,0.971204849305911,0.9733277354262758,3.248972602739726
28462,1.0,73694.0,1.3569625749721823e-05,0.9722530990763769,0.028138943546599623,0.9711913554800182,0.9733148426727356,3.2490867579908675
28479,1.0,73693.0,1.3569809886963484e-05,0.9722399057866604,0.028152513356486587,0.9711778617475192,0.9733019498258016,3.251027397260274
28484,2.0,73690.0,2.714072465734835e-05,0.9722135184910765,0.028179654081143937,0.9711508738128601,0.9732761631692929,3.2515981735159816
28485,1.0,73687.0,1.3570914815367704e-05,0.9722003246642348,0.028193224995959304,0.9711373797979282,0.9732632695305413,3.2517123287671232
28487,1.0,73685.0,1.3571283164823233e-05,0.9721871306583358,0.028206796279124126,0.9711238856886918,0.9732503756279799,3.2519406392694066
28498,1.0,73681.0,1.3572019923725248e-05,0.972173936115229,0.02822036829904785,0.9711103911102514,0.9732374811202065,3.2531963470319636
28502,1.0,73680.0,1.3572204125950055e-05,0.9721607415721221,0.0282339405031738,0.9710968966247665,0.9732245865194776,3.25365296803653
28506,1.0,73679.0,1.3572388333174988e-05,0.9721475470290152,0.028247512891506975,0.9710834022321582,0.9732116918258722,3.254109589041096
28508,1.0,73678.0,1.3572572545400255e-05,0.9721343524859083,0.028261085464052375,0.971069907932348,0.9731987970394685,3.254337899543379
28509,1.0,73677.0,1.3572756762626058e-05,0.9721211579428014,0.028274658220815,0.9710564137252579,0.973185902160345,3.2544520547945206
28515,1.0,73676.0,1.3572940984852598e-05,0.9721079633996945,0.028288231161799852,0.9710429196108091,0.9731730071885799,3.2551369863013697
28527,1.0,73675.0,1.3573125212080081e-05,0.9720947688565876,0.02830180428701193,0.9710294255889238,0.9731601121242515,3.2565068493150684
28531,1.0,73674.0,1.357330944430871e-05,0.9720815743134807,0.02831537759645624,0.9710159316595239,0.9731472169674376,3.2569634703196346
28536,1.0,73672.0,1.3573677923770225e-05,0.9720683795912753,0.02832895127438001,0.9710024376351128,0.9731343215474378,3.2575342465753425
28544,1.0,73670.0,1.3574046423238767e-05,0.9720551846899642,0.02834252532080325,0.9709889435156124,0.973121425864316,3.258447488584475
28558,1.0,73665.0,1.3574967759451571e-05,0.9720419890721717,0.0283561002885627,0.9709754487386256,0.9731085294057177,3.2600456621004565
28564,1.0,73662.0,1.3575520621215824e-05,0.9720287930961043,0.028369675809183915,0.9709619536789378,0.9730956325132709,3.260730593607306
28571,1.0,73660.0,1.3575889220743959e-05,0.9720155969408899,0.02838325169840466,0.970948458523926,0.9730827353578538,3.261529680365297
28577,1.0,73656.0,1.3576626479852287e-05,0.9720024002481976,0.02839682832488451,0.9709349628985648,0.9730698375978304,3.262214611872146
28585,1.0,73652.0,1.3577363819040896e-05,0.9719892030179765,0.028410405688703552,0.9709214668027452,0.9730569392332079,3.2631278538812785
28588,1.0,73651.0,1.357754816635212e-05,0.9719760057877554,0.028423983236869906,0.9709079707988654,0.9730440407766455,3.263470319634703
28595,1.0,73650.0,1.3577732518669381e-05,0.9719628085575344,0.028437560969388574,0.9708944748868481,0.9730311422282206,3.2642694063926943
28620,1.0,73643.0,1.3579023125076383e-05,0.9719496102520803,0.02845113999251365,0.9708809779415524,0.9730182425626082,3.267123287671233
28624,1.0,73641.0,1.3579391914830053e-05,0.9719364117674012,0.02846471938442848,0.9708674809004663,0.9730053426343361,3.267579908675799
28625,1.0,73640.0,1.3579576317218903e-05,0.9719232132827221,0.0284782989607457,0.9708539839510468,0.9729924426143974,3.2676940639269407
28628,1.0,73638.0,1.3579945137021647e-05,0.9719100146188083,0.02849187890588272,0.9708404869056828,0.9729795423319338,3.2680365296803653
28635,1.0,73634.0,1.3580682836733031e-05,0.9718968154171539,0.028505459588719455,0.9708269893892021,0.9729666414451057,3.268835616438356
28638,1.0,73631.0,1.3581236164115657e-05,0.9718836158569766,0.02851904082488357,0.9708134915890619,0.9729537401248912,3.2691780821917806
28650,1.0,73628.0,1.358178953658934e-05,0.971870415938252,0.02853262261442016,0.9707999935051744,0.9729408383713295,3.2705479452054793
28654,1.0,73625.0,1.3582342954159593e-05,0.9718572156609557,0.02854620495737432,0.9707864951374523,0.9729279361844592,3.2710045662100455
28666,1.0,73621.0,1.3583080914413008e-05,0.9718440148457582,0.028559788038288732,0.9707729962982103,0.9729150333933061,3.272374429223744
28668,1.0,73620.0,1.3583265417006248e-05,0.9718308140305606,0.028573371303705738,0.9707594975501644,0.9729021305109568,3.2726027397260276
28686,1.0,73612.0,1.3584741618214421e-05,0.9718176119600554,0.028586956045323953,0.9707459975799076,0.9728892263402033,3.2746575342465754
28692,1.0,73609.0,1.3585295276392832e-05,0.9718044095308421,0.028600541340600347,0.9707324973254449,0.9728763217362394,3.2753424657534245
28694,1.0,73607.0,1.358566440691782e-05,0.9717912069222651,0.028614127005007265,0.9707189969743445,0.9728634168701856,3.275570776255708
28704,1.0,73603.0,1.3586402728149667e-05,0.9717780037755601,0.028627713407735414,0.9707054961512035,0.9728505113999167,3.276712328767123
28710,1.0,73602.0,1.3586587320996712e-05,0.9717648006288552,0.02864129999505641,0.9706919954189435,0.9728376058387669,3.2773972602739727
28718,1.0,73598.0,1.3587325742547352e-05,0.971751596943964,0.028654887320798957,0.9706784942144586,0.9728246996734693,3.278310502283105
28728,1.0,73593.0,1.358824888236653e-05,0.9717383925414129,0.028668475569681325,0.9706649923499377,0.9728117927328881,3.2794520547945205
28729,1.0,73592.0,1.3588433525383194e-05,0.9717251881388618,0.02868206400320671,0.9706514905761058,0.9727988857016178,3.279566210045662
28731,1.0,73590.0,1.3588802826470989e-05,0.9717119835568787,0.02869565280603318,0.970637988705179,0.9727859784085784,3.279794520547945
28733,1.0,73589.0,1.3588987484542527e-05,0.9716987789748956,0.028709241793517724,0.9706244869247956,0.9727730710249957,3.2800228310502284
28746,1.0,73582.0,1.3590280231578375e-05,0.9716855733161887,0.028722832073749302,0.970610984108518,0.9727601625238593,3.2815068493150683
28762,1.0,73577.0,1.3591203772918167e-05,0.9716723669395586,0.02873642327752222,0.97059748063165,0.9727472532474672,3.283333333333333
28770,2.0,73574.0,2.718351591594857e-05,0.9716459534683068,0.02876360679343817,0.9705704731978743,0.9727214337387394,3.2842465753424657
28790,1.0,73568.0,1.359286646367986e-05,0.9716327460146115,0.02877719965990185,0.9705569688652248,0.9727085231639981,3.286529680365297
28798,1.0,73565.0,1.3593420784340379e-05,0.9716195382018471,0.02879079308068619,0.970543464247146,0.9726956121565482,3.2874429223744293
28812,1.0,73560.0,1.3594344752582926e-05,0.9716063296708765,0.028804387425438772,0.970529958967908,0.972682700373845,3.289041095890411
28827,1.0,73556.0,1.3595084017619228e-05,0.9715931206011925,0.028817982509456393,0.9705164532152171,0.972669787987168,3.290753424657534
28834,1.0,73553.0,1.3595638519163053e-05,0.9715799111723371,0.028831578147975555,0.9705029471768225,0.9726568751678517,3.2915525114155253
28835,1.0,73550.0,1.3596193065941537e-05,0.9715667013842858,0.0288451743410415,0.9704894408526382,0.9726439619159334,3.2916666666666665
28837,1.0,73549.0,1.3596377924920801e-05,0.9715534915962345,0.02885877071896642,0.9704759346183179,0.9726310485741511,3.29189497716895
28848,1.0,73546.0,1.3596932532020777e-05,0.971540281448958,0.02887236765149844,0.970462428098048,0.972618134799868,3.293150684931507
28852,1.0,73544.0,1.3597302295224628e-05,0.9715270711220592,0.028885964953793666,0.9704489214796257,0.9726052207644926,3.293607305936073
28853,1.0,73542.0,1.3597672078540155e-05,0.9715138606155306,0.028899562625872205,0.9704354147629766,0.9725923064680846,3.2937214611872148
28856,1.0,73541.0,1.3597856977740308e-05,0.971500650109002,0.028913160482849944,0.9704219081359149,0.9725793920820891,3.2940639269406393
28868,1.0,73538.0,1.3598411705512797e-05,0.9714874392431896,0.028926758894555458,0.9704084012225842,0.972566477263795,3.295433789954338
28873,1.0,73536.0,1.3598781549173194e-05,0.9714742281977256,0.02894035767610463,0.9703948942108039,0.9725535621846472,3.2960045662100454
28875,1.0,73534.0,1.3599151412951833e-05,0.9714610169726025,0.02895395682751758,0.9703813871004998,0.9725406468447051,3.296232876712329
28880,1.0,73533.0,1.3599336352386003e-05,0.9714478057474795,0.028967556163869968,0.9703678800795084,0.9725277314154506,3.2968036529680367
28888,1.0,73531.0,1.3599706246345078e-05,0.9714345943426876,0.028981155870116314,0.9703543729598454,0.9725148157255299,3.297716894977169
28893,1.0,73528.0,1.36002611250136e-05,0.9714213825785386,0.028994756131241327,0.9703408655535162,0.972501899603561,3.2982876712328766
28902,1.0,73524.0,1.3601001033676079e-05,0.97140817027531,0.029008357132275002,0.9703273576724992,0.9724889828781208,3.2993150684931507
28903,1.0,73523.0,1.3601186023421243e-05,0.9713949579720814,0.029021958318298423,0.9703138498805309,0.9724760660636319,3.2994292237442924
28909,1.0,73522.0,1.3601371018198634e-05,0.9713817456688528,0.02903555968931662,0.9703003421775382,0.9724631491601674,3.3001141552511415
28910,1.0,73521.0,1.3601556018008461e-05,0.9713685333656242,0.029049161245334628,0.9702868345634483,0.9724502321678001,3.300228310502283
28925,2.0,73519.0,2.720385206545247e-05,0.9713421083997416,0.02907636509740008,0.9702598192258046,0.9724243975736785,3.3019406392694064
28929,1.0,73517.0,1.3602296067576206e-05,0.9713288959168002,0.029089967393467656,0.9702463116900532,0.9724114801435472,3.3023972602739726
28931,1.0,73516.0,1.360248109255128e-05,0.9713156834338589,0.029103569874560208,0.9702328042429189,0.9723985626247988,3.3026255707762555
28941,1.0,73514.0,1.3602851157602634e-05,0.9713024707711901,0.029117172725717812,0.9702192966963803,0.972385644846,3.3037671232876713
28955,1.0,73511.0,1.360340629293575e-05,0.9712892577490468,0.029130776132010747,0.9702057888624046,0.9723727266356891,3.305365296803653
28959,1.0,73510.0,1.3603591348115903e-05,0.9712760447269035,0.029144379723358864,0.9701922811168434,0.9723598083369637,3.305821917808219
28967,1.0,73508.0,1.3603961473581107e-05,0.9712628315250109,0.029157983684832446,0.9701787732716595,0.9723468897783624,3.3067351598173516
28989,1.0,73497.0,1.360599752370845e-05,0.9712496165253303,0.029171589682356155,0.9701652636348083,0.9723339694158523,3.3092465753424656
28990,1.0,73496.0,1.3606182649395886e-05,0.9712364015256496,0.02918519586500555,0.9701517540862082,0.972321048965091,3.3093607305936072
29015,1.0,73489.0,1.3607478670277184e-05,0.971223185447032,0.029198803343675826,0.9701382434975685,0.9723081273964955,3.3122146118721463
29025,1.0,73486.0,1.3608034183381868e-05,0.9712099690087248,0.02921241137785921,0.9701247326209499,0.9722952053964997,3.3133561643835616
29036,1.0,73482.0,1.3608774938080075e-05,0.971196752030839,0.02922602015279729,0.9701112212681926,0.9722822827934854,3.3146118721461186
29043,1.0,73477.0,1.3609700994869143e-05,0.9711835343334367,0.029239629853792158,0.9700977092510943,0.9722693594157792,3.3154109589041094
29045,1.0,73476.0,1.360988622135119e-05,0.9711703166360344,0.02925323974001351,0.9700841973219604,0.9722564359501084,3.3156392694063928
29061,1.0,73471.0,1.3610812429393911e-05,0.9711570982190177,0.029266850552442904,0.9700706847282762,0.9722435117097593,3.3174657534246577
29065,1.0,73466.0,1.361173876350965e-05,0.9711438790822985,0.029280462291206413,0.9700571714699046,0.9722305866946924,3.317922374429224
29072,2.0,73462.0,2.7224959843184232e-05,0.9711174397291885,0.029307687251049597,0.9700301440875666,0.9722047353708104,3.3187214611872147
29099,1.0,73450.0,1.3614703880190606e-05,0.9711042182528137,0.02932130195492979,0.9700166286460727,0.9721918078595546,3.3218036529680366
29106,1.0,73443.0,1.361600152499217e-05,0.9710909956962971,0.029334917956454782,0.9700031121628526,0.9721788792297416,3.3226027397260274
29112,1.0,73439.0,1.3616743147374011e-05,0.971077772599636,0.029348534699602156,0.9699895952024741,0.972165949996798,3.3232876712328765
29115,1.0,73437.0,1.36171139888612e-05,0.9710645493229145,0.029362151813591017,0.969976078141372,0.9721530205044571,3.3236301369863015
29116,1.0,73436.0,1.3617299417179584e-05,0.971051326046193,0.029375769113008196,0.9699625611677422,0.9721400909246439,3.3237442922374427
29118,1.0,73435.0,1.3617484850548104e-05,0.9710381027694716,0.029389386597858745,0.9699490442815135,0.9721271612574296,3.323972602739726
29122,1.0,73434.0,1.3617670288966963e-05,0.9710248794927501,0.029403004268147712,0.9699355274826158,0.9721142315028843,3.3244292237442923
29124,1.0,73433.0,1.361785573243637e-05,0.9710116562160286,0.02941662212388015,0.9699220107709781,0.9721013016610791,3.324657534246575
29142,1.0,73423.0,1.361971044495594e-05,0.9709984313184322,0.029430241834325105,0.9699084924519268,0.9720883701849377,3.3267123287671234
29144,1.0,73422.0,1.3619895943994988e-05,0.970985206420836,0.0294438617302691,0.9698949742200376,0.9720754386216344,3.3269406392694063
29154,1.0,73419.0,1.3620452471431101e-05,0.9709719811629814,0.02945748218274053,0.9698814556986028,0.97206250662736,3.328082191780822
29157,1.0,73418.0,1.3620637990683483e-05,0.9709587559051269,0.029471102820731215,0.969867937264199,0.9720495745460549,3.3284246575342467
29167,1.0,73412.0,1.3621751212335857e-05,0.9709455297465166,0.029484724571943552,0.9698544179750686,0.9720366415179647,3.329566210045662
29179,1.0,73411.0,1.3621936766969527e-05,0.9709323035879062,0.02949834650871052,0.9698408987728525,0.9720237084029598,3.3309360730593607
29181,1.0,73410.0,1.3622122326658493e-05,0.9709190774292957,0.029511968631037177,0.9698273796574808,0.9720107752011107,3.331164383561644
29182,1.0,73408.0,1.362249346120314e-05,0.9709058510905122,0.02952559112449838,0.9698138604405296,0.9719978417404948,3.3312785388127852
29189,1.0,73407.0,1.3622679036059231e-05,0.9708926247517286,0.02953921380353444,0.9698003413102879,0.9719849081931692,3.3320776255707765
29200,2.0,73402.0,2.7247213972371324e-05,0.9708661706326377,0.02956646101750681,0.9697733018027318,0.9719590394625436,3.3333333333333335
29223,1.0,73397.0,1.3624535062740985e-05,0.9708529430324547,0.02958008555256955,0.9697597816136082,0.9719461044513013,3.335958904109589
29226,1.0,73396.0,1.3624720693225789e-05,0.9708397154322718,0.029593710273262776,0.9697462615109487,0.9719331693535949,3.3363013698630137
29239,1.0,73393.0,1.3625277615031406e-05,0.9708264874716293,0.029607335550877807,0.9697327411178834,0.9719202338253751,3.337785388127854
29243,1.0,73392.0,1.3625463265751035e-05,0.9708132595109867,0.02962096101414356,0.969719220811153,0.9719072982108204,3.3382420091324203
29248,1.0,73390.0,1.362583458236817e-05,0.9708000313701022,0.029634586848725927,0.9697057004022795,0.9718943623379248,3.3388127853881278
29253,1.0,73389.0,1.362602024826609e-05,0.9707868032292177,0.029648212868974195,0.9696921800796076,0.9718814263788279,3.3393835616438357
29273,2.0,73386.0,2.7253154552639466e-05,0.9707603462264317,0.029675466023526834,0.9696651389389327,0.9718555535139307,3.341666666666667
29293,1.0,73384.0,1.3626948653657473e-05,0.9707471177250386,0.029689092972180493,0.9696516184976354,0.9718426169524419,3.343949771689498
29299,1.0,73383.0,1.3627134349917556e-05,0.9707338892236456,0.02970272010653041,0.9696380981422732,0.9718296803050179,3.344634703196347
29306,1.0,73379.0,1.3627877185570803e-05,0.9707206601814233,0.02971634798371598,0.9696245773074837,0.9718167430553629,3.345433789954338
29310,2.0,73378.0,2.725612581427676e-05,0.970694202096979,0.029743604109530256,0.9695975358952723,0.9717908682986857,3.345890410958904
29313,1.0,73376.0,1.3628434365460096e-05,0.9706809730547568,0.029757232543895715,0.9695840153177133,0.9717779307918002,3.3462328767123286
29319,1.0,73374.0,1.3628805844031946e-05,0.9706677438322385,0.029770861349739747,0.9695704946373184,0.9717649930271587,3.346917808219178
29325,1.0,73370.0,1.362954886193267e-05,0.9706545140687952,0.02978449089860168,0.9695569734771053,0.9717520546604851,3.3476027397260273
29330,1.0,73367.0,1.363010617852713e-05,0.9706412839447058,0.029798121004780208,0.9695434520254473,0.9717391158639643,3.348173515981735
29352,1.0,73360.0,1.3631406761177753e-05,0.9706280527385452,0.029811752411541385,0.9695299295282892,0.9717261759488013,3.350684931506849
29370,1.0,73352.0,1.3632893445304831e-05,0.9706148202697272,0.029825385304986688,0.969516405796861,0.9717132347425934,3.3527397260273974
29376,1.0,73347.0,1.3633822787571407e-05,0.9706015870792727,0.029839019127774258,0.9695028813965797,0.9717002927619657,3.3534246575342466
29378,1.0,73345.0,1.363419455995637e-05,0.9705883537083942,0.029852653322334215,0.9694893568930386,0.9716873505237499,3.35365296803653
29391,1.0,73341.0,1.363493816555542e-05,0.9705751197962073,0.02986628826049977,0.9694758319090112,0.9716744076834033,3.35513698630137
29399,1.0,73338.0,1.3635495922986718e-05,0.9705618855231183,0.029879923756422757,0.969462306632993,0.9716614644132435,3.3560502283105023
29400,1.0,73337.0,1.3635681852271023e-05,0.9705486512500293,0.029893559438275027,0.9694487814421054,0.9716485210579532,3.356164383561644
29409,1.0,73334.0,1.3636239670548449e-05,0.970535416616009,0.029907195677945576,0.9694352559590791,0.9716355772729388,3.3571917808219176
29412,1.0,73332.0,1.3636611574755905e-05,0.9705221818015131,0.029920832289520333,0.9694217303724485,0.9716226332305776,3.3575342465753426
29436,1.0,73330.0,1.3636983499249966e-05,0.9705089468065342,0.029934469273019584,0.9694082046821454,0.971609688930923,3.3602739726027395
29444,1.0,73324.0,1.3638099394468386e-05,0.9704957109090544,0.029948107372414053,0.9693946781335677,0.9715967436845411,3.361187214611872
29445,1.0,73322.0,1.3638471400125475e-05,0.9704824748310572,0.02996174584381418,0.9693811514811786,0.9715837981809358,3.3613013698630136
29447,1.0,73321.0,1.3638657410564504e-05,0.97046923875306,0.029975384501224743,0.9693676249135625,0.9715708525925575,3.361529680365297
29448,1.0,73320.0,1.363884342607747e-05,0.9704560026750628,0.029989023344650822,0.9693540984306522,0.9715579069194734,3.361643835616438
29455,1.0,73318.0,1.3639215472326031e-05,0.9704427664165359,0.03000266256012315,0.9693405718437278,0.9715449609893441,3.3624429223744294
29467,1.0,73316.0,1.3639587538872825e-05,0.9704295299774719,0.030016302147662023,0.9693270451527213,0.9715320148022225,3.3638127853881277
29481,1.0,73313.0,1.3640145676755828e-05,0.970416293177314,0.030029942293338777,0.9693135181688957,0.9715190681857324,3.3654109589041097
29483,2.0,73312.0,2.7280663465735486e-05,0.9703898195769982,0.030057222956804512,0.9692864644545485,0.971493174699448,3.3656392694063926
29489,1.0,73307.0,1.3641262089568527e-05,0.9703765822351403,0.03007086421889408,0.9692729371578509,0.9714802273124298,3.366324200913242
29497,2.0,73305.0,2.728326853557056e-05,0.9703501071902666,0.03009814748742965,0.9692458824398238,0.9714543319407094,3.3672374429223746
29519,1.0,73302.0,1.3642192573190363e-05,0.970336869487241,0.030111789680002842,0.9692323550183604,0.9714413839561216,3.3697488584474886
29522,1.0,73300.0,1.364256480218281e-05,0.970323631603619,0.030125432244805024,0.969218827492275,0.9714284357149631,3.370091324200913
29526,1.0,73298.0,1.3642937051488445e-05,0.9703103935393934,0.030139075181856514,0.9692052998615005,0.9714154872172863,3.3705479452054794
29529,1.0,73295.0,1.3643495463537758e-05,0.970297155113941,0.030152718677320053,0.9691917719372501,0.9714025382906318,3.370890410958904
29532,1.0,73292.0,1.3644053921301098e-05,0.9702839163272369,0.030166362731241354,0.9691782437194454,0.9713895889350284,3.371232876712329
29535,1.0,73290.0,1.3644426251876108e-05,0.9702706773598971,0.030180007157493232,0.9691647153967492,0.9713766393230451,3.3715753424657535
29540,1.0,73288.0,1.3644798602772623e-05,0.9702574382119143,0.030193651956096006,0.9691511869690949,0.9713636894547338,3.372146118721461
29544,1.0,73286.0,1.3645170973992304e-05,0.9702441988832812,0.030207297127069998,0.9691376584364157,0.9713507393301466,3.372602739726027
29553,1.0,73285.0,1.3645357167223852e-05,0.970230959554648,0.03022094248423722,0.9691241299873983,0.9713377891218977,3.3736301369863013
29570,1.0,73281.0,1.364610199096628e-05,0.9702177196840192,0.030234588586228187,0.9691106010557005,0.9713248383123378,3.375570776255708
29577,1.0,73278.0,1.3646660662135975e-05,0.9702044794520303,0.030248235246890322,0.9690970718300023,0.9713118870740582,3.3763698630136987
29581,1.0,73277.0,1.3646846896024674e-05,0.9701912392200414,0.030261882093786347,0.9690835426877921,0.9712989357522906,3.376826484018265
29593,1.0,73272.0,1.3647778141718529e-05,0.9701779982652534,0.030275529871928067,0.9690700128738492,0.9712859836566576,3.3781963470319636
29596,1.0,73270.0,1.3648150675583459e-05,0.9701647571297509,0.03028917802260365,0.9690564829544797,0.9712730313050222,3.378538812785388
29618,1.0,73263.0,1.3649454704284564e-05,0.9701515149098427,0.030302827477307937,0.9690429519854983,0.9712600778341872,3.381050228310502
29621,1.0,73262.0,1.364964101444132e-05,0.9701382726899346,0.030316477118322378,0.9690294210997942,0.971247124280075,3.3813926940639267
29623,2.0,73259.0,2.730039995085928e-05,0.9701117875270825,0.030343777518273236,0.9690023588225951,0.9712212162315699,3.38162100456621
29624,1.0,73257.0,1.3650572641522311e-05,0.9700985449456564,0.030357428090914757,0.9689888278086652,0.9712082620826475,3.3817351598173517
29628,1.0,73256.0,1.365075898219941e-05,0.9700853023642304,0.030371078849896958,0.9689752968777622,0.9711953078506986,3.382191780821918
29637,1.0,73255.0,1.3650945327963962e-05,0.9700720597828043,0.030384729795224923,0.9689617660298212,0.9711823535357874,3.3832191780821916
29648,1.0,73251.0,1.3651690761900862e-05,0.9700588166590274,0.030398381485986826,0.9689482346982037,0.9711693986198511,3.3844748858447486
29652,1.0,73250.0,1.3651877133105803e-05,0.9700455735352504,0.03041203336311993,0.9689347034494328,0.9711564436210681,3.384931506849315
29661,1.0,73246.0,1.365262266881468e-05,0.9700323298690634,0.030425685985788747,0.9689211717168204,0.9711434880213065,3.385958904109589
29662,2.0,73244.0,2.730599093441101e-05,0.9700058421750579,0.03045299197672316,0.9688941081219585,0.9711175762281573,3.3860730593607307
29681,1.0,73239.0,1.3653927552260408e-05,0.9699925977855636,0.03046664590427542,0.9688805758817804,0.9711046196893467,3.38824200913242
29684,1.0,73236.0,1.3654486864383636e-05,0.9699793530343785,0.030480300391139803,0.9688670433463383,0.9710916627224188,3.3885844748858447
29685,2.0,73235.0,2.7309346623882025e-05,0.9699528635320085,0.030507609737763685,0.9688399785228949,0.971065748541122,3.3886986301369864
29688,1.0,73223.0,1.3656911079851959e-05,0.9699396169719995,0.030521266648843536,0.9688264443453347,0.9710527895986643,3.389041095890411
29693,1.0,73182.0,1.366456232406876e-05,0.9699263631716527,0.030534931211167606,0.9688129026871133,0.9710398236561921,3.389611872146119
29698,1.0,73025.0,1.3693940431359123e-05,0.9699130810578126,0.030548625151598965,0.9687993315346373,0.9710268305809879,3.3901826484018267
29703,2.0,72781.0,2.747969937208887e-05,0.969886428137928,0.030576104850971054,0.9687720968207626,0.9710007594550935,3.390753424657534
29708,1.0,72489.0,1.3795196512574321e-05,0.969873048364057,0.030589900047483628,0.9687584238837423,0.9709876728443716,3.391324200913242
29710,2.0,72403.0,2.762316478598953e-05,0.9698462574010205,0.030617523212269616,0.9687310454378633,0.9709614693641777,3.391552511415525
29711,1.0,72360.0,1.3819789939192925e-05,0.9698328543294699,0.030631343002208808,0.9687173484118925,0.9709483602470472,3.3916666666666666
29715,1.0,72236.0,1.3843512929841077e-05,0.9698194284358111,0.03064518651513865,0.9687036276218186,0.9709352292498037,3.392123287671233
29722,1.0,72126.0,1.3864625793749828e-05,0.9698059822523484,0.030659051140932397,0.9686898857132521,0.9709220787914447,3.3929223744292236
29731,1.0,72085.0,1.387251161822848e-05,0.9697925286075921,0.030672923652550626,0.9686761360934052,0.9709089211217791,3.3939497716894977
29741,1.0,72080.0,1.3873473917869035e-05,0.9697790742162408,0.030686797126468494,0.9686623857801382,0.9708957626523433,3.395091324200913
29742,1.0,72079.0,1.3873666393817894e-05,0.9697656198248894,0.03070067079286231,0.9686486355536922,0.9708826040960866,3.3952054794520548
29743,1.0,72077.0,1.3874051361738142e-05,0.969752165246871,0.030714544844224048,0.9686348852189108,0.9708694452748312,3.3953196347031964
29745,3.0,72076.0,4.162273156112992e-05,0.9697118015128161,0.030756167575785177,0.9685936347344194,0.9708299682912128,3.3955479452054793
29749,1.0,72073.0,1.3874821361674968e-05,0.9696983469347977,0.03077004239714685,0.9685798847459774,0.970816809123618,3.3960045662100455
29758,1.0,72070.0,1.3875398917718884e-05,0.9696848919834041,0.03078391779606457,0.9685661344537541,0.9708036495130542,3.3970319634703197
29774,1.0,72068.0,1.3875783981794971e-05,0.9696714368453125,0.030797793580046365,0.9685523840527791,0.970790489637846,3.3988584474885846
29782,1.0,72063.0,1.387674673549533e-05,0.9696579809603668,0.03081167032678186,0.9685386329576142,0.9707773289631194,3.399771689497717
29784,1.0,72062.0,1.3876939302267493e-05,0.9696445250754211,0.03082554726608413,0.9685248819486911,0.9707641682021511,3.4
29788,1.0,72059.0,1.387751703465216e-05,0.9696310688170068,0.030839424783118782,0.9685111306356665,0.970751006998347,3.400456621004566
29789,1.0,72056.0,1.3878094815143777e-05,0.969617612185098,0.030853302877933926,0.9684973790184589,0.9707378453517371,3.400570776255708
29790,1.0,72054.0,1.3878480028867238e-05,0.9696041553664316,0.030867181357962792,0.9684836272921501,0.9707246834407132,3.4006849315068495
29832,2.0,72043.0,2.776119817331316e-05,0.9695772379933248,0.030894942556136104,0.9684561201937217,0.970698355792928,3.4054794520547946
29837,1.0,72040.0,1.38811771238201e-05,0.969563779119949,0.030908823733259923,0.9684423665781798,0.9706851916617181,3.406050228310502
29843,1.0,72039.0,1.3881369813573204e-05,0.9695503202465731,0.030922705103073496,0.9684286130484806,0.9706720274446655,3.4067351598173516
29849,1.0,72037.0,1.3881755209128642e-05,0.9695368611863645,0.030936586858282624,0.9684148594093304,0.9706588629633986,3.4074200913242008
29862,1.0,72031.0,1.3882911524204856e-05,0.9695234011919013,0.030950469769806827,0.9684011048796767,0.9706456975041259,3.408904109589041
29868,1.0,72030.0,1.3883104262113009e-05,0.9695099411974379,0.03096435287406894,0.9683873504356914,0.9706325319591845,3.4095890410958902
29873,1.0,72027.0,1.3883682507948407e-05,0.969496480829226,0.030978236556576888,0.9683735956867806,0.9706193659716714,3.410159817351598
29877,1.0,72024.0,1.3884260801954903e-05,0.9694830200872396,0.030992120817378843,0.9683598406328636,0.9706061995416156,3.4106164383561643
29895,1.0,72021.0,1.3884839144138515e-05,0.9694695589714528,0.03100600565652298,0.9683460852738597,0.970593032669046,3.412671232876712
29896,1.0,72020.0,1.3885031935573452e-05,0.969456097855666,0.031019890688458555,0.9683323300002837,0.9705798657110483,3.412785388127854
29900,1.0,72018.0,1.3885417534505263e-05,0.9694426365529658,0.03103377610599306,0.9683185746167731,0.9705666984891586,3.41324200913242
29912,1.0,72007.0,1.3887538711514158e-05,0.969429173380822,0.031047663644704574,0.9683048173652982,0.9705535293963459,3.4146118721461187
29931,1.0,71950.0,1.3898540653231411e-05,0.9694156997300454,0.031061562185357806,0.9682910492505532,0.9705403502095376,3.416780821917808
29934,1.0,71948.0,1.389892700283538e-05,0.9694022258919994,0.03107546111236064,0.9682772810256175,0.9705271707583814,3.4171232876712327
29948,1.0,71943.0,1.3899892970824124e-05,0.9693887513048138,0.031089361005331464,0.9682635121033658,0.9705139905062619,3.4187214611872148
29969,1.0,71935.0,1.3901438798915688e-05,0.9693752754064152,0.031103262444130378,0.9682497418964848,0.9705008089163456,3.421118721461187
29981,2.0,71932.0,2.7804037146193626e-05,0.9693483228602492,0.031131066481276573,0.9682222009557093,0.9704744447647891,3.422488584474886
29999,1.0,71927.0,1.3902984970873247e-05,0.9693348460250849,0.031144969466247445,0.9682084300259072,0.9704612620242626,3.4245433789954336
30009,1.0,71913.0,1.3905691599571704e-05,0.9693213667536594,0.031158875157847016,0.9681946566358762,0.9704480768714426,3.4256849315068494
30016,1.0,71887.0,1.391072099266905e-05,0.9693078827945742,0.031172785878839687,0.9681808784333699,0.9704348871557786,3.42648401826484
30022,1.0,71845.0,1.3918853086505672e-05,0.969294391140558,0.031186704731926192,0.9681670922764006,0.9704216900047155,3.4271689497716893
30023,1.0,71829.0,1.3921953528519123e-05,0.9692808966690891,0.031200626685454712,0.9681533032610713,0.9704084900771069,3.427283105022831
30026,2.0,71799.0,2.7855541163525955e-05,0.9692538968251729,0.03122848222661824,0.968125714097065,0.9703820795532808,3.4276255707762555
30045,1.0,71118.0,1.4061137827272983e-05,0.96924026801254,0.031242543364445513,0.9681117849508628,0.9703687510742173,3.4297945205479454
30051,1.0,70939.0,1.4096618221288713e-05,0.9692266050025172,0.031256639982666805,0.9680978201475146,0.9703553898575199,3.4304794520547945
30067,1.0,70797.0,1.412489229769623e-05,0.9692129147811095,0.0312707648749645,0.968083826987652,0.9703420025745669,3.4323059360730594
30075,1.0,70769.0,1.4130480860263675e-05,0.9691992193365676,0.031284895355824766,0.9680698284575088,0.9703286102156264,3.433219178082192
30077,1.0,70768.0,1.4130680533574497e-05,0.9691855238920257,0.03129902603635834,0.9680558300174679,0.9703152177665836,3.433447488584475
30084,1.0,70765.0,1.4131279587366636e-05,0.9691718280604156,0.03131315731594571,0.9680418312628178,0.9703018248580133,3.4342465753424656
30094,1.0,70743.0,1.4135674200981016e-05,0.9691581281632093,0.031327292990146687,0.9680278283480064,0.9702884279784123,3.4353881278538814
30095,2.0,70737.0,2.8273746412768424e-05,0.9691307264320598,0.031355566736559454,0.9679998207637074,0.9702616321004122,3.435502283105023
30100,1.0,70712.0,1.4141871252404117e-05,0.9691170211100999,0.03136970860781186,0.9679858124478546,0.9702482297723451,3.4360730593607305
30110,1.0,70694.0,1.4145472034401788e-05,0.9691033124923798,0.031383854079846264,0.967971800776645,0.9702348242081146,3.4372146118721463
30112,1.0,70693.0,1.4145672131611333e-05,0.9690896038746596,0.03139799975197788,0.9679577891953771,0.9702214185539421,3.437442922374429
30116,1.0,70690.0,1.4146272457207526e-05,0.9690758948690877,0.03141214602443509,0.9679437772985384,0.9702080124396371,3.4378995433789954
30118,1.0,70689.0,1.4146472577062909e-05,0.9690621858635159,0.03142629249701215,0.9679297654915074,0.9701946062355243,3.4381278538812787
30137,1.0,70684.0,1.4147473261275536e-05,0.9690484760821529,0.031440439970273425,0.9679157529632576,0.9701811992010483,3.440296803652968
30146,1.0,70679.0,1.4148474087069709e-05,0.9690347655249,0.03145458844436049,0.9679017397136419,0.970167791336158,3.441324200913242
30158,1.0,70677.0,1.4148874457036944e-05,0.9690210547736581,0.03146873731881753,0.967887726350881,0.9701543831964351,3.4426940639269406
30163,1.0,70676.0,1.4149074650517856e-05,0.9690073440224162,0.03148288639346805,0.967873713077686,0.9701409749671464,3.4432648401826484
30167,1.0,70673.0,1.414967526495267e-05,0.968993632883169,0.031497036068733004,0.9678596994884108,0.9701275662779272,3.4437214611872147
30187,1.0,70666.0,1.4151076896951858e-05,0.9689799205797573,0.031511187145629956,0.967845684771702,0.9701141563878127,3.446004566210046
30189,1.0,70661.0,1.4152078232688471e-05,0.9689662075001153,0.03152533922386264,0.9678316693330216,0.970100745667209,3.4462328767123287
30195,1.0,70659.0,1.4152478806662986e-05,0.9689524942263993,0.03153949170266931,0.9678176537808255,0.9700873346719731,3.4469178082191783
30196,1.0,70658.0,1.4152679102154037e-05,0.9689387809526833,0.03155364438177146,0.9678036383179035,0.970073923587463,3.4470319634703195
30205,1.0,70654.0,1.4153480340815807e-05,0.9689250670966956,0.03156779786211228,0.9677896223355787,0.9700605118578124,3.4480593607305936
30206,1.0,70653.0,1.4153680664656843e-05,0.9689113532407079,0.03158195154277694,0.9677756064424007,0.9700471000390151,3.4481735159817353
30214,1.0,70650.0,1.4154281670205237e-05,0.9688976389965007,0.03159610582444714,0.9677615902325304,0.970033687760471,3.4490867579908677
30216,1.0,70646.0,1.415508309033774e-05,0.9688839241699148,0.03161026090753748,0.9677475735029776,0.9700202748368519,3.4493150684931506
30219,2.0,70645.0,2.8310566919102556e-05,0.9688564945167427,0.03163857147445658,0.9677195403106772,0.9699934487228082,3.449657534246575
30223,2.0,70641.0,2.8312169986268597e-05,0.9688290640869777,0.03166688364444285,0.9676915066619957,0.9699666215119597,3.4501141552511414
30227,1.0,70638.0,1.4156686202893627e-05,0.9688153486779332,0.03168104033064575,0.9676774897677946,0.9699532075880718,3.4505707762557076
30232,2.0,70635.0,2.8314574927443903e-05,0.9687879170831522,0.03170935490557319,0.967649455433458,0.9699263787328463,3.4511415525114155
30234,1.0,70632.0,1.4157888775625779e-05,0.9687742010915749,0.03172351279434881,0.9676354381961162,0.9699129639870335,3.4513698630136984
30249,1.0,70629.0,1.4158490138611618e-05,0.9687604847116021,0.03173767128448742,0.9676214206412934,0.9698995487819109,3.453082191780822
30258,1.0,70626.0,1.415909155268598e-05,0.9687467679432065,0.03175183037604011,0.9676074027689053,0.9698861331175076,3.4541095890410958
30266,1.0,70623.0,1.4159693017855373e-05,0.9687330507863603,0.03176599006905797,0.9675933845788675,0.9698727169938531,3.4550228310502282
30309,1.0,70613.0,1.4161698270856642e-05,0.9687193318811901,0.031780151767328825,0.9675793646499853,0.9698592991123949,3.459931506849315
30311,1.0,70611.0,1.4162099389613516e-05,0.9687056127817313,0.03179431386671844,0.967565344606283,0.9698458809571796,3.4601598173515984
30314,1.0,70609.0,1.416250053109377e-05,0.9686918934879758,0.03180847636724953,0.9675513244476893,0.9698324625282623,3.460502283105023
30318,1.0,70605.0,1.4163302882232136e-05,0.9686781736112887,0.03182263967013176,0.9675373037680111,0.9698190434545664,3.460958904109589
30330,1.0,70600.0,1.4164305949008499e-05,0.9686644529572715,0.03183680397608077,0.967523282364051,0.969805623550492,3.462328767123288
30334,1.0,70599.0,1.4164506579413305e-05,0.9686507323032544,0.03185096848266018,0.9675092610480768,0.969792203558432,3.462785388127854
30338,2.0,70597.0,2.8329815714548777e-05,0.9686232906065164,0.031879298298374735,0.9674812182736223,0.9697653629394105,3.4632420091324203
30349,1.0,70594.0,1.4165509816698303e-05,0.9686095695637846,0.031893463808191434,0.9674671968150017,0.9697519423125676,3.4644977168949773
30351,1.0,70592.0,1.4165911151405258e-05,0.9685958483266818,0.03190762971934284,0.9674531752409913,0.9697385214123723,3.46472602739726
30354,1.0,70591.0,1.4166111827286764e-05,0.9685821270895789,0.03192179583117013,0.9674391537546347,0.9697251004245231,3.4650684931506848
30361,1.0,70588.0,1.4166713889046296e-05,0.9685684054637064,0.03193596254505918,0.9674251319496276,0.9697116789777851,3.465867579908676
30362,1.0,70586.0,1.4167115291984245e-05,0.968554683643438,0.03195012966035116,0.9674111100290195,0.9696982572578565,3.4659817351598172
30372,1.0,70585.0,1.4167316001983424e-05,0.9685409618231696,0.03196429697635315,0.9673970881958731,0.9696848354504661,3.467123287671233
30388,1.0,70583.0,1.4167717439043395e-05,0.9685272398084944,0.03197846469379219,0.967383066246986,0.9696714133700028,3.468949771689498
30397,1.0,70581.0,1.41681188988538e-05,0.9685135175994041,0.03199263281269104,0.9673690441822882,0.96965799101652,3.4699771689497716
30398,2.0,70580.0,2.8336639274582036e-05,0.9684860731812233,0.03202096945196562,0.9673410003146207,0.9696311460478259,3.4700913242009133
30412,1.0,70575.0,1.4169323414806943e-05,0.9684723503888296,0.03203513877538043,0.9673269779020541,0.9696177228756051,3.471689497716895
30414,1.0,70574.0,1.4169524187377787e-05,0.968458627596436,0.03204930829956781,0.9673129555765627,0.9696042996163092,3.471917808219178
30421,1.0,70572.0,1.4169925749589072e-05,0.9684449046095914,0.032063478225317396,0.9672989331349121,0.9695908760842707,3.472716894977169
30425,1.0,70571.0,1.4170126539229995e-05,0.9684311816227468,0.03207764835185663,0.967284910780205,0.9695774524652886,3.473173515981735
30449,2.0,70558.0,2.834547464497293e-05,0.9684037309812428,0.0321059938265016,0.9672568614544814,0.9695506005080041,3.4759132420091325
30460,1.0,70554.0,1.4173540833971142e-05,0.9683900052714179,0.03212016736733558,0.9672428365153565,0.9695371740274794,3.4771689497716896
30467,1.0,70550.0,1.4174344436569808e-05,0.9683762789779342,0.032134341711772145,0.9672288110531839,0.9695237469026845,3.4779680365296803
30468,1.0,70548.0,1.417474627204173e-05,0.9683625524898838,0.03214851645804419,0.9672147854744237,0.9695103195053438,3.478082191780822
30469,1.0,70547.0,1.4174947198321686e-05,0.9683488260018334,0.032162691405242506,0.9672007599822882,0.9694968920213786,3.4781963470319637
30479,1.0,70544.0,1.417555001134044e-05,0.9683350991246219,0.03217686695525385,0.9671867341701399,0.9694834640791039,3.479337899543379
30488,1.0,70543.0,1.4175750960407127e-05,0.9683213722474104,0.03219104270621426,0.9671727084444908,0.9694700360503301,3.480365296803653
30506,2.0,70537.0,2.835391354891759e-05,0.9682939165469342,0.032219396619763176,0.9671446552193809,0.9694431778744875,3.482420091324201
30517,1.0,70533.0,1.417776076446486e-05,0.9682801883074357,0.03223357438052764,0.9671306283296855,0.9694297482851858,3.483675799086758
30527,1.0,70530.0,1.417836381681554e-05,0.9682664596786492,0.03224775274434445,0.9671166011195735,0.9694163182377249,3.4848173515981733
30529,1.0,70529.0,1.4178564845666322e-05,0.9682527310498628,0.03226193130919012,0.967102573995668,0.9694028881040575,3.4850456621004566
30536,1.0,70523.0,1.4179771138493824e-05,0.9682390014477322,0.032276111080328615,0.9670885459410924,0.9693894569543721,3.4858447488584474
30537,1.0,70516.0,1.4181178739576834e-05,0.9682252706773902,0.03229029225906819,0.9670745167522447,0.9693760246025357,3.485958904109589
30550,1.0,70444.0,1.4195673158821191e-05,0.9682115260679035,0.03230448793222701,0.9670604731922564,0.9693625789435506,3.4874429223744294
30559,1.0,70218.0,1.4241362613574866e-05,0.9681977374164742,0.03231872929484059,0.9670463837060431,0.9693490911269053,3.488470319634703
30563,1.0,69988.0,1.4288163685203178e-05,0.9681839036487223,0.03233301745852579,0.9670322471660471,0.9693355601313975,3.4889269406392693
30569,1.0,69689.0,1.4349466917304023e-05,0.9681700107258271,0.0323473669254431,0.967018048894914,0.9693219725567401,3.489611872146119
30578,1.0,69497.0,1.4389110321308833e-05,0.968156079620733,0.03236175603576441,0.9670038108059881,0.969308348435478,3.4906392694063926
30587,2.0,69428.0,2.880682145532062e-05,0.9681281901214065,0.03239056285721973,0.9669753063765368,0.9692810738662762,3.4916666666666667
30589,1.0,69410.0,1.4407145944388417e-05,0.9681142421572786,0.03240497000316412,0.9669610509384374,0.9692674333761198,3.4918949771689496
30602,1.0,69328.0,1.4424186475882761e-05,0.9681002778969198,0.03241939418964,0.9669467785571476,0.9692537772366919,3.49337899543379
30607,1.0,69315.0,1.4426891726177595e-05,0.9680863112190305,0.03243382108136618,0.966932503740207,0.9692401186978541,3.493949771689498
30610,1.0,69312.0,1.4427516158818097e-05,0.9680723441381324,0.032448248597525,0.9669182285934002,0.9692264596828646,3.4942922374429224
30611,1.0,69311.0,1.4427724315043788e-05,0.9680583770572342,0.032462676321840044,0.9669039535379287,0.9692128005765397,3.494406392694064
30616,1.0,69307.0,1.4428557000014428e-05,0.9680444093717614,0.032477104878840056,0.9668896779417734,0.9691991408017494,3.4949771689497715
30622,1.0,69305.0,1.4428973378544116e-05,0.9680304414847493,0.0324915338522186,0.9668754022261618,0.9691854807433368,3.495662100456621
30633,1.0,69301.0,1.4429806207702631e-05,0.9680164729930755,0.0325059636584263,0.9668611259696641,0.9691718200164868,3.496917808219178
30640,1.0,69300.0,1.443001443001443e-05,0.9680025045014017,0.032520393672856314,0.966846849804247,0.9691581591985564,3.497716894977169
30650,1.0,69294.0,1.4431263890091493e-05,0.9679885350018129,0.032534824936746407,0.966832572676336,0.9691444973272898,3.4988584474885847
30652,1.0,69293.0,1.4431472154474478e-05,0.9679745655022242,0.032549256408900884,0.9668182956393864,0.969130835365062,3.4990867579908675
30656,1.0,69290.0,1.4432096983691731e-05,0.967960595599417,0.03256368850588458,0.9668040182718795,0.9691171729269547,3.4995433789954338
30657,1.0,69289.0,1.4432305272121116e-05,0.96794662569661,0.0325781208111567,0.9667897409951993,0.9691035103980208,3.4996575342465754
30663,1.0,69287.0,1.4432721867016901e-05,0.9679326555921793,0.03259255353302372,0.9667754635985404,0.9690898475858183,3.5003424657534246
30667,1.0,69286.0,1.443293017348382e-05,0.9679186854877486,0.0326069864631972,0.9667611862925687,0.9690761846829286,3.500799086757991
30709,1.0,68144.0,1.4674806292556939e-05,0.9679044814685321,0.03262166126948976,0.966746664508989,0.9690622984280752,3.505593607305936
30712,1.0,68135.0,1.4676744698025977e-05,0.9678902757815656,0.032636338014187784,0.9667321410778326,0.9690484104852987,3.505936073059361
30726,1.0,68124.0,1.4679114555809994e-05,0.96787606800933,0.0326510171287436,0.9667176155623876,0.9690345204562725,3.5075342465753425
30741,1.0,68122.0,1.4679545521270661e-05,0.9678618600285307,0.03266569667426487,0.9667030899255064,0.969020630131555,3.5092465753424658
30742,1.0,68121.0,1.46797610134907e-05,0.9678476520477315,0.03268037643527836,0.966688564385253,0.96900673971021,3.5093607305936074
30756,1.0,68117.0,1.4680623045642056e-05,0.9678334434411862,0.032695057058324,0.9666740382870929,0.9689928485952795,3.510958904109589
30759,1.0,68116.0,1.468083856949909e-05,0.9678192348346408,0.0327097378968935,0.9666595122854187,0.968978957383863,3.5113013698630136
30762,1.0,68115.0,1.4681054099684358e-05,0.9678050262280956,0.032724418950993185,0.9666449863801515,0.9689650660760397,3.5116438356164386
30791,1.0,68106.0,1.4682994156168325e-05,0.9677908159525511,0.032739101945149354,0.9666304588256994,0.9689511730794028,3.5149543378995434
30800,1.0,68101.0,1.468407218689887e-05,0.9677766048423478,0.03275378601733625,0.966615930494626,0.9689372791900697,3.5159817351598175
30803,1.0,68100.0,1.4684287812041115e-05,0.9677623937321446,0.03276847030514829,0.9666014022597903,0.9689233852044988,3.516324200913242
30804,1.0,68099.0,1.4684503443516058e-05,0.9677481826219413,0.032783154808591806,0.9665868741211133,0.9689094911227693,3.5164383561643837
30806,1.0,68098.0,1.4684719081323974e-05,0.967733971511738,0.03279783952767313,0.9665723460785166,0.9688955969449594,3.5166666666666666
30813,1.0,68095.0,1.4685366032748366e-05,0.9677197599841441,0.032812524893705876,0.9665578176954208,0.9688817022728673,3.5174657534246574
30816,1.0,68094.0,1.4685581695890973e-05,0.96770554845655,0.03282721047540177,0.9665432894082591,0.9688678075048409,3.5178082191780824
30818,1.0,68092.0,1.4686013041179581e-05,0.9676913367202453,0.03284189648844295,0.9665287609986922,0.9688539124417984,3.5180365296803653
30831,1.0,68086.0,1.4687307229092619e-05,0.9676771239402799,0.032856583795672044,0.9665142315935026,0.9688400162870573,3.5195205479452056
30832,2.0,68085.0,2.9375045898509215e-05,0.9676486983803493,0.032885958841570556,0.9664851730702443,0.9688122236904543,3.519634703196347
30841,1.0,68080.0,1.4688601645123384e-05,0.9676344849740863,0.03290064744321568,0.9664706432970929,0.9687983266510798,3.520662100456621
30866,1.0,68073.0,1.4690112085555213e-05,0.9676202703150443,0.03291533755530123,0.9664561123094246,0.9687844283206639,3.52351598173516
30869,1.0,68071.0,1.4690543697022227e-05,0.967606055447181,0.032930028098998254,0.9664415811988656,0.9687705296954965,3.5238584474885846
30888,1.0,68031.0,1.4699181255604063e-05,0.9675918324303879,0.032944727280253855,0.9664270416624401,0.9687566231983358,3.526027397260274
30927,1.0,67997.0,1.4706531170492816e-05,0.9675776025109439,0.03295943381142435,0.9664124950034316,0.9687427100184562,3.5304794520547946
30929,2.0,67996.0,2.941349491146538e-05,0.967549142672056,0.03298884730633581,0.9663834019722809,0.9687148833718312,3.5307077625570775
30943,1.0,67991.0,1.4707828977364651e-05,0.9675349121247384,0.033003555135313174,0.9663688549434303,0.9687009693060465,3.5323059360730595
30956,1.0,67984.0,1.4709343374911744e-05,0.9675206803214887,0.03301826447868809,0.9663543066967252,0.9686870539462523,3.5337899543378994
30983,2.0,67979.0,2.9420850556789598e-05,0.9674922150401424,0.033047685329244875,0.9663252087381071,0.9686592213421776,3.5368721461187214
30993,1.0,67976.0,1.4711074496881253e-05,0.9674779821900917,0.033062396403741756,0.9663106596827871,0.9686453046973964,3.538013698630137
30996,1.0,67975.0,1.471129091577786e-05,0.9674637493400411,0.033077107694657534,0.96629611072265,0.9686313879574322,3.5383561643835617
31004,1.0,67973.0,1.4711723772674444e-05,0.9674495162806007,0.03309181941843021,0.9662815616386792,0.9686174709225223,3.539269406392694
31005,1.0,67972.0,1.4711940210674983e-05,0.9674352832211603,0.03310653135864088,0.9662670126497426,0.9686035537925781,3.539383561643836
31012,1.0,67968.0,1.4712806026365348e-05,0.9674210495334953,0.033121244164667246,0.9662524630989022,0.9685896359680883,3.5401826484018266
31018,1.0,67966.0,1.471323897242739e-05,0.9674068156364065,0.03313595740363967,0.9662379134239915,0.9685757178488216,3.5408675799086757
31020,1.0,67965.0,1.471345545501361e-05,0.9673925817393177,0.033150670859094684,0.9662233638439062,0.9685617996347293,3.541095890410959
31031,1.0,67964.0,1.4713671943970337e-05,0.967378347842229,0.03316538453103866,0.9662088143585695,0.9685478813258884,3.542351598173516
31069,2.0,67946.0,2.9435139669737732e-05,0.9673498729254468,0.03319481967070839,0.9661797082249762,0.9685200376259174,3.546689497716895
31077,1.0,67941.0,1.4718652948882119e-05,0.9673356348383871,0.03320953832365727,0.9661651546428531,0.9685061150339211,3.5476027397260275
31080,1.0,67940.0,1.4718869590815426e-05,0.9673213967513274,0.033224257193248084,0.9661506011552837,0.9684921923473712,3.547945205479452
31083,1.0,67939.0,1.4719086239126276e-05,0.9673071586642676,0.03323897627948721,0.9661360477621916,0.9684782695663436,3.5482876712328766
31087,1.0,67937.0,1.4719519554881728e-05,0.96729292036763,0.03325369579904209,0.9661214942443909,0.9684643464908692,3.548744292237443
31102,1.0,67931.0,1.4720819655238403e-05,0.9672786810229955,0.033268416618697325,0.9661069397252703,0.9684504223207208,3.550456621004566
31108,1.0,67929.0,1.472125307306158e-05,0.9672644414687399,0.03328313787177039,0.9660923850812813,0.9684364978561986,3.5511415525114156
31138,1.0,67917.0,1.4723854116053418e-05,0.9672501996082121,0.033297861725886446,0.9660778281204089,0.9684225710960154,3.554566210045662
31152,1.0,67913.0,1.4724721334648742e-05,0.967235957118562,0.03331258644722109,0.9660632705960215,0.9684086436411026,3.5561643835616437
31168,1.0,67911.0,1.4725154982256189e-05,0.967221714419189,0.03332731160220335,0.9660487129465206,0.9683947158918574,3.5579908675799086
31171,2.0,67910.0,2.945074363127669e-05,0.9671932290204431,0.03335676234583462,0.9660195979296445,0.9683668601112417,3.558333333333333
31179,1.0,67907.0,1.4726022354101933e-05,0.9671789861113319,0.03337148836818873,0.966005040342859,0.9683529318798049,3.5592465753424656
31189,1.0,67905.0,1.4726456078344747e-05,0.967164742992473,0.03338621482426707,0.9659904826306528,0.9683390033542932,3.5603881278538814
31197,1.0,67901.0,1.4727323603481539e-05,0.9671504992443251,0.03340094214787055,0.9659759243543826,0.9683250741342675,3.561301369863014
31205,1.0,67899.0,1.4727757404380035e-05,0.9671362552863987,0.03341566990527493,0.965961365952536,0.9683111446202614,3.5622146118721463
31214,1.0,67896.0,1.4728408153646753e-05,0.9671220109088906,0.03343039831342858,0.9659468072057283,0.9682972146120529,3.56324200913242
31242,1.0,67882.0,1.4731445744085324e-05,0.9671077638034591,0.033445129759172666,0.9659322457008984,0.9682832819060198,3.5664383561643835
31248,1.0,67877.0,1.4732530901483566e-05,0.9670935158584438,0.03345986229007415,0.9659176834120045,0.9682693483048832,3.5671232876712327
31263,1.0,67871.0,1.4733833301410028e-05,0.9670792668637943,0.03347459612337556,0.9659031201194309,0.9682554136081577,3.5688356164383563
31270,1.0,67868.0,1.4734484587729122e-05,0.9670650174492416,0.03348933060796329,0.965888556481407,0.9682414784170761,3.569634703196347
31276,1.0,67864.0,1.4735353059059295e-05,0.9670507674047784,0.033504065961022345,0.9658739922783526,0.9682275425312041,3.5703196347031962
31287,1.0,67862.0,1.4735787333117209e-05,0.9670365171503296,0.03351880174835546,0.9658594279491598,0.9682136063514993,3.5715753424657533
31290,1.0,67861.0,1.4736004479745362e-05,0.9670222668958808,0.033533537752835206,0.9658448637132552,0.9681996700785064,3.5719178082191783
31299,1.0,67855.0,1.473730749392086e-05,0.96700801559138,0.033548275060329126,0.9658302984729801,0.96818573270978,3.572945205479452
31321,1.0,67847.0,1.4739045204651643e-05,0.9669937628165249,0.03356301410553378,0.9658157317889722,0.9681717938440777,3.5754566210045664
31329,1.0,67846.0,1.4739262447307136e-05,0.9669795100416698,0.033577753367981085,0.9658011651980947,0.968157854885245,3.5763698630136984
31339,1.0,67844.0,1.473969695183067e-05,0.9669652570567331,0.033592493064932914,0.9657865984806886,0.9681439156327776,3.577511415525114
31346,1.0,67842.0,1.4740131481972819e-05,0.9669510038617056,0.033607233196414885,0.9657720316366781,0.9681299760867331,3.578310502283105
31365,1.0,67839.0,1.4740783325225903e-05,0.9669367502464716,0.03362197397974011,0.9657574644463814,0.9681160360465618,3.5804794520547945
31370,1.0,67838.0,1.4741000619122026e-05,0.9669224966312375,0.03363671498035923,0.9657428973489403,0.9681020959135348,3.5810502283105023
31393,1.0,67833.0,1.474208718470361e-05,0.9669082421754914,0.03365145706754393,0.9657283294657871,0.9680881548851957,3.583675799086758
31398,2.0,67831.0,2.9485043711577303e-05,0.9668797328437058,0.03368094211125551,0.9656991935383197,0.9680602721490918,3.584246575342466
31426,1.0,67825.0,1.474382602285293e-05,0.9668654773371397,0.03369568593727836,0.9656846248348709,0.9680463298394084,3.587442922374429
31431,1.0,67824.0,1.4744043406463789e-05,0.9668512218305736,0.033710429980684825,0.9656700562239576,0.9680323874371896,3.588013698630137
31435,1.0,67821.0,1.4744695595759425e-05,0.9668369659036212,0.033725174676280584,0.9656554872661477,0.9680184445410948,3.588470319634703
31442,1.0,67816.0,1.4745782706146043e-05,0.9668227091358098,0.03373992045898673,0.9656409175219386,0.968004500749681,3.589269406392694
31454,1.0,67810.0,1.474708745022858e-05,0.9668084513167694,0.03375466754643696,0.965626346771427,0.9679905558621118,3.5906392694063927
31476,1.0,67730.0,1.4764506127270043e-05,0.966794176867466,0.03376943205256423,0.9656117587324902,0.9679765950024419,3.5931506849315067
31486,1.0,67532.0,1.480779482319493e-05,0.9667798607776588,0.033784239847387425,0.9655971272632106,0.967962594292107,3.5942922374429225
31506,1.0,67381.0,1.4840978910968968e-05,0.9667655128181334,0.03379908082629839,0.9655824625737097,0.967948563062557,3.5965753424657536
31509,2.0,67369.0,2.9687244875239354e-05,0.9667368122136174,0.03382876807117363,0.9655531285800006,0.9679204958472342,3.596917808219178
31512,1.0,67356.0,1.4846487321099828e-05,0.966722459567792,0.03384361455849473,0.965538459274872,0.967906459860712,3.5972602739726027
31527,1.0,67272.0,1.4865025567843977e-05,0.9667080892137135,0.03385847958406257,0.9655237715525834,0.9678924068748437,3.598972602739726
31529,1.0,67257.0,1.4868340841845459e-05,0.9666937158683485,0.033873347924904415,0.9655090807979808,0.9678783509387162,3.5992009132420093
31530,1.0,67253.0,1.486922516467667e-05,0.9666793418818219,0.033888217150069094,0.9654943894678452,0.9678642942957987,3.5993150684931505
31539,1.0,67218.0,1.4876967478949091e-05,0.9666649606246902,0.03390309411754804,0.9654796906318756,0.9678502306175049,3.6003424657534246
31546,1.0,67211.0,1.4878516909434468e-05,0.9666505780837278,0.03391797263445748,0.9654649905485989,0.9678361656188567,3.6011415525114154
31547,1.0,67210.0,1.4878738282993602e-05,0.9666361955427654,0.03393285137274047,0.9654502905600563,0.9678221005254745,3.601255707762557
31551,1.0,67208.0,1.4879181049875015e-05,0.9666218127878025,0.03394773055379034,0.965435590442466,0.967808035133139,3.6017123287671233
31552,1.0,67207.0,1.4879402443197881e-05,0.9666074300328397,0.03396260995623354,0.9654208904194634,0.9677939696462159,3.601826484018265
31555,1.0,67205.0,1.4879845249609404e-05,0.9665930470638636,0.03397748980148315,0.965406190267259,0.9677799038604682,3.6021689497716896
31558,1.0,67204.0,1.488006666269865e-05,0.9665786640948876,0.03399236986814585,0.9653914902094963,0.9677658379802788,3.602511415525114
31559,1.0,67203.0,1.4880288082377275e-05,0.9665642811259115,0.03400725015622823,0.9653767902460996,0.9677517720057235,3.602625570776256
31565,1.0,67202.0,1.4880509508645576e-05,0.9665498981569356,0.03402213066573687,0.9653620903769934,0.9677377059368778,3.603310502283105
31570,1.0,67200.0,1.4880952380952381e-05,0.9665355149739273,0.03403701161811783,0.9653473903783794,0.9677236395694753,3.603881278538813
31580,1.0,67198.0,1.4881395279621418e-05,0.9665211315768772,0.03405189301339745,0.9653326902501805,0.967709572903574,3.605022831050228
31583,1.0,67197.0,1.4881616738842508e-05,0.9665067481798272,0.03406677463013629,0.9653179902160572,0.9676955061435971,3.605365296803653
31594,1.0,67193.0,1.488250264164422e-05,0.9664923641405943,0.034081657132777936,0.9653032896046996,0.9676814386764889,3.60662100456621
31604,1.0,67187.0,1.488383169363121e-05,0.9664779790309131,0.03409654096447157,0.96528858796842,0.9676673700934063,3.6077625570776255
31607,1.0,67185.0,1.4884274763712139e-05,0.9664635937071202,0.03411142523923528,0.9652738862022416,0.9676533012119988,3.60810502283105
31646,1.0,67163.0,1.4889150276193737e-05,0.9664492038854371,0.03412631438951147,0.9652591798286321,0.9676392279422421,3.6125570776255707
31657,1.0,67155.0,1.4890923981833074e-05,0.9664348125638097,0.0341412053134933,0.9652444719811327,0.9676251531464867,3.6138127853881277
31662,1.0,67082.0,1.4907128588891208e-05,0.966420405795786,0.03415611244208219,0.9652297480824992,0.9676110635090729,3.6143835616438356
31668,1.0,66864.0,1.4955731036133046e-05,0.9664059522721291,0.034171068173118324,0.9652149754037543,0.9675969291405039,3.615068493150685
31672,1.0,66668.0,1.499970000599988e-05,0.966391456472761,0.03418606787312432,0.9652001586234474,0.9675827543220746,3.6155251141552514
31688,1.0,66314.0,1.5079771993847453e-05,0.9663768835099406,0.03420114764511817,0.965185261255602,0.9675685057642791,3.617351598173516
31717,1.0,66233.0,1.5098213881297842e-05,0.9663622929450634,0.03421624585899947,0.9651703455785247,0.9675542403116021,3.620662100456621
31722,1.0,66217.0,1.5101862059591947e-05,0.9663476990750157,0.03423134772105906,0.965155426543693,0.9675399716063384,3.621232876712329
31734,1.0,66187.0,1.5108707147929351e-05,0.9663330988106273,0.03424645642820699,0.9651405009204977,0.9675256967007569,3.622602739726027
31756,2.0,66003.0,3.0301652955168704e-05,0.9663038173204281,0.03427675808116216,0.9651105652983089,0.9674970693425474,3.6251141552511417
31790,1.0,65825.0,1.5191796429927839e-05,0.9662891374295459,0.034291949877592084,0.9650955566924084,0.9674827181666834,3.6289954337899544
31793,1.0,65815.0,1.5194104687381296e-05,0.9662744555312335,0.034307143982279464,0.9650805460874943,0.9674683649749727,3.629337899543379
31794,2.0,65813.0,3.0389132846094236e-05,0.9662450912884385,0.03433753311512556,0.9650505247131024,0.9674396578637746,3.6294520547945206
31822,2.0,65751.0,3.0417788322611064e-05,0.966215700249784,0.03436795090344817,0.9650204757132372,0.9674109247863307,3.632648401826484
31850,1.0,65649.0,1.5232524486283112e-05,0.9662009823454709,0.034383183427934456,0.9650054279494018,0.96739653674154,3.6358447488584473
31852,1.0,65616.0,1.52401853206535e-05,0.966186257263443,0.03439842361325511,0.964990372778607,0.967382141748279,3.6360730593607307
31855,1.0,65559.0,1.5253435836422155e-05,0.9661715196033618,0.03441367704909153,0.9649753045516988,0.9673677346550248,3.6364155251141552
31861,1.0,65385.0,1.5294027682190104e-05,0.9661567429493952,0.03442897107677372,0.9649601956334065,0.967353290265384,3.637100456621005
31867,1.0,65140.0,1.5351550506601167e-05,0.9661419109453586,0.034444322627280324,0.9649450289062366,0.9673387929844807,3.637785388127854
31870,1.0,65048.0,1.5373262821301194e-05,0.966127058191839,0.03445969589010162,0.9649298405712302,0.9673242758124477,3.6381278538812785
31883,1.0,64886.0,1.541164503899146e-05,0.9661121685845555,0.03447510753514062,0.9649146137746869,0.9673097233944241,3.639611872146119
31891,1.0,64853.0,1.5419487147857463e-05,0.9660972716303886,0.03449052702228848,0.964899379395056,0.9672951638657212,3.6405251141552513
31892,1.0,64849.0,1.5420438248855034e-05,0.966082373987069,0.03450594746053733,0.9648841443999184,0.9672806035742195,3.6406392694063925
31898,1.0,64802.0,1.543162248078763e-05,0.9660674657685883,0.03452137908301812,0.9648688984432445,0.967266033093932,3.641324200913242
31906,1.0,64740.0,1.5446400988569664e-05,0.96605254350313,0.03453682548400669,0.9648536378915414,0.9672514491147185,3.6422374429223745
31944,1.0,64651.0,1.5467664846638104e-05,0.9660376009261629,0.03455229314885333,0.9648383561881326,0.9672368456641931,3.6465753424657534
31959,1.0,64594.0,1.54813140539369e-05,0.966022645394675,0.03456777446290727,0.9648230610327617,0.9672222297565882,3.6482876712328767
31965,1.0,64592.0,1.5481793410948723e-05,0.9660076896316487,0.034583256256318216,0.9648077657419789,0.9672076135213186,3.6489726027397262
31970,1.0,64589.0,1.5482512502128845e-05,0.9659927334055168,0.034598738768820345,0.9647924700733387,0.967192996737695,3.6495433789954337
32001,1.0,64577.0,1.5485389534973754e-05,0.965977774631752,0.03461422415835532,0.964777171845067,0.9671783774184372,3.653082191780822
32021,1.0,64571.0,1.5486828452401234e-05,0.9659628146996675,0.03462971098680772,0.9647618725112334,0.9671637568881016,3.655365296803653
32024,1.0,64570.0,1.5487068297971194e-05,0.9659478547675829,0.03464519805510569,0.9647465732840881,0.9671491362510778,3.6557077625570775
32035,1.0,64564.0,1.5488507527414658e-05,0.9659328936769632,0.03466068656263311,0.9647312729510356,0.9671345144028909,3.6569634703196345
32039,1.0,64562.0,1.5488987330008364e-05,0.9659179323546113,0.03467617554996312,0.9647159724819989,0.9671198922272237,3.6574200913242008
32040,1.0,64561.0,1.5489227242452876e-05,0.9659029710322595,0.034691664777205575,0.9647006721194195,0.9671052699450996,3.6575342465753424
32049,1.0,64552.0,1.5491386788945346e-05,0.9658880078557347,0.03470715616399452,0.9646853699227249,0.9670906457887445,3.6585616438356166
32058,1.0,64476.0,1.550964700043427e-05,0.9658730272736908,0.03472266581099496,0.9646700496163442,0.9670760049310375,3.6595890410958902
32063,1.0,64325.0,1.554605518849592e-05,0.9658580117583038,0.034738211866183456,0.9646546928542342,0.9670613306623733,3.660159817351598
32064,1.0,64297.0,1.5552825170692256e-05,0.9658429899375072,0.03475376469135415,0.9646393295999766,0.9670466502750378,3.66027397260274
32079,1.0,63987.0,1.5628174472939816e-05,0.9658278955747469,0.03476939286582709,0.9646238905166167,0.9670319006328771,3.661986301369863
32080,1.0,63963.0,1.5634038428466457e-05,0.9658127957843122,0.034785026904255556,0.9646084458607096,0.9670171457079149,3.6621004566210047
32085,1.0,63770.0,1.5681354869060686e-05,0.9657976505311244,0.03480070825912462,0.9645929537161976,0.9670023473460513,3.662671232876712
32087,1.0,63678.0,1.5704010804359432e-05,0.9657824836343857,0.03481641226992898,0.9645774390204356,0.9669875282483358,3.6628995433789955
32092,1.0,63441.0,1.5762677133084283e-05,0.9657672603169154,0.03483217494706206,0.9645618653536687,0.9669726552801621,3.6634703196347034
32102,1.0,63162.0,1.5832304233558153e-05,0.9657519699958312,0.03484800725129562,0.9645462216231036,0.9669577183685589,3.6646118721461187
32118,1.0,63010.0,1.5870496746548167e-05,0.9657366430323334,0.034863877748042164,0.9645305396242568,0.96694274644041,3.6664383561643836
32123,1.0,63004.0,1.587200812646816e-05,0.9657213148524871,0.03487974975616863,0.964514856467264,0.9669277732377103,3.6670091324200915
32140,1.0,62915.0,1.5894460780418023e-05,0.9657059652329234,0.034895644216949046,0.9644991509664845,0.9669127794993623,3.6689497716894977
32149,1.0,62883.0,1.5902549178633336e-05,0.9656906080463192,0.03491154676612768,0.9644834376549345,0.966897778437704,3.6699771689497718
32151,1.0,62881.0,1.5903054976861056e-05,0.9656752506154888,0.03492744982110454,0.9644677242041869,0.9668827770267906,3.6702054794520547
32178,1.0,62861.0,1.5908114729323427e-05,0.9656598885428107,0.03494335793583386,0.9644520060072016,0.9668677710784198,3.6732876712328766
32192,1.0,62857.0,1.590912706619788e-05,0.9656445257369412,0.03495926706290006,0.9644362871587273,0.966852764315155,3.6748858447488586
32194,1.0,62856.0,1.5909380170548555e-05,0.9656291629310716,0.03497517644307061,0.9644205684267697,0.9668377574353735,3.6751141552511415
32195,1.0,62855.0,1.5909633282952828e-05,0.965613800125202,0.03499108607635357,0.9644048498112261,0.966822750439178,3.675228310502283
32200,1.0,62854.0,1.590988640341108e-05,0.9655984373193325,0.03500699596275698,0.9643891313119934,0.9668077433266715,3.675799086757991
32209,1.0,62850.0,1.5910898965791566e-05,0.9655830737801547,0.03502290686172277,0.9643734121608022,0.9667927353995073,3.6768264840182647
32210,2.0,62849.0,3.1822304253050964e-05,0.9655523467017993,0.03505472916597582,0.964341974206702,0.9667627191968967,3.6769406392694064
32218,1.0,62845.0,1.5912164850027847e-05,0.9655369826736874,0.03507064133082585,0.9643262548914326,0.9667477104559421,3.677853881278539
32230,1.0,62697.0,1.5949726462191173e-05,0.9655215826229245,0.03508659105728804,0.9643104979569168,0.9667326672889323,3.6792237442922375
32236,2.0,62500.0,3.2e-05,0.9654906859322806,0.03511859105728804,0.9642788832475058,0.9667024886170554,3.6799086757990866
32240,1.0,62355.0,1.603720631865929e-05,0.9654752021589516,0.0351346282636067,0.964263038949956,0.9666873653679471,3.680365296803653
32242,1.0,62317.0,1.604698557375997e-05,0.9654597091923106,0.03515067524918046,0.9642471851385824,0.9666722332460388,3.680593607305936
32250,1.0,62239.0,1.6067096193704912e-05,0.9654441970582919,0.03516674234537417,0.9642313113620122,0.9666570827545715,3.6815068493150687
32253,1.0,62209.0,1.6074844475879696e-05,0.965428677692974,0.03518281718985005,0.9642154301276955,0.9666419252582525,3.6818493150684932
32256,1.0,62160.0,1.6087516087516086e-05,0.9654131463435903,0.03519890470593757,0.9641995364552748,0.9666267562319059,3.682191780821918
32258,1.0,62127.0,1.6096061293801408e-05,0.9653976069944129,0.03521500076723137,0.9641836345199477,0.9666115794688781,3.682420091324201
32263,1.0,62027.0,1.6122011382140035e-05,0.9653820428432046,0.03523112277861351,0.964167706713818,0.9665963789725912,3.6829908675799086
32275,1.0,61908.0,1.6153001227628092e-05,0.9653664490258814,0.03524727577984114,0.9641517479381719,0.9665811501135909,3.6843607305936072
32278,1.0,61895.0,1.615639389288311e-05,0.96535085218528,0.03526343217373402,0.9641357861157072,0.9665659182548529,3.684703196347032
32282,1.0,61880.0,1.6160310277957337e-05,0.9653352518159817,0.035279592484011975,0.9641198207167224,0.9665506829152409,3.685159817351598
32295,1.0,61860.0,1.616553507921112e-05,0.9653196466551053,0.035295758019091183,0.9641038504176745,0.966535442892536,3.6866438356164384
32299,1.0,61857.0,1.6166319090806215e-05,0.9653040409896728,0.03531192433818199,0.9640878797115809,0.9665202022677647,3.6871004566210046
32300,1.0,61855.0,1.6166841807452915e-05,0.965288435071946,0.035328091179989446,0.9640719088627299,0.966504961281162,3.6872146118721463
32306,1.0,61853.0,1.6167364557903416e-05,0.9652728289019126,0.03534425854454735,0.9640559378710107,0.9664897199328144,3.6878995433789954
32320,1.0,61845.0,1.6169455897809037e-05,0.9652572209654763,0.03536042800044516,0.9640399651495619,0.9664744767813906,3.689497716894977
32326,1.0,61841.0,1.6170501770669945e-05,0.9652416122718754,0.03537659850221583,0.9640239917560128,0.966459232787738,3.6901826484018265
32331,1.0,61839.0,1.6171024757838905e-05,0.9652260033258662,0.035392769526973664,0.9640080182192571,0.9664439884324753,3.6907534246575344
32388,1.0,61710.0,1.6204829039053637e-05,0.9652103620034982,0.035408974356012715,0.9639920108731175,0.9664287131338789,3.697260273972603
32399,1.0,61709.0,1.6205091639793222e-05,0.9651947206811302,0.035425179447652506,0.9639760036490849,0.9664134377131756,3.69851598173516
32403,1.0,61708.0,1.6205354249043885e-05,0.9651790793587622,0.03544138480190155,0.9639599965470494,0.966398162170475,3.698972602739726
32415,1.0,61703.0,1.6206667422977813e-05,0.9651634370224195,0.03545759146932453,0.9639439885042435,0.9663828855405955,3.7003424657534247
32416,1.0,61702.0,1.620693008330362e-05,0.9651477946860767,0.035473798399407834,0.9639279805832467,0.9663676087889067,3.7004566210045664
32422,1.0,61699.0,1.6207718115366538e-05,0.9651321518426808,0.035490006117523204,0.9639119722525659,0.9663523314327956,3.7011415525114155
32444,1.0,61690.0,1.6210082671421625e-05,0.9651165069707106,0.035506216200194625,0.9638959619176001,0.9663370520238211,3.7036529680365295
32464,1.0,61681.0,1.6212447917511065e-05,0.965100860069607,0.035522428648112135,0.9638799495777348,0.9663217705614793,3.7059360730593607
32467,1.0,61674.0,1.6214288030612576e-05,0.9650852116462834,0.03553864293614275,0.9638639357641656,0.9663064875284011,3.7062785388127852
32483,1.0,61663.0,1.6217180481001574e-05,0.9650695606852266,0.03555486011662375,0.963847919412641,0.9662912019578123,3.70810502283105
32493,1.0,61659.0,1.6218232537018117e-05,0.9650539089626771,0.03557107834916077,0.9638319023845426,0.9662759155408115,3.709246575342466
32517,1.0,61652.0,1.6220073963537274e-05,0.9650382557168949,0.0355872984231243,0.9638158838815478,0.9662606275522421,3.711986301369863
32520,2.0,61650.0,3.2441200324412e-05,0.9650069487175205,0.035619739623448714,0.9637838467071426,0.9662300507278984,3.712328767123288
32539,1.0,61646.0,1.6221652661973202e-05,0.9649912947099819,0.035635961276110684,0.9637678277694242,0.9662147616505397,3.7144977168949773
32540,1.0,61643.0,1.6222442126437713e-05,0.964975640194551,0.03565218371823712,0.9637518084204739,0.966199471968628,3.7146118721461185
32543,1.0,61641.0,1.6222968478772247e-05,0.9649599854251573,0.03566840668671589,0.9637357889262882,0.9661841819240263,3.7149543378995435
32559,1.0,61636.0,1.622428450905315e-05,0.9649443296398138,0.03568463097122494,0.9637197684883272,0.9661688907913004,3.716780821917808
32562,1.0,61633.0,1.62250742297146e-05,0.9649286733464378,0.03570085604545466,0.9637037476387385,0.9661535990541372,3.717123287671233
32568,1.0,61630.0,1.6225864027259453e-05,0.9649130165449881,0.03571708190948192,0.9636877263773935,0.9661383067125826,3.717808219178082
32583,1.0,61627.0,1.6226653901698932e-05,0.9648973592354234,0.035733308563383616,0.963671704704164,0.9661230137666829,3.7195205479452054
32588,3.0,61623.0,4.868312156175454e-05,0.9648503850199891,0.03578199168494537,0.9636236380106614,0.9660771320293168,3.7200913242009133
32589,1.0,61620.0,1.6228497241155468e-05,0.9648347269481777,0.03579822018218653,0.9636076160198972,0.9660618378764583,3.720205479452055
32607,1.0,61615.0,1.622981416862777e-05,0.9648190678598559,0.035814449996355156,0.9635915930841242,0.9660465426355876,3.7222602739726027
32624,1.0,61607.0,1.6231921697209733e-05,0.9648034069922945,0.035830681918052366,0.9635755684041486,0.9660312455804404,3.7242009132420093
32636,1.0,61601.0,1.62335027028782e-05,0.9647877448535793,0.03584691542075524,0.9635595425122644,0.9660159471948943,3.725570776255708
32649,1.0,61594.0,1.623534759879209e-05,0.9647720811891826,0.03586315076835404,0.9635435151417481,0.966000647236617,3.727054794520548
32662,1.0,61590.0,1.6236402013313848e-05,0.9647564167618211,0.03587938717036735,0.9635274870916487,0.9659853464319935,3.7285388127853882
32665,1.0,61589.0,1.623666563834451e-05,0.9647407523344598,0.0358956238360057,0.9635114591612349,0.9659700455076846,3.728881278538813
32667,1.0,61586.0,1.6237456564803688e-05,0.9647250873983975,0.0359118612925705,0.9634954308174531,0.9659547439793418,3.7291095890410957
32674,1.0,61585.0,1.623772022408054e-05,0.9647094224623352,0.035928099012794576,0.9634794025931601,0.9659394423315102,3.729908675799087
32678,1.0,61584.0,1.623798389191998e-05,0.9646937575262728,0.0359443369966865,0.96346337448825,0.9659241405642957,3.730365296803653
32690,2.0,61582.0,3.24770225065766e-05,0.9646624271453977,0.035976814019193074,0.9634313181031869,0.9658935361876085,3.7317351598173514
32707,2.0,61578.0,3.247913215758875e-05,0.9646310957469391,0.03600929315135066,0.963399261128424,0.9658629303654541,3.733675799086758
32737,1.0,61555.0,1.62456339858663e-05,0.9646154247032263,0.03602553878533653,0.963383227220687,0.9658476221857655,3.7371004566210044
32746,1.0,61553.0,1.6246161844264292e-05,0.9645997534049191,0.03604178494718079,0.9633671931651824,0.9658323136446558,3.7381278538812786
32748,1.0,61551.0,1.6246689736966093e-05,0.9645840818520052,0.03605803163691776,0.9633511589618032,0.9658170047422071,3.7383561643835614
32749,1.0,61550.0,1.6246953696181967e-05,0.9645684102990912,0.03607427859061394,0.9633351248771663,0.9658016957210162,3.738470319634703
32750,1.0,61548.0,1.6247481640345745e-05,0.9645527384915541,0.036090526072254284,0.9633190906444432,0.965786386338665,3.7385844748858448
32759,1.0,61542.0,1.6249065678723473e-05,0.9645370654107557,0.036106775137933006,0.9633030551965065,0.9657710756250049,3.739611872146119
32778,1.0,61536.0,1.6250650026001042e-05,0.9645213910564686,0.03612302578795901,0.963287018533066,0.9657557635798713,3.7417808219178084
32802,1.0,61531.0,1.625197055142936e-05,0.964505715683225,0.03613927775851044,0.9632709809206893,0.9657404504457606,3.7445205479452053
32804,1.0,61529.0,1.6252498821693837e-05,0.9644900400552173,0.03615553025733213,0.963254943159789,0.9657251369506457,3.7447488584474886
32820,1.0,61527.0,1.6253027126302274e-05,0.9644743641724333,0.036171783284458435,0.9632389052502592,0.9657098230946073,3.7465753424657535
32823,1.0,61526.0,1.6253291291486525e-05,0.9644586882896492,0.03618803657574992,0.9632228674588724,0.965694509120426,3.746917808219178
32825,1.0,61525.0,1.6253555465258027e-05,0.9644430124068651,0.03620429013121518,0.9632068297855245,0.9656791950282058,3.747146118721461
32875,1.0,61518.0,1.625540492213661e-05,0.9644273349951742,0.036220545536137315,0.9631907906287039,0.9656638793616444,3.752853881278539
32879,1.0,61516.0,1.6255933415696728e-05,0.9644116573286322,0.036236801469553014,0.963174751322828,0.9656485633344364,3.753310502283105
32920,1.0,61482.0,1.6264923066913892e-05,0.9643959712472209,0.03625306639261993,0.963158703320938,0.9656332391735037,3.7579908675799087
32922,1.0,61457.0,1.6271539450347396e-05,0.9643802790401289,0.03626933793207028,0.963142649020848,0.9656179090594098,3.7582191780821916
32924,2.0,61432.0,3.2556322437817424e-05,0.9643488823648118,0.036301894254508096,0.963110527932234,0.9655872367973896,3.758447488584475
32927,1.0,61413.0,1.6283197368635307e-05,0.9643331796816279,0.03631817745187673,0.963094463013431,0.9655718963498248,3.7587899543378995
32930,1.0,61401.0,1.628637970065634e-05,0.9643174741853057,0.03633446383157739,0.963078395266155,0.9655565531044563,3.759132420091324
32940,1.0,61393.0,1.6288501946475982e-05,0.9643017668982504,0.03635075233352386,0.963062325761271,0.9655412080352298,3.76027397260274
32944,1.0,61374.0,1.6293544497670023e-05,0.9642860550045023,0.03636704587802153,0.9630462515493268,0.9655258584596778,3.760730593607306
32953,1.0,61321.0,1.6307627077184e-05,0.9642703297871216,0.03638335350509871,0.9630301635001388,0.9655104960741043,3.76175799086758
32967,1.0,61303.0,1.631241537934522e-05,0.9642546002089641,0.03639966592047806,0.9630140710016799,0.9654951294162484,3.763356164383562
32991,1.0,61297.0,1.631401210499698e-05,0.964238869347744,0.036415979932583054,0.9629979772776347,0.9654797614178534,3.7660958904109587
32992,1.0,61296.0,1.631427825632994e-05,0.964223138486524,0.036432294210839385,0.9629818836718316,0.9654643933012164,3.7662100456621004
33023,1.0,61291.0,1.6315609143267364e-05,0.9642074065986695,0.03644860981998265,0.9629657891088853,0.9654490240884538,3.7697488584474885
33029,1.0,61289.0,1.6316141558844163e-05,0.9641916744541315,0.036464925961541494,0.9629496943951614,0.9654336545131015,3.770433789954338
33057,1.0,61280.0,1.6318537859007832e-05,0.9641759402557886,0.0364812444994005,0.9629335976483315,0.9654182828632456,3.7736301369863012
33063,1.0,61279.0,1.63188041580313e-05,0.9641602060574457,0.036497563303558536,0.9629175010194301,0.9654029110954613,3.774315068493151
33068,1.0,61276.0,1.631960310725243e-05,0.964144471345551,0.03651388290666579,0.9629014039704925,0.9653875387206096,3.7748858447488582
33070,1.0,61275.0,1.6319869441044473e-05,0.9641287366336564,0.036530202776106836,0.9628853070392926,0.9653721662280201,3.7751141552511416
33071,1.0,61273.0,1.63204021347086e-05,0.9641130016649648,0.036546523178241544,0.962869209956782,0.9653567933731476,3.7752283105022832
33086,1.0,61268.0,1.6321734021022392e-05,0.9640972656689855,0.03656284491226257,0.9628531119159369,0.965341419422034,3.7769406392694065
33092,1.0,61266.0,1.632226683641824e-05,0.9640815294161589,0.03657916717909899,0.9628370137235678,0.96532604510875,3.7776255707762556
33122,1.0,61257.0,1.6324664936252182e-05,0.9640657911082199,0.03659549184403524,0.9628209134963093,0.9653106687201305,3.781050228310502
33150,1.0,61251.0,1.6326264060994922e-05,0.964050051515542,0.03661181810809623,0.9628048120409233,0.9652952909901608,3.7842465753424657
33151,1.0,61249.0,1.632679717219873e-05,0.964034311665887,0.03662814490526843,0.9627887104336857,0.9652799128980883,3.7843607305936073
33153,1.0,61248.0,1.6327063740856846e-05,0.9640185718162321,0.03664447196900929,0.9627726089436217,0.9652645346888424,3.7845890410958902
33154,1.0,61247.0,1.6327330318219667e-05,0.9640028319665771,0.03666079929932751,0.9627565075706294,0.9652491563625248,3.784703196347032
33172,1.0,61237.0,1.632999657070072e-05,0.9639870898036369,0.03667712929589821,0.9627404038921078,0.965233775715166,3.7867579908675797
33202,1.0,61231.0,1.633159674021329e-05,0.9639713463552235,0.036693460892638426,0.9627242989843721,0.965218393726075,3.7901826484018266
33217,1.0,61223.0,1.633373078744916e-05,0.9639556011067654,0.03670979462342588,0.9627081923085157,0.9652030099050151,3.79189497716895
33223,1.0,61221.0,1.6334264386403358e-05,0.9639398556011202,0.03672612888781228,0.9626920854801626,0.9651876257220777,3.792579908675799
33259,1.0,61208.0,1.6337733629590904e-05,0.9639241070085244,0.03674246662144187,0.9626759755359717,0.965172238481077,3.796689497716895
33280,1.0,61202.0,1.6339335315839352e-05,0.9639083571293209,0.03675880595675771,0.9626598643612122,0.9651568498974296,3.7990867579908674
33283,1.0,61200.0,1.6339869281045753e-05,0.9638926069927665,0.03677514582603876,0.962643753033625,0.9651414609519079,3.7994292237442924
33287,1.0,61198.0,1.6340403281152978e-05,0.9638768565988485,0.036791486229319915,0.9626276415531071,0.9651260716445899,3.7998858447488586
33291,1.0,61196.0,1.6340937316164456e-05,0.9638611059475543,0.03680782716663608,0.9626115299195551,0.9651106819755534,3.800342465753425
33298,1.0,61195.0,1.6341204346760357e-05,0.96384535529626,0.03682416837098284,0.962595418402381,0.965095292190139,3.8011415525114156
33299,1.0,61194.0,1.6341471386083604e-05,0.9638296046449658,0.036840509842368925,0.9625793070014841,0.9650799022884475,3.8012557077625573
33316,1.0,61186.0,1.634360801490537e-05,0.9638138521917143,0.03685685345038383,0.9625631938299604,0.9650645105534683,3.8031963470319634
33332,1.0,61184.0,1.6344142259414225e-05,0.9637980994810026,0.03687319759264324,0.9625470805049856,0.9650491184570196,3.8050228310502283
33352,1.0,61143.0,1.635510197406081e-05,0.9637823364648032,0.03688955269461731,0.9625309565054171,0.9650337164241892,3.8073059360730594
33354,1.0,61135.0,1.635724216897031e-05,0.9637665716437275,0.036905909936786274,0.9625148307322376,0.9650183125552173,3.8075342465753423
33356,2.0,61126.0,3.2719301115728166e-05,0.9637350378750646,0.036938629237902004,0.9624825752136614,0.9649875005364679,3.8077625570776257
33370,2.0,61076.0,3.274608684262231e-05,0.963703479323821,0.03697137532474463,0.962450294210675,0.9649566644369671,3.8093607305936072
33381,1.0,61029.0,1.63856527224762e-05,0.9636876884132815,0.0369877609774671,0.9624341417009412,0.9649412351256217,3.8106164383561643
33384,1.0,61025.0,1.6386726751331422e-05,0.9636718967264578,0.037004147704218435,0.962417988494836,0.9649258049580797,3.8109589041095893
33392,1.0,61022.0,1.6387532365376423e-05,0.9636561045220606,0.03702053523658381,0.9624018348631779,0.9649103741809434,3.8118721461187213
33428,1.0,61017.0,1.6388875231492864e-05,0.9636403112823976,0.0370369241118153,0.962385680263836,0.9648949423009592,3.8159817351598173
33431,1.0,61015.0,1.638941243956404e-05,0.9636245177838926,0.037053313524254866,0.9623695255097012,0.9648795100580839,3.816324200913242
33449,1.0,61006.0,1.6391830311772614e-05,0.9636087222143128,0.03706970535456664,0.96235336870322,0.9648640757254057,3.81837899543379
33473,1.0,60996.0,1.639451767329005e-05,0.9635929243140863,0.03708609987223993,0.9623372095725906,0.9648486390555819,3.821118721461187
33495,1.0,60994.0,1.6395055251336195e-05,0.9635771261548524,0.037102494927491264,0.9623210502868389,0.9648332020228658,3.8236301369863015
33500,1.0,60990.0,1.6396130513198885e-05,0.9635613272185324,0.03711889105800446,0.962304890303447,0.9648177641336178,3.824200913242009
33512,1.0,60988.0,1.6396668197022365e-05,0.9635455280231625,0.037135287726201484,0.9622887301647252,0.9648023258815999,3.8255707762557076
33540,1.0,60983.0,1.6398012560877622e-05,0.9635297277914909,0.03715168573876236,0.9622725690568209,0.964786886526161,3.828767123287671
33547,1.0,60982.0,1.639828146010298e-05,0.9635139275598195,0.03716808402022247,0.9622564080646472,0.9647714470549917,3.829566210045662
33552,1.0,60978.0,1.639935714519991e-05,0.9634981265508071,0.03718448337736767,0.9622402463742676,0.9647560067273466,3.83013698630137
33566,1.0,60974.0,1.6400432971430446e-05,0.9634823247643645,0.0372008838103391,0.9622240839855213,0.9647405655432076,3.8317351598173515
33567,1.0,60973.0,1.6400701950043463e-05,0.9634665229779218,0.037217284512289145,0.9622079217122524,0.9647251242435911,3.831849315068493
33573,1.0,60906.0,1.641874363773684e-05,0.9634507040680774,0.037233703255926884,0.9621917416272459,0.964709666508909,3.8325342465753423
33580,1.0,60849.0,1.643412381468882e-05,0.9634348705999174,0.037250137379741574,0.9621755464158891,0.9646941947839457,3.8333333333333335
33583,1.0,60847.0,1.643466399329466e-05,0.9634190368715397,0.03726657204373487,0.9621593510481964,0.9646787226948831,3.833675799086758
33610,1.0,60572.0,1.6509278214356467e-05,0.963403131518623,0.03728308132194923,0.9621430808003055,0.9646631822369405,3.83675799086758
33645,1.0,60477.0,1.6535211733386246e-05,0.9633872014438587,0.03729961653368261,0.9621267847815577,0.9646476181061597,3.8407534246575343
33646,1.0,60475.0,1.6535758577924763e-05,0.9633712711056786,0.03731615229226054,0.9621104886056097,0.9646320536057474,3.840867579908676
33647,1.0,60474.0,1.653603201375798e-05,0.9633553407674984,0.0373326883242743,0.9620941925482233,0.9646164889867735,3.8409817351598172
33649,1.0,60472.0,1.653657891255457e-05,0.963339410165885,0.03734922490318685,0.9620778963334274,0.9646009239983425,3.8412100456621006
33670,1.0,60464.0,1.6538766869542206e-05,0.963323477719964,0.037365763670056396,0.962061598305653,0.964585357134275,3.843607305936073
33686,1.0,60462.0,1.6539313949257384e-05,0.9633075450105312,0.037382302984005654,0.9620453001202495,0.9645697899008129,3.845433789954338
33688,1.0,60460.0,1.6539861065167053e-05,0.9632916120375736,0.03739884284507082,0.9620290017771123,0.964554222298035,3.845662100456621
33689,1.0,60459.0,1.654013463669594e-05,0.9632756790646161,0.037415382979707514,0.9620127035521004,0.9645386545771317,3.8457762557077624
33721,1.0,60386.0,1.6560129831417878e-05,0.9632597270943073,0.03743194310953893,0.9619963855517248,0.9645230686368897,3.849429223744292
33727,1.0,60378.0,1.656232402530723e-05,0.9632437732745865,0.03744850543356423,0.9619800657331592,0.9645074808160139,3.8501141552511418
33737,1.0,60375.0,1.6563146997929607e-05,0.963227818926375,0.037465068580562165,0.9619637454796084,0.9644918923731416,3.851255707762557
33745,1.0,60369.0,1.656479318855704e-05,0.963211863256761,0.037481633373750725,0.961947423960685,0.964476302552837,3.8521689497716896
33756,1.0,60367.0,1.6565341991485415e-05,0.9631959073228359,0.03749819871574221,0.9619311022832737,0.964460712362398,3.8534246575342466
33769,1.0,60364.0,1.6566165264064674e-05,0.9631799508602535,0.037514764881006274,0.9619147801704768,0.9644451215500303,3.854908675799087
33778,1.0,60113.0,1.663533678239316e-05,0.9631639280373889,0.03753140021778867,0.9618983886817714,0.9644294673930065,3.8559360730593606
33787,1.0,59629.0,1.6770363413775178e-05,0.9631477754282888,0.037548170581202446,0.9618818613611976,0.96441368949538,3.8569634703196347
33788,1.0,59593.0,1.678049435336365e-05,0.9631316133324818,0.03756495107555581,0.9618653242251811,0.9643979024397824,3.8570776255707764
33826,1.0,59459.0,1.6818311777863737e-05,0.9631154150847255,0.03758176938733367,0.9618487493347104,0.9643820808347406,3.8614155251141553
33831,1.0,59458.0,1.681859463823203e-05,0.9630992168369694,0.0375985879819719,0.9618321745692225,0.9643662591047163,3.861986301369863
33840,1.0,59453.0,1.6820009082804904e-05,0.9630830174993946,0.03761540799105471,0.961815598786713,0.9643504362120763,3.863013698630137
33857,1.0,59446.0,1.6821989704942302e-05,0.9630668165267892,0.03763222998075965,0.9617990214158578,0.9643346116377205,3.8649543378995435
33865,1.0,59437.0,1.68245369046217e-05,0.9630506133735929,0.037649054517664274,0.961782441884994,0.9643187848621918,3.865867579908676
33875,1.0,59432.0,1.6825952348902947e-05,0.9630344091298627,0.03766588047001318,0.9617658613362092,0.9643029569235162,3.8670091324200913
33880,1.0,59428.0,1.6827084875816113e-05,0.963018204068122,0.037682707554889,0.9617492800549734,0.9642871280812706,3.867579908675799
33882,1.0,59426.0,1.6827651196446e-05,0.9630019987336881,0.03769953520608545,0.9617326986125555,0.9642712988548207,3.867808219178082
33883,1.0,59423.0,1.6828500748868283e-05,0.9629857928538312,0.037716363706834316,0.9617161167231143,0.9642554689845482,3.8679223744292237
33885,2.0,59421.0,3.365813432961411e-05,0.9629533805486579,0.03775002184116393,0.9616829527456419,0.9642238083516739,3.868150684931507
33895,1.0,59409.0,1.6832466461310574e-05,0.9629371716681759,0.03776685430762524,0.9616663680851906,0.9642079752511613,3.8692922374429224
33898,1.0,59408.0,1.6832749798007002e-05,0.962920962787694,0.03778368705742325,0.9616497835488306,0.9641921420265575,3.869634703196347
33904,1.0,59407.0,1.683303314424226e-05,0.9629047539072121,0.037800520090567495,0.9616331991364518,0.9641763086779723,3.8703196347031965
33906,1.0,59406.0,1.6833316500016834e-05,0.9628885450267302,0.03781735340706751,0.9616166148479446,0.9641604752055157,3.8705479452054794
33920,1.0,59400.0,1.6835016835016834e-05,0.9628723347818644,0.03783418842390253,0.9616000292538414,0.9641446403098874,3.872146118721461
33929,1.0,59399.0,1.6835300257580095e-05,0.9628561245369986,0.03785102372416011,0.9615834437834321,0.9641288052905652,3.873173515981735
33930,1.0,59398.0,1.683558368968652e-05,0.9628399142921329,0.0378678593078498,0.9615668584366074,0.9641129701476584,3.8732876712328768
33942,1.0,59395.0,1.6836434043269635e-05,0.9628237035014217,0.03788469574189307,0.9615502726414414,0.9640971343614019,3.8746575342465754
33948,1.0,59393.0,1.6837000993383058e-05,0.9628074924377693,0.037901532742886455,0.9615336866837344,0.9640812981918042,3.8753424657534246
33952,1.0,59390.0,1.6837851490149858e-05,0.962791280828198,0.0379183705943766,0.9615171002774309,0.9640654613789651,3.875799086757991
33966,1.0,59385.0,1.6839269175717773e-05,0.96277506812666,0.037935209863552324,0.9615005128504384,0.9640496234028817,3.877397260273973
33980,1.0,59382.0,1.68401199016537e-05,0.9627588548790744,0.03795204998345398,0.9614839249745603,0.9640337847835886,3.8789954337899544
33981,1.0,59381.0,1.6840403496067767e-05,0.9627426416314889,0.03796889038695005,0.9614673372217051,0.9640179460412728,3.879109589041096
33989,1.0,59376.0,1.684182161142549e-05,0.9627264272916608,0.037985732208561475,0.9614507484476391,0.9640021061356825,3.8800228310502285
33993,1.0,59373.0,1.684267259528742e-05,0.9627102124056471,0.03800257488115676,0.9614341592242892,0.9639862655870051,3.8804794520547947
34000,1.0,59370.0,1.684352366515075e-05,0.9626939969734017,0.03801941840482191,0.9614175695515226,0.9639704243952809,3.8812785388127855
34002,1.0,59369.0,1.6843807374218867e-05,0.9626777815411565,0.03803626221219613,0.9614009800014125,0.9639545830809004,3.8815068493150684
34009,1.0,59365.0,1.68449423060726e-05,0.9626615652894671,0.038053107154502205,0.9613843897155258,0.9639387408634085,3.882305936073059
34013,1.0,59363.0,1.6845509829354985e-05,0.9626453487646066,0.03806995266433156,0.9613677992659755,0.9639228982632377,3.8827625570776254
34018,1.0,59362.0,1.684579360533675e-05,0.9626291322397461,0.038086798457936895,0.9613512089387918,0.9639070555407004,3.8833333333333333
34027,1.0,59361.0,1.6846077390879533e-05,0.9626129157148857,0.038103644535327774,0.9613346187338672,0.9638912126959043,3.8843607305936074
34029,1.0,59360.0,1.684636118598383e-05,0.9625966991900253,0.03812049089651376,0.9613180286510945,0.9638753697289562,3.8845890410958903
34034,2.0,59356.0,3.3694992924051485e-05,0.9625642645010574,0.03815418588943781,0.9612848471346896,0.9638436818674251,3.885159817351598
34041,1.0,59352.0,1.6848631891090442e-05,0.9625480466100933,0.038171034521328896,0.961268255986968,0.9638278372332186,3.885958904109589
34043,1.0,59351.0,1.6848915772270053e-05,0.9625318287191292,0.03818788343710117,0.961251664961012,0.9638119924772465,3.8861872146118723
34058,1.0,59348.0,1.684976747320887e-05,0.9625156102816298,0.038204733204574376,0.9612350734843159,0.9637961470789437,3.8878995433789956
34080,1.0,59347.0,1.685005139265675e-05,0.9624993918441304,0.038221583255967036,0.9612184821291893,0.9637803015590715,3.8904109589041096
34095,1.0,59342.0,1.685147113342995e-05,0.9624831723134127,0.038238434727100465,0.9612018897506018,0.9637644548762236,3.892123287671233
34098,1.0,59339.0,1.6852323092738335e-05,0.9624669522360215,0.0382552870501932,0.9611852969208814,0.9637486075511617,3.8924657534246574
34101,1.0,59334.0,1.6853743216368354e-05,0.9624507310651543,0.03827214079340957,0.9611687030672939,0.9637327590630148,3.8928082191780824
34120,1.0,59324.0,1.6856584181781405e-05,0.9624345074333853,0.03828899737759135,0.9611521067577211,0.9637169081090495,3.894977168949772
34144,2.0,59316.0,3.371771528761211e-05,0.9624020563406808,0.03832271509287896,0.9611189104919972,0.9636852021893644,3.8977168949771688
34146,1.0,59312.0,1.6859994604801726e-05,0.9623858302472033,0.038339575087483764,0.9611023119677837,0.9636693485266228,3.897945205479452
34149,1.0,59310.0,1.686056314280897e-05,0.9623696038801447,0.038356435650626575,0.961085713278024,0.9636534944822654,3.8982876712328767
34151,1.0,59308.0,1.686113171916099e-05,0.9623533772394911,0.03837329678234574,0.9610691144226099,0.9636376400563723,3.89851598173516
34168,1.0,59304.0,1.686226898691488e-05,0.9623371497779837,0.038390159051332653,0.9610525148283637,0.9636217847276036,3.900456621004566
34175,1.0,59273.0,1.687108801646618e-05,0.9623209141032282,0.03840703013934912,0.9610359067539689,0.9636059214524875,3.901255707762557
34179,1.0,59227.0,1.688419133165617e-05,0.9623046660927921,0.03842391433068077,0.9610192858823966,0.9635900463031876,3.901712328767123
34194,2.0,58980.0,3.39097999321804e-05,0.962272034534091,0.03845782413061295,0.9609859025541861,0.963558166513996,3.9034246575342464
34212,1.0,58905.0,1.697648756472286e-05,0.9622556985348629,0.03847480061817767,0.9609691898959204,0.9635422071738055,3.9054794520547946
34225,1.0,58879.0,1.698398410299088e-05,0.962239355599376,0.038491784602280664,0.9609524700957474,0.9635262411030047,3.9069634703196345
34239,1.0,58859.0,1.698975517762789e-05,0.9622230073883021,0.038508774357458295,0.9609357448932014,0.9635102698834028,3.9085616438356166
34246,1.0,58856.0,1.6990621177110236e-05,0.9622066586216957,0.038525764978635406,0.9609190192323209,0.9634942980110706,3.9093607305936073
34251,1.0,58854.0,1.6991198559146363e-05,0.9621903095773042,0.038542756177194555,0.9609022934039407,0.9634783257506677,3.9099315068493152
34258,1.0,58852.0,1.6991775980425475e-05,0.9621739602551133,0.03855974795317498,0.9608855674079496,0.9634623531022769,3.910730593607306
34266,1.0,58847.0,1.699321970533757e-05,0.9621576098216118,0.03857674117288032,0.960868840371235,0.9634463792719886,3.9116438356164385
34272,1.0,58845.0,1.699379726399864e-05,0.9621412591102544,0.03859373497014432,0.9608521131666828,0.9634304050538259,3.9123287671232876
34273,1.0,58844.0,1.6994086058051798e-05,0.9621249083988971,0.038610729056202366,0.9608353860852158,0.9634144307125784,3.9124429223744293
34282,1.0,58840.0,1.699524133242692e-05,0.9621085568538869,0.03862772429753479,0.9608186582535944,0.9633984554541793,3.9134703196347034
34300,1.0,58836.0,1.6996396763886056e-05,0.9620922044751247,0.038644720694298675,0.9608019296716425,0.9633824792786069,3.915525114155251
34307,1.0,58835.0,1.699668564629897e-05,0.9620758520963625,0.038661717379944976,0.9607852012125027,0.9633665029802223,3.916324200913242
34311,1.0,58834.0,1.6996974538532142e-05,0.9620594997176003,0.03867871435448351,0.9607684728760677,0.9633505265591329,3.916780821917808
34317,1.0,58833.0,1.6997263440586064e-05,0.962043147338838,0.038695711617924095,0.9607517446622305,0.9633345500154455,3.9174657534246577
34336,1.0,58826.0,1.6999286029986742e-05,0.9620267932922032,0.03871271090395408,0.9607350148241386,0.9633185717602678,3.919634703196347
34359,1.0,58821.0,1.700073103143435e-05,0.9620104381334454,0.038729711634985516,0.9607182839437776,0.9633025923231133,3.922260273972603
34367,1.0,58816.0,1.7002176278563657e-05,0.9619940818623945,0.03874671381126408,0.960701552020908,0.9632866117038811,3.9231735159817354
34375,1.0,58753.0,1.7020407468554797e-05,0.9619777083311389,0.03876373421873263,0.96068480214405,0.9632706145182278,3.9240867579908674
34386,1.0,58737.0,1.7025043839487888e-05,0.961961330618482,0.038780759262572115,0.9606680480107166,0.9632546132262474,3.925342465753425
34401,1.0,58730.0,1.7027073046143368e-05,0.9619449512326379,0.038797786335618256,0.9606512922477827,0.9632386102174931,3.927054794520548
34405,1.0,58729.0,1.702736297229648e-05,0.9619285718467939,0.03881481369859055,0.9606345366075068,0.9632226070860811,3.9275114155251143
34411,1.0,58728.0,1.7027652908323118e-05,0.9619121924609499,0.03883184135149887,0.9606177810897817,0.9632066038321182,3.9281963470319634
34413,1.0,58727.0,1.702794285422378e-05,0.961895813075106,0.03884886929435309,0.9606010256945007,0.9631906004557113,3.9284246575342467
34417,1.0,58726.0,1.7028232809998978e-05,0.961879433689262,0.03886589752716309,0.9605842704215571,0.9631745969569668,3.928881278538813
34422,1.0,58722.0,1.702939273185518e-05,0.961863053466625,0.03888292691989494,0.9605675143945358,0.9631585925387143,3.9294520547945204
34433,1.0,58720.0,1.7029972752043597e-05,0.9618466729650333,0.038899956892646984,0.9605507581975399,0.9631425877325268,3.9307077625570774
34440,1.0,58717.0,1.7030842856412964e-05,0.9618302919054941,0.038916987735503394,0.9605340015383147,0.9631265822726734,3.9315068493150687
34471,1.0,58713.0,1.7032003133888577e-05,0.9618139100089481,0.038934019738637284,0.9605172441245513,0.9631105758933449,3.935045662100457
34479,1.0,58711.0,1.703258333191395e-05,0.961797527833376,0.038951052321969194,0.9605004865404809,0.9630945691262711,3.9359589041095893
34491,1.0,58706.0,1.7034033999931864e-05,0.9617811445415859,0.03896808635596913,0.9604837279093362,0.9630785611738356,3.9373287671232875
34509,1.0,58700.0,1.7035775127768312e-05,0.9617647598542853,0.038985122131096894,0.960466967938596,0.9630625517699747,3.9393835616438357
34512,1.0,58699.0,1.7036065350346683e-05,0.9617483751669849,0.03900215819644724,0.960450208089503,0.9630465422444667,3.9397260273972603
34531,1.0,58696.0,1.7036936077415838e-05,0.9617319899213945,0.03901919513252466,0.9604334477773538,0.9630305320654352,3.9418949771689498
34541,1.0,58693.0,1.703780689349667e-05,0.9617156041174669,0.03903623293941815,0.9604166870020171,0.9630145212329168,3.943036529680365
34548,1.0,58687.0,1.7039548792747967e-05,0.9616992169175058,0.0390532724882109,0.9603999248862604,0.9629985089487513,3.9438356164383563
34586,1.0,58673.0,1.7043614609786444e-05,0.9616828260866822,0.03907031610282069,0.9603831590899595,0.9629824930834049,3.9481735159817353
34592,1.0,58672.0,1.7043905099536405e-05,0.9616664352558586,0.03908736000792023,0.9603663934149618,0.9629664770967554,3.9488584474885844
34597,1.0,58670.0,1.7044486108743822e-05,0.9616500441456617,0.03910440449402897,0.9603496275686393,0.9629504607226841,3.9494292237442923
34600,1.0,58669.0,1.7044776628202288e-05,0.9616336530354647,0.03912144927065717,0.9603328618434185,0.9629344442275108,3.949771689497717
34621,2.0,58665.0,3.409187761015938e-05,0.9616008691386596,0.03915554114826733,0.9602993290006169,0.9629024092767023,3.9521689497716896
34623,1.0,58663.0,1.7046519952951604e-05,0.9615844771902571,0.03917258766822028,0.9602825627604878,0.9628863916200263,3.9523972602739725
34637,1.0,58660.0,1.7047391749062393e-05,0.9615680846829746,0.03918963505996934,0.9602657960559202,0.962870373310029,3.9539954337899546
34645,1.0,58659.0,1.7047682367582128e-05,0.9615516921756921,0.03920668274233693,0.9602490294719739,0.9628543548794104,3.9549086757990866
34656,1.0,58655.0,1.7048844940755265e-05,0.9615352988299897,0.03922373158727768,0.9602322621307411,0.9628383355292383,3.956164383561644
34665,1.0,58653.0,1.704942628680545e-05,0.9615189052047901,0.039240781013564485,0.9602154946173241,0.9628223157922561,3.9571917808219177
34676,1.0,58650.0,1.7050298380221655e-05,0.9615025110205582,0.039257831311944706,0.9601987266389721,0.9628062954021442,3.9584474885844747
34678,1.0,58649.0,1.705058909785333e-05,0.9614861168363262,0.03927488190104256,0.960181958780876,0.9627902748917765,3.958675799086758
34679,1.0,58648.0,1.705087982539899e-05,0.9614697226520943,0.039291932780867955,0.9601651910429323,0.9627742542612563,3.9587899543378997
34684,1.0,58647.0,1.705117056285914e-05,0.9614533284678624,0.039308983951430815,0.960148423425038,0.9627582335106867,3.959360730593607
34686,1.0,58646.0,1.7051461310234288e-05,0.9614369342836304,0.03932603541274105,0.96013165592709,0.9627422126401708,3.9595890410958905
34689,1.0,58645.0,1.705175206752494e-05,0.9614205400993984,0.039343087164808575,0.9601148885489854,0.9627261916498113,3.959931506849315
34701,1.0,58640.0,1.7053206002728514e-05,0.9614041447968728,0.03936014037081131,0.9600981201199186,0.9627101694738269,3.9613013698630137
34705,1.0,58639.0,1.7053496819522843e-05,0.9613877494943471,0.03937719386763083,0.9600813518105225,0.9626941471781718,3.96175799086758
34708,2.0,58638.0,3.410757529247246e-05,0.961354958889296,0.039411301442923305,0.9600478155503328,0.9626621022282592,3.9621004566210045
34714,1.0,58636.0,1.7054369329422198e-05,0.9613385635867704,0.03942835581225273,0.9600310475993347,0.9626460795742061,3.962785388127854
34728,1.0,58628.0,1.7056696459029815e-05,0.961322166326697,0.03944541250871176,0.9600142777184388,0.9626300549349551,3.9643835616438357
34731,1.0,58626.0,1.7057278340667964e-05,0.9613057687869309,0.03946246978705243,0.9599975076639808,0.9626140299098809,3.96472602739726
34744,1.0,58622.0,1.705844222305619e-05,0.9612893704080153,0.03947952822927549,0.9599807368502444,0.9625980039657862,3.9662100456621006
34770,1.0,58617.0,1.7059897299418257e-05,0.9612729709100811,0.0394965881265749,0.9599639649842048,0.9625819768359575,3.969178082191781
34788,1.0,58613.0,1.7061061539248972e-05,0.9612565705727685,0.039513649188114154,0.9599471923585196,0.9625659487870174,3.9712328767123286
34797,2.0,58612.0,3.412270524807207e-05,0.9612237698981431,0.03954777189336223,0.9599136474637462,0.9625338923325399,3.9722602739726027
34811,1.0,58608.0,1.7062517062517064e-05,0.9612073690011682,0.03956483441042474,0.9598968746086499,0.9625178633936865,3.9738584474885843
34820,1.0,58606.0,1.7063099341364364e-05,0.9611909678243433,0.03958189750976611,0.9598801015792466,0.96250183406944,3.9748858447488584
34823,1.0,58602.0,1.706426401829289e-05,0.9611745658078964,0.0395989617737844,0.9598633277895405,0.9624858038262523,3.975228310502283
34833,1.0,58594.0,1.7066593849199577e-05,0.9611581618319637,0.0396160283676336,0.9598465520673264,0.962469771596601,3.9763698630136988
34841,1.0,58592.0,1.7067176406335334e-05,0.9611417575760612,0.03963309554403994,0.9598297761704757,0.9624537389816468,3.9772831050228312
34873,1.0,58586.0,1.706892431638958e-05,0.9611253519201438,0.03965016446835633,0.9598129989265975,0.9624377049136901,3.9809360730593606
34890,1.0,58584.0,1.7069507032636897e-05,0.9611089459841899,0.03966723397538897,0.959796221507867,0.9624216704605129,3.982876712328767
34891,1.0,58582.0,1.7070089788672287e-05,0.9610925397681853,0.03968430406517764,0.9597794439141804,0.9624056356221903,3.982990867579909
34913,1.0,58575.0,1.7072129748186088e-05,0.9610761318716463,0.03970137619492582,0.9597626646796746,0.962389599063618,3.985502283105023
34923,1.0,58574.0,1.7072421210776112e-05,0.9610597239751074,0.0397184486161366,0.9597458855631787,0.9623735623870361,3.986643835616438
34931,1.0,58561.0,1.7076211130274414e-05,0.961043312716352,0.039735524827266874,0.9597291030456991,0.9623575223870049,3.9875570776255707
34937,1.0,58490.0,1.7096939647803045e-05,0.9610268818168356,0.03975262176691468,0.9597123000897323,0.9623414635439389,3.98824200913242
34941,2.0,58471.0,3.420499050811514e-05,0.960994009901465,0.039786826757422795,0.9596786839447835,0.9623093358581465,3.9886986301369864
34944,2.0,58469.0,3.4206160529511366e-05,0.9609611379860944,0.039821032917952304,0.9596450682730996,0.9622772076990892,3.989041095890411
34945,1.0,58467.0,1.7103665315477107e-05,0.9609447020284091,0.03983813658326778,0.9596282606144814,0.9622611434423368,3.9891552511415527
34946,1.0,58466.0,1.7103957855847843e-05,0.9609282660707238,0.039855240541123625,0.9596114530738787,0.9622450790675688,3.989269406392694
34950,1.0,58434.0,1.7113324434404628e-05,0.9609118213935482,0.03987235386555803,0.9595946365255706,0.9622290062615259,3.98972602739726
34968,1.0,58220.0,1.7176228100309172e-05,0.9608953165529197,0.03988953009365834,0.9595777571244194,0.96221287598142,3.9917808219178084
34977,2.0,58207.0,3.4360128506880616e-05,0.9608623000663613,0.03992389022216522,0.9595439915578204,0.9621806085749022,3.992808219178082
34978,1.0,58199.0,1.7182425814876546e-05,0.9608457901211721,0.039941072647980094,0.95952710717254,0.9621644730698042,3.9929223744292237
34982,1.0,58134.0,1.720163759589913e-05,0.9608292620001049,0.039958274285575995,0.9595102038814481,0.9621483201187616,3.99337899543379
34988,1.0,58076.0,1.7218816722914803e-05,0.9608127176571405,0.03997549310229891,0.9594932837296897,0.9621321515845913,3.994063926940639
34989,1.0,58073.0,1.7219706231811684e-05,0.9607961727443987,0.03999271280853073,0.959476363101835,0.9621159823869623,3.9941780821917807
35004,1.0,58059.0,1.7223858488778656e-05,0.9607796241270827,0.040009936667019505,0.9594594387163764,0.9620998095377891,3.995890410958904
35007,1.0,58058.0,1.7224155155189637e-05,0.9607630755097668,0.040027160822174696,0.9594425144511736,0.96208363656836,3.996232876712329
35009,1.0,58057.0,1.7224451831820452e-05,0.9607465268924509,0.040044385274006514,0.9594255903061242,0.9620674634787776,3.996461187214612
35030,1.0,58052.0,1.7225935368290498e-05,0.9607299771348734,0.040061611209374806,0.9594086650875686,0.9620512891821782,3.9988584474885847
35046,2.0,58047.0,3.445483832067118e-05,0.9606968753388414,0.04009606604769548,0.9593748126228735,0.9620189380548093,4.000684931506849
35049,1.0,58045.0,1.7228012748729435e-05,0.9606803244408254,0.040113294060444206,0.9593578865702926,0.9620027623113582,4.001027397260274
35062,1.0,58043.0,1.7228606378030082e-05,0.9606637732576605,0.04013052266682224,0.959340960338958,0.961986586176363,4.002511415525114
35064,1.0,58042.0,1.7228903208021776e-05,0.9606472220744956,0.04014775157003026,0.9593240342272382,0.961970409921753,4.002739726027397
35071,1.0,58039.0,1.72297937593687e-05,0.9606306703209837,0.04016498136378963,0.9593071076380711,0.9619542330038963,4.003538812785388
35076,1.0,58038.0,1.7230090630276717e-05,0.9606141185674719,0.04018221145441991,0.9592901811683325,0.9619380559666113,4.004109589041096
35085,1.0,58034.0,1.7231278216218077e-05,0.9605975659583365,0.04019944273263613,0.959273253922394,0.9619218779942789,4.00513698630137
35087,1.0,58033.0,1.723157513828339e-05,0.960581013349201,0.04021667430777441,0.9592563267957059,0.961905699902696,4.005365296803653
35090,1.0,58032.0,1.7231872070581748e-05,0.9605644607400655,0.04023390617984499,0.9592393997881669,0.9618895216919642,4.005707762557078
35096,1.0,58030.0,1.723246596587972e-05,0.9605479078456878,0.040251138645810876,0.9592224726011426,0.961873343090233,4.006392694063927
35102,1.0,58028.0,1.723305990211622e-05,0.960531354666053,0.04026837170571299,0.9592055452345287,0.9618571640975773,4.007077625570776
35106,1.0,58027.0,1.7233356885587742e-05,0.9605148014864182,0.04028560506259858,0.9591886179867779,0.9618409849860585,4.007534246575342
35120,1.0,58023.0,1.7234544921841338e-05,0.9604982474509239,0.04030283960752042,0.9591716899620845,0.9618248049397634,4.0091324200913245
35131,1.0,58021.0,1.7235139001396046e-05,0.9604816931301184,0.04032007474652182,0.9591547617574867,0.9618086245027502,4.010388127853881
35132,1.0,58019.0,1.723573312190834e-05,0.9604651385239871,0.04033731047964373,0.9591378333728812,0.961792443675093,4.010502283105023
35133,1.0,58018.0,1.7236030197524906e-05,0.9604485839178558,0.04035454650984125,0.9591209051067782,0.9617762627289335,4.010616438356164
35138,1.0,58016.0,1.7236624379481524e-05,0.960432029026379,0.04037178313422073,0.9591039766604623,0.9617600813922957,4.011187214611872
35146,1.0,58014.0,1.7237218602406316e-05,0.960415473849542,0.040389020352823136,0.9590870480338303,0.9617438996652536,4.012100456621004
35153,1.0,58010.0,1.7238407171177383e-05,0.9603989178165503,0.04040625875999431,0.9590701186294698,0.9617277170036308,4.012899543378995
35172,1.0,58003.0,1.7240487560988223e-05,0.960382360070954,0.0404234992475553,0.9590531875510662,0.9617115325908419,4.015068493150685
35173,1.0,58002.0,1.724078480052412e-05,0.9603658023253578,0.04044074003235582,0.959036256590756,0.9616953480599597,4.015182648401827
35179,1.0,57996.0,1.724256845299676e-05,0.9603492431522713,0.040457982600808816,0.9590193242546488,0.9616791620498939,4.015867579908676
35186,1.0,57992.0,1.724375775969099e-05,0.9603326831225577,0.040475226358568504,0.9590023911400721,0.9616629751050433,4.016666666666667
35194,1.0,57988.0,1.7244947230461473e-05,0.9603161222361136,0.040492471305798965,0.958985457246853,0.9616467872253742,4.017579908675799
35196,1.0,57987.0,1.7245244623794987e-05,0.9602995613496695,0.04050971655042276,0.9589685234714195,0.9616305992279196,4.017808219178082
35206,1.0,57986.0,1.724554202738592e-05,0.9602830004632253,0.040526962092450144,0.9589515898136726,0.9616144111127781,4.018949771689497
35224,1.0,57978.0,1.7247921625444133e-05,0.960266437577295,0.04054421001407559,0.9589346541812787,0.9615982209733114,4.0210045662100455
35229,1.0,57973.0,1.7249409207734636e-05,0.9602498735485647,0.040561459423283326,0.9589177174706308,0.9615820296264986,4.021575342465753
35232,1.0,57969.0,1.7250599458331175e-05,0.9602333086626162,0.04057871002274166,0.9589007799804986,0.9615658373447339,4.021917808219178
35247,1.0,57966.0,1.7251492254079978e-05,0.9602167432051297,0.04059596151499574,0.9588838420097405,0.9615496444005189,4.023630136986301
35249,1.0,57965.0,1.7251789873199343e-05,0.9602001777476432,0.04061321330486894,0.9588669041563057,0.9615334513389807,4.023858447488585
35255,1.0,57964.0,1.7252087502587814e-05,0.9601836122901567,0.04063046539237153,0.9588499664200959,0.9615172581602175,4.024543378995434
35266,1.0,57962.0,1.7252682792174183e-05,0.9601670465468716,0.0406477180751637,0.9588330285019777,0.9615010645917654,4.025799086757991
35295,2.0,57957.0,3.4508342391773214e-05,0.960133912773676,0.04068222641755547,0.9587991506242839,0.9614686749230681,4.029109589041096
35325,1.0,57949.0,1.7256553176068614e-05,0.9601173441717541,0.04069948297073154,0.9587822100660875,0.9614524782774206,4.032534246575342
35326,1.0,57947.0,1.725714877387958e-05,0.9601007752839054,0.04071674011950542,0.9587652693255593,0.9614362812422514,4.032648401826484
35338,2.0,57942.0,3.451727589658624e-05,0.9600676352205564,0.04075125739540201,0.9587313858011698,0.961403884639943,4.034018264840182
35342,1.0,57940.0,1.725923369002416e-05,0.960051065188882,0.04076851662909203,0.9587144442138822,0.9613876861638817,4.034474885844749
35343,1.0,57939.0,1.725953157631302e-05,0.9600344951572075,0.04078577616066835,0.9586975027430696,0.9613714875713454,4.034589041095891
35345,1.0,57938.0,1.725982947288481e-05,0.9600179251255331,0.040803035990141234,0.958680561388635,0.9613552888624312,4.034817351598173
35346,1.0,57936.0,1.7260425296879315e-05,0.9600013548078528,0.04082029641543811,0.9586636198512647,0.9613390897644408,4.034931506849315
35363,1.0,57933.0,1.7261319110006387e-05,0.9599847839181215,0.04083755773454812,0.9586466778316193,0.9613228900046237,4.036872146118721
35366,1.0,57931.0,1.726191503685419e-05,0.9599682127423449,0.04085481964958498,0.9586297356288346,0.9613066898558552,4.037214611872146
35369,1.0,57930.0,1.7262213015708613e-05,0.9599516415665682,0.04087208186260068,0.9586127935420728,0.9612904895910636,4.0375570776255705
35382,1.0,57924.0,1.726400110489607e-05,0.9599350689603675,0.04088934586370558,0.9585958500748121,0.961274287845923,4.039041095890411
35383,1.0,57923.0,1.726429915577577e-05,0.9599184963541668,0.04090661016286135,0.9585789067234217,0.9612580859849119,4.039155251141553
35397,1.0,57914.0,1.7266982076872604e-05,0.959901921458695,0.040923877144938225,0.9585619610929539,0.9612418818244362,4.0407534246575345
35411,1.0,57906.0,1.7269367595758642e-05,0.9598853445595575,0.040941146512533985,0.9585450134821687,0.9612256756369464,4.042351598173516
35414,1.0,57904.0,1.7269964078474716e-05,0.9598687673741375,0.04095841647661246,0.958528065687605,0.9612094690606701,4.04269406392694
35432,1.0,57903.0,1.7270262335284872e-05,0.9598521901887175,0.04097568673894775,0.9585111180086553,0.9611932623687797,4.044748858447488
35433,1.0,57902.0,1.7270560602397155e-05,0.9598356130032974,0.040992957299550145,0.958494170445224,0.9611770555613709,4.04486301369863
35437,1.0,57900.0,1.7271157167530226e-05,0.9598190355315702,0.04101022845671767,0.9584772226977203,0.9611608483654202,4.045319634703197
35438,1.0,57898.0,1.72717537738782e-05,0.959802457773521,0.04102750021049155,0.9584602747660447,0.9611446407809974,4.0454337899543376
35443,1.0,57896.0,1.727235042144535e-05,0.959785879729135,0.041044772560913,0.9584433266500979,0.9611284328081721,4.046004566210046
35449,1.0,57894.0,1.7272947110235948e-05,0.9597693013983973,0.04106204550802323,0.9584263783497807,0.9611122244470139,4.046689497716895
35464,1.0,57889.0,1.7274439012593068e-05,0.9597527219221342,0.04107931994703583,0.9584094289663022,0.9610960148779663,4.048401826484018
35465,1.0,57888.0,1.7274737423991155e-05,0.9597361424458711,0.04109659468445982,0.9583924796978337,0.9610798051939086,4.04851598173516
35466,1.0,57885.0,1.7275632720048372e-05,0.9597195623967661,0.04111387031717987,0.9583755299450942,0.9610635948484381,4.048630136986302
35469,1.0,57882.0,1.727652810891123e-05,0.9597029817747698,0.041131146845288784,0.9583585797079597,0.9610473838415798,4.048972602739726
35474,1.0,57881.0,1.727682659249149e-05,0.9596864011527734,0.041148423671881276,0.9583416295855824,0.9610311727199643,4.049543378995434
35485,1.0,57880.0,1.7277125086385627e-05,0.959669820530777,0.041165700796967665,0.9583246795778678,0.9610149614836861,4.050799086757991
35489,1.0,57878.0,1.7277722105117662e-05,0.9596532396223052,0.04118297851907278,0.9583077293850861,0.9609987498595243,4.051255707762557
35492,1.0,57877.0,1.7278020629956632e-05,0.9596366587138333,0.04120025653970274,0.9582907793067861,0.9609825381208805,4.051598173515981
35530,1.0,57870.0,1.7280110592707793e-05,0.959620076086242,0.04121753665029545,0.958273827544823,0.960966324627661,4.05593607305936
35534,1.0,57868.0,1.7280707817792216e-05,0.959603493172091,0.04123481735811324,0.9582568755974873,0.9609501107466948,4.056392694063927
35539,1.0,57867.0,1.7281006445815405e-05,0.9595869102579401,0.04125209836455906,0.9582399237644066,0.9609338967514736,4.0569634703196344
35587,1.0,57855.0,1.728459078731311e-05,0.9595703241908714,0.04126938295534637,0.9582229687479088,0.960917679633834,4.062442922374429
35601,1.0,57850.0,1.728608470181504e-05,0.95955373697697,0.041286669040048185,0.9582060126461224,0.9609014613078176,4.064041095890411
35610,1.0,57846.0,1.7287280019361755e-05,0.9595371489028253,0.041303956320067545,0.9581890557587306,0.9608852420469199,4.065068493150685
35618,1.0,57842.0,1.7288475502230213e-05,0.959520559968333,0.04132124479556978,0.9581720980855639,0.960869021851102,4.065981735159817
35622,1.0,57840.0,1.7289073305670816e-05,0.9595039707470334,0.04133853386887545,0.9581551402263944,0.9608528012676725,4.066438356164384
35624,1.0,57839.0,1.7289372222894586e-05,0.9594873815257339,0.04135582324109834,0.9581381824810915,0.9608365805703762,4.066666666666666
35634,1.0,57835.0,1.729056799515864e-05,0.9594707914439231,0.041373113809093504,0.9581212239496253,0.9608203589382209,4.067808219178082
35639,1.0,57832.0,1.7291464932909115e-05,0.9594542007883787,0.04139040527402641,0.9581042649318494,0.960804136644908,4.06837899543379
35657,1.0,57827.0,1.729296003596936e-05,0.9594376089852282,0.04140769823406238,0.9580873048275402,0.9607879131429162,4.070433789954338
35659,1.0,57826.0,1.729325908760765e-05,0.9594210171820776,0.04142499149314999,0.9580703448367958,0.9607716895273595,4.070662100456621
35675,1.0,57822.0,1.729445539759953e-05,0.9594044245180885,0.04144228594854759,0.9580533840592839,0.9607554649768931,4.072488584474886
35680,1.0,57821.0,1.729475450095986e-05,0.9593878318540994,0.04145958070304855,0.9580364233951747,0.960739240313024,4.073059360730594
35687,1.0,57817.0,1.7295951017866718e-05,0.9593712383291525,0.04147687665406642,0.9580194619440324,0.9607230147142726,4.073858447488584
35690,1.0,57813.0,1.7297147700344214e-05,0.9593546439431436,0.041494173801766766,0.9580024997056882,0.9607067881805991,4.074200913242009
35703,1.0,57811.0,1.729774610368269e-05,0.9593380492700893,0.04151147154787045,0.9579855372803457,0.9606905612598328,4.075684931506849
35705,1.0,57808.0,1.729864378632715e-05,0.9593214540229043,0.04152877019165678,0.957968574367716,0.9606743336780925,4.075913242009133
35716,1.0,57806.0,1.729924229318756e-05,0.959304858488634,0.04154606943394997,0.9579516112678924,0.9606581057093756,4.077168949771689
35721,1.0,57805.0,1.7299541562148603e-05,0.9592882629543638,0.04156336897551212,0.9579346482809958,0.9606418776277317,4.0777397260273975
35722,1.0,57804.0,1.7299840841464257e-05,0.9592716674200936,0.04158066881635358,0.9579176854069344,0.9606256494332528,4.077853881278539
35726,1.0,57801.0,1.7300738741544263e-05,0.9592550713115935,0.04159796955509513,0.9579007220451661,0.9606094205780209,4.078310502283105
35774,1.0,57794.0,1.7302834204242655e-05,0.959238473480135,0.04161527238929937,0.9578837569944505,0.9605931899658195,4.0837899543379
35778,1.0,57792.0,1.730343300110742e-05,0.9592218753614771,0.04163257582230048,0.9578667917560496,0.9605769589669045,4.0842465753424655
35782,1.0,57791.0,1.7303732415081932e-05,0.9592052772428191,0.041649879554715566,0.9578498266301874,0.9605607278554509,4.084703196347032
35788,1.0,57790.0,1.7304031839418586e-05,0.9591886791241612,0.04166718358655498,0.9578328616167723,0.9605444966315501,4.085388127853881
35805,1.0,57787.0,1.7304930174606745e-05,0.9591720804310446,0.04168448851672959,0.9578158961150575,0.9605282647470318,4.087328767123288
35806,1.0,57786.0,1.730522964039733e-05,0.9591554817379281,0.04170179374636999,0.9577989307256229,0.9605120327502332,4.0874429223744295
35819,1.0,57782.0,1.730642760721332e-05,0.9591388821830193,0.0417191001739772,0.9577819645473059,0.9604957998187328,4.088926940639269
35823,2.0,57781.0,3.461345424966685e-05,0.9591056830732018,0.04175371362822687,0.957748032526946,0.9604633336194576,4.089383561643835
35829,1.0,57779.0,1.7307326191176726e-05,0.959089083518293,0.04177102095441805,0.9577310666847217,0.9604471003518643,4.090068493150685
35835,1.0,57777.0,1.730792529899441e-05,0.9590724836760804,0.04178832887971704,0.9577141006539629,0.960430866698198,4.090753424657534
35836,1.0,57775.0,1.7308524448290782e-05,0.9590558835465491,0.04180563740416533,0.9576971344345746,0.9604146326585237,4.090867579908676
35858,1.0,57769.0,1.731032214509512e-05,0.9590392819802498,0.04182294772631043,0.9576801668247218,0.9603983971357778,4.09337899543379
35860,2.0,57767.0,3.462184292069867e-05,0.9590060782728743,0.041857569569231125,0.9576462313389061,0.9603659252068425,4.093607305936073
35891,1.0,57764.0,1.7311820511044942e-05,0.9589894761317783,0.04187488138974217,0.9576292634627573,0.9603496888007993,4.0971461187214615
35910,1.0,57759.0,1.7313319136411642e-05,0.9589728728409296,0.04189219470887858,0.9576122944959677,0.9603334511858914,4.0993150684931505
35916,1.0,57758.0,1.7313618892620937e-05,0.958956269550081,0.041909508327771204,0.9575953256404975,0.9603172134596644,4.1
35940,1.0,57756.0,1.731421843617979e-05,0.9589396659717592,0.04192682254620739,0.9575783565957225,0.9603009753477958,4.102739726027397
35945,1.0,57729.0,1.7322316340141004e-05,0.9589230549155141,0.04194414486254753,0.9575613798444299,0.9602847299865983,4.103310502283105
35948,1.0,57710.0,1.7328019407381735e-05,0.9589064386782084,0.04196147288195491,0.9575443977879203,0.9602684795684964,4.1036529680365295
35950,1.0,57690.0,1.7334026694401108e-05,0.9588898169684029,0.041978806908649316,0.9575274101215507,0.9602522238152551,4.103881278538813
35952,1.0,57662.0,1.7342443897193994e-05,0.9588731874755486,0.04199614935254651,0.957510414429794,0.9602359605213032,4.104109589041096
35970,2.0,57571.0,3.473971270257595e-05,0.9588398764964975,0.042030889065249086,0.957476369023348,0.960203383969647,4.1061643835616435
35979,1.0,57567.0,1.7371063282783538e-05,0.9588232204283248,0.04204826012853187,0.9574593458832011,0.9601870949734485,4.107191780821918
35985,1.0,57563.0,1.7372270382016224e-05,0.9588065634920909,0.04206563239891389,0.9574423219474395,0.9601708050367423,4.107876712328767
35989,1.0,57548.0,1.737679849864461e-05,0.9587899025036379,0.04208300919741253,0.9574252938870468,0.9601545111202291,4.108333333333333
36008,1.0,56843.0,1.7592315676512498e-05,0.9587730351690056,0.04210060151308904,0.9574080501505777,0.9601380201874334,4.110502283105022
36009,1.0,56798.0,1.760625374132892e-05,0.9587561547676681,0.04211820776683037,0.9573907928630819,0.9601215166722542,4.110616438356164
36012,1.0,56695.0,1.7638239703677574e-05,0.9587392439967929,0.04213584600653405,0.9573735039237192,0.9601049840698666,4.110958904109589
36014,1.0,56636.0,1.765661416766721e-05,0.9587223159078743,0.042153502620701715,0.9573561969854775,0.9600884348302711,4.111187214611872
36066,1.0,56377.0,1.7737729925324156e-05,0.9587053103503613,0.04217124035062704,0.957338809112803,0.9600718115879197,4.117123287671233
36093,1.0,56131.0,1.7815467388786946e-05,0.9586882305671693,0.042189055818015825,0.9573213436859663,0.9600551174483724,4.120205479452054
36112,1.0,56027.0,1.784853731236725e-05,0.9586711193845151,0.042206904355328194,0.9573038455191988,0.9600383932498314,4.122374429223744
36122,1.0,55832.0,1.7910875483593637e-05,0.9586539487454661,0.042224815230811785,0.9572862852419939,0.9600216122489382,4.12351598173516
36124,1.0,55788.0,1.7925001792500178e-05,0.9586367648717163,0.042242740232604284,0.9572687112359682,0.9600048185074644,4.1237442922374425
36127,1.0,55687.0,1.7957512525364987e-05,0.9586195501400039,0.04226069774512965,0.9572511050517661,0.9599879952282416,4.1240867579908675
36131,1.0,55545.0,1.8003420649923487e-05,0.9586022917089995,0.04227870116577957,0.9572334532432246,0.9599711301747743,4.124543378995434
36166,1.0,54934.0,1.8203662576910474e-05,0.9585848416363357,0.042296904828356484,0.9572156008634364,0.9599540824092351,4.128538812785388
36185,1.0,54848.0,1.823220536756126e-05,0.9585673645206407,0.04231513703372405,0.9571977202879066,0.9599370087533748,4.130707762557078
36188,1.0,54846.0,1.8232870218429784e-05,0.9585498870862879,0.04233336990394248,0.9571798395125323,0.9599199346600434,4.131050228310502
36203,1.0,54843.0,1.8233867585653594e-05,0.9585324090145725,0.042351603771528135,0.957161958203346,0.9599028598257989,4.132762557077625
36209,1.0,54842.0,1.823420006564312e-05,0.9585149309428571,0.04236983797159378,0.9571440770279265,0.9598857848577877,4.1334474885844745
36212,1.0,54841.0,1.823453255775788e-05,0.9584974528711417,0.04238807250415154,0.9571261959861557,0.9598687097561278,4.1337899543378995
36250,1.0,54833.0,1.823719293126402e-05,0.9584799725681696,0.042406309697082804,0.9571083127406246,0.9598516323957147,4.1381278538812785
36260,1.0,54831.0,1.823785814593934e-05,0.9584624919463942,0.042424547555228745,0.9570904292946248,0.9598345545981636,4.139269406392694
36271,2.0,54829.0,3.647704681828959e-05,0.9584275300652019,0.04246102460204704,0.9570546621347111,0.9598003979956926,4.140525114155251
36282,1.0,54827.0,1.8239188720885696e-05,0.9584100491246057,0.04247926379076792,0.957036778754536,0.9597833194946754,4.141780821917808
36292,1.0,54826.0,1.8239521394958596e-05,0.9583925681840095,0.04249750331216288,0.9570188955073927,0.9597662408606263,4.142922374429224
36296,1.0,54824.0,1.824018677951262e-05,0.9583750869245578,0.04251574349894239,0.9570010120591825,0.959749161789933,4.14337899543379
36301,1.0,54822.0,1.8240852212615372e-05,0.9583576053462329,0.042533984351155005,0.9569831284097846,0.9597320822826813,4.143949771689497
36307,1.0,54819.0,1.8241850453309982e-05,0.9583401231301154,0.04255222620160831,0.9569652442250564,0.9597150020351745,4.144634703196347
36310,1.0,54817.0,1.8242516007807798e-05,0.9583226405950783,0.04257046871761612,0.9569473598388962,0.9596979213512604,4.144977168949771
36322,1.0,54813.0,1.8243847262510718e-05,0.9583051571031952,0.04258871256487863,0.9569294745830471,0.9596808396233433,4.1463470319634705
36329,1.0,54811.0,1.824451296272646e-05,0.9582876732923342,0.04260695707784136,0.95691158912552,0.9596637574591484,4.147146118721461
36346,1.0,54609.0,1.8311999853504002e-05,0.9582701251286013,0.042625269077694865,0.9568936363940095,0.9596466138631932,4.149086757990868
36363,1.0,54438.0,1.8369521290275174e-05,0.9582525221651359,0.04264363859898514,0.9568756263884813,0.9596294179417905,4.151027397260274
36412,1.0,54396.0,1.8383704684167955e-05,0.9582349059337555,0.042662022303669306,0.9568576026181417,0.9596122092493693,4.15662100456621
36424,2.0,54392.0,3.6770113251948816e-05,0.9581996715277423,0.042698792416921254,0.9568215534494466,0.959577789606038,4.157990867579909
36432,1.0,54389.0,1.838607071282796e-05,0.9581820540008247,0.04271717848763408,0.9568035287294899,0.9595605792721594,4.158904109589041
36436,1.0,54387.0,1.838674683288286e-05,0.9581644361499779,0.04273556523446696,0.9567855038058466,0.9595433684941093,4.159360730593607
36453,1.0,54383.0,1.83880992221834e-05,0.9581468173272548,0.04275395333368914,0.9567674779996024,0.9595261566549073,4.161301369863014
36466,1.0,54381.0,1.8388775491440026e-05,0.9581291981805432,0.042772342109180586,0.9567494519894175,0.9595089443716689,4.162785388127854
36482,1.0,54378.0,1.838978998859833e-05,0.9581115783858067,0.04279073189916918,0.9567314254357254,0.959491731335888,4.164611872146119
36485,1.0,54377.0,1.839012817919341e-05,0.9580939585910703,0.04280912202734838,0.9567133990172986,0.959474518164842,4.164954337899544
36494,1.0,54374.0,1.8391142825615183e-05,0.9580763381482374,0.04282751317017399,0.9566953720550884,0.9594573042413865,4.165981735159817
36504,1.0,54372.0,1.8391819318767014e-05,0.9580587173813326,0.042845904989492756,0.9566773448884395,0.9594400898742258,4.167123287671233
36506,1.0,54371.0,1.839215758400618e-05,0.9580410966144278,0.04286429714707676,0.9566593178567275,0.9594228753721281,4.167351598173516
36520,1.0,54343.0,1.840163406510498e-05,0.9580234670927487,0.04288269878114187,0.9566412817888261,0.9594056523966712,4.168949771689498
36543,1.0,54341.0,1.8402311330303085e-05,0.9580058372466455,0.04290110109247217,0.9566232455160443,0.9593884289772466,4.171575342465753
36573,1.0,54334.0,1.840468215113925e-05,0.957988205453712,0.042919505774623314,0.956605207338758,0.959371203568666,4.175
36576,1.0,54333.0,1.840502088969871e-05,0.9579705736607785,0.04293791079551301,0.9565871692962703,0.9593539780252868,4.175342465753425
36581,1.0,54328.0,1.840671476954793e-05,0.9579529405696715,0.04295631751028256,0.95656913002862,0.959336751110723,4.175913242009132
36591,1.0,54327.0,1.840705358293298e-05,0.9579353074785645,0.042974724563865495,0.9565510908955707,0.9593195240615583,4.177054794520548
36621,1.0,54324.0,1.8408070097930933e-05,0.9579176737382752,0.04299313263396343,0.9565330512169999,0.9593022962595504,4.1804794520547945
36626,1.0,54319.0,1.8409764539111544e-05,0.9579000386994537,0.043011542398502536,0.9565150103126459,0.9592850670862616,4.181050228310502
36629,1.0,54317.0,1.841044240293094e-05,0.9578824033359635,0.04302995284090547,0.9564969692025219,0.9592678374694051,4.181392694063927
36634,1.0,54305.0,1.841451063437989e-05,0.9578647644002608,0.04304836735153985,0.9564789244849045,0.9592506043156172,4.1819634703196344
36637,1.0,54291.0,1.8419259177395885e-05,0.9578471212409083,0.04306678661071724,0.9564608754774572,0.9592333670043595,4.1823059360730594
36639,1.0,54282.0,1.8422313105633544e-05,0.9578294754813335,0.04308520892382288,0.9564428238806467,0.9592161270820202,4.182534246575343
36641,1.0,54271.0,1.8426047060124192e-05,0.9578118264703427,0.043103634970883,0.9564247690123734,0.959198883928312,4.182762557077625
36644,1.0,54254.0,1.8431820695248275e-05,0.9577941722544974,0.04312206679157825,0.9564067088265485,0.9591816356824462,4.18310502283105
36645,1.0,54243.0,1.8435558505244916e-05,0.9577765147839988,0.043140502350083494,0.9563886453659114,0.9591643842020863,4.183219178082192
36650,1.0,54185.0,1.845529205499677e-05,0.957758838738695,0.04315895764213849,0.9563705625834983,0.9591471148938918,4.183789954337899
36655,2.0,54098.0,3.6969943435986544e-05,0.9577234304486016,0.04319592758557448,0.9563343385550219,0.9591125223421814,4.184360730593608
36664,1.0,53948.0,1.8536368354711943e-05,0.9577056777343129,0.043214463953929194,0.9563161758643429,0.9590951796042829,4.185388127853881
36667,1.0,53913.0,1.854840205516295e-05,0.9576879138243518,0.043233012355984354,0.9562980015813322,0.9590778260673715,4.185730593607306
36671,1.0,53888.0,1.8557007125890737e-05,0.9576701420029106,0.04325156936311025,0.9562798191467435,0.9590604648590776,4.186187214611872
36673,1.0,53864.0,1.856527550868855e-05,0.9576523625928778,0.04327013463861894,0.9562616288989223,0.9590430962868333,4.186415525114155
36680,1.0,53796.0,1.858874265744665e-05,0.9576345610395542,0.04328872338127639,0.9562434155891933,0.9590257064899151,4.187214611872146
36692,3.0,53713.0,5.5852400722357715e-05,0.9575810748503055,0.04334457578199875,0.95618869106727,0.958973458633341,4.188584474885845
36710,1.0,53469.0,1.870242570461389e-05,0.957563165761397,0.04336327820770336,0.9561703656335058,0.9589559658892882,4.190639269406392
36713,1.0,53426.0,1.871747838131247e-05,0.9575452425935431,0.043381995686084675,0.9561520255862429,0.9589384596008433,4.190981735159817
36717,1.0,53364.0,1.8739224945656247e-05,0.9575272989378465,0.04340073491103033,0.9561336642089572,0.9589209336667358,4.191438356164384
36747,1.0,53262.0,1.8775111711914684e-05,0.9575093212558418,0.04341951002274225,0.9561152673121159,0.9589033751995676,4.1948630136986305
36788,1.0,53256.0,1.8777226979119724e-05,0.957491341885982,0.04343828724972137,0.9560968687885341,0.9588858149834298,4.1995433789954335
36790,1.0,53255.0,1.8777579569993428e-05,0.957473362516122,0.04345706482929136,0.95607847040713,0.958868254625114,4.199771689497717
36791,1.0,53253.0,1.8778284791467148e-05,0.9574553828086405,0.04347584311408283,0.9560600718139333,0.9588506938033478,4.1998858447488585
36807,1.0,53251.0,1.8778990065914254e-05,0.9574374027635183,0.04349462210414874,0.9560416730088117,0.9588331325182249,4.201712328767123
36808,1.0,53250.0,1.8779342723004694e-05,0.957419422718396,0.04351340144687175,0.9560232743455054,0.9588155710912866,4.201826484018265
36820,1.0,53246.0,1.8780753483829773e-05,0.9574014416602372,0.043532182200355575,0.9560048747622241,0.9587980085582504,4.203196347031963
36823,1.0,53245.0,1.87811062071556e-05,0.9573834606020786,0.04355096330656273,0.9559864753205353,0.9587804458836219,4.203538812785388
36830,1.0,53243.0,1.878181169355596e-05,0.957365479206203,0.04356974511825629,0.9559680756663937,0.9587628827460122,4.204337899543379
36834,1.0,53242.0,1.878216445663198e-05,0.9573474978103275,0.04358852728271292,0.9559496761536013,0.9587453194670537,4.204794520547945
36837,1.0,53239.0,1.8783222825372377e-05,0.9573295157389549,0.04360731050553829,0.9559312760741485,0.9587277554037612,4.20513698630137
36852,1.0,53235.0,1.8784634169249552e-05,0.9573115326542223,0.04362609513970754,0.955912875073882,0.9587101902345626,4.206849315068493
36882,1.0,53227.0,1.8787457493377422e-05,0.9572935472044947,0.04364488259720092,0.9558944717363131,0.9586926226726762,4.21027397260274
36886,1.0,53226.0,1.8787810468567992e-05,0.957275561754767,0.04366367040766948,0.9558760685397141,0.95867505496982,4.210730593607306
36898,1.0,53225.0,1.8788163457022078e-05,0.9572575763050394,0.04368245857112651,0.9558576654839586,0.9586574871261202,4.2121004566210045
36902,1.0,53223.0,1.8788869473723766e-05,0.9572395905173855,0.04370124744060023,0.9558392622148154,0.9586399188199556,4.212557077625571
36916,1.0,53222.0,1.878922250197287e-05,0.9572216047297316,0.0437200366631022,0.9558208590862745,0.9586223503731888,4.214155251141553
36931,1.0,53221.0,1.8789575543488474e-05,0.9572036189420777,0.04373882623864569,0.9558024560982104,0.9586047817859451,4.215867579908676
36939,1.0,53220.0,1.8789928598271325e-05,0.9571856331544238,0.04375761616724396,0.9557840532504975,0.9585872130583502,4.2167808219178085
36946,1.0,53219.0,1.8790281666322178e-05,0.95716764736677,0.04377640644891028,0.9557656505430107,0.9585696441905293,4.217579908675799
36952,1.0,53218.0,1.8790634747641775e-05,0.9571496615791161,0.04379519708365792,0.9557472479756247,0.9585520751826074,4.218264840182648
36958,1.0,53217.0,1.8790987842230865e-05,0.9571316757914622,0.04381398807150015,0.9557288455482149,0.9585345060347095,4.2189497716894975
36969,1.0,53216.0,1.87913409500902e-05,0.9571136900038083,0.04383277941245024,0.9557104432606565,0.9585169367469601,4.220205479452055
37004,1.0,53208.0,1.8794166290783342e-05,0.9570957018499592,0.043851573578741025,0.9556920386336194,0.958499365066299,4.224200913242009
37037,1.0,53201.0,1.8796639160918027e-05,0.9570777116674091,0.043870370217901945,0.9556736320206841,0.958481791314134,4.22796803652968
37047,1.0,53199.0,1.8797345814770953e-05,0.9570597211466912,0.04388916756371672,0.9556552251930519,0.9584642171003306,4.229109589041096
37063,2.0,53191.0,3.760034592318249e-05,0.957023735370107,0.043926767909639904,0.9556184069950917,0.9584290637451223,4.230936073059361
37072,1.0,53189.0,1.880087988117844e-05,0.9570057424818149,0.043945568789521085,0.9555999981051637,0.9584114868584661,4.231963470319634
37095,2.0,53182.0,3.760670903689218e-05,0.9569697526453108,0.04398317549855798,0.9555631764893222,0.9583763288012994,4.234589041095891
37097,1.0,53180.0,1.8804061677322302e-05,0.9569517577270588,0.0440019795602353,0.9555447658899916,0.9583587495641259,4.234817351598173
37108,1.0,53179.0,1.880441527670697e-05,0.9569337628088067,0.044020783975512005,0.9555263554295568,0.9583411701880566,4.236073059360731
37112,1.0,53178.0,1.880476888939035e-05,0.9569157678905547,0.04403958874440139,0.9555079451078947,0.9583235906732146,4.2365296803652965
37117,1.0,53177.0,1.8805122515373186e-05,0.9568977729723026,0.04405839386691677,0.9554895349248828,0.9583060110197225,4.237100456621005
37118,1.0,53176.0,1.8805476154656235e-05,0.9568797780540506,0.04407719934307142,0.9554711248803981,0.958288431227703,4.2372146118721465
37119,1.0,53175.0,1.8805829807240245e-05,0.9568617831357984,0.04409600517287866,0.9554527149743184,0.9582708512972784,4.237328767123287
37121,2.0,53173.0,3.761307430462829e-05,0.95682579262245,0.044133618247183294,0.9554158948678518,0.9582356903770483,4.237557077625571
37122,1.0,53171.0,1.880724455060089e-05,0.9568077973657758,0.04415242549173389,0.9553974850217531,0.9582181097097985,4.237671232876712
37125,1.0,53170.0,1.880759826970096e-05,0.9567898021091017,0.04417123309000359,0.955379075313582,0.9582005289046214,4.238013698630137
37127,1.0,53169.0,1.8807952002106492e-05,0.9567718068524275,0.0441900410420057,0.9553606657432165,0.9581829479616384,4.23824200913242
37146,1.0,53167.0,1.880865950683695e-05,0.9567538112572866,0.04420884970151254,0.9553422559559922,0.9581653665585811,4.24041095890411
37154,1.0,53164.0,1.880972086374238e-05,0.9567358149851616,0.04422765942237628,0.9553238455972101,0.9581477843731131,4.241324200913242
37169,1.0,53162.0,1.8810428501561265e-05,0.9567178183745189,0.044246469850877844,0.9553054350213134,0.9581302017277243,4.243036529680365
37184,1.0,53159.0,1.8811490058127504e-05,0.9566998210867901,0.04426528134093597,0.9552870238735597,0.9581126183000205,4.244748858447489
37186,1.0,53158.0,1.88118439369427e-05,0.9566818237990613,0.04428409318487291,0.9552686128630687,0.9580950347350539,4.244977168949772
37187,1.0,53157.0,1.881219782907237e-05,0.9566638265113325,0.044302905382701985,0.9552502019897203,0.9580774510329447,4.245091324200914
37202,1.0,53155.0,1.881290565327815e-05,0.9566458288850225,0.044321718288355266,0.9552317908987583,0.9580598668712866,4.246803652968037
37211,1.0,53150.0,1.881467544684854e-05,0.9566278299042345,0.044340532963802116,0.9552133785260233,0.9580422812824456,4.24783105022831
37212,1.0,53149.0,1.8815029445521083e-05,0.9566098309234463,0.04435934799324764,0.9551949662901214,0.9580246955567713,4.247945205479452
37253,1.0,53142.0,1.881750780926574e-05,0.9565918299104824,0.0443781655010569,0.9551765520624751,0.9580071077584897,4.252625570776256
37290,1.0,53140.0,1.881821603312006e-05,0.9565738285587716,0.04439698371709002,0.9551581376166918,0.9579895195008514,4.256849315068493
37303,1.0,53137.0,1.8819278468863505e-05,0.9565558265295159,0.04441580299555888,0.9551397225978253,0.9579719304612064,4.258333333333334
37309,1.0,53135.0,1.881998682600922e-05,0.9565378241614623,0.04443462298238489,0.9551213073605692,0.9579543409623553,4.259018264840183
37312,1.0,53134.0,1.8820341024579367e-05,0.9565198217934086,0.04445344332340947,0.9551028922596512,0.9579367513271659,4.259360730593607
37327,1.0,53129.0,1.882211221743304e-05,0.9565018180699845,0.0444722654356269,0.9550844758754545,0.9579191602645144,4.26107305936073
37360,1.0,53116.0,1.8826718879433692e-05,0.956483810279148,0.044491092154506334,0.9550660553675722,0.9579015651907238,4.264840182648402
37384,1.0,53113.0,1.8827782275525767e-05,0.9564658018102179,0.04450991993678186,0.9550476342856691,0.9578839693347667,4.267579908675799
37389,1.0,53111.0,1.8828491272994294e-05,0.9564477930022156,0.044528748428054855,0.9550292129847077,0.9578663730197235,4.2681506849315065
37407,1.0,53108.0,1.8829554869322888e-05,0.9564297835160176,0.04454757798292418,0.9550107911094298,0.9578487759226054,4.270205479452055
37429,1.0,53105.0,1.8830618585820544e-05,0.95641177335156,0.044566408601509996,0.9549923686596791,0.957831178043441,4.272716894977169
37441,1.0,53100.0,1.8832391713747646e-05,0.9563937618304046,0.044585240993223745,0.9549739449248734,0.9578135787359358,4.274086757990868
37455,1.0,53099.0,1.8832746379404508e-05,0.9563757503092493,0.04460407373960315,0.9549555213257331,0.9577959792927654,4.2756849315068495
37468,1.0,53095.0,1.883416517562859e-05,0.9563577377703979,0.044622907904778776,0.9549370967963875,0.9577783787444083,4.277168949771689
37513,1.0,53086.0,1.8837358248879177e-05,0.9563397225170774,0.04464174526302765,0.9549186695598788,0.9577607754742761,4.282305936073059
37518,1.0,53083.0,1.883842284723923e-05,0.956321706584999,0.04466058368587489,0.9549002417479977,0.9577431714220004,4.282876712328767
37535,1.0,53079.0,1.8839842498916708e-05,0.9563036896346686,0.044679423528373806,0.9548818130051405,0.9577255662641967,4.284817351598173
37546,1.0,53076.0,1.884090737809933e-05,0.9562856720054268,0.04469826443575191,0.9548633836865825,0.9577079603242711,4.286073059360731
37550,1.0,53074.0,1.8841617364434563e-05,0.9562676540367038,0.044717106053116344,0.9548449541476747,0.9576903539257329,4.286529680365297
37557,1.0,53072.0,1.8842327404280977e-05,0.9562496357284803,0.044735948380520626,0.9548265243882943,0.9576727470686663,4.287328767123288
37558,1.0,53071.0,1.8842682444272768e-05,0.9562316174202569,0.0447547910629649,0.9548080947638425,0.9576551400766712,4.287442922374429
37582,2.0,53064.0,3.769033619779888e-05,0.9561955767291133,0.0447924813991627,0.9547712316526037,0.9576199218056228,4.290182648401826
37604,1.0,53058.0,1.8847299182027217e-05,0.9561775550250021,0.04481132869834473,0.9547527988764747,0.9576023111735296,4.29269406392694
37607,1.0,53057.0,1.884765440940875e-05,0.956159533320891,0.04483017635275414,0.9547343662349088,0.9575847004068732,4.293036529680365
37610,1.0,53055.0,1.8848364904344547e-05,0.9561415112771002,0.04484902471765848,0.9547159333721204,0.9575670891820801,4.29337899543379
37627,1.0,53052.0,1.8849430747191434e-05,0.956123488553899,0.04486787414840567,0.9546974999322888,0.9575494771755091,4.295319634703197
37643,1.0,53049.0,1.8850496710588324e-05,0.9561054651512231,0.04488672464511626,0.9546790659152599,0.9575318643871863,4.297146118721461
37646,1.0,53047.0,1.885120741983524e-05,0.9560874414087842,0.0449055758525361,0.9546606316766366,0.9575142511409318,4.297488584474886
37648,1.0,53046.0,1.885156279455567e-05,0.9560694176663453,0.044924427415330655,0.9546421975720569,0.9574966377606338,4.297716894977169
37660,1.0,53043.0,1.8852628999113928e-05,0.9560513932443166,0.04494328004432977,0.9546237628898698,0.9574790235987635,4.299086757990867
37661,1.0,53042.0,1.8852984427434862e-05,0.9560333688222881,0.044962133028757206,0.9546053283415156,0.9574614093030606,4.299200913242009
37663,1.0,53040.0,1.885369532428356e-05,0.9560153440604324,0.04498098672408149,0.9545868935710867,0.9574437945497781,4.299429223744292
37667,1.0,53039.0,1.8854050792812836e-05,0.9559973192985768,0.0449998407748743,0.9545684589342703,0.9574261796628832,4.299885844748858
37678,1.0,53037.0,1.8854761770085037e-05,0.9559792941968686,0.045018695536644386,0.9545500240751422,0.9574085643185949,4.301141552511416
37679,1.0,53036.0,1.8855117278829475e-05,0.9559612690951603,0.04503755065392322,0.9545315893494067,0.9573909488409139,4.301255707762557
37693,1.0,53034.0,1.8855828336538824e-05,0.955943243653574,0.04505640648225975,0.9545131544011227,0.9573733329060252,4.302853881278539
37705,1.0,53030.0,1.8857250612860646e-05,0.9559252171922566,0.045075263732872614,0.9544947185184443,0.957355715866069,4.304223744292237
37723,1.0,53027.0,1.8858317460916138e-05,0.9559071900510419,0.04509412205033353,0.9544762820570708,0.9573380980450129,4.306278538812785
37726,1.0,53026.0,1.885867310376042e-05,0.9558891629098271,0.04511298072343729,0.9544578457286927,0.9573204800909614,4.30662100456621
37731,1.0,53024.0,1.8859384429692215e-05,0.9558711354286316,0.045131840107866986,0.9544394091772797,0.9573028616799835,4.307191780821918
37739,1.0,53021.0,1.886045151920937e-05,0.9558531072674232,0.04515070055938619,0.954420972046766,0.9572852424880804,4.30810502283105
37740,1.0,53020.0,1.886080724254998e-05,0.9558350791062149,0.045169561366628745,0.9544025350489364,0.9572676231634935,4.308219178082192
37743,1.0,53019.0,1.8861162979309303e-05,0.9558170509450065,0.04518842252960806,0.9543840981836768,0.9572500037063362,4.308561643835616
37747,1.0,53018.0,1.88615187294881e-05,0.955799022783798,0.04520728404833754,0.9543656614508741,0.957232384116722,4.309018264840183
37748,1.0,53017.0,1.8861874493087124e-05,0.9557809946225897,0.04522614592283063,0.954347224850415,0.9572147643947644,4.309132420091324
37749,1.0,53016.0,1.8862230270107137e-05,0.9557629664613813,0.04524500815310074,0.9543287883821865,0.957197144540576,4.309246575342466
37750,1.0,53015.0,1.88625860605489e-05,0.9557449383001729,0.045263870739161285,0.9543103520460757,0.9571795245542701,4.309360730593608
37755,1.0,53013.0,1.8863297681700716e-05,0.955726909798894,0.045282734036842985,0.954291915485997,0.9571619041117909,4.309931506849315
37772,1.0,53011.0,1.886400935654864e-05,0.9557088809575252,0.045301598046199536,0.9542734787018322,0.9571442832132181,4.311872146118722
37775,1.0,53009.0,1.8864721085098757e-05,0.9556908517760473,0.04532046276728464,0.9542550416934631,0.9571266618586315,4.312214611872146
37776,1.0,53008.0,1.8865076969514034e-05,0.9556728225945695,0.04533932784425415,0.9542366048167916,0.9571090403723475,4.3123287671232875
37786,1.0,53003.0,1.8866856593023037e-05,0.9556547920524758,0.045358194700847176,0.9542181666475366,0.9570914174574151,4.313470319634703
37794,1.0,53001.0,1.8867568536442707e-05,0.9556367611701896,0.04537706226938362,0.9541997282537161,0.957073794086663,4.314383561643836
37798,1.0,53000.0,1.8867924528301888e-05,0.9556187302879033,0.04539593019391192,0.9541812899913067,0.9570561705845,4.3148401826484015
37804,1.0,52998.0,1.886863655232273e-05,0.9556006990653989,0.045414798830464245,0.9541628515041007,0.9570385466266971,4.3155251141552515
37806,1.0,52996.0,1.886934863008529e-05,0.9555826675026571,0.04543366817909433,0.9541444127919807,0.9570209222133335,4.315753424657534
37824,1.0,52992.0,1.8870772946859902e-05,0.9555646349191067,0.04545253895204119,0.9541259731425337,0.9570032966956797,4.317808219178082
37837,1.0,52987.0,1.8872553645233735e-05,0.9555466009742728,0.04547141150568643,0.9541075321993364,0.9569856697492092,4.319292237442922
37905,1.0,52978.0,1.887575974932991e-05,0.9555285643062035,0.045490287265435754,0.9540890885368766,0.9569680400755304,4.3270547945205475
37908,1.0,52977.0,1.8876116050361476e-05,0.9555105276381343,0.04550916338148612,0.954070645005328,0.9569504102709405,4.3273972602739725
37910,1.0,52976.0,1.8876472364844458e-05,0.955492490970065,0.04552803985385096,0.9540522016045795,0.9569327803355504,4.327625570776256
37912,1.0,52975.0,1.8876828692779613e-05,0.9554744543019957,0.045546916682543744,0.9540337583345205,0.9569151502694709,4.327853881278539
37914,1.0,52974.0,1.8877185034167705e-05,0.9554564176339265,0.04556579386757791,0.9540153151950402,0.9568975200728128,4.328082191780822
37958,1.0,52964.0,1.8880749188127784e-05,0.955438377900945,0.04558467461676604,0.9539968689784064,0.9568798868234836,4.333105022831051
37968,1.0,52963.0,1.8881105677548476e-05,0.9554203381679635,0.04560355572244359,0.9539784228922192,0.9568622534437077,4.3342465753424655
37977,1.0,52962.0,1.8881462180431253e-05,0.9554022984349819,0.04562243718462402,0.9539599769363685,0.9568446199335954,4.33527397260274
37984,1.0,52960.0,1.8882175226586103e-05,0.955384258361371,0.04564131935985061,0.9539415307542667,0.9568269859684753,4.33607305936073
37989,1.0,52959.0,1.8882531769859703e-05,0.95536621828776,0.04566020189162047,0.953923084702291,0.956809351873229,4.336643835616439
37991,1.0,52958.0,1.8882888326598438e-05,0.9553481782141491,0.04567908477994707,0.9539046387803318,0.9567917176479663,4.336872146118721
38007,1.0,52957.0,1.8883244896803068e-05,0.9553301381405381,0.04569796802484387,0.9538861929882793,0.956774083292797,4.338698630136986
38032,1.0,52954.0,1.8884314688219965e-05,0.9553120973855783,0.045716852339532085,0.9538677466130124,0.9567564481581442,4.341552511415525
38037,1.0,52951.0,1.8885384600857397e-05,0.9552940559492054,0.04573573772413294,0.9538492996543827,0.956738812244028,4.342123287671233
38046,1.0,52945.0,1.8887524789876286e-05,0.9552760128090421,0.04575462524892281,0.9538308510424435,0.9567211745756407,4.343150684931507
38048,1.0,52943.0,1.8888238294014318e-05,0.9552579693280756,0.045773513487216824,0.9538124022034332,0.956703536452718,4.34337899543379
38080,1.0,52939.0,1.8889665464024632e-05,0.9552399248246032,0.04579240315268085,0.9537939524239064,0.9566858972253,4.34703196347032
38086,1.0,52937.0,1.889037912990914e-05,0.9552218799802632,0.04581129353181076,0.9537755024170707,0.9566682575434557,4.347716894977169
38087,1.0,52935.0,1.8891092849721356e-05,0.9552038347950365,0.04583018462466048,0.9537570521828114,0.9566506174072615,4.347831050228311
38104,1.0,52926.0,1.889430525639572e-05,0.9551857868821998,0.045849078929916874,0.9537385992235909,0.9566329745408086,4.349771689497717
38105,1.0,52925.0,1.889466225791214e-05,0.9551677389693631,0.04586797359217479,0.9537201463935215,0.9566153315452047,4.349885844748859
38108,1.0,52924.0,1.889501927291966e-05,0.9551496910565265,0.04588686861144771,0.9537016936924948,0.9565976884205581,4.350228310502283
38128,1.0,52919.0,1.8896804550350536e-05,0.9551316417794983,0.04590576541599806,0.953683239692976,0.9565800438660206,4.352511415525115
38133,1.0,52917.0,1.8897518755787366e-05,0.9551135921613835,0.04592466293475384,0.9536647854654293,0.9565623988573376,4.353082191780822
38137,1.0,52915.0,1.8898233015213076e-05,0.9550955422021628,0.045943561167769056,0.9536463310097407,0.9565447533945848,4.353538812785388
38148,1.0,52911.0,1.889966169605564e-05,0.9550774912195277,0.04596246082946511,0.9536278756119055,0.9565271068271498,4.354794520547945
38161,1.0,52908.0,1.890073334845392e-05,0.9550594395545391,0.045981361562813565,0.9536094196287107,0.9565094594803675,4.356278538812785
38167,1.0,52907.0,1.890109059292721e-05,0.9550413878895505,0.04600026265340649,0.9535909637740183,0.9564918120050827,4.356963470319634
38176,1.0,52906.0,1.890144785090538e-05,0.9550233362245619,0.04601916410125739,0.953572508047721,0.9564741644014029,4.357990867579908
38178,2.0,52905.0,3.780361024477838e-05,0.9549872328945846,0.046056967711502174,0.9535355969798827,0.9564388688092866,4.358219178082192
38180,1.0,52903.0,1.8902519705876793e-05,0.954969181229596,0.04607587023120805,0.9535171416381276,0.9564212208210643,4.358447488584475
38204,1.0,52832.0,1.8927922471229557e-05,0.9549511056469712,0.04609479815367928,0.9534986614003822,0.9564035498935601,4.361187214611872
38208,1.0,52687.0,1.8980014045210393e-05,0.9549329806615735,0.04611377816772449,0.9534801295991486,0.9563858317239984,4.361643835616438
38221,1.0,52380.0,1.9091256204658265e-05,0.9549147497913814,0.04613286942392915,0.9534614871161576,0.9563680124666051,4.363127853881278
38225,1.0,52369.0,1.9095266283488324e-05,0.954896515439956,0.046151964690212634,0.9534428411222872,0.9563501897576249,4.363584474885845
38233,1.0,52365.0,1.9096724911677647e-05,0.9548782800438816,0.04617106141512431,0.9534241941678101,0.9563323659199532,4.364497716894977
38249,1.0,52314.0,1.9115341973467904e-05,0.9548600272190155,0.04619017675709778,0.9534055291039674,0.9563145253340637,4.366324200913242
38251,1.0,52312.0,1.91160727940052e-05,0.9548417740452271,0.046209292829891786,0.9533868638080075,0.9562966842824466,4.3665525114155255
38263,1.0,52311.0,1.9116438225229875e-05,0.9548235208714386,0.04622840926811701,0.9533681986450346,0.9562788430978426,4.367922374429224
38269,1.0,52310.0,1.9116803670426305e-05,0.9548052676976503,0.04624752607178744,0.953349533614936,0.9562610017803646,4.368607305936073
38272,1.0,52309.0,1.911716912959529e-05,0.9547870145238618,0.04626664324091704,0.9533308687175986,0.956243160330125,4.368949771689498
38274,1.0,52308.0,1.911753460273763e-05,0.9547687613500735,0.046285760775519776,0.9533122039529102,0.9562253187472368,4.369178082191781
38296,1.0,52301.0,1.9120093306055333e-05,0.9547505060822707,0.04630488086882583,0.9532935371291531,0.9562074750353884,4.371689497716895
38298,1.0,52292.0,1.9123384074045743e-05,0.954732248021648,0.04632400425289988,0.953274867514924,0.9561896285283721,4.3719178082191785
38325,1.0,51659.0,1.9357711144234305e-05,0.9547137665905707,0.04634336196404411,0.9532559641909297,0.9561715689902117,4.375
38333,1.0,51510.0,1.9413706076490002e-05,0.9546952320581189,0.0463627756701206,0.9532370053965084,0.9561534587197295,4.3759132420091325
38338,1.0,51507.0,1.9414836818296542e-05,0.9546766968059772,0.0463821905069389,0.9532180459887813,0.9561353476231731,4.37648401826484
38361,1.0,51466.0,1.943030350134069e-05,0.9546581471480126,0.04640162081044024,0.9531990716342721,0.956117222661753,4.379109589041096
38366,1.0,51443.0,1.9438990727601424e-05,0.9546395895571421,0.04642105980116784,0.9531800891122096,0.9560990900020746,4.379680365296804
38373,1.0,51416.0,1.9449198693013848e-05,0.9546210225820846,0.04644050899986085,0.9531610969026996,0.9560809482614696,4.380479452054795
38385,1.0,51413.0,1.945033357322078e-05,0.9546024548847594,0.046459959333434074,0.9531421040776576,0.9560628056918611,4.381849315068493
38397,1.0,51411.0,1.9451090233607594e-05,0.9545838868262722,0.04647941042366768,0.9531231110151781,0.9560446626373662,4.383219178082192
38422,1.0,51407.0,1.9452603731009395e-05,0.9545653176841937,0.046498863027398696,0.9531041169585629,0.9560265184098246,4.38607305936073
38432,1.0,51401.0,1.9454874418785626e-05,0.9545467467358136,0.04651831790181748,0.9530851211508565,0.9560083723207707,4.387214611872146
38435,2.0,51400.0,3.891050583657588e-05,0.9545096048390534,0.046557228407654055,0.9530471299569341,0.9559720797211728,4.387557077625571
38467,1.0,51394.0,1.945752422461766e-05,0.9544910324452947,0.04657668593187867,0.9530281330568199,0.9559539318337694,4.391210045662101
38477,1.0,51393.0,1.9457902827233282e-05,0.9544724600515359,0.0465961438347059,0.9530091362969202,0.9559357838061515,4.392351598173516
38479,1.0,51392.0,1.9458281444582814e-05,0.9544538876577771,0.046615602116150484,0.9529901396771128,0.9559176356384413,4.392579908675799
38481,1.0,51391.0,1.945866007666712e-05,0.9544353152640183,0.04663506077622715,0.952971143197276,0.9558994873307605,4.392808219178082
38491,1.0,51364.0,1.94688887158321e-05,0.954416733469079,0.04665452966494298,0.9529521370124452,0.9558813299257127,4.393949771689497
38516,1.0,51232.0,1.9519050593379137e-05,0.9543981041605712,0.04667404871553636,0.9529330812089343,0.9558631271122082,4.396803652968036
38519,1.0,51229.0,1.9520193640320913e-05,0.9543794741247681,0.04669356890917668,0.952914024785051,0.9558449234644851,4.397146118721461
38534,1.0,51224.0,1.952209901608621e-05,0.9543608426341753,0.04671309100819277,0.9528949669788062,0.9558267182895445,4.398858447488585
38538,1.0,51223.0,1.9522480135876462e-05,0.9543422111435825,0.04673261348832865,0.9528759093137055,0.9558085129734596,4.39931506849315
38554,1.0,51172.0,1.9541936996795123e-05,0.954323561448219,0.046752155425325445,0.9528568327240365,0.9557902901724014,4.401141552511415
38561,1.0,51060.0,1.9584802193497844e-05,0.9543048712100394,0.04677174022751894,0.9528377138133994,0.9557720286066793,4.401940639269406
38562,1.0,51048.0,1.9589406049208588e-05,0.9542861769444225,0.04679132963356815,0.952818590827019,0.955753763061826,4.402054794520548
38564,1.0,51026.0,1.9597852075412535e-05,0.9542674749850891,0.04681092748564356,0.9527994599248609,0.9557354900453173,4.402283105022831
38582,1.0,50854.0,1.9664136547764188e-05,0.9542487101391579,0.046830591622191324,0.9527802632935995,0.9557171569847163,4.404337899543379
38591,1.0,50853.0,1.9664523233634202e-05,0.9542299452932267,0.04685025614542496,0.9527610668068054,0.955698823779648,4.405365296803653
38631,1.0,50845.0,1.9667617268167962e-05,0.9542111778638769,0.046869923762693125,0.952741867758156,0.9556804879695978,4.409931506849315
38632,1.0,50844.0,1.966800409094485e-05,0.9541924104345271,0.04688959176678407,0.9527226688537987,0.9556621520152554,4.4100456621004565
38634,2.0,50843.0,3.933678185787621e-05,0.9541548755758273,0.046928928548641946,0.9526842714774533,0.9556254796742014,4.41027397260274
38641,1.0,50839.0,1.9669938433092703e-05,0.9541361074081691,0.04694859848707504,0.9526650722318557,0.9556071425844825,4.411073059360731
38686,1.0,50535.0,1.9788265558523794e-05,0.9541172267094968,0.04696838675263357,0.952645755242272,0.9555886981767217,4.4162100456621
38700,1.0,50528.0,1.9791006966434452e-05,0.9540983437688162,0.0469881777596,0.9526264360508095,0.9555702514868228,4.417808219178082
38743,1.0,50498.0,1.9802764465919442e-05,0.9540794499840373,0.04700798052406592,0.9526071056446552,0.9555517943234193,4.422716894977169
38744,1.0,50497.0,1.9803156623165734e-05,0.9540605561992582,0.047027783680689085,0.9525877753858039,0.9555333370127126,4.422831050228311
38748,1.0,50496.0,1.9803548795944232e-05,0.9540416624144793,0.04704758722948503,0.9525684452741249,0.9555148795548337,4.423287671232877
38768,1.0,50494.0,1.9804333188101555e-05,0.9540227682555215,0.04706739156267313,0.9525491149174569,0.955496421593586,4.425570776255708
38770,1.0,50493.0,1.9804725407482227e-05,0.9540038740965636,0.04708719628808061,0.9525297847077115,0.9554779634854157,4.425799086757991
38784,1.0,50490.0,1.9805902158843335e-05,0.953984979189174,0.04710700219023946,0.9525104538606414,0.9554595045177067,4.427397260273972
38808,1.0,50484.0,1.9808256081134617e-05,0.9539660824104087,0.04712681044632059,0.9524911211996754,0.955441043621142,4.4301369863013695
38830,1.0,50451.0,1.982121266179065e-05,0.9539471736458172,0.04714663165898238,0.9524717761281151,0.9554225711635193,4.4326484018264845
38834,1.0,50450.0,1.9821605550049552e-05,0.9539282648812256,0.04716645326453243,0.9524524312034102,0.9554040985590411,4.43310502283105
38842,1.0,50446.0,1.982317725885105e-05,0.9539093549921386,0.047186276441791276,0.9524330852473434,0.9553856247369338,4.434018264840183
38843,2.0,50445.0,3.964714044999505e-05,0.9538715352139646,0.04722592358224127,0.9523943937749703,0.955348676652959,4.434132420091324
38847,1.0,50442.0,1.9824749216922404e-05,0.9538526249499939,0.04724574833145819,0.9523750478656705,0.9553302020343173,4.43458904109589
38850,1.0,50441.0,1.9825142245395612e-05,0.9538337146860231,0.04726557347370359,0.9523557021026234,0.9553117272694227,4.434931506849315
38867,1.0,50438.0,1.982632142432293e-05,0.9538148036722104,0.047285399795127914,0.9523363557001755,0.9552932516442453,4.436872146118722
38881,1.0,50437.0,1.9826714515137696e-05,0.9537958926583976,0.04730522650964305,0.9523170094437452,0.95527477587305,4.438470319634703
38925,1.0,50426.0,1.983103954309285e-05,0.9537769778943342,0.047325057549186145,0.9522976594045804,0.955256296384088,4.443493150684931
38955,1.0,50375.0,1.9851116625310175e-05,0.9537580443563115,0.04734490866581145,0.9522782898441209,0.9552377988685021,4.446917808219178
38977,1.0,50369.0,1.985348130794735e-05,0.9537391089388055,0.0473647621471194,0.9522589184610616,0.9552192994165495,4.449429223744292
38995,1.0,50327.0,1.9870049873825184e-05,0.9537201580951443,0.04738463219699322,0.952239531063872,0.9552007851264166,4.45148401826484
39001,1.0,50321.0,1.987241906957334e-05,0.9537012053684876,0.0474045046160628,0.9522201418406516,0.9551822688963235,4.452168949771689
39006,1.0,50314.0,1.987518384545057e-05,0.9536822503816972,0.047424379799908246,0.9522007503962592,0.9551637503671352,4.4527397260273975
39026,1.0,50302.0,1.9879925251481054e-05,0.953663291249846,0.047444259725159726,0.9521813547560237,0.9551452277436682,4.455022831050228
39037,1.0,50301.0,1.988032047076599e-05,0.9536443321179947,0.047464140045630494,0.9521619592622584,0.955126704973731,4.456278538812786
39053,1.0,50297.0,1.9881901505059945e-05,0.9536253718553127,0.04748402194713555,0.9521425627302159,0.9551081809804095,4.458105022831051
39055,1.0,50296.0,1.9882296802926675e-05,0.9536064115926307,0.04750390424393848,0.9521231663444201,0.9550896568408414,4.458333333333333
39062,1.0,50293.0,1.9883482790845645e-05,0.9535874505759566,0.04752378772672933,0.9521037693149071,0.9550711318370061,4.459132420091324
39063,1.0,50291.0,1.9884273528066653e-05,0.9535684891822565,0.04754367200025739,0.9520843720364626,0.9550526063280503,4.4592465753424655
39064,1.0,50290.0,1.9884668920262478e-05,0.9535495277885563,0.04756355666917766,0.9520649749039132,0.9550340806731994,4.459360730593607
39067,1.0,50289.0,1.98850643281831e-05,0.9535305663948561,0.047583441733505843,0.9520455779171304,0.9550155548725818,4.459703196347032
39086,1.0,50286.0,1.9886250646303147e-05,0.9535116042470139,0.04760332798415215,0.952026180286037,0.9549970282079907,4.461872146118721
39116,1.0,50111.0,1.9955698349663746e-05,0.9534925762570666,0.047623283682501814,0.9520067138274659,0.9549784386866673,4.465296803652968
39139,1.0,49212.0,2.0320247094204664e-05,0.9534732010523146,0.04764360392959602,0.9519868836108338,0.9549595184937953,4.467922374429223
39156,1.0,49197.0,2.032644266926845e-05,0.9534538203339568,0.04766393037226529,0.9519670477714802,0.9549405928964333,4.46986301369863
39185,2.0,49143.0,4.069755611175549e-05,0.9534150170936037,0.04770462792837704,0.9519273327361696,0.9549027014510377,4.473173515981735
39229,1.0,49127.0,2.03554053778981e-05,0.9533956099444373,0.04772498333375494,0.9519074696594358,0.9548837502294387,4.478196347031964
39235,1.0,49125.0,2.035623409669211e-05,0.9533762024002145,0.04774533956785163,0.9518876063272873,0.9548647984731417,4.478881278538813
39264,1.0,49119.0,2.0358720657993852e-05,0.9533567928804279,0.04776569828850963,0.9518677410824189,0.9548458446784368,4.482191780821918
39265,1.0,49118.0,2.0359135143939086e-05,0.9533373833606412,0.04778605742365357,0.9518478759961472,0.9548268907251353,4.482305936073059
39269,1.0,49117.0,2.0359549646761813e-05,0.9533179738408546,0.047806416973300334,0.9518280110683266,0.9548079366133826,4.482762557077626
39274,1.0,49114.0,2.0360793256505274e-05,0.9532985635306815,0.04782677776655684,0.9518081454701189,0.9547889815912441,4.483333333333333
39289,1.0,49106.0,2.0364110292021342e-05,0.9532791504535926,0.04784714187684886,0.9517882771291124,0.9547700237780727,4.485045662100457
39338,1.0,49096.0,2.0368258106566727e-05,0.9532597338178085,0.047867510134955424,0.9517684052151351,0.9547510624204819,4.490639269406393
39354,1.0,49093.0,2.036950278043713e-05,0.95324031639101,0.04788787963773586,0.9517485326299321,0.954732100152088,4.492465753424658
39357,1.0,49091.0,2.0370332647532136e-05,0.9532208985686721,0.04790824997038339,0.9517286597880209,0.9547131373493233,4.492808219178082
39358,1.0,49090.0,2.0370747606437155e-05,0.9532014807463342,0.047928620717989825,0.9517087871039621,0.9546941743887062,4.492922374429224
39363,1.0,49087.0,2.03719925845947e-05,0.9531820621328367,0.04794899271057442,0.9516889137481659,0.9546752105175076,4.493493150684931
39365,1.0,49085.0,2.037282265457879e-05,0.9531626431237274,0.047969365533229,0.9516690401352086,0.9546562461122463,4.4937214611872145
39383,1.0,49083.0,2.0373652792209116e-05,0.953143223718982,0.04798973918602121,0.9516491662649396,0.9546372811730244,4.495776255707763
39387,1.0,49082.0,2.0374067886394197e-05,0.9531238043142365,0.0480101132539076,0.9516292925519986,0.9546183160764744,4.4962328767123285
39407,1.0,49080.0,2.0374898125509373e-05,0.9531043845138225,0.04803048815203311,0.9516094185814497,0.9545993504461954,4.49851598173516
39427,1.0,49077.0,2.037614361106017e-05,0.9530849639220074,0.048050864295644174,0.9515895439383139,0.9545803839057009,4.500799086757991
39444,1.0,49073.0,2.0377804495343672e-05,0.953065542142945,0.048071242100139515,0.9515696682075164,0.9545614160783736,4.502739726027397
39466,1.0,49068.0,2.0379880981495067e-05,0.9530461187806286,0.04809162198112101,0.9515497909738354,0.9545424465874218,4.505251141552511
39469,1.0,49067.0,2.038029632950863e-05,0.9530266954183121,0.04811200227745052,0.951529913896895,0.9545234769397292,4.505593607305936
39470,1.0,49066.0,2.038071169445237e-05,0.9530072720559957,0.048132382989144976,0.9515100369765529,0.9545045071354384,4.505707762557078
39473,2.0,49065.0,4.0762254152654645e-05,0.9529684253313628,0.04817314524329763,0.9514702836050943,0.9544665670576313,4.506050228310502
39476,1.0,49063.0,2.0381957890874998e-05,0.9529490019690464,0.04819352720118851,0.9514504071536941,0.9544475967843987,4.506392694063927
39477,1.0,49062.0,2.0382373323549794e-05,0.95292957860673,0.04821390957451206,0.9514305308583242,0.9544286263551358,4.506506849315069
39499,1.0,49043.0,2.0390269763268967e-05,0.9529101481155567,0.04823429984427533,0.9514106472464035,0.95440964898471,4.509018264840183
39500,1.0,49038.0,2.0392348790733716e-05,0.9528907160394502,0.048254692193066065,0.9513907621291452,0.9543906699497552,4.5091324200913245
39505,1.0,49006.0,2.0405664612496427e-05,0.9528712716710863,0.04827509785767856,0.9513708642831032,0.9543716790590694,4.509703196347032
39575,1.0,48861.0,2.04662205030597e-05,0.9528517699975292,0.04829556407818162,0.9513509065220334,0.954352633473025,4.517694063926941
39584,1.0,48859.0,2.0467058269714895e-05,0.9528322679248302,0.04831603113645133,0.9513309485003769,0.9543335873492835,4.518721461187215
39592,1.0,48858.0,2.0467477178762946e-05,0.9528127658521313,0.0483364986136301,0.9513109906364338,0.9543145410678288,4.519634703196347
39605,1.0,48856.0,2.0468315048305225e-05,0.9527932633802577,0.0483569669286784,0.9512910325116074,0.954295494248908,4.521118721461187
39622,1.0,48833.0,2.0477955480924785e-05,0.9527737521222277,0.04837744488415932,0.9512710653337682,0.9542764389106873,4.523059360730594
39627,1.0,48829.0,2.0479633004976552e-05,0.9527542396654475,0.0483979245171643,0.9512510970568725,0.9542573822740225,4.523630136986301
39634,1.0,48820.0,2.0483408439164275e-05,0.9527347240112143,0.048418407925603466,0.9512311255856306,0.954238322436798,4.524429223744292
39644,2.0,48803.0,4.0981087228244165e-05,0.9526956799063842,0.048459389012831706,0.9511911697014053,0.954200190111363,4.525570776255708
39649,1.0,48799.0,2.049222320129511e-05,0.9526761570538685,0.048479881236033,0.9511711911566889,0.9541811229510482,4.526141552511415
39656,1.0,48797.0,2.049306309814128e-05,0.95265663380127,0.04850037429913114,0.951151212349828,0.9541620552527119,4.526940639269406
39665,1.0,48796.0,2.0493483072382983e-05,0.9526371105486713,0.048520867782203526,0.9511312337000751,0.9541429873972674,4.52796803652968
39696,1.0,48707.0,2.0530929845812718e-05,0.9526175520229861,0.04854139871204934,0.9511112182321568,0.9541238858138155,4.531506849315068
39707,1.0,48698.0,2.0534724218653743e-05,0.9525979902842695,0.048561933436267996,0.9510911995540194,0.9541047810145196,4.532762557077626
39714,1.0,48697.0,2.0535145902211634e-05,0.9525784285455529,0.048582468582170205,0.9510711810338014,0.9540856760573043,4.5335616438356166
39725,1.0,48693.0,2.0536832809644097e-05,0.9525588656016277,0.04860300541497985,0.951051161407986,0.9540665697952695,4.534817351598173
39742,1.0,48687.0,2.0539363690512867e-05,0.9525393006486506,0.04862354477867036,0.9510311398338538,0.9540474614634473,4.53675799086758
39757,1.0,48684.0,2.054062936488374e-05,0.9525197348919204,0.04864408540803525,0.9510111175747904,0.9540283522090505,4.538470319634703
39762,1.0,48683.0,2.0541051291005072e-05,0.9525001691351903,0.04866462645932625,0.9509910954732028,0.9540092427971778,4.539041095890411
39765,1.0,48681.0,2.0541895195250714e-05,0.9524806029765425,0.0486851683545215,0.9509710731076547,0.9539901328454302,4.539383561643835
39770,1.0,48670.0,2.054653790836244e-05,0.9524610327977264,0.04870571489242986,0.9509510466853772,0.9539710189100756,4.539954337899544
39776,1.0,48653.0,2.055371713974472e-05,0.9524414561830717,0.048726268609569606,0.9509310136742705,0.953951898691873,4.540639269406393
39803,1.0,48585.0,2.0582484305855718e-05,0.9524218525717476,0.048746851093875464,0.9509109525218942,0.953932752621601,4.543721461187214
39816,1.0,48566.0,2.059053658938352e-05,0.9524022416947436,0.04876744163046485,0.9508908839112438,0.9539135994782435,4.545205479452055
39826,1.0,48558.0,2.0593928909757403e-05,0.9523826279906847,0.0487880355593746,0.9508708124952093,0.9538944434861601,4.54634703196347
39844,1.0,48509.0,2.0614731286977675e-05,0.9523629948787263,0.04880865029066158,0.9508507208926577,0.953875268864795,4.548401826484018
39857,1.0,48486.0,2.0624510167883512e-05,0.9523433528584548,0.048829274800829464,0.9508306201101918,0.9538560856067179,4.549885844748858
39892,1.0,48422.0,2.065176985667672e-05,0.952323685282707,0.04884992657068614,0.9508104926963351,0.953836877869079,4.553881278538813
39897,1.0,48420.0,2.0652622883106156e-05,0.9523040173007723,0.04887057919356925,0.9507903650159875,0.9538176695855571,4.55445205479452
39907,1.0,48418.0,2.0653475980007436e-05,0.9522843489126253,0.048891232669549256,0.9507702370689961,0.9537984607562544,4.555593607305936
39937,1.0,48417.0,2.0653902554887748e-05,0.9522646805244782,0.048911886572104143,0.9507501092810665,0.9537792517678899,4.559018264840183
39940,1.0,48416.0,2.0654329147389292e-05,0.9522450121363312,0.048932540901251535,0.9507299816520538,0.9537600426206085,4.559360730593608
39959,1.0,48406.0,2.0658596041812997e-05,0.9522253400912926,0.04895319949729335,0.9507098503484047,0.9537408298341804,4.561529680365297
39964,1.0,48399.0,2.066158391702308e-05,0.9522056656075204,0.04897386108121037,0.9506897166470702,0.9537216145679706,4.562100456621004
39997,1.0,48396.0,2.0662864699561946e-05,0.9521859903106857,0.04899452394590993,0.9506695822521234,0.9537023983692481,4.565867579908676
40022,1.0,48393.0,2.0664145640898478e-05,0.9521663142007046,0.04901518809155083,0.9506494471633693,0.95368318123804,4.568721461187215
40031,1.0,48392.0,2.066457265663746e-05,0.9521466380907236,0.049035852664207465,0.9506293122330604,0.9536639639483869,4.569748858447489
40042,1.0,48390.0,2.0665426741062202e-05,0.9521269615741275,0.04905651809094853,0.9506091770348357,0.9536447461134192,4.571004566210045
40043,1.0,48389.0,2.066585380975015e-05,0.9521072850575312,0.049077183944758275,0.9505890419947821,0.9536255281202802,4.571118721461187
40046,1.0,48386.0,2.0667135121729426e-05,0.9520876077276205,0.04909785107988,0.950568906260258,0.9536063091949829,4.571461187214612
40059,1.0,48335.0,2.0688941760628942e-05,0.9520679100425531,0.04911854002164063,0.9505487493475949,0.9535870707375113,4.572945205479452
40093,1.0,48321.0,2.0694935949173238e-05,0.9520482070581355,0.0491392349575898,0.9505285870385436,0.9535678270777275,4.576826484018265
40106,1.0,48320.0,2.0695364238410596e-05,0.9520285040737179,0.049159930321828214,0.9505084248879405,0.9535485832594952,4.578310502283105
40107,1.0,48319.0,2.0695792545375527e-05,0.9520088010893003,0.04918062611437359,0.9504882628956421,0.9535293392829585,4.578424657534247
40122,1.0,48317.0,2.0696649212492498e-05,0.9519890976970969,0.04920132276358608,0.9504681006340778,0.9535100947601161,4.58013698630137
40160,1.0,48310.0,2.0699648105982198e-05,0.9519693918577739,0.04922202241169207,0.9504479359655854,0.9534908477499623,4.584474885844749
40161,1.0,48308.0,2.0700505092324253e-05,0.95194968561053,0.049242722916784394,0.9504277710275008,0.9534716001935591,4.5845890410958905
40168,1.0,48305.0,2.0701790704895972e-05,0.9519299785473768,0.04926342470748929,0.9504076053920754,0.9534523517026783,4.585388127853881
40194,1.0,48300.0,2.0703933747412007e-05,0.9519102698521688,0.0492841286412367,0.9503874382037876,0.9534331015005499,4.588356164383562
40205,1.0,48293.0,2.0706934752448596e-05,0.9518905587083207,0.04930483557598915,0.9503672686066964,0.9534138488099451,4.5896118721461185
40226,1.0,48288.0,2.07090788601723e-05,0.9518708459316741,0.04932554465484932,0.9503470974558428,0.9533945944075055,4.592009132420091
40227,1.0,48287.0,2.070950773500114e-05,0.9518511331550276,0.04934625416258432,0.9503269264624656,0.9533753398475895,4.592123287671233
40235,1.0,48283.0,2.0711223411966944e-05,0.9518314191535538,0.04936696538599629,0.9503067543427206,0.9533560839643871,4.593036529680365
40237,1.0,48278.0,2.0713368407970505e-05,0.9518117035187067,0.04938767875440426,0.9502865806683399,0.9533368263690735,4.593264840182648
40241,1.0,48261.0,2.0720664718924182e-05,0.9517919813475225,0.049408399419123186,0.9502664003006852,0.9533175623943598,4.593721461187215
40243,1.0,48253.0,2.072410005595507e-05,0.9517722563152686,0.04942912351917914,0.9502462170917022,0.953298295538835,4.5939497716894975
40251,1.0,48224.0,2.0736562707365627e-05,0.9517525198301924,0.04944986008188651,0.9502260220367444,0.9532790176236403,4.59486301369863
40262,1.0,48215.0,2.074043347505963e-05,0.9517327800703701,0.04947060051536157,0.9502058237070602,0.95325973643368,4.596118721461187
40264,1.0,48214.0,2.074086364956237e-05,0.9517130403105478,0.04949134137901113,0.9501856255347205,0.9532404550863751,4.596347031963471
40301,1.0,48127.0,2.0778357263074782e-05,0.9516932652769843,0.0495121197362742,0.9501653905502007,0.9532211400037679,4.600570776255708
40308,1.0,48087.0,2.0795641233597436e-05,0.9516734742052751,0.0495329153775078,0.9501451389139675,0.9532018094965828,4.601369863013699
40311,1.0,48060.0,2.0807324178110695e-05,0.9516536724267857,0.04955372270168591,0.9501248762141079,0.9531824686394634,4.601712328767123
40328,2.0,47976.0,4.1687510421877605e-05,0.9516140003543984,0.04959541021210779,0.950084279475207,0.9531437212335897,4.6036529680365295
40332,1.0,47962.0,2.0849839456236186e-05,0.9515941593552666,0.049616260051564026,0.9500639761430448,0.9531243425674883,4.604109589041096
40344,1.0,47724.0,2.0953817785600537e-05,0.9515742198246456,0.049637213869349626,0.950043569678796,0.9531048699704953,4.605479452054794
40347,1.0,47527.0,2.1040671618238053e-05,0.9515541980639659,0.04965825454096787,0.9500230771571385,0.9530853189707933,4.605821917808219
40348,1.0,47449.0,2.107525975257645e-05,0.951534143812073,0.04967932980072044,0.9500025507287462,0.9530657368953999,4.605936073059361
40355,1.0,46956.0,2.12965329244399e-05,0.9515138794338506,0.04970062633364488,0.9499818040569714,0.9530459548107297,4.606735159817352
40369,1.0,46665.0,2.1429336762027214e-05,0.9514934891224944,0.049722055670406905,0.9499609254112246,0.9530260528337643,4.608333333333333
40384,1.0,46330.0,2.158428663932657e-05,0.9514729518142897,0.04974363995704623,0.9499398926448614,0.953006010983718,4.610045662100457
40385,1.0,46299.0,2.1598738633663794e-05,0.9514524011986866,0.0497652386956799,0.9499188460898782,0.9529859563074949,4.610159817351598
40399,1.0,46023.0,2.1728266301631794e-05,0.95143172778754,0.04978696696198153,0.9498976707815449,0.9529657847935352,4.61175799086758
40409,1.0,45923.0,2.1775580863619537e-05,0.9514110098090154,0.049808742542845154,0.9498764488554108,0.95294557076262,4.612899543378996
40430,1.0,45753.0,2.1856490284790067e-05,0.9513902153035227,0.049830599033129946,0.9498551467388329,0.9529252838682126,4.615296803652968
40432,1.0,45750.0,2.185792349726776e-05,0.9513694198889806,0.04985245695662721,0.9498338438580922,0.952904995919869,4.615525114155251
40434,1.0,45748.0,2.185887907668095e-05,0.951348624019874,0.04987431583570389,0.9498125406904355,0.9528847073493124,4.615753424657535
40455,1.0,45723.0,2.187083087286486e-05,0.9513278172350168,0.049896186666576754,0.9497912262473753,0.9528644082226583,4.618150684931507
40464,2.0,45720.0,4.374453193350831e-05,0.9512862018449366,0.049939931198510264,0.9497485960207944,0.9528238076690788,4.619178082191781
40469,1.0,45716.0,2.1874179718260565e-05,0.951265393239594,0.04996180537822852,0.9497272802368346,0.9528035062423534,4.619748858447489
40487,1.0,45691.0,2.1886148256768292e-05,0.951244573704166,0.04998369152648529,0.9497059531625531,0.952783194245779,4.621803652968037
40498,1.0,45650.0,2.190580503833516e-05,0.9512237359259906,0.05000559733152363,0.949684607116965,0.9527628647350163,4.623059360730593
40514,1.0,45637.0,2.1912045051164625e-05,0.9512028926686352,0.05002750937657479,0.9496632555069374,0.952742529830333,4.624885844748858
40579,1.0,45471.0,2.1992038881924744e-05,0.951181973777635,0.050049501415456714,0.9496418246372824,0.9527221229179876,4.63230593607306
40581,1.0,45468.0,2.1993489926981614e-05,0.9511610539664761,0.05007149490538369,0.9496203929943509,0.9527017149386013,4.632534246575342
40582,1.0,45467.0,2.1993973651219566e-05,0.9511401341553171,0.05009348887903491,0.9495989615446491,0.9526813067659851,4.632648401826484
40618,1.0,45462.0,2.1996392591614976e-05,0.9511192125035166,0.05011548527162653,0.949577528354374,0.9526608966526592,4.63675799086758
40642,1.0,45420.0,2.2016732716864817e-05,0.951098271966033,0.050137502004343394,0.9495560755172779,0.9526404684147881,4.639497716894978
40662,1.0,45388.0,2.2032255221644486e-05,0.9510773171261642,0.05015953425956504,0.949534607848364,0.9526200264039644,4.641780821917808
40664,1.0,45386.0,2.203322610496629e-05,0.9510563618245926,0.05018156748567001,0.9495131398881657,0.9525995837610196,4.642009132420092
40674,1.0,45382.0,2.2035168128332818e-05,0.9510354051377603,0.05020360265379834,0.9494916706662933,0.9525791396092274,4.6431506849315065
40680,1.0,45381.0,2.2035653687666644e-05,0.951014448450928,0.05022563830748601,0.9494702016378568,0.9525586952639992,4.6438356164383565
40689,1.0,45380.0,2.2036139268400178e-05,0.9509934917640956,0.05024767444675441,0.9494487328026636,0.9525382507255277,4.64486301369863
40698,1.0,45377.0,2.2037596139013156e-05,0.9509725341535933,0.050269712042893426,0.9494272631902297,0.9525178051169568,4.645890410958904
40704,2.0,45375.0,4.40771349862259e-05,0.9509306180088372,0.05031378917787965,0.9493843235735052,0.9524769124441691,4.646575342465753
40759,1.0,43848.0,2.2806057288815908e-05,0.9509089310306852,0.050336595235168466,0.9493620877349359,0.9524557743264345,4.6528538812785385
40774,1.0,43748.0,2.285818780287099e-05,0.9508871949757562,0.05035945342297134,0.9493398004746734,0.9524345894768391,4.654566210045662
40776,1.0,43746.0,2.285923284414575e-05,0.9508654584239578,0.050382312655815484,0.9493175129138189,0.9524134039340966,4.654794520547945
40777,1.0,43744.0,2.286027798098025e-05,0.9508437213752557,0.05040517293379646,0.9492952250521293,0.9523922176983822,4.654908675799087
40780,1.0,43742.0,2.286132321338759e-05,0.9508219838296159,0.05042803425700985,0.9492729368893609,0.952371030769871,4.655251141552512
40802,1.0,43728.0,2.2868642517380167e-05,0.9508002398215701,0.05045090289952723,0.9492506421480374,0.9523498374951028,4.657762557077626
40816,1.0,43277.0,2.3106962127689072e-05,0.9507782697164375,0.05047400986165492,0.9492281096532108,0.9523284297796643,4.659360730593607
40819,1.0,42934.0,2.3291563795593237e-05,0.9507561246037131,0.050497301425450516,0.9492053931041542,0.9523068561032719,4.659703196347032
40822,1.0,42539.0,2.3507839864594843e-05,0.9507337743809856,0.05052080926531511,0.9491824607176623,0.9522850880443089,4.6600456621004565
40829,1.0,41732.0,2.396242691459791e-05,0.9507109924924018,0.050544771692229706,0.9491590735039207,0.9522629114808828,4.660844748858447
40865,2.0,41347.0,4.8371103103006264e-05,0.9506650055529627,0.05059314279533271,0.9491118534476972,0.9522181576582283,4.664954337899544
40872,1.0,41340.0,2.4189646831156265e-05,0.9506420093022236,0.05061733244216387,0.9490882408980541,0.9521957777063932,4.6657534246575345
40887,1.0,41311.0,2.420662777468471e-05,0.9506189974649575,0.050641539069938554,0.9490646121762949,0.9521733827536201,4.667465753424658
40901,1.0,41285.0,2.422187235073271e-05,0.9505959716929467,0.050665760942289285,0.949040969025644,0.9521509743602494,4.669063926940639
40919,1.0,41280.0,2.4224806201550387e-05,0.9505729436897565,0.05068998574849084,0.9490173237964121,0.9521285635831009,4.671118721461188
40935,1.0,41278.0,2.422597994088861e-05,0.9505499151286904,0.05071421172843173,0.948993678254105,0.9521061520032758,4.6729452054794525
40975,1.0,41270.0,2.42306760358614e-05,0.950526882661641,0.050738442404467586,0.9489700288655417,0.9520837364577402,4.677511415525114
41001,1.0,41174.0,2.4287171516005245e-05,0.9505037970522112,0.050762729575983594,0.9489463236743165,0.9520612704301059,4.6804794520547945
41010,1.0,41151.0,2.430074603290321e-05,0.9504806991008358,0.050787030322016494,0.9489226057360778,0.9520387924655938,4.681506849315069
41011,1.0,41149.0,2.4301927142822426e-05,0.9504576005881356,0.05081133224915932,0.9488988874831175,0.9520163136931536,4.68162100456621
41012,1.0,41147.0,2.430310836756021e-05,0.9504345015140697,0.05083563535752688,0.9488751689151007,0.9519938341130387,4.681735159817352
41013,1.0,41146.0,2.43036990229913e-05,0.9504114024400039,0.05085993905654987,0.9488514506241137,0.9519713542558941,4.681849315068493
41031,1.0,41128.0,2.431433573234779e-05,0.9503882938180811,0.05088425339228222,0.9488277225346304,0.9519488651015318,4.683904109589041
41043,1.0,40887.0,2.4457651576295644e-05,0.9503650495523287,0.050908711043858516,0.9488038515653229,0.9519262475393345,4.68527397260274
41045,1.0,40845.0,2.4482800832415227e-05,0.9503417819541023,0.05093319384469093,0.9487799562502757,0.951903607657929,4.685502283105023
41072,1.0,39764.0,2.5148375414948193e-05,0.9503178824021973,0.050958342220105875,0.9487553936615316,0.951880371142863,4.688584474885845
41079,1.0,39734.0,2.516736296370866e-05,0.9502939654071199,0.05098350958306958,0.9487308129489666,0.9518571178652732,4.689383561643836
41083,1.0,39733.0,2.516799637580852e-05,0.9502700484120424,0.05100867757944539,0.948706232552474,0.9518338642716109,4.6898401826484015
41090,1.0,39731.0,2.5169263295663337e-05,0.950246130814992,0.05103384684274105,0.948681651835317,0.9518106097946669,4.690639269406392
41116,1.0,39511.0,2.5309407506770266e-05,0.9502220806484355,0.051059156250247824,0.9486569312783552,0.9517872300185158,4.693607305936073
41131,1.0,39478.0,2.5330563858351486e-05,0.950198010987342,0.05108448681410618,0.9486321904301912,0.9517638315444928,4.695319634703196
41138,1.0,39449.0,2.5349185023701486e-05,0.9501739242421523,0.051109835999129875,0.9486074318398868,0.9517404166444178,4.696118721461187
41158,1.0,39376.0,2.5396180414465664e-05,0.9501497934537472,0.05113523217954434,0.9485826269992474,0.9517169599082469,4.698401826484019
41169,1.0,39311.0,2.5438172521686044e-05,0.9501256233793799,0.05116067035206603,0.9485577809377901,0.9516934658209697,4.699657534246575
41176,1.0,39301.0,2.5444645174423044e-05,0.9501014477700219,0.05118611499724045,0.948532929349506,0.9516699661905379,4.700456621004566
41186,1.0,39255.0,2.5474461851993377e-05,0.9500772444469352,0.05121158945909244,0.9485080487786979,0.9516464401151725,4.701598173515982
41193,1.0,39230.0,2.549069589599796e-05,0.9500530263168193,0.051237080154988436,0.9484831528757565,0.9516228997578822,4.7023972602739725
41202,1.0,39161.0,2.5535609407318505e-05,0.950028766133823,0.05126261576439575,0.9484582128242398,0.9515993194434063,4.703424657534247
41218,1.0,39051.0,2.560753885944022e-05,0.9500044382352766,0.05128822330325519,0.9484332014769622,0.951575674993591,4.705251141552512
41221,1.0,39031.0,2.5620660500627708e-05,0.9499800984940905,0.05131384396375582,0.9484081779355417,0.9515520190526393,4.705593607305936
41248,1.0,38979.0,2.565483978552554e-05,0.9499557269068641,0.05133949880354135,0.9483831210394698,0.9515283327742585,4.708675799086758
41258,1.0,38937.0,2.5682512777050106e-05,0.9499313296567703,0.0513651813163184,0.948358037329751,0.9515046219837896,4.709817351598174
41262,1.0,38905.0,2.5703637064644647e-05,0.9499069129666364,0.051390884953383044,0.9483329333898373,0.9514808925434356,4.71027397260274
41277,1.0,38844.0,2.5744001647616105e-05,0.949882458561504,0.05141662895503066,0.9483077898854394,0.9514571272375686,4.711986301369863
41317,1.0,38833.0,2.575129400252363e-05,0.9498579978590458,0.05144238024903318,0.9482826400565139,0.9514333556615777,4.716552511415525
41326,1.0,38803.0,2.5771203257480092e-05,0.9498335188755171,0.05146815145229066,0.9482574712243242,0.95140956652671,4.717579908675799
41327,2.0,38786.0,5.1564997679575106e-05,0.9497845407123203,0.051519716449970235,0.9482071132078906,0.95136196821675,4.717694063926941
41329,1.0,38753.0,2.5804453848734292e-05,0.9497600320409733,0.05154552090381897,0.9481819139815344,0.9513381501004121,4.717922374429223
41360,1.0,38676.0,2.5855827903609474e-05,0.9497354752090351,0.05157137673172258,0.9481566641385079,0.9513142862795624,4.7214611872146115
41370,1.0,38674.0,2.585716502042716e-05,0.9497109177421269,0.051597233896743006,0.9481314139645715,0.9512904215196823,4.722602739726027
41378,1.0,38670.0,2.585983966899405e-05,0.9496863583700622,0.051623093736412,0.9481061621154204,0.951266554624704,4.72351598173516
41398,1.0,38559.0,2.5934282528073862e-05,0.9496617289357312,0.05164902801894008,0.9480808364735936,0.9512426213978687,4.72579908675799
41468,1.0,38425.0,2.6024723487312947e-05,0.9496370142518291,0.05167505274242739,0.9480554209590988,0.9512186075445594,4.733789954337899
41500,1.0,38318.0,2.6097395479931102e-05,0.9496122311991058,0.05170115013790732,0.948029933429622,0.9511945289685895,4.737442922374429
41502,1.0,38308.0,2.610420799832933e-05,0.9495874423239048,0.051727254345905645,0.9480044400884888,0.9511704445593208,4.737671232876712
41516,1.0,37815.0,2.6444532592886422e-05,0.9495623309278364,0.05175369887849853,0.9479786055964893,0.9511460562591835,4.739269406392694
41526,1.0,37417.0,2.672581981452281e-05,0.9495369530960773,0.05178042469831305,0.9479524891752171,0.9511214170169375,4.74041095890411
41549,1.0,37357.0,2.676874481355569e-05,0.9495115351836889,0.051807193443126606,0.9479263306580321,0.9510967397093457,4.743036529680365
41565,1.0,37273.0,2.682907198240013e-05,0.9494860606703633,0.051834022515109004,0.9479001125323494,0.9510720088083773,4.74486301369863
41571,1.0,37219.0,2.686799752814423e-05,0.9494605498812322,0.05186089051263715,0.9478738563420394,0.951047243420425,4.745547945205479
41579,1.0,37172.0,2.6901969224147208e-05,0.9494350075227397,0.051887792481861296,0.9478475670761877,0.9510224479692917,4.746461187214612
41584,1.0,37145.0,2.6921523758244717e-05,0.9494094472856277,0.05191471400561954,0.9478212592492209,0.9509976353220345,4.747031963470319
41594,1.0,37059.0,2.6983998488896086e-05,0.9493838284225368,0.05194169800410844,0.9477948896604679,0.9509727671846057,4.748173515981735
41602,1.0,37026.0,2.700804839842273e-05,0.94935818741815,0.05196870605250686,0.9477684969923275,0.9509478778439726,4.7490867579908675
41607,1.0,37025.0,2.700877785280216e-05,0.9493325464137633,0.05199571483035967,0.9477421047211655,0.9509229881063611,4.749657534246575
41611,1.0,37022.0,2.7010966452379667e-05,0.9493069040241999,0.052022725796812046,0.9477157113778144,0.9508980966705854,4.750114155251142
41617,1.0,37021.0,2.7011696064395883e-05,0.9492812616346366,0.05204973749287644,0.947689318430404,0.9508732048388691,4.750799086757991
41639,1.0,37014.0,2.7016804452369373e-05,0.9492556150884207,0.05207675429732881,0.9476629214715907,0.9508483087052507,4.753310502283105
41652,1.0,36964.0,2.7053349204631533e-05,0.9492299345447813,0.05210380764653344,0.9476364888640539,0.9508233802255087,4.754794520547946
41673,1.0,36893.0,2.7105412950966308e-05,0.9492042052754202,0.052130913059484404,0.947610004991115,0.9507984055597253,4.757191780821918
41679,1.0,36859.0,2.713041590927589e-05,0.9491784529705481,0.05215804347539368,0.947583497092278,0.9507734088488183,4.757876712328767
41685,1.0,36813.0,2.7164316953250212e-05,0.9491526691862064,0.05218520779234693,0.9475569562140106,0.9507483821584023,4.758561643835616
41739,1.0,36643.0,2.7290341947984608e-05,0.9491267664853035,0.05221249813429491,0.9475302896255934,0.9507232433450136,4.76472602739726
41802,1.0,36612.0,2.7313449142357696e-05,0.9491008425596374,0.05223981158343727,0.9475036009334946,0.9506980841857803,4.771917808219178
41815,1.0,36570.0,2.7344818156959256e-05,0.9490748895696851,0.052267156401594225,0.9474768818226774,0.9506728973166928,4.773401826484018
41825,1.0,36527.0,2.737700878801982e-05,0.949048906738093,0.052294533410382246,0.9474501314686786,0.9506476820075073,4.774543378995434
41826,1.0,36517.0,2.7384505846591998e-05,0.9490229175027577,0.05232191791622884,0.9474233747335553,0.9506224602719601,4.774657534246575
41829,1.0,36490.0,2.7404768429706768e-05,0.948996909749469,0.05234932268465854,0.9473965987673035,0.9505972207316346,4.775
41854,1.0,36391.0,2.7479321810337722e-05,0.948970831957989,0.05237680200646888,0.9473697489165194,0.9505719149994587,4.7778538812785385
41895,1.0,36270.0,2.7570995312930797e-05,0.948944667887629,0.052404373001781815,0.9473428079434739,0.9505465278317841,4.782534246575342
41898,2.0,36234.0,5.5196776508251916e-05,0.9488922892008769,0.05245956977829007,0.9472888736280951,0.9504957047736586,4.782876712328767
41901,1.0,36199.0,2.7625072515815354e-05,0.948866075982578,0.052487194850805885,0.947261881769708,0.9504702701954479,4.7832191780821915
41965,1.0,36157.0,2.765716182205382e-05,0.9488398330399671,0.05251485201262794,0.9472348587932301,0.9504448072867041,4.790525114155251
42001,1.0,36098.0,2.7702365782037787e-05,0.9488135479318436,0.05254255437840998,0.9472077914964753,0.9504193043672119,4.794634703196347
42004,1.0,36089.0,2.7709274294106236e-05,0.94878725699699,0.05257026365270409,0.9471807184419571,0.9503937955520229,4.794977168949772
42074,1.0,35514.0,2.8157909556794504e-05,0.9487605411312188,0.05259842156226088,0.9471531946849465,0.950367887577491,4.8029680365296805
42083,2.0,35498.0,5.6341202321257534e-05,0.9487070868216165,0.05265476276458214,0.9470981245478083,0.9503160490954248,4.803995433789955
42114,1.0,35403.0,2.824619382538203e-05,0.9486802894573587,0.05268300895840752,0.9470705155833139,0.9502900633314035,4.807534246575343
42118,1.0,35387.0,2.825896515669596e-05,0.9486534807341142,0.05271126792356422,0.9470428950090117,0.9502640664592166,4.807990867579909
42139,1.0,35372.0,2.8270948773040823e-05,0.948626661400157,0.05273953887233726,0.9470152636198997,0.9502380591804142,4.810388127853881
42148,1.0,35359.0,2.8281342798156058e-05,0.9485998329643583,0.052767820215135416,0.9469876230188593,0.9502120429098574,4.811415525114155
42162,1.0,35336.0,2.829975096219153e-05,0.9485729878253227,0.05279611996609761,0.9469599651315361,0.9501860105191093,4.813013698630137
42181,1.0,35251.0,2.8367989560579842e-05,0.9485460787167066,0.05282448795565819,0.9469322397474058,0.9501599176860074,4.8151826484018265
42200,1.0,35072.0,2.8512773722627736e-05,0.9485190330369987,0.05285300072938082,0.9469043697192588,0.9501336963547385,4.8173515981735155
42204,2.0,35046.0,5.706785367802317e-05,0.9484649030916106,0.05291006858305884,0.9468485900676561,0.9500812161155651,4.817808219178082
42208,1.0,35030.0,2.8546959748786755e-05,0.9484378273021989,0.05293861554280763,0.9468206894516065,0.9500549651527914,4.818264840182648
42209,1.0,35023.0,2.855266539131428e-05,0.9484107468742715,0.05296716820819894,0.9467927843756004,0.9500287093729426,4.81837899543379
42211,1.0,35013.0,2.8560820266758062e-05,0.9483836594853909,0.0529957290284657,0.9467648723715919,0.95000244659919,4.818607305936073
42212,1.0,35007.0,2.8565715428342902e-05,0.9483565682276572,0.05302429474389404,0.946736956724987,0.9499761797303274,4.818721461187215
42214,1.0,34997.0,2.857387776095094e-05,0.9483294700030029,0.053052868621654994,0.9467090341436464,0.9499499058623595,4.818949771689498
42231,1.0,34885.0,2.8665615594094882e-05,0.9483022855549592,0.05308153423724909,0.9466810204087882,0.9499235507011302,4.820890410958904
42233,1.0,34856.0,2.8689465228368144e-05,0.9482750792695118,0.053110223702477456,0.9466529839402341,0.9498971745987895,4.821118721461187
42244,1.0,34280.0,2.9171528588098018e-05,0.9482474166359276,0.053139395231065555,0.946624462743784,0.9498703705280712,4.8223744292237445
42282,1.0,33814.0,2.9573549417401077e-05,0.9482193735940918,0.05316896878048295,0.946595537229849,0.9498432099583346,4.826712328767123
42287,1.0,33803.0,2.9583173091145757e-05,0.9481913222562345,0.0531985519535741,0.9465666034168411,0.9498160410956279,4.827283105022831
42290,1.0,33802.0,2.9584048281166794e-05,0.9481632709183772,0.05322813600185527,0.9465376701364859,0.9497888717002684,4.827625570776256
42308,1.0,33726.0,2.965071458222143e-05,0.9481351571998538,0.05325778671643749,0.9465086709767234,0.9497616434229841,4.829680365296803
42314,1.0,33675.0,2.969561989606533e-05,0.9481070017386154,0.053287482336333555,0.946479627909253,0.9497343755679778,4.830365296803653
42322,1.0,33655.0,2.971326697370376e-05,0.9480788303821531,0.053317195603307256,0.9464505684556523,0.9497070923086539,4.831278538812786
42341,1.0,33351.0,2.9984108422536055e-05,0.9480504030837098,0.053347179711729795,0.9464212369592768,0.9496795692081428,4.833447488584475
42351,1.0,33292.0,3.0037246185269735e-05,0.9480219262603564,0.053377216957915065,0.9463918532595942,0.9496519992611187,4.8345890410958905
42362,1.0,33260.0,3.0066145520144318e-05,0.9479934228951652,0.05340728310343521,0.9463624418428209,0.9496244039475095,4.835844748858447
42386,1.0,33140.0,3.0175015087507542e-05,0.9479648171793265,0.05343745811852272,0.9463329219330369,0.949596712425616,4.838584474885844
42390,1.0,32991.0,3.0311297020399502e-05,0.947936083136188,0.05346776941554312,0.9463032658295188,0.9495689004428572,4.839041095890411
42407,1.0,32714.0,3.056795255853763e-05,0.9479071066709702,0.05349833736810165,0.9462733518513112,0.9495408614906292,4.840981735159818
42435,1.0,32634.0,3.064288778574493e-05,0.9478780600598692,0.0535289802558874,0.9462433636623018,0.9495127564574366,4.844178082191781
42451,1.0,32604.0,3.067108330266225e-05,0.9478489876129284,0.05355965133919006,0.9462133485199451,0.9494846267059116,4.846004566210046
42521,1.0,32130.0,3.112356053532524e-05,0.947819487177584,0.053590774899725385,0.9461828773091565,0.9494560970460115,4.8539954337899545
42524,1.0,32011.0,3.123926150385805e-05,0.9477898779967656,0.05362201416122924,0.9461522906387516,0.9494274653547796,4.854337899543379
42550,1.0,30977.0,3.228201568905962e-05,0.9477592814290542,0.053654296176918304,0.9461206492511002,0.9493979136070082,4.857305936073059
42588,1.0,30806.0,3.2461208855417776e-05,0.947728516017075,0.05368675738577372,0.946088827909458,0.9493682041246919,4.861643835616438
42649,1.0,30647.0,3.2629621170098216e-05,0.9476975919946252,0.05371938700694382,0.9460568375272379,0.9493383464620125,4.868607305936073
42652,1.0,30638.0,3.263920621450486e-05,0.9476666598974911,0.053752026213158326,0.9460248392638604,0.9493084805311218,4.868949771689498
42661,1.0,30544.0,3.273965426925092e-05,0.9476356336186836,0.05378476586742758,0.945992740922929,0.9492785263144383,4.869977168949772
42665,1.0,30505.0,3.27815112276676e-05,0.9476045686905205,0.053817547378655246,0.9459606019668458,0.9492485354141951,4.870433789954338
42668,1.0,30469.0,3.2820243526206966e-05,0.9475734680778094,0.053850367622181455,0.9459284255713296,0.9492185105842892,4.870776255707763
42672,1.0,30442.0,3.2849352867748506e-05,0.9475423409025884,0.053883216975049206,0.9458962215061069,0.9491884602990699,4.8712328767123285
42679,1.0,30410.0,3.288391976323578e-05,0.9475111819962779,0.05391610089481244,0.9458639842368007,0.9491583797557551,4.872031963470319
42745,1.0,27909.0,3.583073560500197e-05,0.9474772319736331,0.05395193163041744,0.9458287497289328,0.9491257142183334,4.879566210045662
42748,1.0,27765.0,3.6016567621105706e-05,0.9474431070958382,0.053987948198038545,0.9457933279060414,0.949092886285635,4.879908675799086
42784,1.0,27607.0,3.62226971420292e-05,0.9474087881511106,0.05402417089518057,0.9457576980164111,0.9490598782858102,4.884018264840183
42803,1.0,27599.0,3.623319685495851e-05,0.9473744605019874,0.05406040409203553,0.9457220598800683,0.9490268611239064,4.886187214611872
42806,1.0,27584.0,3.625290023201856e-05,0.9473401154301885,0.05409665699226755,0.9456864040973066,0.9489938267630703,4.886529680365297
42817,1.0,27531.0,3.6322690784933346e-05,0.9473057054881076,0.05413297968305249,0.9456506795164107,0.9489607314598044,4.8877853881278535
42831,1.0,27503.0,3.6359669854197727e-05,0.947271261765405,0.05416933935290669,0.9456149196577227,0.9489276038730873,4.889383561643836
42897,1.0,27153.0,3.6828343092844256e-05,0.9472363753343748,0.05420616769599953,0.9455786834438673,0.9488940672248822,4.896917808219178
42939,1.0,26967.0,3.7082359921385395e-05,0.947201249574174,0.054243250055920914,0.9455421901205454,0.9488603090278025,4.901712328767124
42980,1.0,26931.0,3.713192974638892e-05,0.9471660781639191,0.0542803819856673,0.9455056487449136,0.9488265075829245,4.906392694063927
43005,1.0,26712.0,3.7436358191075174e-05,0.9471306197153505,0.054317818343858376,0.9454687986352523,0.9487924407954487,4.909246575342466
43040,1.0,26462.0,3.779003854583932e-05,0.9470948276127235,0.05435560838240421,0.9454315892741862,0.9487580659512607,4.9132420091324205
43042,1.0,26445.0,3.781433163168841e-05,0.9470590138548255,0.054393422714035904,0.9453943578226832,0.9487236698869678,4.913470319634703
43060,1.0,26319.0,3.7995364565523004e-05,0.947023030002329,0.054431418078601426,0.945356943812403,0.948689116192255,4.915525114155251
43086,1.0,26272.0,3.806333739342265e-05,0.9469869831452187,0.05446948141599485,0.9453194630184861,0.9486545032719512,4.918493150684932
43111,1.0,26100.0,3.8314176245210727e-05,0.9469507001190445,0.05450779559224006,0.9452817281558906,0.9486196720821983,4.92134703196347
43113,1.0,26073.0,3.835385264449814e-05,0.9469143809114305,0.05454614944488456,0.9452439555305615,0.9485848062922996,4.921575342465753
43133,1.0,26000.0,3.846153846153846e-05,0.9468779611275493,0.0545846109833461,0.9452060754789798,0.9485498467761188,4.923858447488584
43166,1.0,25840.0,3.869969040247678e-05,0.9468413172436048,0.05462331067374857,0.945167954317919,0.9485146801692905,4.9276255707762555
43227,1.0,25331.0,3.947732027949943e-05,0.94680393848567,0.05466278799402807,0.945129038618986,0.948478838352354,4.93458904109589
43250,1.0,25198.0,3.9685689340423844e-05,0.946766363918701,0.054702473683368495,0.9450899121751408,0.9484428156622611,4.937214611872146
43253,1.0,25190.0,3.969829297340214e-05,0.9467287789102087,0.054742171976341895,0.9450507759708361,0.9484067818495813,4.937557077625571
43258,1.0,25177.0,3.971879096000318e-05,0.9466911759877433,0.054781890767301895,0.9450116219022677,0.9483707300732189,4.938127853881278
43262,1.0,25151.0,3.975985050296211e-05,0.9466535356881136,0.054821650617804855,0.9449724288665333,0.9483346425096939,4.938584474885845
43275,1.0,25101.0,3.9839050237042346e-05,0.9466158219103482,0.0548614896680419,0.9449331577217183,0.9482984860989782,4.940068493150685
43295,1.0,25079.0,3.987399816579609e-05,0.9465780765528016,0.054901363666207695,0.9448938539023023,0.9482622992033009,4.9423515981735155
43300,1.0,25076.0,3.987876854362737e-05,0.9465403281847783,0.05494124243475132,0.9448545483863661,0.9482261079831905,4.942922374429224
43309,1.0,25070.0,3.9888312724371757e-05,0.9465025722881614,0.05498113074747569,0.9448152362718838,0.9481899083044389,4.943949771689498
43312,1.0,25068.0,3.9891495133237594e-05,0.9464648148854053,0.05502102224260893,0.9447759240852291,0.9481537056855815,4.944292237442922
43329,1.0,24993.0,4.0011203136878324e-05,0.9464269456894351,0.055061033445745804,0.9447364922551896,0.9481173991236805,4.946232876712329
43331,1.0,24979.0,4.003362824772809e-05,0.9463890567849277,0.05510106707399353,0.9446970406276385,0.9480810729422169,4.946461187214612
43358,1.0,24688.0,4.050550874918989e-05,0.9463507228147079,0.05514157258274272,0.9446571078260033,0.9480443378034125,4.9495433789954335
43390,1.0,24521.0,4.0781371069695365e-05,0.9463121293347188,0.055182353953812414,0.9446168950001098,0.9480073636693277,4.953196347031963
43399,3.0,24458.0,0.0001226592525962875,0.9461960553962118,0.0553050132064087,0.9444959479864798,0.9478961628059437,4.954223744292237
43421,1.0,24381.0,4.101554489151388e-05,0.9461572466494255,0.055346028751300215,0.944455508191714,0.947858985107137,4.9567351598173515
43427,1.0,24367.0,4.10391102720893e-05,0.9461184171978455,0.055387067861572305,0.944415047615056,0.947821786780635,4.957420091324201
43450,1.0,24130.0,4.144218814753419e-05,0.9460792079803901,0.05542851004971984,0.9443741762674541,0.9477842396933261,4.960045662100456
43482,1.0,23641.0,4.2299395118649804e-05,0.9460391894021583,0.05547080944483849,0.9443324266131123,0.9477459521912042,4.963698630136986
43488,1.0,23628.0,4.2322668020992044e-05,0.9459991504996104,0.05551313211285948,0.9442906567451245,0.9477076442540963,4.964383561643835
43496,1.0,23609.0,4.235672836630099e-05,0.9459590810705579,0.05555548884122578,0.9442488555606647,0.9476693065804511,4.965296803652968
43502,1.0,23572.0,4.242321398269133e-05,0.9459189504460428,0.05559791205520847,0.9442069896863498,0.9476309112057358,4.965981735159818
43538,1.0,23161.0,4.317602866888304e-05,0.9458781094223199,0.055641088083877355,0.9441643521356916,0.9475918667089481,4.970091324200913
43541,1.0,23075.0,4.333694474539545e-05,0.945837117954956,0.05568442502862275,0.9441215526699397,0.9475526832399722,4.970433789954338
43590,1.0,22344.0,4.475474400286431e-05,0.9457947872568735,0.05572917977262562,0.9440772936700483,0.9475122808436987,4.976027397260274
43596,1.0,22297.0,4.4849082836256e-05,0.9457523692281137,0.05577402885546188,0.9440329415687649,0.9474717968874624,4.976712328767123
43607,1.0,22137.0,4.517323937299544e-05,0.9457096465299509,0.055819202094834874,0.9439882587580248,0.947431034301877,4.97796803652968
43608,1.0,22123.0,4.520182615377661e-05,0.9456668987269166,0.05586440392098865,0.943943550906347,0.9473902465474862,4.978082191780822
43618,1.0,22061.0,4.5328860885725944e-05,0.94562403272362,0.05590973278187438,0.9438987162112725,0.9473493492359674,4.979223744292238
43626,1.0,22051.0,4.534941725998821e-05,0.9455811492247889,0.05595508219913437,0.9438538648099005,0.9473084336396772,4.98013698630137
43647,1.0,22030.0,4.539264639128461e-05,0.9455382267940479,0.05600047484552566,0.9438089732584998,0.947267480329596,4.982534246575343
43701,1.0,21831.0,4.5806422060372865e-05,0.9454949150709571,0.05604628126758603,0.9437636583040738,0.9472261718378403,4.9886986301369864
43808,1.0,21423.0,4.667880315548709e-05,0.945450780499932,0.05609296007074152,0.9437174447752701,0.947184116224594,5.0009132420091325
43862,1.0,21044.0,4.7519482988025094e-05,0.9454058531676521,0.05614047955372955,0.9436703644847511,0.9471413418505532,5.007077625570776
43893,1.0,20665.0,4.839099927413501e-05,0.9453601040336977,0.056188870553003686,0.943622384409823,0.9470978236575724,5.010616438356164
43973,1.0,20311.0,4.923440500221555e-05,0.9453135597914628,0.0562381049580059,0.9435735327632236,0.947053586819702,5.019748858447489
44002,1.0,20147.0,4.963518141658808e-05,0.945266638981427,0.05628774013942249,0.9435242697299321,0.947009008232922,5.023059360730594
44038,1.0,19545.0,5.1163980557687386e-05,0.9452182753774884,0.05633890411998018,0.9434734186058729,0.9469631321491039,5.027168949771689
44094,1.0,18716.0,5.3430220132506944e-05,0.9451677721569617,0.05639233434011269,0.9434202031055848,0.9469153412083385,5.0335616438356166
44100,1.0,18694.0,5.349309939017867e-05,0.9451172122033853,0.05644582743950287,0.9433669291824287,0.9468674952243419,5.034246575342466
44110,1.0,18672.0,5.3556126820908315e-05,0.9450665953861079,0.05649938356632378,0.9433135966936269,0.946819594078589,5.0353881278538815
44117,1.0,18645.0,5.3633681952266026e-05,0.9450159079849073,0.05655301724827604,0.9432601904251847,0.9467716255446299,5.036187214611872
44179,1.0,18531.0,5.3963628514381306e-05,0.9449649114975086,0.056606980876790426,0.943206445815703,0.9467233771793142,5.0432648401826485
44209,1.0,18150.0,5.509641873278237e-05,0.944912847315057,0.05666207729552321,0.9431515200893313,0.9466741745407826,5.046689497716895
44248,1.0,16929.0,5.9070234508831e-05,0.9448570310915757,0.05672114753003204,0.9430924136509711,0.9466216485321803,5.051141552511416
44269,1.0,16462.0,6.0745960393633824e-05,0.9447996348437874,0.05678189349042567,0.9430315423295019,0.9465677273580728,5.053538812785388
44292,1.0,16446.0,6.080505898090721e-05,0.9447421862462656,0.05684269854940658,0.9429706194822239,0.9465137530103073,5.056164383561644
44302,1.0,16440.0,6.082725060827251e-05,0.9446847201765426,0.05690352580001485,0.942909684250838,0.9464597561022472,5.0573059360730594
44403,1.0,15790.0,6.333122229259025e-05,0.9446248921385326,0.056966857022307436,0.9428460995149207,0.9464036847621445,5.068835616438356
44415,1.0,15639.0,6.394270733422853e-05,0.944564490265514,0.05703079972964167,0.9427818760861196,0.9463471044449084,5.070205479452055
44416,1.0,15628.0,6.39877143588431e-05,0.9445040497427174,0.05709478744400051,0.9427176177285126,0.9462904817569222,5.070319634703196
44503,1.0,15423.0,6.483822861959411e-05,0.944442809773208,0.057159625672620104,0.9426524657108425,0.9462331538355736,5.080251141552512
44577,1.0,13880.0,7.204610951008646e-05,0.9443747663431091,0.05723167178213019,0.9425795908671444,0.9461699418190739,5.088698630136986
44792,1.0,13000.0,7.692307692307693e-05,0.9443021221303135,0.05730859485905327,0.9425014471243538,0.9461027971362732,5.11324200913242
44831,1.0,12953.0,7.72021925422682e-05,0.9442292199360628,0.057385797051595536,0.9424230235621396,0.946035416309986,5.11769406392694
44854,1.0,12834.0,7.791803023219573e-05,0.9441556474551577,0.05746371508182773,0.9423438446003916,0.9459674503099238,5.120319634703196
44932,1.0,10178.0,9.825112988799372e-05,0.9440628830960051,0.05756196621171573,0.9422421581959746,0.9458836079960355,5.129223744292237
45013,1.0,9872.0,0.0001012965964343598,0.9439672527391275,0.05766326280815009,0.9421370898778103,0.9457974156004447,5.1384703196347035
45140,1.0,9541.0,0.00010481081647626035,0.943868314760641,0.05776807362462635,0.9420280988961061,0.945708530625176,5.15296803652968
45189,1.0,9530.0,0.0001049317943336831,0.9437692729647585,0.05787300541896003,0.9419190396956532,0.9456195062338639,5.1585616438356166
45200,1.0,9452.0,0.00010579771476936098,0.9436694243324093,0.05797880313372939,0.9418090656149513,0.9455297830498673,5.159817351598173
45227,1.0,9366.0,0.00010676916506512919,0.9435686695358758,0.05808557229879452,0.9416980574689325,0.9454392816028191,5.1628995433789955
45232,1.0,9364.0,0.00010679196924391286,0.9434679039795393,0.058192364268038435,0.9415870944590493,0.9453487135000292,5.163470319634703
45277,1.0,9326.0,0.0001072271070126528,0.9433667386456362,0.058299591375051085,0.9414757076507513,0.9452577696405212,5.168607305936073
45607,1.0,6335.0,0.00015785319652722967,0.9432178251904435,0.05845744457157832,0.94130470098796,0.945130949392927,5.206278538812786
45871,1.0,4352.0,0.00022977941176470588,0.9430010931534053,0.05868722398334302,0.9410418148286798,0.9449603714781308,5.236415525114155
45880,1.0,4351.0,0.00022983222247759135,0.942784361116367,0.05891705620582061,0.9407800117575554,0.9447887104751785,5.237442922374429
46014,1.0,3999.0,0.00025006251562890725,0.9425486060873307,0.05916711872144952,0.9404921840016999,0.9446050281729615,5.252739726027397
