t,d,n_at_risk,hazard_increment,survival,cum_hazard,survival_lo,survival_hi,age_years
32,1.0,130.0,0.007692307692307693,0.9923076923076923,0.007692307692307693,0.9772888693431327,1.0,0.0036529680365296802
47,1.0,160.0,0.00625,0.9861057692307693,0.013942307692307693,0.9668809545400748,1.0,0.005365296803652968
207,1.0,775.0,0.0012903225806451613,0.9848333746898263,0.015232630272952855,0.9654722847362772,1.0,0.02363013698630137
322,1.0,792.0,0.0012626262626262627,0.9835898982066321,0.01649525653557912,0.9641004570156557,1.0,0.03675799086757991
471,1.0,790.0,0.0012658227848101266,0.9823448477025731,0.017761079320389245,0.9627278950426789,1.0,0.053767123287671234
492,1.0,789.0,0.0012674271229404308,0.981099797198514,0.019028506443329676,0.9613565075404845,1.0,0.056164383561643834
523,1.0,788.0,0.0012690355329949238,0.9798547466944549,0.0202975419763246,0.959986272104857,0.9997232212840529,0.059703196347031966
529,1.0,787.0,0.0012706480304955528,0.9786096961903958,0.021568190006820153,0.9586171670944945,0.9986022252862972,0.06038812785388128
592,1.0,787.0,0.0012706480304955528,0.9773662277073076,0.022838838037315706,0.9572510967487089,0.9974813586659064,0.06757990867579909
1738,1.0,902.0,0.0011086474501108647,0.9762826731311355,0.023947485487426572,0.9560780395539709,0.9964873067083001,0.19840182648401827
1884,1.0,903.0,0.0011074197120708748,0.9752015184543569,0.02505490519949745,0.9549084404028038,0.99549459650591,0.21506849315068494
3050,1.0,921.0,0.0010857763300760044,0.974142667728565,0.026140681529573453,0.9537657781784067,0.9945195572787232,0.3481735159817352
3683,1.0,911.0,0.0010976948408342481,0.9730733563479628,0.027238376370407703,0.9526113346898537,0.9935353780060718,0.4204337899543379
3875,1.0,907.0,0.0011025358324145535,0.9720005081050213,0.028340912202822255,0.95145328426107,0.9925477319489725,0.442351598173516
3902,1.0,904.0,0.0011061946902654867,0.9709252863040201,0.029447106893087743,0.950292999775838,0.9915575728322021,0.4454337899543379
4148,1.0,903.0,0.0011074197120708748,0.969850064503019,0.03055452660515862,0.9491332767582668,0.9905668522477713,0.4735159817351598
4509,1.0,907.0,0.0011025358324145535,0.9687807700548349,0.03165706243757317,0.9479810816340493,0.9895804584756205,0.5147260273972603
5155,1.0,901.0,0.0011098779134295228,0.9677055416751957,0.032766940351002694,0.946822446811573,0.9885886365388185,0.5884703196347032
6594,1.0,931.0,0.0010741138560687433,0.966666115744288,0.03384105420707144,0.9457063129091077,0.9876259185794682,0.7527397260273972
6789,1.0,922.0,0.0010845986984815619,0.9656176709332855,0.034925652905553,0.944580105929597,0.9866552359369741,0.775
6943,1.0,916.0,0.001091703056768559,0.964563503170258,0.036017355962321564,0.9434476860705154,0.9856793202700005,0.7925799086757991
7038,1.0,914.0,0.0010940919037199124,0.9635081820508157,0.03711144786604147,0.9423144017772402,0.9847019623243911,0.8034246575342465
7492,1.0,883.0,0.0011325028312570782,0.9624170063067038,0.03824395069729855,0.9411395913298714,0.9836944212835362,0.8552511415525114
8073,1.0,868.0,0.001152073732718894,0.9613082309538159,0.03939602443001745,0.9399446359400427,0.9826718259675891,0.9215753424657535
10487,1.0,726.0,0.0013774104683195593,0.9599841149332184,0.040773434898337006,0.9384928868573164,0.9814753430091205,1.1971461187214611
11954,1.0,646.0,0.0015479876160990713,0.95849807141165,0.042321422514436075,0.9368436396649973,0.9801525031583027,1.3646118721461187
12445,1.0,621.0,0.001610305958132045,0.9569545962563978,0.04393172847256812,0.9351247404408822,0.9787844520719133,1.4206621004566211
13290,1.0,547.0,0.0018281535648994515,0.9552051362998047,0.04575988203746757,0.9331475308853838,0.9772627417142257,1.5171232876712328
14406,1.0,414.0,0.0024154589371980675,0.9528978775164719,0.04817534097466564,0.9304347630410825,0.9753609919918613,1.6445205479452054
15153,1.0,324.0,0.0030864197530864196,0.949956834684631,0.051261760727752056,0.9268352471042647,0.9730784222649973,1.7297945205479452
15431,1.0,306.0,0.0032679738562091504,0.9468524005843544,0.05452973458396121,0.923019192159477,0.9706856090092317,1.761529680365297
16320,1.0,257.0,0.0038910505836575876,0.943168149998423,0.0584207851676188,0.9183578324310725,0.9679784675657735,1.8630136986301369
16719,1.0,247.0,0.004048582995951417,0.9393496554640164,0.06246936816357021,0.913535610219835,0.9651637007081978,1.9085616438356163
17935,1.0,250.0,0.004,0.9355922568421603,0.06646936816357021,0.9088515835126484,0.9623329301716722,2.047374429223744
19250,1.0,229.0,0.004366812227074236,0.931506701135426,0.07083618039064445,0.9037096649395017,0.9593037373313503,2.1974885844748857
19766,1.0,226.0,0.004424778761061947,0.9273849900684551,0.07526095915170639,0.8985609242434095,0.9562090558935007,2.2563926940639267
20202,1.0,222.0,0.0045045045045045045,0.9232075802032819,0.07976546365621089,0.8933731112193829,0.9530420491871808,2.3061643835616437
20780,1.0,1403.0,0.0007127583749109052,0.9225495562687107,0.08047822203112179,0.8927084879978053,0.9523906245396161,2.372146118721461
21067,1.0,1404.0,0.0007122507122507123,0.9218924696901718,0.0811904727433725,0.892044877116873,0.9517400622634706,2.4049086757990867
21291,1.0,2588.0,0.0003863987635239567,0.9215362515797815,0.08157687150689646,0.891692027281982,0.9513804758775809,2.4304794520547945
21498,1.0,2583.0,0.00038714672861014324,0.9211794818346867,0.08196401823550661,0.8913386206053269,0.9510203430640465,2.4541095890410958
21747,1.0,2572.0,0.00038880248833592535,0.9208213249599453,0.08235282072384253,0.8909838101674432,0.9506588397524474,2.4825342465753426
22048,1.0,2566.0,0.0003897116134060795,0.9204624701957365,0.08274253233724861,0.8906282945351963,0.9502966458562766,2.51689497716895
22083,1.0,2565.0,0.0003898635477582846,0.9201036154315276,0.0831323958850069,0.8902727812070267,0.9499344496560286,2.5208904109589043
22753,1.0,3122.0,0.00032030749519538755,0.9198088993471485,0.08345270338020229,0.88998202794941,0.949635770744887,2.5973744292237444
23169,1.0,3910.0,0.0002557544757033248,0.9195736541043487,0.08370845785590561,0.8897508474522526,0.9493964607564447,2.64486301369863
23302,1.0,4487.0,0.00022286605749944285,0.919368712349478,0.08393132391340505,0.8895498471415992,0.9491875775573568,2.6600456621004565
23583,1.0,5164.0,0.00019364833462432224,0.9191906781294259,0.08412497224802937,0.8893755456364645,0.9490058106223873,2.6921232876712327
23589,1.0,5163.0,0.0001936858415649816,0.9190126439093738,0.08431865808959435,0.8892012442711815,0.948824043547566,2.692808219178082
23642,1.0,5335.0,0.00018744142455482662,0.9188403828702155,0.08450609951414918,0.8890326592461125,0.9486481064943185,2.6988584474885844
23963,1.0,6274.0,0.0001593879502709595,0.9186939307849636,0.08466548746442014,0.8888895760690014,0.9484982855009259,2.735502283105023
24047,1.0,6385.0,0.00015661707126076742,0.918550047632139,0.08482210453568091,0.8887490266125545,0.9483510686517235,2.745091324200913
24073,1.0,6525.0,0.0001532567049808429,0.9184092736784788,0.08497536124066175,0.8886115425845954,0.9482070047723622,2.7480593607305934
24211,1.0,6895.0,0.000145032632342277,0.9182760743639496,0.08512039387300403,0.8884815212595986,0.9480706274683007,2.763812785388128
24215,1.0,6899.0,0.00014494854326714017,0.9181429715846535,0.08526534241627118,0.8883515950387987,0.9479343481305084,2.7642694063926943
24329,1.0,7268.0,0.0001375894331315355,0.9180166448136594,0.08540293184940272,0.8882283383423899,0.9478049512849289,2.777283105022831
24408,1.0,7499.0,0.00013335111348179759,0.9178942262718787,0.08553628296288451,0.8881089257783841,0.9476795267653733,2.786301369863014
24575,1.0,7995.0,0.00012507817385866166,0.9177794177382612,0.08566136113674318,0.8879969927291492,0.9475618427473732,2.805365296803653
24624,1.0,8163.0,0.00012250398137939484,0.9176669861055603,0.08578386511812257,0.8878873943076331,0.9474465779034875,2.8109589041095893
24716,1.0,8341.0,0.00011988970147464332,0.917556967284543,0.08590375481959721,0.8877801650394912,0.9473337695295947,2.821461187214612
24738,1.0,8515.0,0.00011743981209630065,0.9174492095667174,0.08602119463169351,0.8876751552803056,0.9472232638531292,2.823972602739726
24813,1.0,8594.0,0.00011636025133814289,0.9173424549461022,0.08613755488303165,0.8875711299648338,0.9471137799273707,2.8325342465753423
24874,1.0,8625.0,0.00011594202898550724,0.9172360964006012,0.08625349691201716,0.8874674933342536,0.9470046994669489,2.8394977168949773
25093,1.0,9294.0,0.00010759629868732516,0.9171374051916061,0.08636109321070448,0.8873713766590744,0.9469034337241379,2.8644977168949772
25124,1.0,9318.0,0.0001073191672032625,0.9170389787690699,0.08646841237790774,0.8872755195578944,0.9468024379802454,2.8680365296803654
25129,1.0,9337.0,0.0001071007818357074,0.9169407631774699,0.08657551315974345,0.8871798691335161,0.9467016572214236,2.8686073059360733
25248,1.0,9740.0,0.0001026694045174538,0.9168466214153367,0.0866781825642609,0.8870882109038398,0.9466050319268335,2.882191780821918
25309,1.0,9737.0,0.00010270103728047654,0.9167524603162902,0.08678088360154138,0.8869965337408502,0.9465083868917302,2.8891552511415526
25334,1.0,9732.0,0.00010275380189066995,0.9166582605156002,0.08688363740343205,0.8869048186728365,0.9464117023583638,2.892009132420091
25337,1.0,9731.0,0.0001027643613194944,0.91656406071491,0.08698640176475154,0.8868131036158522,0.9463150178139679,2.892351598173516
25535,1.0,10101.0,9.9000099000099e-05,0.9164733207821594,0.08708540186375165,0.8867247774439472,0.9462218641203716,2.9149543378995433
25562,1.0,10100.0,9.900990099009902e-05,0.9163825808494087,0.08718441176474175,0.8866364512815431,0.9461287104172743,2.918036529680365
25575,1.0,10100.0,9.900990099009902e-05,0.9162918499008098,0.08728342166573184,0.8865481339264405,0.9460355658751791,2.9195205479452055
25655,1.0,10155.0,9.847365829640571e-05,0.9162016192902829,0.08738189532402825,0.8864603065244018,0.945942932056164,2.9286529680365296
25666,1.0,10154.0,9.848335631278314e-05,0.916111388679756,0.08748037868034103,0.8863724791316592,0.9458502982278527,2.9299086757990866
25805,1.0,10206.0,9.798157946306095e-05,0.916021626638929,0.08757836025980409,0.8862851105544176,0.9457581427234405,2.9457762557077625
25859,1.0,10205.0,9.799118079372857e-05,0.9159318645981022,0.08767635144059782,0.8861977419862849,0.9456659872099195,2.9519406392694063
25866,1.0,10205.0,9.799118079372857e-05,0.9158421113531636,0.08777434262139155,0.8861103820396086,0.9455738406667187,2.952739726027397
25962,1.0,10319.0,9.690861517588914e-05,0.9157533583624327,0.08787125123656744,0.8860240014191985,0.9454827153056669,2.963698630136986
25968,1.0,10319.0,9.690861517588914e-05,0.9156646139726311,0.08796815985174333,0.8859376292278404,0.9453915987174218,2.9643835616438357
25997,1.0,10327.0,9.683354313934346e-05,0.9155759469237328,0.08806499339488268,0.8858513327618034,0.9453005610856622,2.9676940639269405
26073,1.0,10326.0,9.68429207824908e-05,0.9154872798748345,0.08816183631566517,0.8857650363044492,0.9452095234452197,2.9763698630136988
26083,1.0,10325.0,9.685230024213075e-05,0.9153986128259362,0.0882586886159073,0.8856787398557802,0.9451184857960921,2.977511415525114
26148,1.0,10324.0,9.686168151879117e-05,0.9153099457770378,0.08835555029742609,0.8855924434157981,0.9450274481382775,2.984931506849315
26152,1.0,10323.0,9.687106461300009e-05,0.9152212787281395,0.08845242136203908,0.8855061469845051,0.9449364104717739,2.985388127853881
26155,1.0,10322.0,9.688044952528579e-05,0.9151326116792412,0.08854930181156437,0.8854198505619034,0.944845372796579,2.9857305936073057
26176,1.0,10321.0,9.688983625617673e-05,0.9150439446303429,0.08864619164782055,0.885333554147995,0.9447543351126908,2.9881278538812786
26229,1.0,10322.0,9.688044952528579e-05,0.9149552947616517,0.08874307209734583,0.8852472745621132,0.9446633149611903,2.9941780821917807
26233,1.0,10334.0,9.676795045480937e-05,0.9148667564130198,0.08883984004780064,0.8851611041615777,0.944572408664462,2.994634703196347
26272,1.0,10375.0,9.63855421686747e-05,0.914778576484691,0.08893622558996932,0.8850752846476415,0.9444818683217404,2.9990867579908675
26322,1.0,10489.0,9.533797311469158e-05,0.9146913633493602,0.089031563563084,0.8849904115081818,0.9443923151905386,3.004794520547945
26357,1.0,10488.0,9.534706331045004e-05,0.9146041502140294,0.08912691062639445,0.8849055383768689,0.9443027620511899,3.0087899543378995
26405,1.0,10487.0,9.535615523982073e-05,0.9145169370786986,0.08922226678163428,0.8848206652537045,0.9442132089036928,3.0142694063926943
26497,1.0,10485.0,9.537434430138292e-05,0.9144297156254723,0.08931764112593567,0.8847357839970478,0.9441236472538967,3.024771689497717
26501,1.0,10484.0,9.538344143456696e-05,0.9143424941722459,0.08941302456737024,0.8846509027485466,0.9440340855959451,3.0252283105022832
26514,1.0,10484.0,9.538344143456696e-05,0.9142552810385018,0.08950840800880482,0.8845660296514049,0.9439445324255988,3.026712328767123
26519,1.0,10483.0,9.539254030334828e-05,0.9141680679047578,0.08960380054910816,0.8844811565624193,0.9438549792470963,3.027283105022831
26565,1.0,10482.0,9.540164090822362e-05,0.9140808547710138,0.08969920219001638,0.884396283481592,0.9437654260604355,3.0325342465753424
26605,1.0,10482.0,9.540164090822362e-05,0.9139936499575457,0.08979460383092461,0.8843114185529035,0.9436758813621879,3.0371004566210047
26610,1.0,10481.0,9.541074324968991e-05,0.9139064451440778,0.0898900145741743,0.8842265536323741,0.9435863366557815,3.037671232876712
26633,1.0,10480.0,9.541984732824427e-05,0.9138192403306099,0.08998543442150254,0.8841416887200055,0.9434967919412143,3.040296803652968
26650,1.0,10479.0,9.542895314438401e-05,0.913732035517142,0.09008086337464692,0.8840568238157999,0.9434072472184841,3.0422374429223744
26734,1.0,10478.0,9.54380606986066e-05,0.9136448307036741,0.09017630143534552,0.883971958919759,0.9433177024875892,3.0518264840182647
26786,1.0,10477.0,9.544716999140975e-05,0.9135576258902061,0.09027174860533693,0.8838870940318847,0.9432281577485274,3.0577625570776257
26811,1.0,10476.0,9.545628102329134e-05,0.9134704210767381,0.09036720488636023,0.8838022291521792,0.9431386130012971,3.0606164383561643
26829,1.0,10476.0,9.545628102329134e-05,0.9133832245875174,0.09046266116738352,0.8837173724285213,0.9430490767465135,3.0626712328767125
26867,1.0,10475.0,9.546539379474941e-05,0.9132960280982966,0.09055812656117827,0.8836325157130328,0.9429595404835603,3.0670091324200914
26869,1.0,10474.0,9.547450830628223e-05,0.9132088316090758,0.09065360106948456,0.8835476590057156,0.942870004212436,3.0672374429223743
26883,1.0,10473.0,9.548362455838824e-05,0.9131216351198551,0.09074908469404294,0.8834628023065717,0.9427804679331385,3.0688356164383563
26899,1.0,10508.0,9.516558812333461e-05,0.9130347373624208,0.09084425028216628,0.8833782380124847,0.9426912367123569,3.070662100456621
26916,1.0,10528.0,9.498480243161094e-05,0.9129480129382792,0.09093923508459789,0.8832938433788128,0.9426021824977456,3.0726027397260274
26944,1.0,10527.0,9.499382540134892e-05,0.9128612885141376,0.09103422890999924,0.8832094487531442,0.942513128275131,3.075799086757991
26949,1.0,10526.0,9.500285008550257e-05,0.9127745640899961,0.09112923176008474,0.883125054135481,0.9424240740445112,3.0763698630136984
26954,1.0,10525.0,9.501187648456056e-05,0.9126878396658545,0.0912242436365693,0.8830406595258249,0.9423350198058842,3.0769406392694063
26962,1.0,10524.0,9.502090459901178e-05,0.912601115241713,0.0913192645411683,0.8829562649241778,0.9422459655592481,3.0778538812785388
26991,1.0,10523.0,9.502993442934525e-05,0.9125143908175714,0.09141429447559765,0.8828718703305416,0.9421569113046011,3.081164383561644
27083,1.0,10581.0,9.450902561194594e-05,0.9124281499716383,0.0915088035012096,0.8827879490341872,0.9420683509090895,3.091666666666667
27089,1.0,10580.0,9.45179584120983e-05,0.9123419091257053,0.0916033214596217,0.8827040277456702,0.9419797905057404,3.092351598173516
27182,1.0,10579.0,9.452689290103034e-05,0.9122556682797723,0.09169784835252273,0.8826201064649926,0.9418912300945521,3.1029680365296803
27306,1.0,10579.0,9.452689290103034e-05,0.9121694355859186,0.09179237524542376,0.8825361931705347,0.9418026780013025,3.117123287671233
27331,1.0,10578.0,9.453582907922102e-05,0.9120832028920647,0.09188691107450297,0.8824522798839167,0.9417141259002126,3.1199771689497715
27382,1.0,10579.0,9.452689290103034e-05,0.911996986500828,0.091981437967404,0.8823683825603752,0.9416255904412809,3.125799086757991
27408,1.0,10617.0,9.418856550814731e-05,0.9119110868129218,0.09207562653291215,0.8822847951928345,0.941537378433009,3.128767123287671
27410,1.0,10616.0,9.419743782969103e-05,0.9118251871250155,0.09216982397074185,0.882201207833019,0.9414491664170119,3.1289954337899544
27467,1.0,10627.0,9.409993413004611e-05,0.9117393844349689,0.0922639239048719,0.8821177154073262,0.9413610534626117,3.1355022831050228
27503,1.0,10625.0,9.411764705882353e-05,0.911653573669375,0.09235804155193073,0.8820342150862832,0.9412729322524669,3.139611872146119
27534,1.0,10626.0,9.410878976096367e-05,0.9115677790548757,0.09245215034169169,0.8819507305790237,0.9411848275307277,3.143150684931507
27548,1.0,10626.0,9.410878976096367e-05,0.9114819925144038,0.09254625913145265,0.8818672539810039,0.9410967310478037,3.1447488584474885
27551,1.0,10625.0,9.411764705882353e-05,0.9113962059739318,0.09264037677851147,0.8817837773906775,0.9410086345571861,3.145091324200913
27586,1.0,10624.0,9.412650602409639e-05,0.9113104194334598,0.09273450328453557,0.8817003008080462,0.9409205380588734,3.1490867579908675
27638,1.0,10796.0,9.262689885142645e-05,0.9112260075754166,0.092827130183387,0.8816181694268754,0.9408338457239578,3.1550228310502284
27645,1.0,10795.0,9.263547938860583e-05,0.9111415957173734,0.0929197656627756,0.8815360380529218,0.940747153381825,3.155821917808219
27670,1.0,10794.0,9.264406151565684e-05,0.9110571838593303,0.09301240972429126,0.881453906686187,0.9406604610324737,3.1586757990867578
27671,1.0,10793.0,9.26526452330214e-05,0.9109727720012871,0.09310506236952427,0.8813717753266723,0.9405737686759019,3.1587899543378994
27700,1.0,10792.0,9.266123054114158e-05,0.9108883601432439,0.09319772360006541,0.8812896439743798,0.940487076312108,3.1621004566210047
27707,1.0,10791.0,9.266981744045964e-05,0.9108039482852007,0.09329039341750588,0.8812075126293109,0.9404003839410906,3.1628995433789955
27746,1.0,10792.0,9.266123054114158e-05,0.9107195520705709,0.09338305464804701,0.8811253965979305,0.9403137075432112,3.167351598173516
27762,1.0,10791.0,9.266981744045964e-05,0.910635155855941,0.09347572446548748,0.881043280573772,0.94022703113811,3.169178082191781
27835,1.0,10790.0,9.267840593141798e-05,0.9105507596413112,0.09356840287141889,0.8809611645568367,0.9401403547257856,3.1775114155251143
27846,1.0,10789.0,9.268699601445917e-05,0.9104663634266813,0.09366108986743335,0.8808790485471265,0.9400536783062361,3.1787671232876713
27861,1.0,10788.0,9.269558769002595e-05,0.9103819672120516,0.09375378545512338,0.880796932544643,0.9399670018794601,3.1804794520547945
27869,1.0,10787.0,9.270418095856123e-05,0.9102975709974217,0.09384648963608194,0.8807148165493879,0.9398803254454555,3.181392694063927
27896,1.0,10820.0,9.242144177449168e-05,0.9102134399834664,0.09393891107785643,0.8806329600454672,0.9397939199214655,3.184474885844749
27906,1.0,10892.0,9.18105031215571e-05,0.9101298728295935,0.09403072158097799,0.8805516552242415,0.9397080904349454,3.1856164383561643
27932,1.0,10902.0,9.1726288754357e-05,0.9100463899940744,0.09412244786973234,0.8804704329027555,0.9396223470853933,3.188584474885845
27951,1.0,10900.0,9.174311926605505e-05,0.9099628994995795,0.0942141909889984,0.88038920309508,0.9395365959040791,3.1907534246575344
27957,1.0,10899.0,9.175153683824204e-05,0.9098794090050847,0.09430594252583664,0.8803079732943353,0.9394508447158341,3.1914383561643835
27958,1.0,10898.0,9.175995595522114e-05,0.9097959185105898,0.09439770248179186,0.8802267435005232,0.9393650935206564,3.191552511415525
27959,1.0,10897.0,9.176837661741764e-05,0.909712428016095,0.09448947085840928,0.8801455137136452,0.9392793423185447,3.191666666666667
27964,1.0,10896.0,9.177679882525697e-05,0.9096289375216001,0.09458124765723454,0.8800642839337032,0.9391935911094971,3.1922374429223743
27975,1.0,10895.0,9.178522257916475e-05,0.9095454470271053,0.0946730328798137,0.8799830541606983,0.9391078398935122,3.1934931506849313
27982,1.0,10894.0,9.179364787956673e-05,0.9094619565326104,0.09476482652769326,0.8799018243946325,0.9390220886705883,3.1942922374429226
28031,1.0,10892.0,9.18105031215571e-05,0.9093784583728113,0.09485663703081482,0.8798205871361738,0.9389363296094487,3.1998858447488585
28032,1.0,10891.0,9.181893306399779e-05,0.9092949602130121,0.09494845596387881,0.8797393498846597,0.9388505705413646,3.2
28078,1.0,10890.0,9.182736455463728e-05,0.909211462053213,0.09504028332843345,0.879658112640092,0.9387648114663341,3.2052511415525116
28080,1.0,10889.0,9.18357975939021e-05,0.9091279638934139,0.09513211912602736,0.8795768754024722,0.9386790523843556,3.2054794520547945
28082,1.0,10888.0,9.184423218221895e-05,0.9090444657336147,0.09522396335820958,0.8794956381718018,0.9385932932954277,3.205707762557078
28092,1.0,10888.0,9.184423218221895e-05,0.90896097524264,0.09531580759039181,0.8794144084508724,0.9385075420344076,3.206849315068493
28093,1.0,10887.0,9.18526683200147e-05,0.9088774847516652,0.09540766025871182,0.8793331787368931,0.9384217907664373,3.206963470319635
28094,1.0,10886.0,9.186110600771634e-05,0.9087939942606904,0.09549952136471954,0.8792519490298656,0.9383360394915152,3.2070776255707765
28099,1.0,10885.0,9.186954524575104e-05,0.9087105037697156,0.09559139090996528,0.8791707193297913,0.93825028820964,3.207648401826484
28144,1.0,10909.0,9.166743056192135e-05,0.9086272046127105,0.0956830583405272,0.8790896768259321,0.9381647323994889,3.212785388127854
28145,1.0,10912.0,9.164222873900293e-05,0.9085439359905869,0.09577470056926621,0.8790086642019651,0.9380792077792087,3.2128995433789953
28147,1.0,10916.0,9.160864785635764e-05,0.9084607055090926,0.09586630921712257,0.8789276888986075,0.9379937221195778,3.2131278538812786
28155,1.0,10940.0,9.140767824497258e-05,0.9083776652252252,0.09595771689536754,0.8788468996734274,0.937908430777023,3.214041095890411
28157,1.0,10939.0,9.141603437242893e-05,0.9082946249413578,0.09604913292973997,0.8787661104550597,0.9378231394276559,3.214269406392694
28168,2.0,10938.0,0.00018284878405558602,0.908128544373623,0.09623198171379556,0.8786045320387674,0.9376525567084786,3.215525114155251
28188,1.0,10936.0,9.1441111923921e-05,0.9080455040897556,0.09632342282571948,0.8785237428408461,0.9375672653386651,3.217808219178082
28191,1.0,10935.0,9.144947416552355e-05,0.9079624638058882,0.096414872299885,0.8784429536497432,0.9374819739620331,3.2181506849315067
28194,1.0,10934.0,9.145783793671118e-05,0.9078794235220208,0.09650633013782171,0.8783621644654606,0.937396682578581,3.2184931506849317
28195,1.0,10933.0,9.146620323790359e-05,0.9077963832381535,0.09659779634105961,0.8782813752879997,0.9373113911883073,3.218607305936073
28201,1.0,10932.0,9.147457006952067e-05,0.9077133429542861,0.09668927091112914,0.8782005861173618,0.9372260997912103,3.2192922374429225
28202,1.0,10931.0,9.148293843198243e-05,0.9076303026704187,0.09678075384956113,0.8781197969535488,0.9371408083872885,3.219406392694064
28224,1.0,10929.0,9.149967975112087e-05,0.9075472547883919,0.09687225352931225,0.8780390003633095,0.9370555092134744,3.221917808219178
28237,1.0,10929.0,9.149967975112087e-05,0.9074642145052199,0.09696375320906338,0.8779582112138361,0.9369702177966036,3.223401826484018
28244,1.0,10955.0,9.128251939753537e-05,0.9073813788854568,0.09705503572846091,0.8778776222899962,0.9368851354809173,3.2242009132420093
28268,1.0,10983.0,9.104980424292088e-05,0.9072987619885357,0.09714608553270383,0.877797247339877,0.9368002766371943,3.226940639269406
28287,1.0,10982.0,9.105809506465124e-05,0.9072161450916145,0.09723714362776849,0.877716872396452,0.936715417786777,3.2291095890410957
28309,1.0,10981.0,9.106638739641199e-05,0.9071335281946933,0.0973282100151649,0.8776364974597229,0.9366305589296636,3.23162100456621
28312,1.0,10980.0,9.107468123861566e-05,0.9070509112977722,0.09741928469640351,0.8775561225296912,0.9365457000658531,3.2319634703196347
28360,1.0,10979.0,9.108297659167502e-05,0.906968294400851,0.09751036767299519,0.8774757476063585,0.9364608411953436,3.2374429223744294
28361,1.0,10978.0,9.109127345600292e-05,0.9068856775039299,0.0976014589464512,0.8773953726897261,0.9363759823181337,3.2375570776255707
28364,1.0,10977.0,9.10995718320124e-05,0.9068030606070087,0.0976925585182832,0.8773149977797956,0.9362911234342217,3.237899543378995
28365,1.0,10976.0,9.110787172011662e-05,0.9067204437100875,0.09778366639000333,0.8772346228765687,0.9362062645436063,3.238013698630137
28383,1.0,10976.0,9.110787172011662e-05,0.906637834340216,0.09787477426172345,0.8771542553433381,0.936121413337094,3.240068493150685
28386,1.0,10975.0,9.111617312072893e-05,0.9065552249703445,0.09796589043484417,0.8770738878168114,0.9360365621238775,3.2404109589041097
28484,1.0,11032.0,9.064539521392314e-05,0.9064730499136937,0.09805653583005809,0.8769939451490775,0.9359521546783099,3.2515981735159816
28491,1.0,11031.0,9.065361254645998e-05,0.9063908748570431,0.09814718944260455,0.876914002487911,0.9358677472261752,3.252397260273973
28531,1.0,11030.0,9.066183136899366e-05,0.9063086998003924,0.09823785127397354,0.876834059833313,0.9357833397674719,3.2569634703196346
28564,1.0,11029.0,9.067005168192946e-05,0.9062265247437417,0.09832852132565546,0.8767541171852852,0.9356989323021981,3.260730593607306
28585,1.0,11028.0,9.067827348567283e-05,0.906144349687091,0.09841919959914114,0.8766741745438292,0.9356145248303528,3.2631278538812785
28595,1.0,11027.0,9.068649678062936e-05,0.9060621746304403,0.09850988609592176,0.8765942319089464,0.9355301173519341,3.2642694063926943
28635,1.0,11026.0,9.069472156720479e-05,0.9059799995737896,0.09860058081748897,0.8765142892806382,0.935445709866941,3.268835616438356
28650,1.0,11025.0,9.070294784580499e-05,0.9058978245171388,0.09869128376533477,0.8764343466589062,0.9353613023753715,3.2705479452054793
28654,1.0,11024.0,9.0711175616836e-05,0.9058156494604881,0.0987819949409516,0.8763544040437518,0.9352768948772244,3.2710045662100455
28704,1.0,11022.0,9.072763563781528e-05,0.9057334669482888,0.09887272257658943,0.8762744541422262,0.9351924797543515,3.276712328767123
28718,1.0,11021.0,9.073586788857636e-05,0.9056512844360896,0.098963458444478,0.8761945042472835,0.9351080646248956,3.278310502283105
28746,1.0,11019.0,9.075233687267448e-05,0.9055690944656352,0.09905421078135067,0.8761145470633154,0.935023641867955,3.2815068493150683
28762,1.0,11018.0,9.07605736068252e-05,0.9054869044951809,0.09914497135495749,0.8760345898859357,0.934939219104426,3.283333333333333
28770,2.0,11017.0,0.00018153762367250612,0.9053225245542723,0.09932650897863,0.8758746755509479,0.9347703735575967,3.2842465753424657
28834,1.0,11073.0,9.030976248532467e-05,0.9052407650921072,0.09941681874111533,0.8757951395020566,0.9346863906821578,3.2915525114155253
28856,1.0,11072.0,9.03179190751445e-05,0.9051590056299421,0.09950713666019047,0.8757156034596226,0.9346024078002616,3.2940639269406393
28868,1.0,11071.0,9.032607713846988e-05,0.9050772461677771,0.09959746273732893,0.8756360674236475,0.9345184249119066,3.295433789954338
28873,1.0,11070.0,9.03342366757001e-05,0.9049954867056119,0.09968779697400464,0.8755565313941325,0.9344344420170914,3.2960045662100454
28875,1.0,11069.0,9.034239768723462e-05,0.9049137272434468,0.09977813937169187,0.8754769953710793,0.9343504591158143,3.296232876712329
28880,1.0,11068.0,9.035056017347308e-05,0.9048319677812816,0.09986848993186535,0.8753974593544893,0.9342664762080739,3.2968036529680367
28902,1.0,11067.0,9.035872413481521e-05,0.9047502083191166,0.09995884865600017,0.8753179233443641,0.934182493293869,3.2993150684931507
28909,1.0,11066.0,9.036688957166094e-05,0.9046684488569515,0.10004921554557183,0.8752383873407049,0.9340985103731981,3.3001141552511415
28910,1.0,11065.0,9.03750564844103e-05,0.9045866893947864,0.10013959060205624,0.8751588513435133,0.9340145274460594,3.300228310502283
28941,1.0,11064.0,9.038322487346348e-05,0.9045049299326213,0.1002299738269297,0.8750793153527908,0.9339305445124518,3.3037671232876713
28959,1.0,11063.0,9.039139473922083e-05,0.9044231704704562,0.10032036522166893,0.8749997793685388,0.9338465615723736,3.305821917808219
28967,1.0,11062.0,9.03995660820828e-05,0.9043414110082911,0.10041076478775102,0.8749202433907589,0.9337625786258233,3.3067351598173516
28990,1.0,11166.0,8.955758552749418e-05,0.9042604203750286,0.10050032237327851,0.8748414594048108,0.9336793813452464,3.3093607305936072
29045,1.0,11177.0,8.946944618412812e-05,0.9041795166960114,0.10058979181946263,0.8747627604695144,0.9335962729225084,3.3156392694063928
29065,1.0,11175.0,8.94854586129754e-05,0.9040986057772914,0.10067927727807562,0.87468405445977,0.9335131570948128,3.317922374429224
29072,1.0,11174.0,8.949346697691069e-05,0.9040176948585713,0.10076877074505253,0.8746053484562386,0.933430041260904,3.3187214611872147
29106,1.0,11171.0,8.951750067138126e-05,0.9039367694539648,0.1008582882457239,0.8745266282912385,0.9333469106166912,3.3226027397260274
29144,1.0,11169.0,8.95335303071e-05,0.9038558368038213,0.10094782177603101,0.8744479010460675,0.9332637725615751,3.3269406392694063
29167,1.0,11168.0,8.954154727793696e-05,0.9037749041536777,0.10103736332330895,0.8743691738071205,0.9331806345002348,3.329566210045662
29179,1.0,11167.0,8.954956568460644e-05,0.903693971503534,0.10112691288899356,0.8742904465743988,0.9330974964326693,3.3309360730593607
29181,1.0,11166.0,8.955758552749418e-05,0.9036130388533904,0.10121647047452105,0.8742117193479039,0.9330143583588769,3.331164383561644
29200,2.0,11165.0,0.00017913121361397223,0.9034511735531031,0.10139560168813502,0.8740542649135997,0.9328480821926065,3.3333333333333335
29239,1.0,11161.0,8.959770629871875e-05,0.9033702264001999,0.10148519939443375,0.8739755235215341,0.9327649292788658,3.337785388127854
29248,1.0,11160.0,8.960573476702509e-05,0.9032892792472967,0.10157480512920078,0.8738967821357053,0.9326817763588882,3.3388127853881278
29253,1.0,11159.0,8.961376467425397e-05,0.9032083320943936,0.10166441889387504,0.8738180407561147,0.9325986234326724,3.3393835616438357
29273,2.0,11195.0,0.0001786511835640911,0.90304697285686,0.10184307007743913,0.8736610813246865,0.9324328643890335,3.341666666666667
29297,1.0,11214.0,8.917424647761727e-05,0.9029664443235216,0.10193224432391675,0.8735827493792092,0.9323501392678339,3.344406392694064
29299,1.0,11213.0,8.918219923303308e-05,0.9028859157901832,0.10202142652314979,0.8735044174398477,0.9322674141405186,3.344634703196347
29310,1.0,11212.0,8.919015340706386e-05,0.9028053872568448,0.10211061667655685,0.8734260855066033,0.9321846890070863,3.345890410958904
29325,1.0,11211.0,8.91981090000892e-05,0.9027248587235064,0.10219981478555694,0.8733477535794771,0.9321019638675356,3.3476027397260273
29330,1.0,11210.0,8.920606601248885e-05,0.902644330190168,0.10228902085156943,0.8732694216584709,0.9320192387218651,3.348173515981735
29352,1.0,11209.0,8.92140244446427e-05,0.9025638016568296,0.10237823487601408,0.8731910897435857,0.9319365135700735,3.350684931506849
29370,1.0,11208.0,8.922198429693076e-05,0.9024832731234912,0.10246745686031102,0.8731127578348231,0.9318537884121593,3.3527397260273974
29400,1.0,11207.0,8.92299455697332e-05,0.9024027445901528,0.10255668680588075,0.8730344259321845,0.9317710632481211,3.356164383561644
29409,1.0,11206.0,8.92379082634303e-05,0.9023222160568144,0.10264592471414417,0.8729560940356711,0.9316883380779577,3.3571917808219176
29436,1.0,11205.0,8.92458723784025e-05,0.902241687523476,0.10273517058652258,0.8728777621452843,0.9316056129016677,3.3602739726027395
29448,1.0,11204.0,8.925383791503035e-05,0.9021611589901376,0.10282442442443761,0.8727994302610257,0.9315228877192495,3.361643835616438
29467,1.0,11203.0,8.926180487369455e-05,0.9020806304567992,0.1029136862293113,0.8727210983828964,0.931440162530702,3.3638127853881277
29519,1.0,11202.0,8.926977325477593e-05,0.9020001019234608,0.10300295600256608,0.8726427665108979,0.9313574373360237,3.3697488584474886
29535,1.0,11201.0,8.927774305865548e-05,0.9019195733901224,0.10309223374562473,0.8725644346450315,0.9312747121352133,3.3715753424657535
29540,1.0,11200.0,8.928571428571429e-05,0.901839044856784,0.10318151945991044,0.8724861027852987,0.9311919869282693,3.372146118721461
29544,1.0,11199.0,8.92936869363336e-05,0.9017585163234456,0.10327081314684677,0.8724077709317009,0.9311092617151904,3.372602739726027
29581,1.0,11268.0,8.874689385871494e-05,0.9016784880561113,0.10335956004070548,0.8723299283237904,0.9310270477884321,3.376826484018265
29618,1.0,12350.0,8.097165991902834e-05,0.9016054776522201,0.10344053170062452,0.8722589454525822,0.930952009851858,3.381050228310502
29623,2.0,12349.0,0.00016195643371932951,0.9014594568444377,0.10360248813434385,0.8721169797226107,0.9308019339662648,3.38162100456621
29628,1.0,12358.0,8.09192425958893e-05,0.901386511427959,0.10368340737693973,0.8720460603568363,0.9307269624990817,3.382191780821918
29652,1.0,12404.0,8.061915511125443e-05,0.901313842408979,0.103764026532051,0.8719754110306666,0.9306522737872915,3.384931506849315
29661,1.0,12403.0,8.062565508344755e-05,0.901241173389999,0.10384465218713444,0.8719047617085709,0.9305775850714271,3.385958904109589
29662,1.0,12402.0,8.063215610385422e-05,0.9011685043710189,0.10392528434323829,0.8718341123905503,0.9305028963514875,3.3860730593607307
29672,1.0,12401.0,8.063865817272801e-05,0.9010958353520389,0.10400592300141102,0.8717634630766058,0.9304282076274719,3.387214611872146
29684,1.0,12400.0,8.064516129032258e-05,0.9010231663330588,0.10408656816270134,0.871692813766738,0.9303535188993796,3.3885844748858447
29685,1.0,12399.0,8.065166545689168e-05,0.9009504973140787,0.10416721982815823,0.8716221644609479,0.9302788301672096,3.3886986301369864
29688,1.0,12398.0,8.065817067268914e-05,0.9008778282950987,0.10424787799883092,0.8715515151592363,0.930204141430961,3.389041095890411
29703,1.0,12397.0,8.066467693796887e-05,0.9008051592761186,0.1043285426757689,0.871480865861604,0.9301294526906332,3.390753424657534
29708,1.0,12396.0,8.067118425298483e-05,0.9007324902571385,0.10440921386002187,0.8714102165680518,0.9300547639462252,3.391324200913242
29710,1.0,12395.0,8.067769261799113e-05,0.9006598212381586,0.10448989155263987,0.8713395672785809,0.9299800751977363,3.391552511415525
29715,1.0,12394.0,8.068420203324189e-05,0.9005871522191786,0.10457057575467311,0.8712689179931918,0.9299053864451654,3.392123287671233
29741,1.0,12451.0,8.031483414986748e-05,0.9005148217114106,0.10465089058882299,0.8711985994187327,0.9298310440040886,3.395091324200913
29768,1.0,12450.0,8.032128514056225e-05,0.9004424912036426,0.10473121187396355,0.8711282808482815,0.9297567015590037,3.398173515981735
29782,1.0,12449.0,8.032773716764399e-05,0.9003701606958747,0.10481153961113118,0.8710579622818393,0.9296823591099102,3.399771689497717
29790,1.0,12448.0,8.033419023136246e-05,0.9002978301881067,0.10489187380136254,0.8709876437194066,0.9296080166568068,3.4006849315068495
29849,1.0,12445.0,8.035355564483728e-05,0.9002254880563118,0.10497222735700738,0.8709173138051853,0.9295336623074382,3.4074200913242008
29900,1.0,12444.0,8.036001285760205e-05,0.9001531459245168,0.10505258736986499,0.8708469838949779,0.9294593079540556,3.41324200913242
29908,1.0,12442.0,8.037293039704228e-05,0.9000807979783727,0.10513296030026203,0.8707766483085942,0.9293849476481512,3.4141552511415525
29934,1.0,12441.0,8.03793907242183e-05,0.9000084500322286,0.10521333969098626,0.8707063127262273,0.9293105873382299,3.4171232876712327
29969,1.0,12494.0,8.003841844085161e-05,0.8999364147793046,0.10529337810942711,0.8706362826200127,0.9292365469385966,3.421118721461187
29999,2.0,12497.0,0.00016003840921821236,0.8997923903870858,0.10545341651864533,0.8704962674671429,0.9290885133070287,3.4245433789954336
30009,1.0,12495.0,8.003201280512204e-05,0.8997203781909764,0.10553344853145046,0.8704262598966267,0.9290144964853261,3.4256849315068494
30016,1.0,12494.0,8.003841844085161e-05,0.899648365994867,0.10561348694989131,0.8703562523300572,0.9289404796596767,3.42648401826484
30026,1.0,12493.0,8.004482510205715e-05,0.8995763537987576,0.10569353177499337,0.8702862447674354,0.9288664628300797,3.4276255707762555
30045,1.0,12492.0,8.005123278898494e-05,0.8995043416026481,0.10577358300778235,0.8702162372087621,0.9287924459965342,3.4297945205479454
30094,1.0,12560.0,7.961783439490445e-05,0.8994327250149409,0.10585320084217725,0.8701466161077527,0.9287188339221291,3.4353881278538814
30095,1.0,12564.0,7.95924864692773e-05,0.8993611369279451,0.10593279332864652,0.870077022851005,0.9286452510048852,3.435502283105023
30100,1.0,12581.0,7.948493760432397e-05,0.8992896512640925,0.10601227826625084,0.8700075296474338,0.9285717728807513,3.4360730593607305
30110,1.0,12600.0,7.936507936507937e-05,0.8992182790695478,0.10609164334561592,0.8699381472855926,0.9284984108535029,3.4372146118721463
30118,1.0,12599.0,7.937137868084769e-05,0.899146906875003,0.10617101472429677,0.8698687649275652,0.9284250488224408,3.4381278538812787
30163,1.0,12599.0,7.937137868084769e-05,0.8990755403453676,0.10625038610297761,0.8697993881068482,0.9283516925838871,3.4432648401826484
30167,1.0,12598.0,7.937767899666614e-05,0.8990041738157323,0.10632976378197428,0.8697300112899455,0.928278336341519,3.4437214611872147
30189,1.0,12597.0,7.938398031277289e-05,0.8989328072860969,0.10640914776228706,0.8696606344768577,0.9282049800953361,3.4462328767123287
30196,1.0,12596.0,7.939028262940616e-05,0.8988614407564617,0.10648853804491647,0.8695912576675857,0.9281316238453376,3.4470319634703195
30216,1.0,12595.0,7.939658594680428e-05,0.8987900742268264,0.10656793463086327,0.8695218808621302,0.9280582675915227,3.4493150684931506
30232,1.0,12594.0,7.940289026520565e-05,0.8987187076971912,0.10664733752112847,0.8694525040604921,0.9279849113338903,3.4511415525114155
30258,1.0,12593.0,7.940919558484873e-05,0.898647341167556,0.10672674671671331,0.869383127262672,0.9279115550724399,3.4541095890410958
30266,1.0,12592.0,7.941550190597205e-05,0.8985759746379207,0.10680616221861929,0.8693137504686708,0.9278381988071707,3.4550228310502282
30284,1.0,12591.0,7.942180922881423e-05,0.8985046081082855,0.1068855840278481,0.8692443736784891,0.9277648425380819,3.4570776255707765
30309,1.0,12621.0,7.923302432453847e-05,0.8984334168708155,0.10696481705217264,0.8691751681162309,0.9276916656254001,3.459931506849315
30311,1.0,12629.0,7.918283316177053e-05,0.8983622763674605,0.10704399988533442,0.8691060121137291,0.9276185406211919,3.4601598173515984
30318,1.0,12647.0,7.907013520993121e-05,0.8982912427408006,0.10712307002054434,0.8690369605087388,0.9275455249728625,3.460958904109589
30330,1.0,12646.0,7.907638779060572e-05,0.8982202091141408,0.10720214640833495,0.8689679089075003,0.9274725093207813,3.462328767123288
30334,1.0,12645.0,7.908264136022143e-05,0.8981491754874809,0.10728122904969517,0.8688988573100145,0.9273994936649472,3.462785388127854
30338,2.0,12644.0,0.00015817779183802593,0.8980071082341611,0.10743940684153319,0.8687607541263039,0.9272534623420182,3.4632420091324203
30354,1.0,12642.0,7.910140800506249e-05,0.8979360746075012,0.10751850824953825,0.8686917025400808,0.9271804466749217,3.4650684931506848
30361,1.0,12641.0,7.910766553279013e-05,0.8978650409808414,0.10759761591507104,0.8686226509576134,0.9271074310040694,3.465867579908676
30425,1.0,12639.0,7.912018355882586e-05,0.8977940017339879,0.10767673609862986,0.868553593889304,0.9270344095786719,3.473173515981735
30426,1.0,12638.0,7.912644405760406e-05,0.8977229624871345,0.10775586254268747,0.8684845368247531,0.9269613881495158,3.473287671232877
30431,1.0,12637.0,7.913270554720265e-05,0.8976519232402811,0.10783499524823467,0.8684154797639615,0.9268883667166007,3.4738584474885843
30468,1.0,12636.0,7.913896802785692e-05,0.8975808839934277,0.10791413421626253,0.8683464227069299,0.9268153452799256,3.478082191780822
30479,1.0,12635.0,7.914523149980213e-05,0.8975098447465742,0.10799327944776234,0.8682773656536589,0.9267423238394896,3.479337899543379
30506,1.0,12634.0,7.915149596327371e-05,0.8974388054997208,0.10807243094372561,0.8682083086041493,0.9266693023952922,3.482420091324201
30517,1.0,12632.0,7.916402786573781e-05,0.8973677606291144,0.10815159497159135,0.868139246065314,0.9265962751929148,3.483675799086758
30569,1.0,12666.0,7.895152376440866e-05,0.8972969120770357,0.10823054649535577,0.868070375285006,0.9265234488690653,3.489611872146119
30578,1.0,12683.0,7.884569896712135e-05,0.8972261640748219,0.1083093921943229,0.8680016027188951,0.9264507254307487,3.4906392694063926
30587,1.0,12682.0,7.885191610156126e-05,0.8971554160726082,0.10838824411042446,0.8679328301564875,0.9263780019887289,3.4916666666666667
30589,1.0,12681.0,7.885813421654444e-05,0.8970846680703943,0.108467102244641,0.8678640575977837,0.9263052785430049,3.4918949771689496
30611,1.0,12680.0,7.886435331230284e-05,0.8970139200681806,0.1085459665979533,0.8677952850427847,0.9262325550935765,3.494406392694064
30616,1.0,12679.0,7.887057338906853e-05,0.8969431720659669,0.10862483717134237,0.8677265124914912,0.9261598316404425,3.4949771689497715
30640,1.0,12678.0,7.887679444707367e-05,0.8968724240637531,0.10870371396578944,0.8676577399439038,0.9260871081836024,3.497716894977169
30650,1.0,12677.0,7.888301648655044e-05,0.8968016760615394,0.10878259698227599,0.8675889674000234,0.9260143847230553,3.4988584474885847
30656,1.0,12676.0,7.888923950773115e-05,0.8967309280593256,0.10886148622178372,0.8675201948598509,0.9259416612588004,3.4995433789954338
30657,1.0,12675.0,7.889546351084812e-05,0.8966601800571119,0.10894038168529457,0.8674514223233867,0.9258689377908371,3.4996575342465754
30749,1.0,12674.0,7.890168849613381e-05,0.8965894320548982,0.1090192833737907,0.8673826497906316,0.9257962143191647,3.510159817351598
30756,1.0,12673.0,7.890791446382072e-05,0.8965186840526844,0.10909819128825453,0.8673138772615866,0.9257234908437822,3.510958904109589
30759,1.0,12672.0,7.891414141414142e-05,0.8964479360504707,0.10917710542966867,0.8672451047362524,0.925650767364689,3.5113013698630136
30791,1.0,12670.0,7.892659826361483e-05,0.8963771824643578,0.10925603202793228,0.8671763267606626,0.9255780381680531,3.5149543378995434
30815,1.0,12669.0,7.893282816323308e-05,0.896306428878245,0.10933496485609552,0.8671075487887862,0.9255053089677038,3.5176940639269407
30831,1.0,12667.0,7.894529091339702e-05,0.8962356697064696,0.10941391014700892,0.8670387653649276,0.9254325740480116,3.5195205479452056
30832,1.0,12666.0,7.895152376440866e-05,0.8961649105346943,0.10949286167077334,0.8669699819447851,0.9253598391246034,3.519634703196347
30841,1.0,12664.0,7.896399241945672e-05,0.8960941457754922,0.10957182566319279,0.8669011930709329,0.9252870984800514,3.520662100456621
30866,1.0,12663.0,7.897022822395957e-05,0.8960233810162901,0.10965079589141676,0.8668324042007995,0.9252143578317806,3.52351598173516
30878,1.0,12662.0,7.8976465013426e-05,0.895952616257088,0.10972977235643018,0.8667636153343856,0.9251416171797904,3.5248858447488582
30929,1.0,12661.0,7.898270278808941e-05,0.895881851497886,0.10980875505921826,0.8666948264716922,0.9250688765240799,3.5307077625570775
30960,1.0,12660.0,7.898894154818325e-05,0.8958110867386839,0.10988774400076645,0.8666260376127195,0.9249961358646484,3.5342465753424657
31002,1.0,12658.0,7.900142202559646e-05,0.8957403163889653,0.10996674542279204,0.8665572432970128,0.9249233894809179,3.539041095890411
31004,1.0,12657.0,7.90076637433831e-05,0.8956695460392468,0.11004575308653543,0.8664884489850299,0.9248506430934637,3.539269406392694
31010,1.0,12656.0,7.901390644753477e-05,0.8955987756895282,0.11012476699298296,0.8664196546767713,0.924777896702285,3.5399543378995433
31020,1.0,12655.0,7.902015013828527e-05,0.8955280053398095,0.11020378714312125,0.866350860372238,0.924705150307381,3.541095890410959
31097,1.0,12711.0,7.86720163637794e-05,0.8954575523459192,0.11028245915948502,0.8662823760379519,0.9246327286538865,3.5498858447488586
31179,1.0,12710.0,7.867820613690008e-05,0.8953870993520289,0.11036113736562192,0.8662138917073261,0.9245603069967316,3.5592465753424656
31189,1.0,12709.0,7.868439688409789e-05,0.8953166463581386,0.11043982176250602,0.8661454073803615,0.9244878853359156,3.5603881278538814
31242,1.0,12708.0,7.869058860560277e-05,0.8952461933642482,0.11051851235111163,0.8660769230570585,0.9244154636714378,3.5664383561643835
31248,1.0,12706.0,7.870297497245396e-05,0.8951757348254976,0.11059721532608408,0.8660084333217725,0.9243430363292228,3.5671232876712327
31270,1.0,12705.0,7.870916961826053e-05,0.8951052762867471,0.11067592449570234,0.8659399435901509,0.9242706089833432,3.569634703196347
31273,1.0,12704.0,7.871536523929471e-05,0.8950348177479965,0.11075463986094163,0.8658714538621944,0.9241981816337986,3.5699771689497717
31276,1.0,12703.0,7.872156183578682e-05,0.894964359209246,0.11083336142277742,0.865802964137904,0.924125754280588,3.5703196347031962
31321,1.0,12700.0,7.874015748031496e-05,0.8948938895746625,0.11091210158025773,0.865734463579995,0.9240533155693301,3.5754566210045664
31348,1.0,12699.0,7.874635798094339e-05,0.8948234199400791,0.11099084793823867,0.8656659630257556,0.9239808768544026,3.5785388127853883
31431,1.0,12698.0,7.875255945818238e-05,0.8947529503054956,0.11106960049769685,0.8655974624751868,0.9239084381358045,3.588013698630137
31435,1.0,12697.0,7.875876191226274e-05,0.8946824806709123,0.11114835925960911,0.8655289619282892,0.9238359994135353,3.588470319634703
31506,1.0,12696.0,7.876496534341525e-05,0.8946120110363288,0.11122712422495253,0.8654604613850635,0.9237635606875941,3.5965753424657536
31509,1.0,12695.0,7.877116975187081e-05,0.8945415414017455,0.1113058953947044,0.8653919608455107,0.9236911219579802,3.596917808219178
31512,1.0,12694.0,7.877737513786041e-05,0.8944710717671621,0.11138467276984226,0.8653234603096314,0.9236186832246929,3.5972602739726027
31529,1.0,12692.0,7.87897888433659e-05,0.8944005965802911,0.11146346255868562,0.865254954354498,0.9235462388060843,3.5992009132420093
31546,1.0,12691.0,7.87959971633441e-05,0.8943301213934202,0.11154225855584897,0.8651864484030406,0.9234737943837997,3.6011415525114154
31559,1.0,12689.0,7.880841673890771e-05,0.8942596406525112,0.11162106697258788,0.8651179370306153,0.923401344274407,3.602625570776256
31570,1.0,12688.0,7.881462799495586e-05,0.8941891599116022,0.11169988160058283,0.8650494256618688,0.9233288941613356,3.603881278538813
31583,1.0,12687.0,7.882084023015685e-05,0.8941186791706933,0.11177870244081299,0.864980914296802,0.9232564440445846,3.605365296803653
31602,1.0,12686.0,7.882705344474224e-05,0.8940481984297843,0.11185752949425773,0.8649124029354153,0.9231839939241534,3.6075342465753426
31652,1.0,12685.0,7.883326763894364e-05,0.8939777176888755,0.11193636276189667,0.8648438915777096,0.9231115438000413,3.61324200913242
31668,1.0,12684.0,7.883948281299275e-05,0.8939072369479666,0.11201520224470966,0.8647753802236857,0.9230390936722475,3.615068493150685
31672,1.0,12683.0,7.884569896712135e-05,0.8938367562070577,0.11209404794367679,0.8647068688733444,0.9229666435407711,3.6155251141552514
31717,1.0,12682.0,7.885191610156126e-05,0.8937662754661487,0.11217289985977835,0.864638357526686,0.9228941934056114,3.620662100456621
31724,1.0,12681.0,7.885813421654444e-05,0.8936957947252397,0.1122517579939949,0.8645698461837118,0.9228217432667677,3.621461187214612
31794,1.0,12678.0,7.887679444707367e-05,0.893625302865741,0.11233063478844196,0.8645013239848254,0.9227492817466567,3.6294520547945206
31822,1.0,12677.0,7.888301648655044e-05,0.8935548110062423,0.11240951780492851,0.8644328017896269,0.9226768202228578,3.632648401826484
31852,1.0,12676.0,7.888923950773115e-05,0.8934843191467436,0.11248840704443624,0.8643642795981169,0.9226043586953704,3.6360730593607307
31861,1.0,12675.0,7.889546351084812e-05,0.8934138272872449,0.1125673025079471,0.8642957574102962,0.9225318971641937,3.637100456621005
31883,1.0,12674.0,7.890168849613381e-05,0.8933433354277462,0.11264620419644322,0.8642272352261656,0.9224594356293269,3.639611872146119
31891,1.0,12673.0,7.890791446382072e-05,0.8932728435682474,0.11272511211090705,0.8641587130457257,0.9223869740907692,3.6405251141552513
31892,1.0,12672.0,7.891414141414142e-05,0.8932023517087486,0.1128040262523212,0.8640901908689772,0.92231451254852,3.6406392694063925
31970,1.0,12671.0,7.892036934732854e-05,0.8931318598492499,0.11288294662166852,0.8640216686959212,0.9222420510025786,3.6495433789954337
32040,1.0,12668.0,7.893905904641616e-05,0.893061356860629,0.11296188568071494,0.8639531356566348,0.9221695780646233,3.6575342465753424
32058,1.0,12667.0,7.894529091339702e-05,0.8929908538720082,0.11304083097162834,0.8638846026210444,0.9220971051229719,3.6595890410958902
32080,1.0,12666.0,7.895152376440866e-05,0.8929203508833873,0.11311978249539276,0.8638160695891508,0.9220246321776238,3.6621004566210047
32102,1.0,12664.0,7.896399241945672e-05,0.8928498423275689,0.11319874648781221,0.8637475311234076,0.9219521535317302,3.6646118721461187
32140,1.0,12663.0,7.897022822395957e-05,0.8927793337717506,0.11327771671603618,0.863678992661364,0.9218796748821371,3.6689497716894977
32149,1.0,12662.0,7.8976465013426e-05,0.8927088252159322,0.1133566931810496,0.8636104542030207,0.9218071962288437,3.6699771689497718
32178,1.0,12661.0,7.898270278808941e-05,0.892638316660114,0.11343567588383768,0.8635419157483786,0.9217347175718493,3.6732876712328766
32192,1.0,12660.0,7.898894154818325e-05,0.8925678081042956,0.11351466482538587,0.8634733772974381,0.9216622389111531,3.6748858447488586
32195,1.0,12659.0,7.899518129394107e-05,0.8924972995484772,0.11359366000667981,0.8634048388502001,0.9215897602467543,3.675228310502283
32197,1.0,12658.0,7.900142202559646e-05,0.892426790992659,0.1136726614287054,0.8633363004066656,0.9215172815786523,3.675456621004566
32230,1.0,12656.0,7.901390644753477e-05,0.8923562768656843,0.11375167533515293,0.8632677565254069,0.9214447972059617,3.6792237442922375
32236,1.0,12655.0,7.902015013828527e-05,0.8922857627387095,0.11383069548529122,0.8631992126478539,0.9213723128295651,3.6799086757990866
32256,1.0,12653.0,7.903264048051846e-05,0.8922152430388172,0.11390972812577174,0.8631306633308522,0.9212998227467821,3.682191780821918
32275,2.0,12652.0,0.00015807777426493836,0.8920742036390323,0.11406780590003668,0.8629935647079754,0.9211548425700893,3.6843607305936072
32282,1.0,12650.0,7.905138339920949e-05,0.8920036839391399,0.11414685728343589,0.8629250154021018,0.921082352476178,3.685159817351598
32320,1.0,12649.0,7.905763301446754e-05,0.8919331642392475,0.11422591491645036,0.8628564660999392,0.9210098623785559,3.689497716894977
32326,1.0,12648.0,7.906388361796332e-05,0.891862644539355,0.11430497880006832,0.8627879168014883,0.9209373722772218,3.6901826484018265
32343,1.0,12647.0,7.907013520993121e-05,0.8917921248394627,0.11438404893527825,0.8627193675067497,0.9208648821721757,3.6921232876712327
32391,1.0,12646.0,7.907638779060572e-05,0.8917216051395703,0.11446312532306885,0.8626508182157245,0.9207923920634161,3.6976027397260274
32416,1.0,12645.0,7.908264136022143e-05,0.8916510854396779,0.11454220796442907,0.8625822689284132,0.9207199019509426,3.7004566210045664
32422,1.0,12644.0,7.908889591901297e-05,0.8915805657397855,0.11462129686034808,0.8625137196448165,0.9206474118347545,3.7011415525114155
32461,1.0,12643.0,7.909515146721506e-05,0.8915100460398931,0.1147003920118153,0.8624451703649354,0.9205749217148509,3.705593607305936
32464,1.0,12642.0,7.910140800506249e-05,0.8914395263400008,0.11477949341982036,0.8623766210887704,0.9205024315912311,3.7059360730593607
32483,2.0,12641.0,0.00015821533106558027,0.891298486940216,0.11493770875088594,0.8622395225475922,0.9203574513328397,3.70810502283105
32488,1.0,12639.0,7.912018355882586e-05,0.8912279672403236,0.11501682893444476,0.8621709732825804,0.9202849611980668,3.708675799086758
32493,1.0,12637.0,7.913270554720265e-05,0.8911574419600166,0.11509596163999196,0.8621024185707837,0.9202124653492494,3.709246575342466
32540,1.0,12635.0,7.914523149980213e-05,0.8910869110979699,0.11517510687149177,0.8620338584109042,0.9201399637850356,3.7146118721461185
32543,1.0,12634.0,7.915149596327371e-05,0.8910163802359232,0.11525425836745504,0.8619652982547478,0.9200674622170987,3.7149543378995435
32559,1.0,12633.0,7.915776141850709e-05,0.8909458493738766,0.11533341612887354,0.8618967381023153,0.9199949606454378,3.716780821917808
32568,1.0,12632.0,7.916402786573781e-05,0.8908753185118298,0.11541258015673929,0.8618281779536072,0.9199224590700523,3.717808219178082
32607,1.0,12631.0,7.917029530520149e-05,0.890804787649783,0.11549175045204449,0.8617596178086246,0.9198499574909413,3.7222602739726027
32636,1.0,12629.0,7.918283316177053e-05,0.8907342512029028,0.11557093328520626,0.8616910522125311,0.9197774501932746,3.725570776255708
32643,1.0,12628.0,7.918910357934748e-05,0.8906637147560226,0.11565012238878561,0.8616224866201654,0.9197049428918798,3.7263698630136988
32649,1.0,12627.0,7.919537499010058e-05,0.8905931783091424,0.11572931776377571,0.8615539210315287,0.9196324355867561,3.727054794520548
32660,1.0,12626.0,7.92016473942658e-05,0.8905226418622623,0.11580851941116997,0.8614853554466216,0.9195599282779029,3.728310502283105
32678,1.0,12623.0,7.922047056959519e-05,0.890452094239521,0.11588773988173957,0.8614167789496963,0.9194874095293457,3.730365296803653
32690,1.0,12622.0,7.922674694977024e-05,0.8903815466167797,0.11596696662868934,0.8613482024565043,0.9194148907770551,3.7317351598173514
32700,1.0,12621.0,7.923302432453847e-05,0.8903109989940385,0.11604619965301388,0.8612796259670468,0.9193423720210303,3.732876712328767
32704,1.0,12620.0,7.92393026941363e-05,0.8902404513712973,0.11612543895570802,0.8612110494813241,0.9192698532612704,3.7333333333333334
32707,1.0,12619.0,7.924558205880022e-05,0.890169903748556,0.11620468453776682,0.8611424729993372,0.9191973344977747,3.733675799086758
32746,1.0,12613.0,7.928327915642591e-05,0.8900993281595805,0.11628396781692324,0.8610738692056432,0.9191247871135177,3.7381278538812786
32748,1.0,12612.0,7.92895654931811e-05,0.8900287525706049,0.11636325738241642,0.8610052654156922,0.9190522397255175,3.7383561643835614
32749,1.0,12611.0,7.929585282689715e-05,0.8899581769816294,0.11644255323524332,0.8609366616294855,0.9189796923337733,3.738470319634703
32759,1.0,12607.0,7.932101213611486e-05,0.8898875845982723,0.11652187424737943,0.8608680414433937,0.918907127753151,3.739611872146119
32804,1.0,12605.0,7.933359777865926e-05,0.8898169866145675,0.1166012078451581,0.860799415790996,0.9188345574381391,3.7447488584474886
32820,1.0,12604.0,7.933989209774674e-05,0.8897463886308628,0.11668054773725584,0.8607307901423491,0.9187619871193764,3.7465753424657535
32823,1.0,12603.0,7.934618741569468e-05,0.8896757906471581,0.11675989392467152,0.8606621644974543,0.9186894167968619,3.746917808219178
32825,1.0,12602.0,7.935248373274083e-05,0.8896051926634534,0.11683924640840426,0.860593538856312,0.9186168464705948,3.747146118721461
32875,1.0,12601.0,7.935878104912309e-05,0.8895345946797486,0.11691860518945339,0.8605249132189229,0.9185442761405743,3.752853881278539
32876,1.0,12600.0,7.936507936507937e-05,0.8894639966960438,0.11699797026881847,0.8604562875852878,0.9184717058067998,3.7529680365296803
32879,1.0,12599.0,7.937137868084769e-05,0.889393398712339,0.11707734164749932,0.8603876619554077,0.9183991354692703,3.753310502283105
32892,1.0,12598.0,7.937767899666614e-05,0.8893228007286342,0.11715671932649599,0.8603190363292832,0.9183265651279853,3.754794520547945
32920,1.0,12597.0,7.938398031277289e-05,0.8892522027449294,0.11723610330680877,0.860250410706915,0.9182539947829439,3.7579908675799087
32922,1.0,12596.0,7.939028262940616e-05,0.8891816047612248,0.11731549358943817,0.8601817850883041,0.9181814244341454,3.7582191780821916
32924,1.0,12595.0,7.939658594680428e-05,0.88911100677752,0.11739489017538497,0.860113159473451,0.9181088540815889,3.758447488584475
32927,1.0,12594.0,7.940289026520565e-05,0.8890404087938152,0.11747429306565017,0.8600445338623567,0.9180362837252737,3.7587899543378995
32967,1.0,12593.0,7.940919558484873e-05,0.8889698108101105,0.11755370226123502,0.8599759082550218,0.9179637133651992,3.763356164383562
32992,1.0,12591.0,7.942180922881423e-05,0.8888992072193862,0.11763312407046383,0.8599072771748519,0.9178911372639205,3.7662100456621004
33023,1.0,12589.0,7.943442688061006e-05,0.8888285980203061,0.11771255849734444,0.8598386406205382,0.9178185554200741,3.7697488584474885
33029,1.0,12587.0,7.944704854214666e-05,0.8887579832115335,0.11779200554588659,0.8597699985907712,0.9177459678322959,3.770433789954338
33063,1.0,12585.0,7.945967421533571e-05,0.8886873627917313,0.11787146522010193,0.8597013510842413,0.9176733744992214,3.774315068493151
33086,1.0,12583.0,7.947230390209013e-05,0.8886167367595617,0.11795093752400403,0.8596326980996382,0.9176007754194851,3.7769406392694065
33153,1.0,12582.0,7.947862025115244e-05,0.888546110727392,0.11803041614425518,0.859564045118805,0.9175281763359789,3.7845890410958902
33154,1.0,12581.0,7.948493760432397e-05,0.8884754846952222,0.1181099010818595,0.8594953921417426,0.9174555772487017,3.784703196347032
33172,1.0,12580.0,7.94912559618442e-05,0.8884048586630524,0.11818939233782134,0.8594267391684518,0.917382978157653,3.7867579908675797
33186,1.0,12578.0,7.950389569088885e-05,0.888334227015838,0.11826889623351224,0.8593580807144668,0.9173103733172091,3.7883561643835617
33214,1.0,12574.0,7.95291872117067e-05,0.8882635785167912,0.11834842542072395,0.8592894058042847,0.9172377512292976,3.7915525114155253
33217,1.0,12573.0,7.953551260637875e-05,0.8881929300177442,0.11842796093333033,0.8592207308978811,0.9171651291376074,3.79189497716895
33280,2.0,12570.0,0.00015910898965791568,0.8880516105380278,0.11858706992298824,0.8590833591375112,0.9170198619385445,3.7990867579908674
33283,1.0,12568.0,7.956715467854869e-05,0.8879809507981696,0.1186666370776668,0.859014673263001,0.9169472283333383,3.7994292237442924
33287,1.0,12567.0,7.957348611442667e-05,0.8879102910583114,0.11874621056378122,0.858945987392275,0.9168745947243478,3.7998858447488586
33298,1.0,12566.0,7.95798185580137e-05,0.8878396313184532,0.11882579038233923,0.8588773015253339,0.9168019611115725,3.8011415525114156
33313,1.0,12565.0,7.958615200955034e-05,0.887768971578595,0.11890537653434878,0.8588086156621787,0.9167293274950113,3.802853881278539
33332,1.0,12564.0,7.95924864692773e-05,0.8876983118387368,0.11898496902081805,0.8587399298028099,0.9166566938746638,3.8050228310502283
33352,1.0,12563.0,7.959882193743533e-05,0.8876276520988786,0.11906456784275549,0.8586712439472285,0.9165840602505287,3.8073059360730594
33356,2.0,12562.0,0.0001592103168285305,0.8874863326191622,0.11922377815958402,0.8585338722474306,0.9164387929908938,3.8077625570776257
33380,1.0,12560.0,7.961783439490445e-05,0.887415672879304,0.11930339599397892,0.8584651864032157,0.9163661593553923,3.810502283105023
33384,1.0,12558.0,7.963051441312311e-05,0.8873450075127743,0.11938302650839204,0.8583964950669222,0.9162935199586265,3.8109589041095893
33392,1.0,12557.0,7.963685593692761e-05,0.8872743421462447,0.11946266336432897,0.8583278037344211,0.9162208805580683,3.8118721461187213
33428,1.0,12556.0,7.964319847085059e-05,0.887203676779715,0.11954230656279982,0.8582591124057132,0.9161482411537168,3.8159817351598173
33468,1.0,12554.0,7.965588657001752e-05,0.887133005784273,0.11962196244936985,0.8581904155827328,0.9160755959858132,3.8205479452054796
33473,1.0,12553.0,7.966223213574445e-05,0.8870623347888309,0.1197016246815056,0.8581217187635481,0.9160029508141136,3.821118721461187
33547,1.0,12551.0,7.967492630069317e-05,0.8869916581626824,0.11978129960780629,0.8580530164483342,0.9159302998770307,3.829566210045662
33567,1.0,12550.0,7.968127490039841e-05,0.886920981536534,0.11986098088270668,0.857984314136919,0.915857648936149,3.831849315068493
33580,1.0,12549.0,7.96876245119133e-05,0.8868503049103855,0.11994066850721859,0.8579156118293032,0.9157849979914678,3.8333333333333335
33584,1.0,12548.0,7.969397513547975e-05,0.8867796282842371,0.12002036248235406,0.8578469095254877,0.9157123470429864,3.8337899543378997
33613,1.0,12547.0,7.970032677133976e-05,0.8867089516580887,0.1201000628091254,0.8577782072254734,0.9156396960907041,3.8371004566210045
33670,1.0,12546.0,7.970667941973537e-05,0.8866382750319404,0.12017976948854514,0.8577095049292607,0.9155670451346201,3.843607305936073
33721,1.0,12545.0,7.971303308090873e-05,0.8865675984057919,0.12025948252162605,0.8576408026368506,0.9154943941747332,3.849429223744292
33736,1.0,12544.0,7.971938775510203e-05,0.8864969217796435,0.12033920190938115,0.8575721003482438,0.9154217432110431,3.8511415525114154
33737,1.0,12543.0,7.97257434425576e-05,0.8864262451534951,0.1204189276528237,0.8575033980634413,0.9153490922435489,3.851255707762557
33739,1.0,12542.0,7.973210014351777e-05,0.8863555685273466,0.12049865975296722,0.8574346957824436,0.9152764412722497,3.85148401826484
33745,1.0,12541.0,7.973845785822502e-05,0.8862848919011982,0.12057839821082544,0.8573659935052516,0.9152037902971448,3.8521689497716896
33769,1.0,12540.0,7.974481658692185e-05,0.8862142152750497,0.12065814302741236,0.8572972912318659,0.9151311393182335,3.854908675799087
33778,1.0,12539.0,7.975117632985087e-05,0.8861435386489013,0.12073789420374222,0.8572285889622876,0.915058488335515,3.8559360730593606
33785,1.0,12538.0,7.975753708725475e-05,0.8860728620227529,0.12081765174082947,0.8571598866965174,0.9149858373489884,3.8567351598173514
33813,1.0,12537.0,7.976389885937624e-05,0.8860021853966046,0.12089741563968884,0.857091184434556,0.9149131863586532,3.859931506849315
33817,1.0,12536.0,7.97702616464582e-05,0.8859315087704562,0.1209771859013353,0.8570224821764042,0.9148405353645083,3.860388127853881
33826,1.0,12535.0,7.977662544874351e-05,0.8858608321443078,0.12105696252678404,0.8569537799220627,0.9147678843665529,3.8614155251141553
33840,1.0,12534.0,7.978299026647519e-05,0.8857901555181594,0.12113674551705052,0.8568850776715324,0.9146952333647864,3.863013698630137
33845,1.0,12533.0,7.978935609989628e-05,0.8857194788920111,0.12121653487315041,0.8568163754248141,0.914622582359208,3.8635844748858448
33857,1.0,12531.0,7.980209081477934e-05,0.88564879662572,0.12129633696396519,0.8567476676728327,0.9145499255786074,3.8649543378995435
33875,1.0,12530.0,7.980845969672785e-05,0.8855781143594291,0.12137614542366192,0.8566789599246661,0.9144772687941921,3.8670091324200913
33898,1.0,12529.0,7.981482959533881e-05,0.8855074320931382,0.12145596025325725,0.8566102521803151,0.9144046120059613,3.869634703196347
33906,1.0,12528.0,7.982120051085569e-05,0.8854367498268473,0.1215357814537681,0.8565415444397804,0.9143319552139142,3.8705479452054794
33920,1.0,12527.0,7.9827572443522e-05,0.8853660675605564,0.12161560902621163,0.8564728367030626,0.9142592984180501,3.872146118721461
33930,1.0,12526.0,7.983394539358135e-05,0.8852953852942654,0.12169544297160521,0.8564041289701627,0.9141866416183682,3.8732876712328768
33980,1.0,12524.0,7.984669434685404e-05,0.8852246973842292,0.12177528966595207,0.8563354157284735,0.9141139790399848,3.8789954337899544
33981,1.0,12523.0,7.985307035055498e-05,0.8851540094741929,0.12185514273630262,0.8562667024906049,0.9140413164577809,3.879109589041096
33989,1.0,12522.0,7.985944737262418e-05,0.8850833215641566,0.12193500218367524,0.8561979892565577,0.9139686538717555,3.8800228310502285
33993,1.0,12521.0,7.986582541330565e-05,0.8850126336541203,0.12201486800908855,0.8561292760263326,0.913895991281908,3.8804794520547947
34009,1.0,12520.0,7.987220447284345e-05,0.884941945744084,0.1220947402135614,0.8560605627999306,0.9138233286882375,3.882305936073059
34013,1.0,12519.0,7.987858455148175e-05,0.8848712578340477,0.12217461879811288,0.8559918495773524,0.9137506660907431,3.8827625570776254
34018,1.0,12518.0,7.988496564946476e-05,0.8848005699240115,0.12225450376376235,0.8559231363585986,0.9136780034894243,3.8833333333333333
34027,1.0,12516.0,7.989773090444231e-05,0.8847298763661716,0.12233440149466679,0.8558544176270836,0.9136053351052597,3.8843607305936074
34034,1.0,12515.0,7.990411506192568e-05,0.8846591828083317,0.12241430560972871,0.8557856988993957,0.9135326667172676,3.885159817351598
34036,1.0,12514.0,7.99105002397315e-05,0.8845884892504918,0.12249421610996844,0.8557169801755361,0.9134599983254476,3.885388127853881
34043,1.0,12513.0,7.991688643810437e-05,0.8845177956926519,0.12257413299640654,0.8556482614555053,0.9133873299297984,3.8861872146118723
34050,1.0,12512.0,7.992327365728901e-05,0.884447102134812,0.12265405627006383,0.8555795427393043,0.9133146615303198,3.886986301369863
34058,1.0,12511.0,7.992966189753018e-05,0.8843764085769722,0.12273398593196136,0.8555108240269338,0.9132419931270106,3.8878995433789956
34146,1.0,12509.0,7.994244144216165e-05,0.8843057093677167,0.12281392837340352,0.8554420997982664,0.913169318937167,3.897945205479452
34149,1.0,12508.0,7.99488327470419e-05,0.8842350101584612,0.12289387720615057,0.8553733755734322,0.9130966447434902,3.8982876712328767
34175,1.0,12507.0,7.995522507395858e-05,0.8841643109492057,0.12297383243122452,0.855304651352432,0.9130239705459793,3.901255707762557
34194,1.0,12506.0,7.996161842315688e-05,0.8840936117399502,0.12305379404964768,0.8552359271352669,0.9129512963446335,3.9034246575342464
34212,1.0,12505.0,7.996801279488205e-05,0.8840229125306946,0.12313376206244256,0.8551672029219373,0.912878622139452,3.9054794520547946
34221,1.0,12504.0,7.99744081893794e-05,0.8839522133214391,0.12321373647063194,0.855098478712444,0.9128059479304342,3.9065068493150683
34246,1.0,12503.0,7.998080460689434e-05,0.8838815141121836,0.12329371727523883,0.8550297545067881,0.9127332737175792,3.9093607305936073
34269,1.0,12502.0,7.998720204767237e-05,0.8838108149029281,0.1233737044772865,0.8549610303049702,0.9126605995008861,3.911986301369863
34271,1.0,12501.0,7.999360051195904e-05,0.8837401156936726,0.12345369807779846,0.8548923061069911,0.9125879252803542,3.912214611872146
34307,1.0,12500.0,8e-05,0.8836694164844171,0.12353369807779846,0.8548235819128515,0.9125152510559827,3.916324200913242
34311,1.0,12499.0,8.000640051204096e-05,0.8835987172751616,0.12361370447831051,0.8547548577225522,0.912442576827771,3.916780821917808
34336,1.0,12498.0,8.001280204832773e-05,0.8835280180659062,0.12369371728035883,0.8546861335360944,0.912369902595718,3.919634703196347
34375,1.0,12497.0,8.001920460910618e-05,0.8834573188566507,0.12377373648496794,0.8546174093534782,0.9122972283598232,3.9240867579908674
34434,1.0,12496.0,8.002560819462228e-05,0.8833866196473952,0.12385376209316255,0.8545486851747048,0.9122245541200855,3.930821917808219
34577,1.0,12494.0,8.003841844085161e-05,0.8833159147794868,0.12393380051160341,0.8544799554725523,0.9121518740864213,3.947146118721461
34592,1.0,12493.0,8.004482510205715e-05,0.8832452099115784,0.12401384533670547,0.8544112257742452,0.9120791940489116,3.9488584474885844
34600,1.0,12492.0,8.005123278898494e-05,0.88317450504367,0.12409389656949445,0.8543424960797845,0.9120065140075555,3.949771689497717
34621,1.0,12491.0,8.005764150188136e-05,0.8831038001757616,0.12417395421099633,0.854273766389171,0.9119338339623523,3.9521689497716896
34637,1.0,12490.0,8.00640512409928e-05,0.8830330953078532,0.12425401826223732,0.8542050367024053,0.9118611539133011,3.9539954337899546
34645,1.0,12489.0,8.007046200656577e-05,0.8829623904399448,0.12433408872424388,0.8541363070194884,0.9117884738604013,3.9549086757990866
34656,1.0,12488.0,8.007687379884689e-05,0.8828916855720365,0.12441416559804273,0.854067577340421,0.9117157938036519,3.956164383561644
34665,1.0,12487.0,8.008328661808281e-05,0.8828209807041281,0.12449424888466082,0.8539988476652038,0.9116431137430523,3.9571917808219177
34684,1.0,12486.0,8.008970046452026e-05,0.8827502758362197,0.12457433858512534,0.8539301179938378,0.9115704336786016,3.959360730593607
34689,1.0,12485.0,8.009611533840609e-05,0.8826795709683113,0.12465443470046375,0.8538613883263236,0.9114977536102989,3.959931506849315
34705,1.0,12484.0,8.010253123998718e-05,0.8826088661004029,0.12473453723170373,0.8537926586626621,0.9114250735381437,3.96175799086758
34731,1.0,12483.0,8.010894816951053e-05,0.8825381612324945,0.12481464617987324,0.8537239290028541,0.9113523934621349,3.96472602739726
34744,1.0,12482.0,8.01153661272232e-05,0.8824674563645861,0.12489476154600046,0.8536551993469003,0.911279713382272,3.9662100456621006
34788,1.0,12481.0,8.012178511337233e-05,0.8823967514966777,0.12497488333111383,0.8535864696948016,0.9112070332985539,3.9712328767123286
34795,1.0,12480.0,8.012820512820513e-05,0.8823260466287693,0.12505501153624204,0.8535177400465587,0.91113435321098,3.97203196347032
34848,1.0,12479.0,8.01346261719689e-05,0.882255341760861,0.125135146162414,0.8534490104021724,0.9110616731195496,3.978082191780822
34890,1.0,12478.0,8.014104824491104e-05,0.8821846368929526,0.12521528721065892,0.8533802807616435,0.9109889930242616,3.982876712328767
34896,1.0,12477.0,8.014747134727899e-05,0.8821139320250442,0.12529543468200618,0.8533115511249729,0.9109163129251154,3.9835616438356163
34897,1.0,12476.0,8.01538954793203e-05,0.8820432271571358,0.12537558857748551,0.8532428214921614,0.9108436328221102,3.983675799086758
34952,1.0,12475.0,8.016032064128256e-05,0.8819725222892274,0.1254557488981268,0.8531740918632096,0.9107709527152452,3.9899543378995435
34968,1.0,12474.0,8.01667468334135e-05,0.881901817421319,0.12553591564496022,0.8531053622381184,0.9106982726045196,3.9917808219178084
34977,1.0,12472.0,8.017960230917254e-05,0.8818311068843224,0.12561609524726938,0.8530366270794366,0.9106255866892082,3.992808219178082
34982,1.0,12471.0,8.018603159329644e-05,0.8817603963473258,0.12569628127886268,0.8529678919246183,0.9105529007700334,3.99337899543379
35004,1.0,12469.0,8.019889325527307e-05,0.8816896801394224,0.12577648017211795,0.8528991512344285,0.9104802090444163,3.995890410958904
35009,1.0,12468.0,8.020532563362207e-05,0.8816189639315191,0.12585668549775159,0.852830410548105,0.9104075173149331,3.996461187214612
35046,1.0,12466.0,8.021819348628268e-05,0.8815482420508892,0.12593690369123786,0.8527616643246282,0.9103348197771503,4.000684931506849
35076,1.0,12465.0,8.022462896109105e-05,0.8814775201702594,0.12601712832019896,0.8526929181050205,0.9102621222354983,4.004109589041096
35085,1.0,12464.0,8.023106546854942e-05,0.8814067982896295,0.12609735938566752,0.8526241718892825,0.9101894246899765,4.00513698630137
35090,1.0,12463.0,8.023750300890636e-05,0.8813360764089997,0.1261775968886764,0.8525554256774154,0.910116727140584,4.005707762557078
35120,1.0,12462.0,8.024394158241052e-05,0.8812653545283698,0.12625784083025882,0.8524866794694197,0.91004402958732,4.0091324200913245
35131,1.0,12461.0,8.025038118931065e-05,0.88119463264774,0.12633809121144812,0.8524179332652962,0.9099713320301838,4.010388127853881
35138,1.0,12460.0,8.025682182985554e-05,0.8811239107671102,0.12641834803327798,0.8523491870650459,0.9098986344691744,4.011187214611872
35146,1.0,12459.0,8.026326350429408e-05,0.8810531888864803,0.12649861129678228,0.8522804408686695,0.9098259369042911,4.012100456621004
35153,1.0,12458.0,8.026970621287526e-05,0.8809824670058505,0.12657888100299516,0.8522116946761678,0.9097532393355332,4.012899543378995
35179,1.0,12457.0,8.027614995584812e-05,0.8809117451252206,0.126659157152951,0.8521429484875415,0.9096805417628998,4.015867579908676
35186,1.0,12456.0,8.028259473346178e-05,0.8808410232445908,0.12673943974768448,0.8520742023027914,0.9096078441863902,4.016666666666667
35217,1.0,12454.0,8.029548739360848e-05,0.8807702956853131,0.12681973523507808,0.852005450575093,0.9095351407955331,4.020205479452055
35232,1.0,12453.0,8.030193527664017e-05,0.8806995681260353,0.12690003717035472,0.8519366988512737,0.909462437400797,4.021917808219178
35266,1.0,12452.0,8.030838419531e-05,0.8806288405667577,0.12698034555455004,0.8518679471313344,0.909389734002181,4.025799086757991
35383,1.0,12447.0,8.034064433196755e-05,0.8805580902782894,0.127060686198882,0.8517991732136521,0.9093170073429266,4.039155251141553
35414,1.0,12446.0,8.034709946970914e-05,0.8804873399898209,0.12714103329835172,0.8517303992998561,0.9092442806797857,4.04269406392694
35433,1.0,12445.0,8.035355564483728e-05,0.8804165897013524,0.12722138685399656,0.8516616253899474,0.9091715540127574,4.04486301369863
35464,1.0,12444.0,8.036001285760205e-05,0.8803458394128839,0.12730174686685417,0.8515928514839269,0.9090988273418409,4.048401826484018
35465,1.0,12443.0,8.036647110825364e-05,0.8802750891244155,0.12738211333796243,0.8515240775817954,0.9090261006670357,4.04851598173516
35489,1.0,12442.0,8.037293039704228e-05,0.8802043388359471,0.12746248626835946,0.8514553036835535,0.9089533739883406,4.051255707762557
35492,1.0,12441.0,8.03793907242183e-05,0.8801335885474786,0.12754286565908368,0.8513865297892022,0.908880647305755,4.051598173515981
35534,1.0,12440.0,8.038585209003216e-05,0.8800628382590101,0.1276232515111737,0.851317755898742,0.9088079206192782,4.056392694063927
35539,1.0,12439.0,8.03923144947343e-05,0.8799920879705416,0.12770364382566843,0.8512489820121741,0.9087351939289091,4.0569634703196344
35618,1.0,12438.0,8.039877793857533e-05,0.8799213376820733,0.127784042603607,0.8511802081294992,0.9086624672346473,4.065981735159817
35657,1.0,12437.0,8.04052424218059e-05,0.8798505873936048,0.12786444784602882,0.8511114342507179,0.9085897405364917,4.070433789954338
35659,1.0,12436.0,8.041170794467674e-05,0.8797798371051363,0.1279448595539735,0.8510426603758312,0.9085170138344414,4.070662100456621
35680,1.0,12435.0,8.041817450743868e-05,0.8797090868166678,0.12802527772848094,0.8509738865048397,0.9084442871284959,4.073059360730594
35688,1.0,12434.0,8.042464211034261e-05,0.8796383365281993,0.12810570237059127,0.8509051126377445,0.9083715604186542,4.073972602739726
35716,1.0,12433.0,8.043111075363951e-05,0.8795675862397309,0.12818613348134492,0.8508363387745461,0.9082988337049156,4.077168949771689
35721,1.0,12432.0,8.043758043758043e-05,0.8794968359512624,0.1282665710617825,0.8507675649152455,0.9082261069872792,4.0777397260273975
35779,1.0,12431.0,8.044405116241654e-05,0.879426085662794,0.1283470151129449,0.8506987910598436,0.9081533802657444,4.084360730593607
35788,1.0,12430.0,8.045052292839903e-05,0.8793553353743255,0.12842746563587332,0.850630017208341,0.9080806535403101,4.085388127853881
35806,1.0,12429.0,8.045699573577922e-05,0.879284585085857,0.1285079226316091,0.8505612433607385,0.9080079268109756,4.0874429223744295
35823,2.0,12428.0,0.000160926939169617,0.8791430845089202,0.1286688495707787,0.8504236956772372,0.9078624733406032,4.089383561643835
35836,1.0,12426.0,8.047642040882022e-05,0.8790723342204517,0.12874932599118752,0.85035492184134,0.9077897465995635,4.090867579908676
35860,2.0,12424.0,0.00016097875080489375,0.8789308222542218,0.12891030474199242,0.8502173630562323,0.9076442814522113,4.093607305936073
35910,1.0,12422.0,8.050233456770246e-05,0.8788600662711068,0.1289908070765601,0.8501485836695374,0.9075715488726762,4.0993150684931505
35979,1.0,12421.0,8.050881571532083e-05,0.8787893102879918,0.1290713158922754,0.8500798042867496,0.907498816289234,4.107191780821918
35985,1.0,12420.0,8.051529790660226e-05,0.8787185543048768,0.129151831190182,0.8500110249078695,0.907426083701884,4.107876712328767
35989,1.0,12419.0,8.052178114179885e-05,0.8786477983217618,0.1292323529713238,0.8499422455328982,0.9073533511106253,4.108333333333333
36012,1.0,12418.0,8.052826542116283e-05,0.8785770423386468,0.12931288123674495,0.8498734661618363,0.9072806185154572,4.110958904109589
36093,1.0,12416.0,8.054123711340206e-05,0.8785062806567573,0.12939342247385835,0.8498046812281247,0.9072078800853899,4.120205479452054
36104,1.0,12415.0,8.054772452678212e-05,0.8784355189748678,0.12947397019838514,0.8497358962983255,0.9071351416514102,4.121461187214612
36110,1.0,12414.0,8.055421298533914e-05,0.8783647572929785,0.12955452441137047,0.8496671113724394,0.9070624032135175,4.122146118721461
36120,1.0,12413.0,8.05607024893257e-05,0.8782939956110891,0.1296350851138598,0.8495983264504674,0.9069896647717108,4.123287671232877
36127,1.0,12412.0,8.056719303899453e-05,0.8782232339291998,0.1297156523068988,0.8495295415324101,0.9069169263259894,4.1240867579908675
36131,1.0,12411.0,8.057368463459834e-05,0.8781524722473104,0.1297962259915334,0.8494607566182685,0.9068441878763523,4.124543378995434
36135,1.0,12410.0,8.058017727639001e-05,0.8780817105654211,0.12987680616880978,0.8493919717080433,0.9067714494227989,4.125
36136,1.0,12409.0,8.058667096462245e-05,0.8780109488835316,0.1299573928397744,0.849323186801735,0.9066987109653282,4.125114155251142
36185,1.0,12406.0,8.060615831049492e-05,0.8779401757939875,0.13003799899808488,0.8492543907563157,0.9066259608316594,4.130707762557078
36209,1.0,12405.0,8.061265618702137e-05,0.8778694027044435,0.1301186116542719,0.8491855947148177,0.9065532106940692,4.1334474885844745
36212,1.0,12404.0,8.061915511125443e-05,0.8777986296148994,0.13019923080938317,0.849116798677242,0.9064804605525568,4.1337899543378995
36214,1.0,12403.0,8.062565508344755e-05,0.8777278565253553,0.13027985646446663,0.8490480026435892,0.9064077104071215,4.134018264840183
36260,1.0,12402.0,8.063215610385422e-05,0.8776570834358113,0.13036048862057048,0.8489792066138601,0.9063349602577625,4.139269406392694
36282,1.0,12401.0,8.063865817272801e-05,0.8775863103462672,0.1304411272787432,0.8489104105880556,0.9062622101044788,4.141780821917808
36292,1.0,12400.0,8.064516129032258e-05,0.8775155372567232,0.13052177244003355,0.8488416145661767,0.9061894599472696,4.142922374429224
36294,1.0,12399.0,8.065166545689168e-05,0.8774447641671791,0.13060242410549044,0.8487728185482238,0.9061167097861343,4.1431506849315065
36310,2.0,12398.0,0.00016131634134537829,0.877303217988091,0.13076374044683584,0.8486352265241003,0.9059712094520816,4.144977168949771
36322,1.0,12396.0,8.067118425298483e-05,0.8772324448985469,0.13084441163108881,0.848566430517931,0.9058984592791628,4.1463470319634705
36346,1.0,12395.0,8.067769261799113e-05,0.8771616718090028,0.1309250893237068,0.8484976345156913,0.9058257091023144,4.149086757990868
36363,1.0,12394.0,8.068420203324189e-05,0.8770908987194588,0.13100577352574005,0.8484288385173818,0.9057529589215357,4.151027397260274
36385,1.0,12393.0,8.069071249899137e-05,0.8770201256299147,0.13108646423823905,0.8483600425230035,0.905680208736826,4.1535388127853885
36405,1.0,12392.0,8.069722401549386e-05,0.8769493525403707,0.13116716146225454,0.848291246532557,0.9056074585481843,4.155821917808219
36412,1.0,12391.0,8.07037365830038e-05,0.8768785794508266,0.13124786519883755,0.8482224505460434,0.9055347083556098,4.15662100456621
36432,1.0,12389.0,8.071676487206392e-05,0.8768078006487077,0.1313285819637096,0.8481536489833726,0.9054619523140427,4.158904109589041
36466,1.0,12388.0,8.072328059412334e-05,0.8767370218465887,0.13140930524430375,0.8480848474246375,0.90538919626854,4.162785388127854
36494,1.0,12387.0,8.07297973682086e-05,0.8766662430444699,0.13149003504167195,0.8480160458698389,0.905316440219101,4.165981735159817
36591,1.0,12386.0,8.073631519457452e-05,0.876595464242351,0.1315707713568665,0.8479472443189775,0.9052436841657245,4.177054794520548
36608,1.0,12385.0,8.074283407347598e-05,0.8765246854402322,0.13165151419093998,0.8478784427720543,0.9051709281084102,4.178995433789955
36626,1.0,12384.0,8.074935400516796e-05,0.8764539066381133,0.13173226354494516,0.8478096412290699,0.9050981720471567,4.181050228310502
36667,1.0,12383.0,8.075587498990552e-05,0.8763831278359944,0.13181301941993506,0.8477408396900251,0.9050254159819636,4.185730593607306
36687,1.0,12381.0,8.0768920119538e-05,0.876312343317148,0.1318937883400546,0.8476720325707588,0.9049526540635372,4.188013698630137
36710,1.0,12380.0,8.077544426494346e-05,0.8762415587983017,0.13197456378431954,0.8476032254554351,0.9048798921411683,4.190639269406392
36713,1.0,12379.0,8.078196946441554e-05,0.8761707742794554,0.13205534575378397,0.847534418344055,0.9048071302148559,4.190981735159817
36717,1.0,12378.0,8.078849571820973e-05,0.8760999897606091,0.13213613424950219,0.8474656112366189,0.9047343682845993,4.191438356164384
36747,1.0,12377.0,8.079502302658157e-05,0.8760292052417628,0.13221692927252876,0.8473968041331279,0.9046616063503976,4.1948630136986305
36788,1.0,12374.0,8.081461128171973e-05,0.8759584092820697,0.1322977438838105,0.8473279858580094,0.90458883270613,4.1995433789954335
36790,1.0,12373.0,8.082114281095935e-05,0.8758876133223766,0.13237856502662146,0.8472591675868401,0.9045160590579132,4.199771689497717
36791,1.0,12372.0,8.082767539605561e-05,0.8758168173626836,0.1324593927020175,0.8471903493196209,0.9044432854057463,4.1998858447488585
36834,1.0,12371.0,8.083420903726457e-05,0.8757460214029905,0.13254022691105477,0.8471215310563526,0.9043705117496285,4.204794520547945
36902,1.0,12370.0,8.084074373484237e-05,0.8756752254432975,0.13262106765478962,0.847052712797036,0.9042977380895589,4.212557077625571
36916,1.0,12369.0,8.08472794890452e-05,0.8756044294836044,0.13270191493427866,0.8469838945416719,0.9042249644255369,4.214155251141553
36939,1.0,12368.0,8.085381630012937e-05,0.8755336335239114,0.1327827687505788,0.8469150762902613,0.9041521907575616,4.2167808219178085
36941,1.0,12367.0,8.086035416835126e-05,0.8754628375642184,0.13286362910474714,0.8468462580428048,0.904079417085632,4.217009132420091
36946,1.0,12366.0,8.086689309396733e-05,0.8753920416045253,0.1329444959978411,0.8467774397993032,0.9040066434097475,4.217579908675799
36992,1.0,12365.0,8.087343307723413e-05,0.8753212456448323,0.13302536943091833,0.8467086215597573,0.9039338697299072,4.222831050228311
37063,1.0,12362.0,8.089305937550558e-05,0.8752504382313356,0.13310626249029384,0.8466397921358896,0.9038610843267817,4.230936073059361
37095,1.0,12360.0,8.090614886731392e-05,0.8751796250890839,0.13318716863916116,0.846570957120024,0.9037882930581438,4.234589041095891
37097,1.0,12359.0,8.091269520187717e-05,0.8751088119468322,0.13326808133436305,0.8465021221081205,0.9037155017855439,4.234817351598173
37108,1.0,12358.0,8.09192425958893e-05,0.8750379988045804,0.13334900057695895,0.8464332871001798,0.903642710508981,4.236073059360731
37119,1.0,12357.0,8.09257910496075e-05,0.8749671856623288,0.13342992636800854,0.846364452096203,0.9035699192284545,4.237328767123287
37121,1.0,12356.0,8.09323405632891e-05,0.874896372520077,0.13351085870857182,0.8462956170961907,0.9034971279439633,4.237557077625571
37125,1.0,12355.0,8.093889113719143e-05,0.8748255593778254,0.13359179759970902,0.8462267821001439,0.9034243366555068,4.238013698630137
37146,1.0,12354.0,8.094544277157196e-05,0.8747547462355736,0.13367274304248059,0.8461579471080632,0.9033515453630839,4.24041095890411
37154,1.0,12353.0,8.095199546668825e-05,0.8746839330933219,0.13375369503794726,0.8460891121199497,0.9032787540666941,4.241324200913242
37169,1.0,12352.0,8.095854922279793e-05,0.8746131199510703,0.13383465358717006,0.8460202771358041,0.9032059627663365,4.243036529680365
37186,1.0,12351.0,8.096510404015869e-05,0.8745423068088185,0.13391561869121021,0.845951442155627,0.90313317146201,4.244977168949772
37202,1.0,12350.0,8.097165991902834e-05,0.8744714936665667,0.13399659035112924,0.8458826071794194,0.903060380153714,4.246803652968037
37212,1.0,12349.0,8.097821685966476e-05,0.874400680524315,0.13407756856798891,0.8458137722071822,0.9029875888414477,4.247945205479452
37253,1.0,12347.0,8.099133392726978e-05,0.8743298616468124,0.1341585599019162,0.84574493163659,0.9029147916570347,4.252625570776256
37290,1.0,12346.0,8.099789405475457e-05,0.8742590427693098,0.13423955779597094,0.8456760910699711,0.9028419944686484,4.256849315068493
37321,1.0,12345.0,8.100445524503848e-05,0.8741882238918072,0.13432056225121597,0.8456072505073262,0.9027691972762881,4.260388127853881
37333,1.0,12344.0,8.101101749837978e-05,0.8741174050143046,0.13440157326871435,0.8455384099486563,0.9026964000799529,4.26175799086758
37363,1.0,12343.0,8.101758081503687e-05,0.874046586136802,0.13448259084952938,0.8454695693939621,0.9026236028796418,4.265182648401827
37389,1.0,12342.0,8.102414519526819e-05,0.8739757672592994,0.13456361499472463,0.8454007288432446,0.9025508056753542,4.2681506849315065
37429,1.0,12340.0,8.103727714748784e-05,0.8739049426428278,0.1346446522718721,0.8453318826905324,0.9024780025951232,4.272716894977169
37490,1.0,12339.0,8.104384471999351e-05,0.8738341180263562,0.1347256961165921,0.8452630365417997,0.9024051995109128,4.279680365296803
37535,1.0,12338.0,8.105041335710812e-05,0.8737632934098847,0.1348067465299492,0.8451941903970474,0.902332396422722,4.284817351598173
37550,1.0,12337.0,8.105698305909054e-05,0.8736924687934131,0.1348878035130083,0.8451253442562763,0.90225959333055,4.286529680365297
37557,1.0,12336.0,8.106355382619974e-05,0.8736216441769415,0.1349688670668345,0.8450564981194871,0.902186790234396,4.287328767123288
37558,1.0,12335.0,8.107012565869477e-05,0.87355081956047,0.1350499371924932,0.8449876519866808,0.9021139871342592,4.287442922374429
37618,1.0,12334.0,8.107669855683477e-05,0.8734799949439984,0.13513101389105003,0.8449188058578582,0.9020411840301387,4.294292237442923
37678,1.0,12333.0,8.108327252087895e-05,0.8734091703275269,0.1352120971635709,0.84484995973302,0.9019683809220337,4.301141552511416
37786,1.0,12332.0,8.10898475510866e-05,0.8733383457110553,0.135293187011122,0.8447811136121671,0.9018955778099434,4.313470319634703
37794,1.0,12331.0,8.109642364771714e-05,0.8732675210945837,0.13537428343476973,0.8447122674953004,0.9018227746938671,4.314383561643836
37964,1.0,12329.0,8.110957904128478e-05,0.8731966907335573,0.13545539301381102,0.8446434157709721,0.9017499656961425,4.3337899543379
37977,1.0,12328.0,8.111615833874107e-05,0.8731258603725309,0.13553650917214977,0.8445745640506329,0.9016771566944289,4.33527397260274
37984,1.0,12326.0,8.112932013629726e-05,0.8730550242650855,0.13561763849228606,0.8445057067210064,0.9016043418091646,4.33607305936073
38037,1.0,12325.0,8.113590263691683e-05,0.8729841881576401,0.13569877439492298,0.8444368493953721,0.9015315269199081,4.342123287671233
38048,1.0,12324.0,8.114248620577734e-05,0.8729133520501946,0.13577991688112875,0.8443679920737305,0.9014587120266587,4.34337899543379
38086,1.0,12323.0,8.114907084313884e-05,0.8728425159427492,0.1358610659519719,0.8442991347560826,0.9013858971294157,4.347716894977169
38093,1.0,12322.0,8.115565654926148e-05,0.8727716798353037,0.13594222160852115,0.8442302774424293,0.9013130822281781,4.34851598173516
38104,1.0,12321.0,8.116224332440549e-05,0.8727008437278582,0.13602338385184556,0.8441614201327713,0.901240267322945,4.349771689497717
38108,1.0,12320.0,8.116883116883117e-05,0.8726300076204128,0.13610455268301438,0.8440925628271096,0.9011674524137159,4.350228310502283
38137,1.0,12319.0,8.117542008279893e-05,0.8725591715129674,0.13618572810309718,0.844023705525445,0.9010946375004897,4.353538812785388
38161,1.0,12318.0,8.118201006656925e-05,0.872488335405522,0.13626691011316375,0.8439548482277782,0.9010218225832657,4.356278538812785
38167,1.0,12317.0,8.118860112040269e-05,0.8724174992980765,0.13634809871428416,0.8438859909341101,0.900949007662043,4.356963470319634
38183,1.0,12316.0,8.119519324455992e-05,0.8723466631906311,0.13642929390752873,0.8438171336444416,0.9008761927368207,4.358789954337899
38190,1.0,12315.0,8.120178643930166e-05,0.8722758270831856,0.13651049569396803,0.8437482763587733,0.900803377807598,4.359589041095891
38249,1.0,12314.0,8.120838070488874e-05,0.8722049909757401,0.13659170407467291,0.8436794190771062,0.900730562874374,4.366324200913242
38263,1.0,12313.0,8.121497604158207e-05,0.8721341548682946,0.1366729190507145,0.843610561799441,0.9006577479371481,4.367922374429224
38269,1.0,12312.0,8.122157244964262e-05,0.8720633187608492,0.13675414062316413,0.8435417045257789,0.9005849329959195,4.368607305936073
38296,1.0,12311.0,8.122816992933149e-05,0.8719924826534038,0.13683536879309346,0.8434728472561206,0.900512118050687,4.371689497716895
38325,1.0,12310.0,8.123476848090982e-05,0.8719216465459584,0.13691660356157437,0.8434039899904666,0.9004393031014502,4.375
38361,1.0,12309.0,8.124136810463888e-05,0.871850810438513,0.136997844929679,0.8433351327288181,0.9003664881482079,4.379109589041096
38365,1.0,12308.0,8.124796880077999e-05,0.8717799743310675,0.13707909289847978,0.8432662754711756,0.9002936731909593,4.379566210045662
38366,1.0,12307.0,8.125457056959453e-05,0.871709138223622,0.13716034746904937,0.8431974182175402,0.9002208582297037,4.379680365296804
38373,1.0,12306.0,8.126117341134406e-05,0.8716383021161765,0.1372416086424607,0.8431285609679128,0.9001480432644403,4.380479452054795
38397,1.0,12304.0,8.127438231469441e-05,0.8715674602515703,0.1373228830247754,0.8430596980984862,0.9000752224046543,4.383219178082192
38477,1.0,12303.0,8.128098837681866e-05,0.871496618386964,0.13740416401315222,0.8429908352330706,0.9000024015408574,4.392351598173516
38479,1.0,12302.0,8.128759551292472e-05,0.8714257765223576,0.13748545160866515,0.8429219723716666,0.8999295806730487,4.392579908675799
38516,1.0,12301.0,8.129420372327454e-05,0.8713549346577514,0.13756674581238842,0.8428531095142751,0.8998567598012277,4.396803652968036
38534,1.0,12300.0,8.130081300813008e-05,0.871284092793145,0.13764804662539656,0.8427842466608968,0.8997839389253932,4.398858447488585
38538,2.0,12299.0,0.00016261484673550696,0.8711424090639324,0.13781066147213208,0.8426465209661839,0.8996382971616809,4.39931506849315
38552,1.0,12297.0,8.13206473123526e-05,0.871071567199326,0.13789198211944445,0.8425776581248506,0.8995654762738013,4.400913242009133
38562,1.0,12296.0,8.132726089785297e-05,0.8710007253347197,0.1379733093803423,0.8425087952875342,0.8994926553819053,4.402054794520548
38631,1.0,12295.0,8.133387555917039e-05,0.8709298834701134,0.13805464325590147,0.8424399324542353,0.8994198344859914,4.409931506849315
38636,1.0,12294.0,8.134049129656744e-05,0.870859041605507,0.13813598374719804,0.8423710696249547,0.8993470135860593,4.410502283105023
38652,1.0,12293.0,8.134710811030668e-05,0.8707881997409007,0.13821733085530835,0.8423022067996934,0.8992741926821081,4.412328767123288
38686,1.0,12292.0,8.135372600065082e-05,0.8707173578762945,0.138298684581309,0.8422333439784521,0.8992013717741368,4.4162100456621
38700,1.0,12291.0,8.136034496786266e-05,0.8706465160116881,0.13838004492627687,0.8421644811612315,0.8991285508621446,4.417808219178082
38743,1.0,12289.0,8.137358613394092e-05,0.8705756683824252,0.1384614185124108,0.8420956127168763,0.8990557240479741,4.422716894977169
38768,1.0,12288.0,8.138020833333333e-05,0.8705048207531623,0.13854279872074415,0.842026744276545,0.8989828972297795,4.425570776255708
38808,1.0,12287.0,8.13868316106454e-05,0.8704339731238994,0.1386241855523548,0.8419578758402383,0.8989100704075604,4.4301369863013695
38817,1.0,12286.0,8.139345596614032e-05,0.8703631254946365,0.13870557900832095,0.8418890074079571,0.8988372435813158,4.431164383561644
38827,1.0,12285.0,8.14000814000814e-05,0.8702922778653736,0.13878697908972104,0.8418201389797024,0.8987644167510447,4.4323059360730594
38867,1.0,12284.0,8.140670791273201e-05,0.8702214302361108,0.13886838579763378,0.8417512705554749,0.8986915899167466,4.436872146118722
38925,1.0,12283.0,8.141333550435561e-05,0.8701505826068479,0.13894979913313812,0.8416824021352755,0.8986187630784203,4.443493150684931
39026,1.0,12282.0,8.141996417521577e-05,0.870079734977585,0.13903121909731334,0.841613533719105,0.8985459362360649,4.455022831050228
39037,1.0,12281.0,8.14265939255761e-05,0.870008887348322,0.1391126456912389,0.8415446653069641,0.89847310938968,4.456278538812786
39055,1.0,12280.0,8.143322475570033e-05,0.8699380397190591,0.1391940789159946,0.8414757968988539,0.8984002825392644,4.458333333333333
39063,1.0,12279.0,8.143985666585227e-05,0.8698671920897962,0.13927551877266048,0.841406928494775,0.8983274556848174,4.4592465753424655
39064,1.0,12278.0,8.144648965629581e-05,0.8697963444605334,0.13935696526231678,0.8413380600947286,0.8982546288263383,4.459360730593607
39067,1.0,12277.0,8.145312372729494e-05,0.8697254968312705,0.13943841838604407,0.8412691916987151,0.898181801963826,4.459703196347032
39086,1.0,12276.0,8.145975887911372e-05,0.8696546492020076,0.13951987814492317,0.8412003233067356,0.8981089750972797,4.461872146118721
39116,1.0,12275.0,8.146639511201629e-05,0.8695838015727447,0.1396013445400352,0.8411314549187908,0.8980361482266986,4.465296803652968
39185,2.0,12274.0,0.00016294606485253382,0.8694421063142189,0.13976429060488774,0.8409937181550091,0.8978904944734287,4.473173515981735
39264,1.0,12272.0,8.148631029986962e-05,0.869371258684956,0.1398457769151876,0.8409248497791738,0.8978176675907382,4.482191780821918
39269,1.0,12271.0,8.149295085975064e-05,0.8693004110556931,0.13992726986604734,0.8408559814073766,0.8977448407040096,4.482762557077626
39274,1.0,12270.0,8.149959250203749e-05,0.8692295634264302,0.14000876945854937,0.8407871130396185,0.8976720138132419,4.483333333333333
39357,1.0,12269.0,8.150623522699487e-05,0.8691587157971673,0.14009027569377636,0.8407182446759002,0.8975991869184344,4.492808219178082
39358,1.0,12268.0,8.151287903488751e-05,0.8690878681679044,0.14017178857281123,0.8406493763162226,0.8975263600195862,4.492922374429224
39365,1.0,12267.0,8.151952392598027e-05,0.8690170205386415,0.14025330809673722,0.8405805079605865,0.8974535331166965,4.4937214611872145
39466,1.0,12265.0,8.153281695882592e-05,0.8689461671329719,0.14033484091369605,0.8405116339663171,0.8973807002996267,4.505251141552511
39473,2.0,12264.0,0.00016307893020221786,0.8688044603216326,0.14049791984389826,0.8403738859899128,0.8972350346533524,4.506050228310502
39505,1.0,12262.0,8.155276463872126e-05,0.8687336069159629,0.14057947260853698,0.8403050120077795,0.8971622018241463,4.509703196347032
39584,1.0,12260.0,8.156606851549755e-05,0.8686627477310594,0.14066103867705249,0.8402361323842452,0.8970893630778737,4.518721461187215
39649,1.0,12258.0,8.157937673356176e-05,0.8685918827655079,0.14074261805378604,0.8401672471179243,0.8970165184130915,4.526141552511415
39656,1.0,12257.0,8.158603247124092e-05,0.8685210177999564,0.1408242040862573,0.8400983618556549,0.8969436737442579,4.526940639269406
39707,1.0,12255.0,8.159934720522235e-05,0.86845014705187,0.1409058034334625,0.840029470948751,0.8968708231549889,4.532762557077626
39770,1.0,12253.0,8.161266628580756e-05,0.8683792705198328,0.14098741609974833,0.8399605743958256,0.8967979666438399,4.539954337899544
39803,1.0,12252.0,8.161932745674175e-05,0.8683083939877956,0.14106903542720506,0.8398916778469568,0.8967251101286343,4.543721461187214
39857,1.0,12250.0,8.163265306122449e-05,0.868237511669919,0.14115066808026627,0.8398227756502171,0.8966522476896209,4.549885844748858
39897,1.0,12248.0,8.164598301763554e-05,0.8681666235647859,0.1412323140632839,0.8397538678042179,0.8965793793253539,4.55445205479452
39899,1.0,12247.0,8.165264962848044e-05,0.8680957354596529,0.14131396671291238,0.8396849599622807,0.8965065109570252,4.554680365296804
39978,1.0,12246.0,8.165931732810714e-05,0.8680248473545199,0.1413956260302405,0.8396160521244059,0.8964336425846339,4.563698630136987
39997,1.0,12245.0,8.166598611678236e-05,0.8679539592493868,0.14147729201635728,0.8395471442905947,0.8963607742081788,4.565867579908676
40022,1.0,12244.0,8.167265599477295e-05,0.8678830711442537,0.14155896467235204,0.8394782364608477,0.8962879058276596,4.568721461187215
40031,1.0,12243.0,8.167932696234583e-05,0.8678121830391206,0.1416406439993144,0.839409328635166,0.8962150374430751,4.569748858447489
40055,1.0,12242.0,8.168599901976801e-05,0.8677412949339874,0.14172232999833417,0.8393404208135503,0.8961421690544246,4.572488584474886
40059,1.0,12241.0,8.169267216730659e-05,0.8676704068288543,0.1418040226705015,0.8392715129960016,0.8960693006617071,4.572945205479452
40160,1.0,11842.0,8.444519506840061e-05,0.8675971362320946,0.14188846786556988,0.839200277440045,0.8959939950241441,4.584474885844749
40168,1.0,11821.0,8.459521191100583e-05,0.8675237416685017,0.1419730630774809,0.8391289207495792,0.8959185625874241,4.585388127853881
40194,1.0,11492.0,8.70170553428472e-05,0.8674482523070617,0.14206008013282373,0.8390555167332169,0.8958409878809065,4.588356164383562
40235,1.0,11076.0,9.028530155290719e-05,0.8673699344800206,0.14215036543437665,0.8389793474055204,0.8957605215545209,4.593036529680365
40237,1.0,11075.0,9.029345372460496e-05,0.8672916166529796,0.14224065888810125,0.8389031780838895,0.8956800552220697,4.593264840182648
40241,1.0,11074.0,9.030160736861116e-05,0.8672132988259386,0.14233096049546987,0.8388270087683258,0.8955995888835513,4.593721461187215
40243,1.0,11073.0,9.030976248532467e-05,0.8671349809988974,0.1424212702579552,0.8387508394588304,0.8955191225389644,4.5939497716894975
40262,1.0,11072.0,9.03179190751445e-05,0.8670566631718564,0.14251158817703036,0.8386746701554051,0.8954386561883076,4.596118721461187
40308,1.0,11071.0,9.032607713846988e-05,0.8669783453448153,0.14260191425416882,0.838598500858051,0.8953581898315797,4.601369863013699
40328,1.0,11070.0,9.03342366757001e-05,0.8669000275177743,0.14269224849084453,0.8385223315667695,0.8952777234687791,4.6036529680365295
40332,1.0,11069.0,9.034239768723462e-05,0.8668217096907332,0.14278259088853176,0.8384461622815621,0.8951972570999044,4.604109589041096
40377,1.0,11067.0,9.035872413481521e-05,0.8667433847869933,0.14287294961266658,0.8383699860823515,0.8951167834916351,4.609246575342466
40384,1.0,11066.0,9.036688957166094e-05,0.8666650598832533,0.14296331650223826,0.8382938098892198,0.8950363098772868,4.610045662100457
40455,1.0,11061.0,9.040773890245005e-05,0.8665867066548034,0.1430537242411407,0.8382176060042503,0.8949558073053565,4.618150684931507
40469,1.0,11060.0,9.041591320072333e-05,0.8665083534263537,0.14314414015434143,0.8381414021253716,0.8948753047273358,4.619748858447489
40514,1.0,11058.0,9.043226623259179e-05,0.8664299931122439,0.14323457242057402,0.8380651913237002,0.8947947949007876,4.624885844748858
40579,1.0,11055.0,9.045680687471733e-05,0.8663516186216865,0.14332502922744875,0.8379889666653163,0.8947142705780567,4.63230593607306
40582,1.0,11053.0,9.047317470370036e-05,0.8662732370403402,0.14341550240215245,0.8379127350791088,0.8946337390015716,4.632648401826484
40607,1.0,11052.0,9.048136083966703e-05,0.8661948554589938,0.14350598376299212,0.8378365034990061,0.8945532074189815,4.635502283105023
40621,1.0,11051.0,9.04895484571532e-05,0.8661164738776473,0.14359647331144926,0.8377602719250097,0.894472675830285,4.637100456621004
40647,1.0,11049.0,9.050592813829306e-05,0.8660380852023032,0.14368697923958756,0.8376840334200445,0.8943921369845619,4.640068493150685
40664,1.0,11048.0,9.051412020275162e-05,0.865959696526959,0.14377749335979031,0.8376077949211906,0.8943115981327274,4.642009132420092
40674,1.0,11047.0,9.052231375033946e-05,0.8658813078516149,0.14386801567354066,0.8375315564284493,0.8942310592747804,4.6431506849315065
40759,1.0,9969.0,0.00010031096398836393,0.8657944504629248,0.143968326637529,0.8374470316875409,0.8941418692383087,4.6528538812785385
40865,2.0,9910.0,0.00020181634712411706,0.865619718989572,0.14417014298465314,0.8372769868236776,0.8939624511554665,4.664954337899544
40887,1.0,9908.0,0.00010092854259184497,0.8655323532528957,0.14427107152724497,0.8371919644059058,0.8938727420998855,4.667465753424658
40919,1.0,9907.0,0.0001009387301907742,0.8654449875162192,0.14437201025743573,0.837106941997577,0.8937830330348615,4.671118721461188
41001,1.0,9906.0,0.00010094891984655764,0.8653576217795428,0.14447295917728228,0.8370219195986935,0.893693323960392,4.6804794520547945
41043,1.0,9905.0,0.00010095911155981827,0.8652702560428664,0.1445739182888421,0.8369368972092579,0.893603614876475,4.68527397260274
41083,1.0,9903.0,0.00010097950116126426,0.8651828814840415,0.14467489779000337,0.8368518661914993,0.8935138967765838,4.6898401826484015
41090,1.0,9902.0,0.00010098969905069682,0.8650955069252166,0.14477588748905407,0.8367668351831969,0.8934241786672363,4.690639269406392
41122,1.0,9901.0,0.000100999899000101,0.8650081323663917,0.14487688738805418,0.8366818041843532,0.8933344605484302,4.694292237442922
41138,1.0,9900.0,0.00010101010101010101,0.8649207578075669,0.14497789748906428,0.8365967731949705,0.8932447424201634,4.696118721461187
41186,1.0,9899.0,0.00010102030508132135,0.864833383248742,0.1450789177941456,0.8365117422150509,0.8931550242824332,4.701598173515982
41193,1.0,9898.0,0.00010103051121438674,0.8647460086899171,0.14517994830536,0.8364267112445969,0.8930653061352374,4.7023972602739725
41221,1.0,9897.0,0.0001010407194099222,0.8646586341310922,0.1452809890247699,0.8363416802836109,0.8929755879785736,4.705593607305936
41241,1.0,9896.0,0.00010105092966855295,0.8645712595722674,0.14538203995443846,0.8362566493320953,0.8928858698124396,4.707876712328767
41258,1.0,9895.0,0.0001010611419909045,0.8644838850134425,0.14548310109642937,0.8361716183900523,0.8927961516368328,4.709817351598174
41277,1.0,9894.0,0.00010107135637760258,0.8643965104546176,0.14558417245280697,0.8360865874574843,0.8927064334517509,4.711986301369863
41296,1.0,9893.0,0.00010108157282927322,0.8643091358957927,0.14568525402563626,0.8360015565343937,0.8926167152571918,4.714155251141553
41317,1.0,9892.0,0.00010109179134654265,0.8642217613369678,0.1457863458169828,0.8359165256207829,0.8925269970531527,4.716552511415525
41323,1.0,9891.0,0.00010110201193003741,0.8641343867781429,0.14588744782891283,0.8358314947166541,0.8924372788396318,4.717237442922374
41327,1.0,9890.0,0.00010111223458038423,0.864047012219318,0.14598856006349323,0.8357464638220097,0.8923475606166263,4.717694063926941
41360,1.0,9889.0,0.00010112245929821013,0.8639596376604932,0.14608968252279145,0.8356614329368522,0.8922578423841342,4.7214611872146115
41384,1.0,9888.0,0.0001011326860841424,0.8638722631016683,0.14619081520887559,0.8355764020611839,0.8921681241421527,4.724200913242009
41500,1.0,9886.0,0.00010115314586283633,0.863784879704632,0.14629196835473843,0.8354913625414423,0.8920783968678218,4.737442922374429
41516,1.0,9885.0,0.00010116337885685381,0.8636974963075956,0.14639313173359528,0.8354063230311982,0.891988669583993,4.739269406392694
41549,1.0,9883.0,0.00010118385105737125,0.8636101040687706,0.14649431558465265,0.8353212748733696,0.8918989332641716,4.743036529680365
41602,1.0,9882.0,0.00010119409026512852,0.8635227118299456,0.14659550967491777,0.8352362267250473,0.8918091969348438,4.7490867579908675
41611,1.0,9881.0,0.00010120433154539014,0.8634353195911205,0.14669671400646317,0.8351511785862337,0.8917194605960074,4.750114155251142
41639,1.0,9880.0,0.00010121457489878542,0.8633479273522955,0.14679792858136195,0.835066130456931,0.89162972424766,4.753310502283105
41673,1.0,9878.0,0.00010123506782749544,0.8632605262663113,0.14689916364918945,0.8349810736747746,0.8915399788578481,4.757191780821918
41739,1.0,9823.0,0.00010180189351521938,0.8631726447101404,0.14700096554270467,0.8348955464514546,0.8914497429688263,4.76472602739726
41802,1.0,9822.0,0.00010181225819588678,0.8630847631539696,0.14710277780090056,0.8348100192378678,0.8913595070700715,4.771917808219178
41815,1.0,9821.0,0.00010182262498727217,0.8629968815977989,0.14720460042588784,0.8347244920340166,0.8912692711615812,4.773401826484018
41854,1.0,9775.0,0.00010230179028132993,0.8629085954718042,0.14730690221616918,0.8346385686820015,0.8911786222616069,4.7778538812785385
41895,1.0,9742.0,0.00010264832683227263,0.8628200193482698,0.14740955054300145,0.8345523613582756,0.891087677338264,4.782534246575342
41898,2.0,9715.0,0.0002058672156459084,0.862642392993283,0.14761541775864737,0.8343794824512374,0.8909053035353287,4.782876712328767
41930,1.0,9656.0,0.00010356255178127589,0.86255305554579,0.14771898031042865,0.8342925295722721,0.8908135815193079,4.786529680365297
41965,1.0,9655.0,0.00010357327809425168,0.8624637180982968,0.14782255358852292,0.8342055767037193,0.8907218594928743,4.790525114155251
42083,2.0,9491.0,0.00021072595090085343,0.862281974611183,0.14803327953942377,0.8340286653594373,0.8905352838629288,4.803995433789955
42162,1.0,9468.0,0.00010561892691170258,0.8621909013143293,0.1481388984663355,0.833940012261705,0.8904417903669536,4.813013698630137
42181,1.0,9383.0,0.00010657572205051689,0.8620990126964764,0.14824547418838602,0.8338505604271986,0.8903474649657541,4.8151826484018265
42200,1.0,9332.0,0.00010715816545220746,0.8620066317478376,0.14835263235383822,0.8337606262371718,0.8902526372585035,4.8173515981735155
42204,2.0,9331.0,0.0002143392991104919,0.8618218698505602,0.14856697165294871,0.8335807578928934,0.890062981808227,4.817808219178082
42208,1.0,9325.0,0.00010723860589812332,0.861729449274705,0.14867421025884683,0.8334907849119088,0.8899681136375012,4.818264840182648
42209,1.0,9319.0,0.00010730765103551884,0.8616369791116751,0.14878151790988237,0.8334007633570524,0.8898731948662979,4.81837899543379
42211,1.0,9310.0,0.00010741138560687433,0.8615444294898587,0.14888892929548925,0.8333106639592289,0.8897781950204884,4.818607305936073
42212,1.0,9305.0,0.00010746910263299302,0.8614518400831429,0.14899639839812223,0.8332205255912327,0.8896831545750531,4.818721461187215
42214,1.0,9300.0,0.00010752688172043011,0.8613592108530265,0.14910392527984268,0.8331303482151308,0.8895880734909222,4.818949771689498
42287,1.0,9277.0,0.00010779346771585642,0.8612663619567397,0.14921171874755854,0.8330399556116639,0.8894927683018155,4.827283105022831
42314,1.0,9224.0,0.00010841283607979184,0.8611729896278199,0.14932013158363833,0.8329490501093285,0.8893969291463112,4.830365296803653
42362,1.0,9067.0,0.00011029006286533584,0.8610780108046558,0.14943042164650366,0.8328565701839993,0.8892994514253124,4.835844748858447
42386,1.0,9064.0,0.00011032656663724625,0.860983011024117,0.14954074821314092,0.8327640697305427,0.8892019523176913,4.838584474885844
42390,1.0,9063.0,0.00011033873993158998,0.860888011243578,0.14965108695307253,0.8326715692904593,0.8891044531966968,4.839041095890411
42661,1.0,8555.0,0.0001168907071887785,0.8607873814351334,0.14976797766026131,0.8325735483907502,0.8890012144795167,4.869977168949772
42665,1.0,8531.0,0.00011721955222131051,0.8606864803237239,0.1498851972124826,0.8324752613751066,0.8888976992723411,4.870433789954338
42668,1.0,8508.0,0.00011753643629525152,0.8605853183020591,0.15000273364877786,0.8323767184287977,0.8887939181753205,4.870776255707763
42672,1.0,8485.0,0.00011785503830288745,0.8604838939864077,0.15012058868708075,0.8322779181851258,0.8886898697876896,4.8712328767123285
42679,1.0,8455.0,0.00011827321111768185,0.8603821217931509,0.15023886189819843,0.8321787766707651,0.8885854669155366,4.872031963470319
42748,1.0,8090.0,0.00012360939431396787,0.8602757704801974,0.1503624712925124,0.8320751412537235,0.8884763997066714,4.879908675799086
42784,1.0,8077.0,0.0001238083446824316,0.8601692611610839,0.15048627963719483,0.8319713507403876,0.8883671715817802,4.884018264840183
42803,1.0,8072.0,0.0001238850346878097,0.8600626990623276,0.15061016467188262,0.83186750843277,0.8882578896918851,4.886187214611872
42806,1.0,8065.0,0.00012399256044637322,0.8599560576861264,0.150734157232329,0.8317635883164284,0.8881485270558244,4.886529680365297
42837,1.0,8022.0,0.00012465719272001995,0.8598488579781126,0.150858814425049,0.8316591200593977,0.8880385958968275,4.890068493150685
42897,1.0,7847.0,0.00012743723716069835,0.8597392812152761,0.1509862516622097,0.83155231758997,0.8879262448405822,4.896917808219178
42925,1.0,7840.0,0.00012755102040816328,0.8596296205926721,0.15111380268261784,0.8314454327810867,0.8878138084042575,4.900114155251141
42939,1.0,7802.0,0.0001281722635221738,0.8595194399184101,0.15124197494614003,0.8313380372035397,0.8877008426332804,4.901712328767124
43060,1.0,7454.0,0.00013415615776764153,0.859404130092824,0.15137613110390766,0.8312256018425718,0.8875826583430763,4.915525114155251
43253,1.0,6918.0,0.00014455044810638914,0.8592799028407146,0.15152068155201404,0.8311043958729296,0.8874554098084997,4.937557077625571
43262,1.0,6883.0,0.0001452854859799506,0.8591550619424376,0.15166596703799398,0.830982585998558,0.8873275378863172,4.938584474885845
43275,1.0,6874.0,0.00014547570555717196,0.8590300757536186,0.15181144274355116,0.8308606331632606,0.8871995183439765,4.940068493150685
43295,1.0,6873.0,0.00014549687181725592,0.8589050895647994,0.1519569396153684,0.830738680368242,0.8870714987613567,4.9423515981735155
43300,1.0,6872.0,0.00014551804423748544,0.8587801033759803,0.1521024576596059,0.8306167276135155,0.8869434791384452,4.942922374429224
43312,1.0,6870.0,0.0001455604075691412,0.8586550989941206,0.15224801806717503,0.83049475699251,0.8868154409957313,4.944292237442922
43331,1.0,6811.0,0.00014682131845543972,0.8585290301203878,0.15239483938563048,0.8303717386015922,0.8866863216391835,4.946461187214612
43399,1.0,6469.0,0.0001545833977430824,0.8583963157858507,0.15254942278337355,0.8302421754337388,0.8865504561379627,4.954223744292237
43421,1.0,6414.0,0.00015590894917368256,0.858262484118282,0.15270533173254724,0.830111511313258,0.886413456923306,4.9567351598173515
43427,1.0,6400.0,0.00015625,0.8581283806051385,0.15286158173254724,0.8299805793471752,0.8862761818631019,4.957420091324201
43488,1.0,6356.0,0.00015733165512901197,0.8579933698467047,0.15301891338767626,0.8298487532880165,0.8861379864053929,4.964383561643835
43538,1.0,6232.0,0.00016046213093709883,0.8578556944022492,0.15317937551861335,0.8297143004191008,0.8859970883853976,4.970091324200913
43590,1.0,5942.0,0.0001682935038707506,0.8577113228616228,0.1533476690224841,0.8295732422728168,0.8858494034504287,4.976027397260274
43626,1.0,5870.0,0.00017035775127768313,0.8575652050894146,0.15351802677376178,0.8294304606281655,0.8856999495506637,4.98013698630137
43647,1.0,5869.0,0.0001703867779860283,0.8574190873172065,0.1536884135517478,0.8292876790590318,0.8855504955753812,4.982534246575343
43694,1.0,5793.0,0.00017262213015708613,0.8572710778079164,0.1538610356819049,0.8291430299055912,0.8853991257102417,4.987899543378996
43701,1.0,5777.0,0.00017310022503029253,0.857122683991436,0.15403413590693518,0.8289980013558484,0.8852473666270235,4.9886986301369864
43712,1.0,5727.0,0.00017461148943600488,0.8569730205229549,0.1542087473963712,0.8288517190517418,0.8850943219941679,4.989954337899543
43808,1.0,5448.0,0.00018355359765051394,0.8568157200419484,0.1543923009940217,0.8286978903092584,0.8849335497746383,5.0009132420091325
43893,1.0,5232.0,0.00019113149847094801,0.8566519555694633,0.15458343249249265,0.828537668039233,0.8847662430996935,5.010616438356164
44002,1.0,4998.0,0.00020008003201280514,0.8564805566187691,0.15478351252450545,0.8283698871567814,0.8845912260807568,5.023059360730594
44236,1.0,4238.0,0.00023596035865974517,0.8562784611594443,0.1550194728831652,0.8281716340694973,0.8843852882493912,5.0497716894977165
44269,1.0,4194.0,0.0002384358607534573,0.8560742936675131,0.15525790874391865,0.8279713197184646,0.8841772676165616,5.053538812785388
44377,1.0,4100.0,0.00024390243902439024,0.8558654950593015,0.15550181118294304,0.8277663958662096,0.8839645942523935,5.065867579908676
44391,1.0,4042.0,0.00024740227610094015,0.8556537519877876,0.15574921345904397,0.8275585399004222,0.883748964075153,5.067465753424657
44504,1.0,3809.0,0.00026253609871357313,0.855429111989891,0.15601174955775754,0.8273378260827545,0.8835203978970275,5.080365296803653
44792,1.0,3111.0,0.0003214400514304082,0.8551541428121379,0.15633318960918796,0.8270667171878617,0.883241568436414,5.11324200913242
44916,1.0,2911.0,0.00034352456200618345,0.8548603763597806,0.15667671417119414,0.8267766984104468,0.8829440543091145,5.127397260273972
45010,1.0,2764.0,0.000361794500723589,0.8545510925767271,0.15703850867191774,0.8264710334289561,0.8826311517244981,5.1381278538812785
45013,1.0,2763.0,0.0003619254433586681,0.8542418087936736,0.1574004341152764,0.8261653699722162,0.882318247615131,5.1384703196347035
45417,1.0,2570.0,0.0003891050583657588,0.8539094189848044,0.15778953917364216,0.8258363473668612,0.8819824906027477,5.18458904109589
45773,1.0,2478.0,0.0004035512510088781,0.8535648227705248,0.15819309042465104,0.8254949564415445,0.8816346890995052,5.225228310502283
45842,1.0,2382.0,0.00041981528127623844,0.8532064832143659,0.1586129057059273,0.8251396156082319,0.8812733508204998,5.23310502283105
45938,1.0,2381.0,0.00041999160016799666,0.8528481436582069,0.1590328973060953,0.8247842775263684,0.8809120097900455,5.2440639269406395
46271,1.0,2378.0,0.00042052144659377626,0.852489502723111,0.15945341875268906,0.8244286359501795,0.8805503694960425,5.282077625570777
46315,1.0,2376.0,0.00042087542087542086,0.8521307108448605,0.1598742941735645,0.8240728437514655,0.8801885779382554,5.287100456621005
46462,1.0,2319.0,0.00043122035360068997,0.851763254738416,0.16030551452716518,0.823708244748904,0.8798182647279279,5.303881278538813
46619,1.0,2263.0,0.0004418912947414936,0.8513868679709664,0.16074740582190666,0.8233345576224924,0.8794391783194404,5.321803652968036
46639,1.0,2262.0,0.0004420866489832007,0.8510104812035169,0.16118949247088987,0.8229608738503336,0.8790600885567001,5.324086757990868
46752,1.0,2261.0,0.0004422821760283061,0.8506340944360673,0.1616317746469182,0.8225871934333974,0.8786809954387372,5.336986301369863
47327,1.0,2037.0,0.0004909180166912126,0.8502165028334968,0.1621226926636094,0.822171430450615,0.8782615752163786,5.402625570776256
47359,1.0,2035.0,0.0004914004914004914,0.8497987060262077,0.16261409315500988,0.8217554623823552,0.8778419496700601,5.406278538812785
47686,1.0,1866.0,0.0005359056806002144,0.8493432940722815,0.1631499988356101,0.8213008768563931,0.8773857112881699,5.443607305936073
47750,1.0,1811.0,0.0005521811154058532,0.8488743027447981,0.16370217995101596,0.8208323081261671,0.8769162973634291,5.450913242009133
47885,1.0,1809.0,0.000552791597567717,0.8484050521628497,0.16425497154858368,0.8203634801478487,0.8764466241778507,5.466324200913242
47983,1.0,1754.0,0.0005701254275940707,0.8479213548697124,0.16482509697617775,0.8198797485749312,0.8759629611644937,5.477511415525115
48127,2.0,1753.0,0.0011409013120365088,0.8469539602834378,0.16596599828821426,0.8189123129062128,0.8749956076606629,5.493949771689498
48450,1.0,1695.0,0.0005899705014749262,0.8464542824307633,0.1665559687896892,0.8184120815440669,0.8744964833174597,5.530821917808219
48598,1.0,1583.0,0.0006317119393556538,0.8459195671544331,0.16718768072904486,0.8178755030754925,0.8739636312333736,5.547716894977169
49301,1.0,325.0,0.003076923076923077,0.8433167377170347,0.17026460380596795,0.8148987354534986,0.8717347399805709,5.627968036529681
49459,1.0,279.0,0.0035842293906810036,0.8402940970800561,0.17384883319664896,0.8113670071856056,0.8692211869745066,5.6460045662100455
50206,1.0,52.0,0.019230769230769232,0.8241345952131319,0.19307960242741817,0.7818407904507109,0.866428399975553,5.731278538812785
