t,d,n_at_risk,hazard_increment,survival,cum_hazard,survival_lo,survival_hi,age_years
18613,1.0,15.0,0.06666666666666667,0.9333333333333333,0.06666666666666667,0.8070973403443054,1.0,2.124771689497717
31799,1.0,126.0,0.007936507936507936,0.9259259259259259,0.0746031746031746,0.7998596763440264,1.0,3.6300228310502285
32787,1.0,172.0,0.005813953488372093,0.9205426356589147,0.08041712809154669,0.7947685554447137,1.0,3.742808219178082
33791,1.0,182.0,0.005494505494505495,0.9154847090893602,0.08591163358605218,0.7900116101454542,1.0,3.857420091324201
34944,1.0,194.0,0.005154639175257732,0.9107657157435388,0.09106627276130991,0.7855989470366963,1.0,3.989041095890411
35610,1.0,203.0,0.0049261083743842365,0.9062791851241125,0.09599238113569414,0.7814204860974228,1.0,4.065068493150685
38156,1.0,280.0,0.0035714285714285713,0.9030424737486693,0.09956380970712271,0.7784686376925184,1.0,4.355707762557078
38713,1.0,333.0,0.003003003003003003,0.9003306344881628,0.10256681271012572,0.776017553547117,1.0,4.419292237442923
38775,1.0,337.0,0.002967359050445104,0.8976590302315213,0.10553417176057082,0.7736045966030203,1.0,4.426369863013699
38985,1.0,360.0,0.002777777777777778,0.8951655329253226,0.1083119495383486,0.7713594631077201,1.0,4.450342465753424
40109,1.0,421.0,0.0023752969121140144,0.8930392489991342,0.11068724645046261,0.7694571325234544,1.0,4.57865296803653
40292,1.0,429.0,0.002331002331002331,0.8909575724280406,0.11301824878146495,0.7675961921479002,1.0,4.599543378995434
40973,1.0,443.0,0.002257336343115124,0.8889463815196252,0.11527558512458007,0.7658005044762964,1.0,4.677283105022831
41162,1.0,446.0,0.002242152466367713,0.8869532281978324,0.11751773759094779,0.7640215139981666,1.0,4.698858447488584
41581,1.0,472.0,0.00211864406779661,0.885074090002498,0.11963638165874439,0.762347662602396,1.0,4.746689497716895
42176,1.0,1355.0,0.0007380073800738007,0.8844208987921641,0.1203743890388182,0.7617783669166045,1.0,4.814611872146119
42202,1.0,1357.0,0.0007369196757553427,0.883769151630195,0.12111130871457354,0.761210344908617,1.0,4.817579908675799
42676,1.0,2254.0,0.00044365572315882877,0.883377062388123,0.12155496443773237,0.7608702202141959,1.0,4.871689497716895
42858,1.0,3073.0,0.0003254149040026033,0.8830895983261678,0.12188037934173497,0.7606213260577454,1.0,4.892465753424657
42863,1.0,3072.0,0.0003255208333333333,0.8828021342642127,0.1222059001750683,0.7603724319150109,1.0,4.893036529680366
43390,1.0,5022.0,0.00019912385503783353,0.8826263473000024,0.12240502403010613,0.7602205388192828,1.0,4.953196347031963
43595,1.0,5876.0,0.00017018379850238256,0.8824761385955606,0.1225752078286085,0.7600908075461341,1.0,4.976598173515982
43606,1.0,5876.0,0.00017018379850238256,0.8823259554542067,0.12274539162711089,0.7599610984124245,1.0,4.977853881278539
43623,1.0,5876.0,0.00017018379850238256,0.8821757978715902,0.12291557542561327,0.7598314114143759,1.0,4.979794520547945
43629,1.0,5875.0,0.00017021276595744682,0.8820256402889738,0.12308578819157072,0.7597017244173516,1.0,4.980479452054794
43650,1.0,5874.0,0.00017024174327545113,0.8818754827063574,0.12325602993484618,0.759572037421352,1.0,4.982876712328767
43824,1.0,5881.0,0.00017003910899506886,0.8817255293850335,0.12342606904384125,0.7594425273223092,1.0,5.002739726027397
43916,1.0,5884.0,0.0001699524133242692,0.8815756780034248,0.12359602145716551,0.7593131055064499,1.0,5.01324200913242
43923,1.0,5883.0,0.00016998130205677376,0.8814258266218162,0.12376600275922228,0.7591836836916087,1.0,5.014041095890411
44116,1.0,5889.0,0.00016980811682798438,0.881276153362074,0.12393581087605027,0.7590544161348173,1.0,5.036073059360731
44139,1.0,5890.0,0.00016977928692699492,0.8811265309251705,0.12410559016297726,0.7589251925924523,1.0,5.038698630136986
44185,1.0,5891.0,0.00016975046681378373,0.8809769592852239,0.12427534062979104,0.7587960130420375,1.0,5.043949771689498
44229,1.0,5889.0,0.00016980811682798438,0.8808273622467988,0.12444514874661902,0.7586668114971669,1.0,5.048972602739726
44363,1.0,6277.0,0.00015931177314003505,0.880687036077889,0.12460446051975906,0.7585456373229565,1.0,5.064269406392694
44399,1.0,6290.0,0.0001589825119236884,0.8805470222406747,0.12476344303168274,0.7584247335412829,1.0,5.06837899543379
44408,1.0,6393.0,0.00015642108556233381,0.8804092861195671,0.12491986411724508,0.7583058015324411,1.0,5.069406392694064
44541,1.0,6891.0,0.00014511681903932666,0.8802815239245129,0.1250649809362844,0.7581955018283385,1.0,5.0845890410958905
44663,1.0,7328.0,0.00013646288209606986,0.8801613981707022,0.12520144381838047,0.7580918092524561,1.0,5.09851598173516
44680,1.0,7327.0,0.0001364815067558346,0.8800412724168915,0.1253379253251363,0.7579881166769962,1.0,5.100456621004566
44958,1.0,9198.0,0.00010871928680147858,0.8799455949573984,0.12544664461193777,0.7579055646866487,1.0,5.132191780821918
45027,1.0,9198.0,0.00010871928680147858,0.8798499278998906,0.12555536389873925,0.7578230216871271,1.0,5.140068493150685
45189,1.0,9218.0,0.00010848340203948796,0.8797544787864278,0.12566384730077873,0.757740667060677,1.0,5.1585616438356166
45232,1.0,9628.0,0.0001038637307852098,0.879663104204086,0.12576771103156395,0.7576618338491852,1.0,5.163470319634703
45335,1.0,10031.0,9.969095803010666e-05,0.8795754097464842,0.12586740198959406,0.7575861807380447,1.0,5.175228310502283
45506,1.0,10788.0,9.269558769002595e-05,0.87949387698696,0.1259600975772841,0.7575158511711848,1.0,5.194748858447489
45879,1.0,10856.0,9.211495946941784e-05,0.8794128624441279,0.12605221253675353,0.7574459692754842,1.0,5.237328767123287
45968,1.0,12246.0,8.165931732810714e-05,0.8793410501901312,0.12613387185408165,0.7573840355395502,1.0,5.247488584474886
46053,1.0,12407.0,8.059966148142178e-05,0.8792701755991591,0.12621447151556306,0.7573229115281261,1.0,5.257191780821918
46099,1.0,12407.0,8.059966148142178e-05,0.879199306720655,0.12629507117704447,0.7572617924497045,1.0,5.262442922374429
46105,1.0,12406.0,8.060615831049492e-05,0.879128437842151,0.12637567733535496,0.7572006733713342,1.0,5.2631278538812785
46114,1.0,12405.0,8.061265618702137e-05,0.8790575689636471,0.126456289991542,0.7571395542930154,1.0,5.264155251141553
46213,1.0,12405.0,8.061265618702137e-05,0.8789867057980716,0.12653690264772902,0.7570784401480971,1.0,5.275456621004566
46225,1.0,12405.0,8.061265618702137e-05,0.8789158483449642,0.12661751530391605,0.7570173309361815,1.0,5.276826484018265
46228,1.0,12404.0,8.061915511125443e-05,0.8788449908918567,0.1266981344590273,0.7569562217243172,1.0,5.277168949771689
46230,1.0,12403.0,8.062565508344755e-05,0.8787741334387492,0.12677876011411077,0.7568951125125042,1.0,5.277397260273973
46243,1.0,12402.0,8.063215610385422e-05,0.8787032759856417,0.12685939227021462,0.7568340033007426,1.0,5.278881278538813
46329,1.0,12729.0,7.85607667530835e-05,0.8786342443825318,0.1269379530369677,0.7567744707335683,1.0,5.288698630136986
46339,1.0,12734.0,7.852991989948171e-05,0.8785652453056996,0.12701648295686718,0.756714966252342,1.0,5.289840182648402
46356,1.0,12733.0,7.853608733212911e-05,0.8784962462288672,0.12709501904419931,0.7566554617711618,1.0,5.291780821917809
46365,1.0,12731.0,7.854842510407666e-05,0.878427241732266,0.1271735674693034,0.7565959526101487,1.0,5.292808219178082
46393,1.0,12731.0,7.854842510407666e-05,0.8783582426558594,0.12725211589440746,0.756536448129429,1.0,5.296004566210046
46400,1.0,12730.0,7.855459544383346e-05,0.8782892435794528,0.1273306704898513,0.7564769436487557,1.0,5.296803652968037
46410,1.0,12730.0,7.855459544383346e-05,0.8782202499232408,0.12740922508529515,0.7564174438483757,1.0,5.2979452054794525
46417,1.0,12729.0,7.85607667530835e-05,0.8781512562670287,0.12748778585204823,0.7563579440480421,0.9999445684860153,5.298744292237443
46418,1.0,12728.0,7.856693903205531e-05,0.8780822626108167,0.12756635279108028,0.7562984442477547,0.9998660809738786,5.298858447488584
46421,1.0,12727.0,7.857311228097745e-05,0.8780132689546046,0.12764492590336127,0.7562389444475137,0.9997875934616955,5.299200913242009
46466,1.0,12726.0,7.857928650007858e-05,0.8779442752983926,0.12772350518986134,0.7561794446473189,0.9997091059494663,5.304337899543379
46489,1.0,12735.0,7.852375343541422e-05,0.877875335818589,0.12780202894329676,0.7561199916275634,0.9996306800096146,5.3069634703196344
46502,1.0,12764.0,7.834534628643058e-05,0.877806558371408,0.12788037428958318,0.7560606785196861,0.9995524382231299,5.308447488584475
46568,1.0,12762.0,7.835762419683435e-05,0.8777377755349896,0.12795873191378002,0.7560013607583719,0.9994741903116072,5.315981735159817
46579,1.0,12776.0,7.827175954915466e-05,0.8776690734548757,0.12803700367332918,0.7559421127282269,0.9993960341815245,5.317237442922375
46607,1.0,12928.0,7.735148514851485e-05,0.8776011844485749,0.1281143551584777,0.7558835667563774,0.9993188021407725,5.320433789954338
46624,1.0,12927.0,7.735746886361879e-05,0.8775332954422743,0.1281917126273413,0.7558250207845714,0.9992415700999773,5.3223744292237445
46671,1.0,12927.0,7.735746886361879e-05,0.8774654116876953,0.12826907009620492,0.7557664793474033,0.9991643440279874,5.3277397260273975
46691,1.0,12926.0,7.736345350456444e-05,0.8773975279331163,0.12834643354970948,0.7557079379102788,0.9990871179559538,5.330022831050228
46724,1.0,12924.0,7.737542556484061e-05,0.8773296389260029,0.12842380897527433,0.7556493919379006,0.9990098859141052,5.3337899543379
46808,1.0,13124.0,7.619628162145687e-05,0.8772627896697605,0.12850000525689578,0.7555917437208348,0.9989338356186861,5.34337899543379
46814,1.0,13123.0,7.620208793720948e-05,0.877195940413518,0.128576207344833,0.75553409550381,0.998857785323226,5.344063926940639
46872,1.0,13122.0,7.620789513793629e-05,0.8771290911572756,0.12865241523997092,0.7554764472868262,0.9987817350277249,5.35068493150685
47135,1.0,13954.0,7.166403898523721e-05,0.8770662325438917,0.12872407927895615,0.7554222444068336,0.9987102206809498,5.380707762557078
47164,1.0,13953.0,7.166917508779473e-05,0.8770033739305079,0.12879574845404396,0.755368041526873,0.9986387063341428,5.384018264840183
47212,1.0,13952.0,7.167431192660551e-05,0.8769405153171241,0.12886742276597057,0.7553138386469445,0.9985671919873038,5.389497716894978
47237,1.0,13950.0,7.168458781362007e-05,0.8768776521977466,0.1289391073537842,0.7552596318770635,0.9984956725184297,5.392351598173516
47262,1.0,13949.0,7.168972686214065e-05,0.8768147890783691,0.12901079708064633,0.7552054251072144,0.9984241530495237,5.395205479452055
47268,1.0,13948.0,7.169486664754803e-05,0.8767519259589914,0.12908249194729388,0.7551512183373974,0.9983526335805855,5.395890410958904
47299,1.0,13947.0,7.170000717000071e-05,0.8766890628396138,0.12915419195446387,0.7550970115676123,0.9982811141116152,5.399429223744292
47304,1.0,13946.0,7.170514842965726e-05,0.8766261997202361,0.12922589710289353,0.7550428047978595,0.9982095946426128,5.4
47307,1.0,13945.0,7.171029042667623e-05,0.8765633366008586,0.12929760739332022,0.7549885980281386,0.9981380751735787,5.4003424657534245
47325,1.0,13943.0,7.172057663343613e-05,0.8765004689729019,0.12936932796995365,0.7549343873662309,0.9980665505795729,5.402397260273973
47339,1.0,13942.0,7.172572084349448e-05,0.8764376013449452,0.12944105369079714,0.7548801767043553,0.9979950259855351,5.403995433789954
47355,1.0,13941.0,7.17308657915501e-05,0.8763747337169884,0.12951278455658868,0.7548259660425115,0.9979235013914652,5.405821917808219
47359,1.0,13940.0,7.173601147776183e-05,0.8763118660890316,0.12958452056806644,0.7547717553807,0.9978519767973631,5.406278538812785
47382,1.0,13940.0,7.173601147776183e-05,0.8762490029709477,0.1296562565795442,0.7547175486122576,0.9977804573296377,5.408904109589041
47415,1.0,13940.0,7.173601147776183e-05,0.8761861443624132,0.12972799259102194,0.754663345736905,0.9977089429879213,5.412671232876712
47513,1.0,13943.0,7.172057663343613e-05,0.8761233037869013,0.12979971316765537,0.7546091584293417,0.9976374491444608,5.423858447488584
47545,1.0,13939.0,7.174115790228854e-05,0.8760604496866224,0.12987145432555766,0.7545549594459926,0.9975659399272523,5.427511415525114
47568,1.0,13938.0,7.174630506528914e-05,0.8759975955863436,0.12994320063062295,0.7545007604626756,0.9974944307100116,5.4301369863013695
47634,1.0,14127.0,7.078643731860976e-05,0.8759355868374523,0.13001398706794157,0.7544472912531665,0.9974238824217382,5.4376712328767125
47635,2.0,14126.0,0.00014158289678606824,0.8758115693396699,0.13015556996472763,0.7543403528342395,0.9972827858451002,5.437785388127854
47641,1.0,14124.0,7.080147267063155e-05,0.8757495605907787,0.13022637143739826,0.7542868836248218,0.9972122375567356,5.438470319634703
47721,1.0,14123.0,7.080648587410607e-05,0.8756875518418875,0.13029717792327236,0.7542334144154345,0.9971416892683406,5.447602739726028
47777,1.0,14125.0,7.079646017699115e-05,0.8756255562629961,0.13036797438344935,0.7541799565752825,0.9970711559507097,5.453995433789954
47829,1.0,14139.0,7.072635971426551e-05,0.8755636264549288,0.13043870074316363,0.7541265555127592,0.9970006973970984,5.4599315068493155
47855,1.0,14227.0,7.028888732691362e-05,0.8755020840618413,0.13050898963049054,0.7540734888890002,0.9969306792346824,5.462899543378995
47878,1.0,14538.0,6.878525244187646e-05,0.8754418624299757,0.13057777488293243,0.7540215623861823,0.996862162473769,5.465525114155251
47884,1.0,14719.0,6.793939805693321e-05,0.8753823854368084,0.13064571428098937,0.7539702786536882,0.9967944922199286,5.4662100456621
47969,1.0,15312.0,6.530825496342738e-05,0.8753252157407898,0.1307110225359528,0.7539209864631993,0.9967294450183803,5.475913242009132
47979,1.0,15311.0,6.531252041016262e-05,0.8752680460447712,0.13077633505636296,0.7538716942727323,0.99666439781681,5.477054794520548
47981,1.0,15311.0,6.531252041016262e-05,0.8752108800826495,0.13084164757677313,0.7538224053050618,0.9965993548602371,5.477283105022831
47996,1.0,15310.0,6.531678641410843e-05,0.8751537141205278,0.13090696436318724,0.7537731163374135,0.9965343119036421,5.4789954337899545
48017,1.0,15309.0,6.532105297537396e-05,0.8750965481584061,0.13097228541616263,0.7537238273697873,0.9964692689470249,5.481392694063927
48075,2.0,15309.0,0.00013064210595074792,0.8749822237024445,0.13110292752211336,0.7536252558805714,0.9963391915243176,5.488013698630137
48080,1.0,15307.0,6.532958777030116e-05,0.8749250614744637,0.13116825710988367,0.7535759701359965,0.9962741528129309,5.488584474885845
48085,1.0,15306.0,6.533385600418136e-05,0.8748678992464829,0.13123359096588785,0.7535266843914437,0.9962091141015221,5.489155251141552
48094,1.0,15305.0,6.533812479581836e-05,0.8748107370185021,0.13129892909068366,0.7534773986469129,0.9961440753900913,5.490182648401826
48122,1.0,15304.0,6.534239414532148e-05,0.8747535747905213,0.131364271484829,0.7534281129024042,0.9960790366786384,5.49337899543379
48141,1.0,15303.0,6.53466640528001e-05,0.8746964125625405,0.1314296181488818,0.7533788271579175,0.9960139979671635,5.495547945205479
48220,1.0,15301.0,6.535520554212144e-05,0.8746392465987105,0.13149497335442392,0.7533295381889916,0.9959489550084294,5.504566210045662
48222,1.0,15300.0,6.535947712418301e-05,0.8745820806348805,0.1315603328315481,0.7532802492200877,0.9958839120496733,5.504794520547946
48398,1.0,15645.0,6.391818472355386e-05,0.8745261789358947,0.13162425101627168,0.7532320514299791,0.9958203064418103,5.524885844748859
48405,1.0,15660.0,6.385696040868455e-05,0.87447033435231,0.13168810797668037,0.7531839029346302,0.9957567657699898,5.5256849315068495
48406,1.0,15663.0,6.384472961757006e-05,0.8744145040302547,0.13175195270629794,0.753135766748022,0.9956932413124874,5.525799086757991
48440,1.0,15930.0,6.277463904582549e-05,0.8743596129753878,0.13181472734534377,0.7530884412020994,0.9956307847486762,5.529680365296803
48476,1.0,15951.0,6.269199423233653e-05,0.8743047976275741,0.1318774193395761,0.7530411809944482,0.9955684142607,5.5337899543379
48480,1.0,15950.0,6.269592476489028e-05,0.8742499822797604,0.131940115264341,0.7529939207868155,0.9955060437727052,5.534246575342466
48508,1.0,15946.0,6.271165182490907e-05,0.8741951566192637,0.1320028269161659,0.7529466516789481,0.9954436615595793,5.537442922374429
48531,1.0,15945.0,6.271558482282847e-05,0.8741403309587671,0.13206554250098873,0.7528993825710996,0.9953812793464346,5.5400684931506845
48544,1.0,15944.0,6.271951831409934e-05,0.8740855052982704,0.13212826201930283,0.7528521134632696,0.9953188971332713,5.541552511415525
48553,1.0,15943.0,6.272345229881452e-05,0.8740306796377737,0.13219098547160166,0.7528048443554584,0.995256514920089,5.542579908675799
48564,1.0,15943.0,6.272345229881452e-05,0.8739758574161317,0.13225370892390048,0.7527575782155346,0.9951941366167288,5.543835616438356
48570,1.0,15942.0,6.272738677706687e-05,0.8739210351944898,0.13231643631067755,0.7527103120756297,0.99513175831335,5.544520547945205
48577,1.0,15941.0,6.273132174894925e-05,0.8738662129728478,0.1323791676324265,0.7526630459357433,0.9950693800099524,5.545319634703197
48603,1.0,15940.0,6.273525721455458e-05,0.8738113907512058,0.13244190288964106,0.7526157797958757,0.995007001706536,5.548287671232877
48607,1.0,15939.0,6.273919317397578e-05,0.8737565685295638,0.13250464208281504,0.7525685136560267,0.994944623403101,5.548744292237443
48616,1.0,15938.0,6.274312962730582e-05,0.8737017463079219,0.13256738521244235,0.7525212475161965,0.9948822450996472,5.5497716894977165
48619,1.0,15937.0,6.274706657463764e-05,0.87364692408628,0.132630132279017,0.7524739813763852,0.9948198667961747,5.5501141552511415
48659,1.0,15939.0,6.273919317397578e-05,0.8735921121831438,0.13269287147219097,0.7524267241418763,0.9947575002244113,5.554680365296804
48680,1.0,15938.0,6.274312962730582e-05,0.8735373002800078,0.13275561460181828,0.7523794669073861,0.9946951336526294,5.557077625570776
48718,1.0,15935.0,6.27549419516787e-05,0.8734824814974361,0.13281836954376997,0.752332203735686,0.9946327592591863,5.561415525114155
48759,1.0,15933.0,6.276281930584321e-05,0.8734276592742831,0.1328811323630758,0.7522849375946441,0.9945703809539221,5.566095890410959
48768,1.0,15932.0,6.276675872457946e-05,0.87337283705113,0.13294389912180038,0.7522376714536207,0.9945080026486393,5.567123287671233
48779,1.0,15929.0,6.277857994852157e-05,0.8733180079446543,0.1330066777017489,0.7521903993720296,0.994445616517279,5.56837899543379
48784,1.0,15928.0,6.278252134605726e-05,0.8732631788381786,0.13306946022309496,0.752143127290457,0.9943832303859003,5.568949771689498
48792,1.0,15927.0,6.278646323852578e-05,0.8732083497317029,0.13313224668633347,0.7520958552089033,0.9943208442545025,5.5698630136986305
48836,1.0,15925.0,6.279434850863422e-05,0.8731535171822692,0.13319504103484212,0.7520485801559547,0.9942584542085837,5.5748858447488585
48855,1.0,15924.0,6.279829188646068e-05,0.8730986846328355,0.13325783932672858,0.7520013051030248,0.9941960641626462,5.5770547945205475
48861,1.0,15923.0,6.280223575959304e-05,0.8730438520834017,0.13332064156248816,0.7519540300501137,0.9941336741166897,5.5777397260273975
48862,1.0,15922.0,6.280618012812461e-05,0.872989019533968,0.1333834477426163,0.7519067549972215,0.9940712840707145,5.577853881278539
48870,1.0,15921.0,6.281012499214873e-05,0.8729341869845344,0.13344625786760844,0.7518594799443481,0.9940088940247207,5.578767123287672
48880,1.0,15921.0,6.281012499214873e-05,0.8728793578791401,0.1335090679926006,0.7518122078638412,0.993946507894439,5.579908675799087
48881,1.0,15920.0,6.28140703517588e-05,0.8728245287737456,0.13357188206295234,0.751764935783353,0.9938841217641382,5.580022831050228
48914,1.0,16058.0,6.227425582264292e-05,0.8727701742757525,0.13363415631877498,0.7517180733050689,0.9938222752464362,5.5837899543379
48932,1.0,16287.0,6.13986615091791e-05,0.8727165873552468,0.13369555498028415,0.7516718732569596,0.993761301453534,5.585844748858447
48936,1.0,16286.0,6.140243153628883e-05,0.8726630004347411,0.13375695741182045,0.7516256732088674,0.9937003276606148,5.586301369863014
48972,1.0,16289.0,6.139112284363682e-05,0.8726094266732803,0.1338183485346641,0.7515794845170715,0.9936393688294892,5.590410958904109
48975,1.0,16288.0,6.139489194499017e-05,0.8725558529118196,0.13387974342660908,0.7515332958252927,0.9935784099983465,5.590753424657534
48982,1.0,16287.0,6.13986615091791e-05,0.8725022791503587,0.13394114208811825,0.751487107133531,0.9935174511671865,5.591552511415525
49003,1.0,16286.0,6.140243153628883e-05,0.872448705388898,0.13400254451965454,0.7514409184417864,0.9934564923360095,5.5939497716894975
49032,1.0,16286.0,6.140243153628883e-05,0.8723951349169964,0.13406394695119084,0.7513947325889543,0.9933955372450385,5.597260273972603
49045,1.0,16284.0,6.140997297961189e-05,0.8723415611553336,0.13412535692417044,0.7513485438970695,0.9933345784135976,5.598744292237443
49063,1.0,16283.0,6.141374439599583e-05,0.8722879873936709,0.13418677066856644,0.7513023552052019,0.9932736195821398,5.60079908675799
49187,1.0,16393.0,6.10016470444702e-05,0.8722347763897428,0.1342477723156109,0.751256479571883,0.9932130732076025,5.614954337899543
49189,1.0,16392.0,6.1005368472425575e-05,0.8721815653858147,0.13430877768408334,0.7512106039385809,0.9931525268330486,5.615182648401826
49193,1.0,16391.0,6.1009090354462815e-05,0.8721283543818866,0.1343697867744378,0.7511647283052953,0.9930919804584779,5.615639269406393
49230,1.0,16391.0,6.1009090354462815e-05,0.8720751466243135,0.13443079586479229,0.7511188554736001,0.9930314377750269,5.61986301369863
49249,1.0,16389.0,6.101653548111538e-05,0.8720219356201874,0.13449181240027341,0.751072979840177,0.9929708914001978,5.622031963470319
49296,1.0,16385.0,6.1031431187061336e-05,0.87196871487343,0.1345528438314605,0.7510270957989693,0.9929103339478906,5.627397260273972
49330,1.0,16512.0,6.056201550387597e-05,0.8719159066906009,0.13461340584696435,0.750981567794038,0.9928502455871638,5.6312785388127855
49338,1.0,16526.0,6.0510710395740045e-05,0.8718631464396818,0.13467391655736008,0.7509360811532684,0.9927902117260952,5.632191780821918
49365,1.0,16546.0,6.043756799226399e-05,0.8718104531514889,0.13473435412535234,0.7508906522997019,0.9927302540032759,5.635273972602739
49437,1.0,17141.0,5.833965346245843e-05,0.871759592031767,0.1347926937788148,0.7508468045073338,0.9926723795562002,5.6434931506849315
49439,1.0,17154.0,5.829544129649061e-05,0.871708772421645,0.1348509892201113,0.7508029925342604,0.9926145523090296,5.643721461187215
49445,1.0,17234.0,5.8024834629221305e-05,0.8716581916642804,0.1349090140547405,0.7507593866699162,0.9925569966586446,5.644406392694064
49532,1.0,17286.0,5.785028346638898e-05,0.8716077659908068,0.1349668643382069,0.7507159146282458,0.9924996173533678,5.654337899543379
49533,1.0,17285.0,5.785363031530229e-05,0.8715573403173332,0.1350247179685222,0.7506724425865892,0.9924422380480773,5.654452054794521
49536,1.0,17284.0,5.785697755149271e-05,0.8715069146438597,0.13508257494607367,0.7506289705449458,0.9923848587427735,5.654794520547945
49556,1.0,17281.0,5.786702158439905e-05,0.871456483134419,0.13514044196765806,0.7505854934674442,0.9923274728013939,5.657077625570777
49557,1.0,17280.0,5.787037037037037e-05,0.8714060516249783,0.13519831233802843,0.750542016389956,0.9922700868600006,5.657191780821917
49560,1.0,17280.0,5.787037037037037e-05,0.8713556230340277,0.1352561827083988,0.7504985418308547,0.9922127042372006,5.657534246575342
49604,1.0,17277.0,5.7880419054233955e-05,0.8713051886054213,0.13531406312745303,0.7504550622344365,0.9921553149764061,5.6625570776255705
49631,1.0,17277.0,5.7880419054233955e-05,0.8712547570959807,0.13537194354650728,0.7504115851569888,0.9920979290349725,5.665639269406393
49648,1.0,17276.0,5.788376939106274e-05,0.87120432558654,0.13542982731589834,0.7503681080795548,0.9920405430935253,5.667579908675799
49657,1.0,17275.0,5.7887120115774244e-05,0.8711538940770994,0.13548771443601412,0.7503246310021342,0.9919831571520646,5.668607305936073
49661,1.0,17273.0,5.7893822729114805e-05,0.871103459647986,0.13554560825874323,0.7502811514053321,0.9919257678906398,5.669063926940639
49828,1.0,17270.0,5.7903879559930515e-05,0.8710530193781743,0.13560351213830316,0.7502376667685854,0.9918683719877631,5.688127853881278
49854,1.0,17269.0,5.790723261335341e-05,0.8710025791083625,0.1356614193709165,0.7501941821318521,0.991810976084873,5.691095890410959
49869,1.0,17267.0,5.79139398853304e-05,0.8709521359173561,0.13571933331080183,0.750150694974423,0.9917535768602892,5.692808219178082
49898,1.0,17266.0,5.791729410401946e-05,0.8709016927263497,0.13577725060490584,0.7501072078170072,0.9916961776356921,5.696118721461187
49935,1.0,17264.0,5.792400370713624e-05,0.8708512466134716,0.13583517460861297,0.7500637181383111,0.9916387750886321,5.700342465753424
49939,1.0,17263.0,5.792735909169901e-05,0.8708008005005935,0.13589310196770465,0.7500202284596285,0.9915813725415585,5.700799086757991
49946,1.0,17269.0,5.790723261335341e-05,0.870750374836079,0.135951009200318,0.7499767564259261,0.9915239932462319,5.701598173515982
49948,1.0,17276.0,5.788376939106274e-05,0.8706999725221848,0.13600889296970906,0.7499333045415566,0.991466640502813,5.701826484018265
49958,1.0,17302.0,5.7796786498670675e-05,0.8706496488617685,0.13606668975620773,0.7498899205273956,0.9914093771961415,5.70296803652968
49965,1.0,17301.0,5.780012716027975e-05,0.8705993252013523,0.136124489883368,0.7498465365132481,0.9913521138894565,5.703767123287672
49976,1.0,17300.0,5.7803468208092484e-05,0.8705490015409361,0.1361822933515761,0.7498031524991139,0.9912948505827582,5.705022831050228
49978,1.0,17299.0,5.780680964217585e-05,0.8704986778805198,0.1362401001612183,0.7497597684849933,0.9912375872760464,5.705251141552512
49991,1.0,17309.0,5.7773412675486743e-05,0.8704483862011693,0.13629787357389378,0.7497164120673413,0.9911803603349972,5.7067351598173515
50006,1.0,17338.0,5.767677932864229e-05,0.8703981815416814,0.13635555035322242,0.7496731307389647,0.991123232344398,5.708447488584475
50044,1.0,17339.0,5.76734529096257e-05,0.8703479826731456,0.13641322380613205,0.7496298544075939,0.9910661109386973,5.712785388127854
50102,1.0,18078.0,5.531585352361987e-05,0.8702998386316215,0.13646853965965566,0.7495883511120509,0.9910113261511921,5.719406392694064
50113,1.0,18077.0,5.5318913536538145e-05,0.8702516945900974,0.1365238585731922,0.7495468478165191,0.9909565413636757,5.720662100456621
50156,1.0,18075.0,5.532503457814661e-05,0.8702035478850025,0.13657918360777035,0.7495053422227865,0.9909017535472185,5.725570776255708
50164,1.0,18074.0,5.5328095606949206e-05,0.8701554011799076,0.13663451170337731,0.7494638366290652,0.99084696573075,5.72648401826484
50185,1.0,18073.0,5.5331156974492333e-05,0.8701072544748127,0.1366898428603518,0.7494223310353553,0.9907921779142702,5.728881278538813
50186,1.0,18072.0,5.533421868083223e-05,0.8700591077697178,0.13674517707903264,0.7493808254416565,0.9907373900977792,5.7289954337899545
50274,1.0,18071.0,5.5337280726025124e-05,0.870010961064623,0.13680051435975865,0.7493393198479691,0.9906826022812768,5.739041095890411
50304,1.0,18070.0,5.534034311012728e-05,0.869962814359528,0.1368558547028688,0.749297814254293,0.9906278144647631,5.742465753424658
50333,1.0,18069.0,5.534340583319497e-05,0.8699146676544331,0.13691119810870198,0.7492563086606281,0.9905730266482382,5.745776255707763
50345,1.0,18068.0,5.534646889528448e-05,0.8698665209493383,0.13696654457759727,0.7492148030669745,0.990518238831702,5.747146118721461
50352,1.0,18067.0,5.5349532296452096e-05,0.8698183742442434,0.1370218941098937,0.7491732974733323,0.9904634510151544,5.747945205479452
50377,1.0,18066.0,5.535259603675413e-05,0.8697702275391485,0.13707724670593047,0.7491317918797011,0.9904086631985958,5.750799086757991
50401,1.0,18064.0,5.5358724534986716e-05,0.8697220781687134,0.13713260543046546,0.7490902839863415,0.9903538723510853,5.753538812785388
50426,1.0,18063.0,5.536178929302995e-05,0.8696739287982783,0.13718796721975848,0.7490487760929929,0.9902990815035637,5.756392694063927
50486,1.0,18062.0,5.5364854390432956e-05,0.8696257794278432,0.1372433320741489,0.7490072681996558,0.9902442906560307,5.76324200913242
50487,1.0,18061.0,5.536791982725209e-05,0.8695776300574082,0.13729869999397615,0.7489657603063299,0.9901894998084865,5.763356164383562
50534,2.0,18059.0,0.00011074810343872862,0.8694813259840866,0.13740944809741487,0.7488827399187025,0.9900799120494707,5.768721461187215
50538,1.0,18057.0,5.53801849698178e-05,0.8694331739474257,0.13746482828238468,0.7488412297249056,0.9900251181699458,5.769178082191781
50540,1.0,18056.0,5.538325210456358e-05,0.8693850219107649,0.13752021153448923,0.7487997195311202,0.9899703242904097,5.769406392694064
50543,1.0,18055.0,5.538631957906397e-05,0.8693368698741042,0.1375755978540683,0.7487582093373462,0.9899155304108622,5.769748858447489
50559,1.0,18053.0,5.5392455547554426e-05,0.8692887151701839,0.13763099030961587,0.7487166968421858,0.989860733498182,5.771575342465753
50569,1.0,18052.0,5.5395524041657433e-05,0.8692405604662635,0.13768638583365753,0.7486751843470366,0.9898059365854904,5.772716894977169
50576,1.0,18051.0,5.5398592875740954e-05,0.8691924057623431,0.13774178442653326,0.7486336718518988,0.9897511396727875,5.77351598173516
50618,1.0,18050.0,5.5401662049861494e-05,0.8691442510584227,0.13779718608858313,0.7485921593567724,0.9896963427600731,5.778310502283105
50636,1.0,18048.0,5.5407801418439715e-05,0.8690960936863561,0.13785259389000157,0.7485506445594937,0.9896415428132185,5.780365296803653
50659,1.0,18046.0,5.54139421478444e-05,0.8690479336456997,0.1379080078321494,0.7485091274596801,0.9895867398317192,5.782990867579909
50665,1.0,18045.0,5.541701302299806e-05,0.8689997736050432,0.1379634248451724,0.7484676103598779,0.9895319368502086,5.783675799086758
50673,1.0,18044.0,5.542008423852804e-05,0.8689516135643868,0.13801884492941094,0.7484260932600869,0.9894771338686866,5.784589041095891
50775,1.0,18041.0,5.542929992794191e-05,0.8689034481847756,0.13807427422933888,0.7483845715536814,0.9894223248158698,5.796232876712328
50784,2.0,18040.0,0.00011086474501108647,0.8688071174255534,0.13818513897434997,0.7483015281409048,0.989312706710202,5.7972602739726025
50804,1.0,18038.0,5.5438518682780794e-05,0.8687589520459423,0.13824057749303276,0.7482600064345335,0.9892578976573512,5.799543378995434
50806,1.0,18037.0,5.544159228253035e-05,0.8687107866663312,0.13829601908531527,0.7482184847281734,0.9892030886044889,5.7997716894977165
50914,1.0,18035.0,5.544774050457444e-05,0.8686626186160585,0.13835146682581984,0.7481769607174893,0.9891482765146278,5.812100456621004
50942,1.0,18032.0,5.5456965394853596e-05,0.8686144452232781,0.1384069237912147,0.7481354320971222,0.9890934583494341,5.815296803652968
51096,2.0,18028.0,0.00011093854004881296,0.8685180824048597,0.1385178623312635,0.748052361022733,0.9889838037869865,5.832876712328767
51099,1.0,18026.0,5.547542438699656e-05,0.8684699009956506,0.1385733377556505,0.7480108254855555,0.9889289765057456,5.833219178082191
51123,1.0,18025.0,5.547850208044383e-05,0.8684217195864414,0.13862881625773094,0.7479692899483894,0.9888741492244935,5.835958904109589
51169,1.0,18023.0,5.548465849192698e-05,0.8683735355039032,0.13868430091622286,0.7479277521045954,0.988819318903211,5.8412100456621
51201,1.0,18022.0,5.5487737210076573e-05,0.8683253514213649,0.13873978865343292,0.7478862142608127,0.9887644885819171,5.84486301369863
51231,1.0,18019.0,5.5496975414839894e-05,0.8682771619906849,0.13879528562884777,0.7478446718024818,0.9887096521788881,5.848287671232876
51253,1.0,18018.0,5.55000555000555e-05,0.8682289725600051,0.13885078568434783,0.7478031293441624,0.9886548157758478,5.85079908675799
51268,1.0,18017.0,5.5503135927179885e-05,0.8681807831293252,0.138906288820275,0.7477615868858543,0.9885999793727962,5.852511415525115
51305,1.0,18016.0,5.5506216696269984e-05,0.8681325936986454,0.1389617950369713,0.7477200444275577,0.9885451429697331,5.856735159817352
51348,1.0,18014.0,5.551237926057511e-05,0.8680844015928555,0.13901730741623186,0.7476784996610951,0.9884903035246159,5.861643835616438
51364,1.0,18013.0,5.551546105590407e-05,0.8680362094870656,0.13907282287728776,0.747636954894644,0.9884354640794872,5.863470319634703
51384,1.0,18011.0,5.552162567319971e-05,0.8679880147055716,0.13912834450296097,0.747595407819514,0.9883806215916293,5.865753424657535
51407,1.0,18010.0,5.55247084952804e-05,0.8679398199240778,0.13918386921145626,0.7475538607443954,0.9883257791037601,5.86837899543379
51453,1.0,18008.0,5.553087516659262e-05,0.8678916224662854,0.13923940008662286,0.7475123113600848,0.988270933572486,5.873630136986302
51455,1.0,18007.0,5.553395901593825e-05,0.8678434250084931,0.1392949340456388,0.7474707619757855,0.9882160880412006,5.873858447488584
51473,1.0,18006.0,5.553704320781961e-05,0.8677952275507008,0.13935047108884663,0.7474292125914977,0.9881612425099039,5.8759132420091325
51522,1.0,18004.0,5.554321261941791e-05,0.8677470274158668,0.13940601430146604,0.7473876608973758,0.9881063939343578,5.881506849315069
51550,1.0,18003.0,5.554629783924901e-05,0.8676988272810329,0.13946156059930528,0.7473461092032654,0.9880515453588004,5.884703196347032
51586,1.0,18000.0,5.555555555555556e-05,0.8676506217906284,0.13951711615486084,0.7473045528881912,0.9879966906930655,5.888812785388128
51588,1.0,17999.0,5.555864214678593e-05,0.8676024163002238,0.13957267479700763,0.7472629965731284,0.9879418360273192,5.889041095890411
51595,1.0,17998.0,5.5561729081009004e-05,0.8675542108098193,0.13962823652608863,0.7472214402580771,0.9878869813615615,5.889840182648402
51624,1.0,17997.0,5.556481635828194e-05,0.8675060053194148,0.13968380134244693,0.7471798839430372,0.9878321266957923,5.8931506849315065
51625,1.0,17996.0,5.5567903978661923e-05,0.8674577998290103,0.13973936924642558,0.7471383276280087,0.9877772720300119,5.893264840182648
51699,1.0,17995.0,5.557099194220617e-05,0.8674095943386058,0.13979494023836778,0.7470967713129917,0.9877224173642198,5.901712328767124
51713,1.0,17994.0,5.5574080248971876e-05,0.8673613888482014,0.13985051431861675,0.7470552149979862,0.9876675626984165,5.903310502283105
51791,1.0,18822.0,5.3129316756986504e-05,0.8673153065302305,0.13990364363537375,0.7470154905599075,0.9876151225005535,5.912214611872146
51853,1.0,18819.0,5.313778627982358e-05,0.8672692193148349,0.13995678142165358,0.7469757618964971,0.9875626767331728,5.919292237442923
51879,1.0,18817.0,5.3143434128713395e-05,0.8672231296502063,0.1400099248557823,0.746936031119976,0.9875102281804367,5.9222602739726025
51882,1.0,18816.0,5.314625850340136e-05,0.8671770399855778,0.14006307111428568,0.7468963003434645,0.9874577796276911,5.9226027397260275
51899,1.0,18814.0,5.315190815350271e-05,0.8671309478711957,0.14011622302243917,0.7468565674533929,0.9874053282889985,5.924543378995434
51912,1.0,18813.0,5.315473342901185e-05,0.8670848557568136,0.14016937775586819,0.7468168345633309,0.9873528769502963,5.926027397260274
51958,1.0,18811.0,5.316038488118654e-05,0.8670387611921568,0.14022253814074936,0.7467770995592589,0.9873004228250548,5.931278538812785
51962,1.0,18810.0,5.31632110579479e-05,0.8669926666275002,0.1402757013518073,0.7467373645551963,0.987247968699804,5.931735159817352
51984,1.0,18808.0,5.3168864313058275e-05,0.8669465696120479,0.14032887021612037,0.7466976274366739,0.9871955117874218,5.934246575342466
52035,1.0,18806.0,5.3174518770605124e-05,0.8669004701454089,0.14038204473489097,0.746657888203354,0.9871430520874639,5.940068493150685
52052,1.0,18805.0,5.3177346450412124e-05,0.86685437067877,0.14043522208134138,0.7466181489700436,0.9870905923874964,5.942009132420091
52062,1.0,18804.0,5.318017443097213e-05,0.866808271212131,0.14048840225577236,0.7465784097367427,0.9870381326875193,5.943150684931507
52074,1.0,18803.0,5.318300271233314e-05,0.8667621717454921,0.1405415852584847,0.7465386705034516,0.9869856729875326,5.9445205479452055
52078,1.0,18802.0,5.318583129454313e-05,0.8667160722788532,0.14059477108977925,0.74649893127017,0.9869332132875364,5.944977168949772
52109,1.0,18800.0,5.319148936170213e-05,0.866669970360115,0.14064796257914094,0.7464591899213027,0.9868807507989272,5.948515981735159
52114,1.0,18799.0,5.319431884674717e-05,0.8666238684413767,0.1407011568979877,0.746419448572445,0.9868282883103084,5.949086757990868
52132,1.0,18797.0,5.319997872000851e-05,0.8665777640700174,0.1407543568767077,0.7463797051075511,0.9867758230324837,5.951141552511416
52192,1.0,18797.0,5.319997872000851e-05,0.8665316621514096,0.1408075568554277,0.7463399637588253,0.986723360543994,5.957990867579909
52223,1.0,18796.0,5.320280910832092e-05,0.8664855602328019,0.140860759664536,0.7463002224101091,0.9866708980554947,5.961529680365297
52237,1.0,18795.0,5.320563979781857e-05,0.8664394583141941,0.14091396530433384,0.7462604810614024,0.9866184355669858,5.963127853881279
52246,1.0,18794.0,5.320847078854954e-05,0.8663933563955863,0.14096717377512238,0.7462207397127054,0.9865659730784673,5.964155251141553
52324,1.0,18791.0,5.321696556862328e-05,0.8663472495701702,0.141020390740691,0.7461809941305739,0.9865135050097664,5.973059360730594
52332,1.0,18790.0,5.321979776476849e-05,0.866301142744754,0.14107361053845577,0.7461412485484521,0.9864610369410559,5.973972602739726
52337,1.0,18789.0,5.322263026238757e-05,0.8662550359193378,0.14112683316871816,0.7461015029663398,0.9864085688723359,5.974543378995434
52342,1.0,18788.0,5.3225463061528635e-05,0.8662089290939217,0.14118005863177968,0.7460617573842372,0.9863561008036061,5.975114155251141
52345,1.0,18787.0,5.3228296162239846e-05,0.8661628222685055,0.14123328692794193,0.7460220118021442,0.9863036327348668,5.975456621004566
52359,1.0,18786.0,5.323112956456936e-05,0.8661167154430893,0.1412865180575065,0.7459822662200608,0.9862511646661178,5.977054794520548
52388,1.0,18785.0,5.3233963268565346e-05,0.866070608617673,0.14133975202077506,0.7459425206379868,0.9861986965973593,5.980365296803653
52389,1.0,18784.0,5.323679727427598e-05,0.8660245017922569,0.14139298881804935,0.7459027750559227,0.986146228528591,5.980479452054794
52392,1.0,18783.0,5.3239631581749454e-05,0.8659783949668407,0.1414462284496311,0.7458630294738682,0.9860937604598132,5.980821917808219
52422,1.0,18782.0,5.324246619103397e-05,0.8659322881414245,0.14149947091582213,0.7458232838918232,0.9860412923910259,5.984246575342466
52434,1.0,18781.0,5.324530110217773e-05,0.8658861813160084,0.1415527162169243,0.7457835383097879,0.9859888243222288,5.985616438356164
52446,1.0,18779.0,5.32509718302359e-05,0.8658400720353588,0.14160596718875454,0.7457437906094607,0.985936353461257,5.986986301369863
52459,1.0,18778.0,5.3253807647246777e-05,0.8657939627547094,0.1416592209964018,0.7457040429091433,0.9858838826002756,5.988470319634703
52463,1.0,18777.0,5.3256643766309845e-05,0.86574785347406,0.14171247764016812,0.7456642952088355,0.9858314117392846,5.98892694063927
52477,1.0,18776.0,5.325948018747337e-05,0.8657017441934105,0.1417657371203556,0.7456245475085371,0.9857789408782839,5.990525114155251
52485,1.0,18775.0,5.326231691078562e-05,0.865655634912761,0.14181899943726636,0.7455847998082484,0.9857264700172735,5.991438356164384
52494,1.0,18774.0,5.3265153936294876e-05,0.8656095256321115,0.14187226459120267,0.7455450521079694,0.9856739991562535,5.992465753424658
52497,1.0,18773.0,5.326799126404943e-05,0.8655634163514621,0.1419255325824667,0.7455053044077001,0.985621528295224,5.992808219178082
52506,1.0,18772.0,5.327082889409759e-05,0.8655173070708126,0.1419788034113608,0.7454655567074405,0.9855690574341848,5.993835616438356
52542,1.0,18770.0,5.327650506126798e-05,0.8654711953336219,0.14203207991642205,0.7454258068877595,0.9855165837794844,5.997945205479452
52581,1.0,18768.0,5.328218243819267e-05,0.8654250811394972,0.14208536209886025,0.7453860549483182,0.9854641073306762,6.002397260273972
52607,1.0,18766.0,5.328786102525844e-05,0.8653789644880457,0.1421386499598855,0.7453463008887774,0.9854116280873141,6.005365296803653
52628,1.0,18765.0,5.329070077271516e-05,0.8653328478365941,0.14219194066065824,0.7453065468292461,0.9853591488439422,6.007762557077625
52677,1.0,18763.0,5.3296381175718166e-05,0.865286728727292,0.14224523704183395,0.745266790649163,0.9853066668054209,6.013356164383562
52681,1.0,18762.0,5.329922183136126e-05,0.8652406096179898,0.14229853626366532,0.7452270344690896,0.98525418476689,6.013812785388128
52683,1.0,18761.0,5.330206278982997e-05,0.8651944905086876,0.14235183832645515,0.7451872782890258,0.9852017027283494,6.014041095890411
52725,1.0,18758.0,5.3310587482674056e-05,0.8651483664821118,0.14240514891393782,0.7451475178664908,0.9851492150977328,6.0188356164383565
52764,1.0,18756.0,5.331627212625293e-05,0.8651022399963749,0.1424584651860641,0.7451077553222725,0.9850967246704774,6.023287671232877
52788,1.0,18754.0,5.332195798229711e-05,0.8650561110510835,0.1425117871440464,0.7450679906560309,0.9850442314461361,6.026027397260274
52797,1.0,18753.0,5.332480136511492e-05,0.865009982105792,0.1425651119454115,0.745028225989799,0.9849917382217851,6.027054794520548
52877,1.0,18751.0,5.33304890405845e-05,0.8649638507004214,0.14261844243445207,0.7449884592010908,0.9849392421997519,6.036187214611872
52880,1.0,18750.0,5.333333333333333e-05,0.8649177192950507,0.1426717757677854,0.7449486924123923,0.9848867461777091,6.036529680365297
52908,1.0,18749.0,5.3336177929489575e-05,0.86487158788968,0.14272511194571488,0.7449089256237034,0.9848342501556566,6.03972602739726
52944,2.0,18748.0,0.00010667804565820355,0.8647793250789386,0.14283178999137308,0.7448293920463548,0.9847292581115225,6.043835616438356
52969,1.0,18745.0,5.334755934915977e-05,0.8647331912125701,0.14288513755072224,0.7447896231344158,0.9846767592907244,6.046689497716895
52976,1.0,18744.0,5.335040546308152e-05,0.8646870573462015,0.14293848795618533,0.7447498542224865,0.9846242604699166,6.047488584474886
52991,1.0,18743.0,5.335325188070213e-05,0.864640923479833,0.14299184120806602,0.7447100853105669,0.9845717616490991,6.049200913242009
52995,1.0,18742.0,5.3356098602070216e-05,0.8645947896134645,0.1430451973066681,0.744670316398657,0.984519262828272,6.049657534246576
53008,1.0,18741.0,5.335894562723441e-05,0.8645486557470959,0.14309855625229534,0.7446305474867567,0.9844667640074352,6.051141552511416
53091,1.0,18738.0,5.3367488525989965e-05,0.8645025169566302,0.14315192374082134,0.7445907743264932,0.9844142595867671,6.060616438356164
53109,1.0,18737.0,5.3370336766825e-05,0.8644563781661645,0.14320529407758817,0.7445510011662395,0.9843617551660895,6.0626712328767125
53134,1.0,18735.0,5.337603416066186e-05,0.8644102369129931,0.14325867011174884,0.7445112258812415,0.9843092479447447,6.0655251141552515
53135,1.0,18734.0,5.337888331376107e-05,0.8643640956598216,0.14331204899506259,0.7444714505962531,0.9842567407233902,6.065639269406392
53162,1.0,18734.0,5.337888331376107e-05,0.8643179568696188,0.14336542787837633,0.7444316774362554,0.9842042363029821,6.068721461187215
53246,1.0,18730.0,5.3390282968499735e-05,0.8642718106893268,0.14341881816134483,0.7443918979003028,0.9841517234783508,6.078310502283105
53301,1.0,18727.0,5.3398835905377265e-05,0.8642256595807302,0.1434722169972502,0.7443521141123537,0.9840992050491066,6.0845890410958905
53307,1.0,18726.0,5.340168749332479e-05,0.8641795084721335,0.14352561868474353,0.7443123303244144,0.9840466866198527,6.08527397260274
53450,1.0,18723.0,5.341024408481547e-05,0.864133352433653,0.14357902892882835,0.7442725422831149,0.983994162584191,6.101598173515982
53471,1.0,18723.0,5.341024408481547e-05,0.8640871988603777,0.14363243917291316,0.7442327563687374,0.9839416413520179,6.1039954337899545
53518,1.0,18720.0,5.341880341880342e-05,0.864041040356165,0.14368585797633196,0.7441929662000901,0.9838891145122399,6.1093607305936075
53563,1.0,18718.0,5.3424511165722836e-05,0.8639948793859569,0.14373928248749768,0.7441531739038579,0.9838365848680558,6.114497716894977
53607,1.0,18717.0,5.342736549660736e-05,0.8639487184157487,0.14379270985299428,0.7441133816076354,0.983784055223862,6.119520547945205
53616,1.0,18715.0,5.343307507347048e-05,0.863902554979018,0.14384614292806774,0.7440735871833729,0.9837315227746631,6.120547945205479
53658,1.0,18714.0,5.343593031954686e-05,0.8638563915422872,0.14389957885838728,0.74403379275912,0.9836789903254545,6.125342465753425
53680,1.0,18711.0,5.344449788894233e-05,0.8638102231711932,0.14395302335627622,0.743993994077639,0.9836264522647473,6.127853881278539
53698,1.0,18709.0,5.345021112833396e-05,0.8637640523323898,0.14400647356740456,0.7439541932670932,0.9835739113976865,6.129908675799086
53715,1.0,18707.0,5.345592558935158e-05,0.8637178790254816,0.14405992949299393,0.743914390327141,0.9835213677238221,6.131849315068493
53725,1.0,18706.0,5.345878327809259e-05,0.8636717057185733,0.14411338827627201,0.7438745873871986,0.9834688240499481,6.132990867579909
53727,1.0,18705.0,5.346164127238706e-05,0.8636255324116651,0.14416684991754442,0.7438347844472659,0.9834162803760642,6.133219178082192
53729,1.0,18704.0,5.3464499572284e-05,0.8635793591047568,0.1442203144171167,0.7437949815073429,0.9833637367021707,6.1334474885844745
53736,1.0,18703.0,5.3467358177832434e-05,0.8635331857978485,0.1442737817752945,0.7437551785674297,0.9833111930282674,6.134246575342465
53738,1.0,18702.0,5.347021708908138e-05,0.8634870124909403,0.14432725199238358,0.7437153756275262,0.9832586493543544,6.134474885844749
53768,1.0,18701.0,5.347307630607989e-05,0.863440839184032,0.14438072506868965,0.7436755726876325,0.9832061056804315,6.137899543378995
53788,1.0,18699.0,5.3478795657521794e-05,0.8633946634078309,0.1444342038643472,0.7436357676173067,0.9831535591983551,6.140182648401827
53792,1.0,18696.0,5.348737697903295e-05,0.8633484826919875,0.1444876912413262,0.7435959582851942,0.9831010070987808,6.1406392694063925
53809,1.0,18695.0,5.3490238031559244e-05,0.8633023019761441,0.14454118147935777,0.7435561489530915,0.9830484549991967,6.142579908675799
53812,1.0,18694.0,5.349309939017867e-05,0.8632561212603007,0.14459467457874794,0.7435163396209986,0.9829959028996028,6.142922374429224
53832,1.0,18692.0,5.349882302589343e-05,0.8632099380738434,0.14464817340177383,0.7434765281573327,0.9829433479903541,6.145205479452055
53833,1.0,18691.0,5.3501685303087046e-05,0.8631637548873861,0.1447016750870769,0.7434367166936766,0.9828907930810955,6.145319634703196
53844,1.0,18690.0,5.3504547886570356e-05,0.8631175717009287,0.14475517963496348,0.7433969052300303,0.9828382381718271,6.146575342465753
53862,1.0,18688.0,5.351027397260274e-05,0.8630713860431964,0.14480868990893608,0.7433570916342402,0.9827856804521526,6.148630136986301
53881,1.0,18687.0,5.351313747525017e-05,0.8630252003854642,0.14486220304641134,0.7433172780384598,0.9827331227324685,6.150799086757991
53888,1.0,18686.0,5.351600128438403e-05,0.8629790147277319,0.14491571904769573,0.7432774644426894,0.9826805650127743,6.151598173515982
53928,1.0,18683.0,5.352459455119628e-05,0.8629328241258624,0.14496924364224692,0.7432376465812509,0.9826280016704738,6.156164383561644
53962,1.0,18682.0,5.352745958676801e-05,0.8628866335239929,0.14502277110183368,0.7431978287198222,0.9825754383281635,6.1600456621004565
53990,1.0,18679.0,5.35360565340757e-05,0.8628404379763981,0.14507630715836775,0.7431580065913542,0.982522869361442,6.1632420091324205
53998,1.0,18678.0,5.353892279687333e-05,0.8627942424288032,0.14512984608116464,0.743118184462896,0.9824703003947104,6.164155251141553
54027,1.0,18677.0,5.354178936660063e-05,0.8627480468812084,0.14518338787053123,0.7430783623344477,0.9824177314279692,6.167465753424658
54029,1.0,18676.0,5.3544656243306916e-05,0.8627018513336135,0.14523693252677453,0.7430385402060091,0.982365162461218,6.16769406392694
54056,1.0,18675.0,5.35475234270415e-05,0.8626556557860188,0.14529048005020156,0.7429987180775803,0.9823125934944572,6.170776255707763
54090,1.0,18674.0,5.35503909178537e-05,0.862609460238424,0.14534403044111943,0.7429588959491614,0.9822600245276866,6.174657534246576
54107,1.0,18672.0,5.3556126820908315e-05,0.8625632622167746,0.14539758656794033,0.7429190716861985,0.9822074527473507,6.176598173515981
54120,1.0,18670.0,5.356186395286556e-05,0.862517061720673,0.1454511484318932,0.7428792452883483,0.9821548781529977,6.178082191780822
54124,1.0,18669.0,5.3564732979806093e-05,0.8624708612245714,0.14550471316487298,0.7428394188905079,0.9821023035586349,6.178538812785388
54142,1.0,18668.0,5.356760231412042e-05,0.8624246607284698,0.1455582807671871,0.7427995924926771,0.9820497289642625,6.180593607305936
54146,1.0,18667.0,5.357047195585793e-05,0.8623784602323682,0.14561185123914297,0.7427597660948564,0.98199715436988,6.181050228310502
54186,1.0,18665.0,5.357621216180016e-05,0.862332257261019,0.14566542745130476,0.7427199375614615,0.9819445769605766,6.185616438356164
54187,1.0,18664.0,5.357908272610373e-05,0.8622860542896699,0.14571900653403086,0.7426801090280764,0.9818919995512634,6.185730593607306
54209,1.0,18663.0,5.3581953598028186e-05,0.8622398513183207,0.1457725884876289,0.7426402804947011,0.9818394221419403,6.18824200913242
54216,1.0,18662.0,5.3584824777622976e-05,0.8621936483469715,0.14582617331240652,0.7426004519613356,0.9817868447326075,6.189041095890411
54219,1.0,18661.0,5.358769626493757e-05,0.8621474453756224,0.14587976100867145,0.74256062342798,0.9817342673232647,6.189383561643836
54238,1.0,18658.0,5.359631257369493e-05,0.8621012374516553,0.14593335732124516,0.7425207906216333,0.9816816842816773,6.191552511415525
54317,2.0,18656.0,0.0001072041166380789,0.8620088166500417,0.14604056143788324,0.7424411207350519,0.9815765125650315,6.200570776255708
54322,1.0,18654.0,5.360780529645116e-05,0.8619626062492349,0.1460941692431797,0.7424012857917759,0.981523926706694,6.201141552511416
54336,1.0,18653.0,5.361067924730606e-05,0.8619163958484282,0.146147779922427,0.7423614508485097,0.9814713408483466,6.2027397260273975
54357,1.0,18652.0,5.36135535063264e-05,0.8618701854476214,0.14620139347593333,0.7423216159052535,0.9814187549899893,6.20513698630137
54378,1.0,18650.0,5.361930294906166e-05,0.8618239725690451,0.1462550127788824,0.7422817788242453,0.9813661663138449,6.207534246575342
54508,1.0,18644.0,5.363655867839519e-05,0.8617777472969699,0.1463086493375608,0.7422419310504221,0.9813135635435176,6.222374429223744
54518,1.0,18643.0,5.36394357131363e-05,0.8617315220248948,0.14636228877327392,0.7422020832766089,0.9812609607731807,6.22351598173516
54519,1.0,18642.0,5.3642313056539e-05,0.8616852967528197,0.14641593108633047,0.7421622355028055,0.9812083580028339,6.223630136986301
54565,1.0,18641.0,5.364519070865297e-05,0.8616390714807446,0.14646957627703913,0.7421223877290121,0.9811557552324771,6.228881278538813
54569,1.0,18639.0,5.365094693921348e-05,0.8615928437286399,0.14652322722397834,0.742082537815515,0.9811031496417647,6.229337899543379
54598,1.0,18638.0,5.365382551775942e-05,0.861546615976535,0.1465768810494961,0.7420426879020279,0.9810505440510422,6.232648401826484
54620,1.0,18636.0,5.365958360163125e-05,0.8615003857438683,0.14663054063309772,0.7420028358483777,0.980997935639359,6.235159817351598
54662,1.0,18633.0,5.3668223045134976e-05,0.8614541505490128,0.14668420885614286,0.7419629795134717,0.9809453215845538,6.239954337899543
54663,1.0,18632.0,5.367110347788751e-05,0.8614079153541572,0.14673787995962076,0.7419231231785756,0.9808927075297388,6.240068493150685
54671,1.0,18631.0,5.367398421984864e-05,0.8613616801593016,0.1467915539438406,0.7418832668436893,0.9808400934749139,6.240981735159817
54730,1.0,18628.0,5.368262830148164e-05,0.8613154400003924,0.1468452365721421,0.7418434062259371,0.9807874737748477,6.247716894977169
54741,2.0,18626.0,0.00010737678513905293,0.8612229547174545,0.14695261335728116,0.7417636807066661,0.9806822287282428,6.248972602739726
54833,1.0,18622.0,5.369992482010525e-05,0.8611767071095329,0.14700631328210126,0.7417238136620979,0.9806296005569678,6.259474885844749
54837,1.0,18621.0,5.370280865689276e-05,0.8611304595016112,0.14706001609075814,0.7416839466175397,0.9805769723856826,6.259931506849315
54861,1.0,18618.0,5.371146202599635e-05,0.8610842069256361,0.14711372755278412,0.7416440752866617,0.9805243385646106,6.262671232876713
54865,1.0,18617.0,5.371434710211097e-05,0.8610379543496612,0.14716744189988623,0.7416042039557935,0.980471704743529,6.2631278538812785
54879,1.0,18616.0,5.371723248818221e-05,0.8609917017736863,0.1472211591323744,0.7415643326249354,0.9804190709224373,6.26472602739726
54908,1.0,18614.0,5.372300419039433e-05,0.8609454467128841,0.1472748821365648,0.7415244591502309,0.9803664342755373,6.268036529680366
54910,1.0,18613.0,5.3725890506635145e-05,0.8608991916520817,0.14732860802707146,0.7414845856755362,0.9803137976286272,6.268264840182648
54949,1.0,18612.0,5.372877713303245e-05,0.8608529365912795,0.14738233680420448,0.7414447122008516,0.9802611609817073,6.272716894977169
55003,1.0,18606.0,5.3746103407502955e-05,0.8608066691003308,0.14743608290761198,0.7414048280017062,0.9802085101989554,6.278881278538813
55008,1.0,18604.0,5.3751881315846054e-05,0.8607603991224174,0.14748983478892783,0.7413649416568687,0.9801558565879661,6.279452054794521
55039,2.0,18602.0,0.00010751532093323298,0.8606678541918592,0.14759735010986105,0.7412851646751273,0.9800505437085911,6.282990867579909
55047,2.0,18600.0,0.00010752688172043011,0.8605753092613009,0.1477048769915815,0.7412053876934256,0.9799452308291762,6.283904109589041
55092,1.0,18598.0,5.3769222497042695e-05,0.8605290367960218,0.14775864621407853,0.7411654992025897,0.9798925743894539,6.289041095890411
55137,1.0,18595.0,5.377789728421619e-05,0.8604827593538709,0.14781242411136275,0.7411256064178191,0.9798399122899226,6.294178082191781
55160,1.0,18594.0,5.378078950198989e-05,0.86043648191172,0.14786620490086474,0.7410857136330584,0.9797872501903815,6.296803652968037
55172,1.0,18592.0,5.378657487091222e-05,0.860390201980464,0.14791999147573565,0.7410458187007577,0.9797345852601703,6.298173515981735
55277,1.0,18589.0,5.37952552584862e-05,0.8603439170699265,0.14797378673099412,0.7410059194724413,0.9796819146674117,6.3101598173515985
55288,1.0,18588.0,5.379814934366258e-05,0.860297632159389,0.1480275848803378,0.740966020244135,0.979629244074643,6.311415525114155
55295,1.0,18587.0,5.380104374024856e-05,0.8602513472488517,0.14808138592407805,0.7409261210158388,0.9795765734818646,6.312214611872146
55341,1.0,18585.0,5.380683346785042e-05,0.8602050598478697,0.14813519275754589,0.7408862196388455,0.9795239000568938,6.317465753424657
55359,1.0,18584.0,5.3809728798966854e-05,0.8601587724468878,0.14818900248634484,0.7408463182618623,0.9794712266319132,6.3195205479452055
55368,1.0,18583.0,5.3812624441694024e-05,0.8601124850459059,0.14824281511078655,0.7408064168848891,0.9794185532069226,6.32054794520548
55380,2.0,18580.0,0.00010764262648008612,0.8600199002789471,0.14835045773726663,0.7407266055333678,0.9793131950245265,6.321917808219178
55381,1.0,18578.0,5.382710733125202e-05,0.8599736078954678,0.1484042848445979,0.740686699857622,0.9792605159333136,6.3220319634703195
55382,1.0,18577.0,5.383000484470044e-05,0.8599273155119885,0.1484581148494426,0.7406467941818864,0.9792078368420907,6.322146118721461
55411,1.0,18575.0,5.383580080753701e-05,0.8598810206363217,0.14851195065025014,0.7406068863559486,0.9791551549166947,6.325456621004566
55432,1.0,18572.0,5.384449709239716e-05,0.8598347207752062,0.14856579514734253,0.74056697422867,0.9791024673217423,6.327853881278539
55438,1.0,18571.0,5.384739647838027e-05,0.8597884209140907,0.1486196425438209,0.7405270621014015,0.9790497797267799,6.328538812785388
55460,1.0,18570.0,5.385029617662897e-05,0.8597421210529752,0.14867349283999753,0.7404871499741429,0.9789970921318075,6.331050228310502
55485,1.0,18569.0,5.385319618719371e-05,0.8596958211918597,0.14872734603618473,0.7404472378468944,0.9789444045368251,6.333904109589041
55582,1.0,18568.0,5.3856096510124945e-05,0.8596495213307442,0.14878120213269486,0.7404073257196557,0.9788917169418327,6.344977168949772
55603,1.0,18567.0,5.385899714547315e-05,0.8596032214696288,0.14883506112984032,0.7403674135924272,0.9788390293468303,6.347374429223744
55629,1.0,18565.0,5.386479935362241e-05,0.8595569191145805,0.14888892592919395,0.7403274993134896,0.9787863389156715,6.350342465753425
55713,1.0,18558.0,5.3885116930703737e-05,0.8595106017894855,0.14894281104612464,0.7402875721186783,0.9787336314602926,6.359931506849315
55749,1.0,18556.0,5.389092476826902e-05,0.8594642819683069,0.1489967019708929,0.7402476427703009,0.978680921166313,6.364041095890411
55764,1.0,18555.0,5.3893829156561574e-05,0.8594179621471284,0.14905059580004945,0.7402077134219334,0.9786282108723234,6.365753424657535
55793,1.0,18551.0,5.3905449840978926e-05,0.8593716348352775,0.14910450124989044,0.740167777610756,0.9785754920597989,6.3690639269406395
55796,1.0,18550.0,5.3908355795148246e-05,0.8593253075234265,0.14915840960568558,0.7401278417995888,0.9785227732472642,6.369406392694064
55807,1.0,18548.0,5.391416864351952e-05,0.8592789777138771,0.1492123237743291,0.7400879038334607,0.9784700515942935,6.370662100456621
55821,2.0,18545.0,0.00010784578053383661,0.8591863081018293,0.14932016955486294,0.7400080192794907,0.9783645969241679,6.372260273972603
55829,1.0,18543.0,5.392870625033706e-05,0.8591399732958054,0.14937409826111328,0.7399680770025209,0.9783118695890899,6.373173515981735
55850,1.0,18541.0,5.393452348848498e-05,0.8590936359907357,0.14942803278460176,0.7399281325694268,0.9782591394120447,6.3755707762557075
55864,1.0,18540.0,5.393743257820928e-05,0.8590472986856661,0.14948197021717996,0.7398881881363428,0.9782064092349894,6.37716894977169
55901,1.0,18538.0,5.394325169921243e-05,0.8590009588810116,0.14953591346887918,0.7398482415466692,0.978153676215354,6.381392694063927
55918,1.0,18537.0,5.394616173059287e-05,0.8589546190763571,0.14958985963060978,0.7398082949570056,0.9781009431957085,6.383333333333334
55930,1.0,18536.0,5.3949072075960293e-05,0.8589082792717024,0.14964380870268573,0.739768348367352,0.9780482101760529,6.384703196347032
55943,1.0,18535.0,5.395198273536552e-05,0.8588619394670479,0.1496977606854211,0.7397284017777085,0.9779954771563873,6.386187214611872
55961,1.0,18534.0,5.395489370885939e-05,0.8588155996623934,0.14975171557912995,0.7396884551880751,0.9779427441367117,6.38824200913242
55967,1.0,18533.0,5.395780499649274e-05,0.8587692598577389,0.14980567338412643,0.7396485085984518,0.977890011117026,6.388926940639269
55992,1.0,18532.0,5.3960716598316424e-05,0.8587229200530844,0.14985963410072475,0.7396085620088385,0.9778372780973302,6.391780821917808
55993,1.0,18531.0,5.3963628514381306e-05,0.8586765802484299,0.14991359772923912,0.7395686154192354,0.9777845450776244,6.39189497716895
56019,2.0,18530.0,0.00010793308148947653,0.8585839006391208,0.1500215308107286,0.7394887222400591,0.9776790790381825,6.39486301369863
56061,1.0,18525.0,5.398110661268556e-05,0.8585375533300444,0.1500755119173413,0.7394487691757932,0.9776263374842957,6.399657534246575
56083,1.0,18522.0,5.398984990821726e-05,0.8584912010163995,0.1501295017672495,0.7394088117936759,0.9775735902391232,6.402168949771689
56114,1.0,18520.0,5.3995680345572353e-05,0.85844484619993,0.15018349744759507,0.7393688522521713,0.9775208401476887,6.4057077625570775
56122,1.0,18518.0,5.400151204233719e-05,0.8583984888802302,0.15023749895963742,0.7393288905509293,0.977468087209531,6.40662100456621
56123,1.0,18517.0,5.400442836312577e-05,0.8583521315605305,0.15029150338800054,0.7392889288496974,0.9774153342713635,6.406735159817352
56128,1.0,18516.0,5.4007344998919854e-05,0.8583057742408307,0.15034551073299945,0.7392489671484755,0.9773625813331858,6.407305936073059
56135,1.0,18515.0,5.4010261949770455e-05,0.858259416921131,0.15039952099494922,0.7392090054472639,0.977309828394998,6.40810502283105
56163,1.0,18514.0,5.4013179215728635e-05,0.8582130596014312,0.15045353417416493,0.7391690437460623,0.9772570754568002,6.411301369863014
56165,1.0,18513.0,5.401609679684546e-05,0.8581667022817314,0.15050755027096177,0.7391290820448707,0.9772043225185921,6.411529680365297
56166,1.0,18512.0,5.4019014693172e-05,0.8581203449620317,0.15056156928565495,0.7390891203436893,0.9771515695803741,6.411643835616438
56169,1.0,18511.0,5.402193290475933e-05,0.858073987642332,0.15061559121855972,0.7390491586425181,0.9770988166421459,6.411986301369863
56177,1.0,18510.0,5.4024851431658565e-05,0.8580276303226322,0.15066961606999138,0.7390091969413567,0.9770460637039077,6.4128995433789955
56198,1.0,18509.0,5.4027770273920795e-05,0.8579812730029324,0.1507236438402653,0.7389692352402055,0.9769933107656592,6.415296803652968
56237,1.0,18507.0,5.4033608904738746e-05,0.8579349131783793,0.15077767744917003,0.7389292713779154,0.9769405549788432,6.419748858447488
56255,1.0,18506.0,5.4036528693396736e-05,0.8578885533538263,0.15083171397786344,0.7388893075156354,0.9768877991920172,6.421803652968037
56264,1.0,18505.0,5.4039448797622264e-05,0.8578421935292733,0.15088575342666105,0.7388493436533655,0.976835043405181,6.422831050228311
56275,1.0,18504.0,5.404236921746649e-05,0.8577958337047202,0.15093979579587852,0.7388093797911057,0.9767822876183347,6.424086757990867
56286,1.0,18503.0,5.40452899529806e-05,0.8577494738801672,0.1509938410858315,0.738769415928856,0.9767295318314784,6.425342465753425
56301,1.0,18502.0,5.404821100421576e-05,0.8577031140556142,0.1510478892968357,0.7387294520666166,0.9766767760446118,6.427054794520548
56302,1.0,18501.0,5.4051132371223176e-05,0.8576567542310611,0.15110194042920694,0.7386894882043871,0.9766240202577352,6.42716894977169
56373,1.0,18499.0,5.405697605275961e-05,0.8576103919004362,0.1511559974052597,0.7386495221799664,0.976571261620906,6.43527397260274
56410,1.0,18497.0,5.406282099799968e-05,0.8575640270633329,0.15121006022625771,0.7386095539930033,0.9765185001336625,6.439497716894977
56437,1.0,18495.0,5.4068667207353336e-05,0.8575176597193446,0.15126412889346508,0.7385695836431467,0.9764657357955424,6.442579908675799
56465,1.0,18493.0,5.407451468123074e-05,0.8574712898680646,0.1513182034081463,0.7385296111300457,0.9764129686060836,6.445776255707763
56466,1.0,18492.0,5.4077438892494055e-05,0.8574249200167847,0.1513722808470388,0.7384896386169548,0.9763602014166146,6.445890410958904
56471,1.0,18490.0,5.4083288263926445e-05,0.8573785476576707,0.15142636413530272,0.7384496639401509,0.9763074313751906,6.446461187214612
56487,2.0,18489.0,0.00010817242684839634,0.8572858029394429,0.15153453656215113,0.7383697145865736,0.9762018912923122,6.448287671232877
56515,1.0,18485.0,5.409791723018664e-05,0.8572394255630329,0.1515886344793813,0.7383297355809482,0.9761491155451176,6.45148401826484
56523,1.0,18484.0,5.410084397316598e-05,0.8571930481866229,0.15164273532335448,0.7382897565753328,0.976096339797913,6.4523972602739725
56530,1.0,18483.0,5.410377103284099e-05,0.8571466708102128,0.15169683909438733,0.7382497775697276,0.9760435640506979,6.453196347031963
56537,1.0,18482.0,5.410669840926307e-05,0.8571002934338028,0.1517509457927966,0.7382097985641326,0.975990788303473,6.453995433789954
56544,1.0,18481.0,5.410962610248363e-05,0.8570539160573927,0.15180505541889908,0.7381698195585477,0.9759380125562377,6.454794520547945
56585,1.0,18480.0,5.411255411255411e-05,0.8570075386809826,0.15185916797301163,0.7381298405529729,0.9758852368089922,6.459474885844749
56614,1.0,18479.0,5.411548243952595e-05,0.8569611613045726,0.15191328345545116,0.7380898615474084,0.9758324610617367,6.462785388127854
56627,1.0,18477.0,5.41213400443795e-05,0.8569147814181568,0.15196740479549553,0.7380498803762556,0.975779682460058,6.464269406392694
56637,1.0,18476.0,5.4124269322364146e-05,0.856868401531741,0.1520215290648179,0.738009899205113,0.9757269038583691,6.465410958904109
56641,1.0,18475.0,5.412719891745602e-05,0.8568220216453252,0.15207565626373534,0.7379699180339804,0.97567412525667,6.465867579908676
56661,1.0,18473.0,5.413305905916743e-05,0.8567756392482242,0.1521297893227945,0.7379299346966729,0.9756213437997755,6.468150684931507
56665,1.0,18472.0,5.4135989605889994e-05,0.8567292568511232,0.15218392531240038,0.7378899513593756,0.9755685623428708,6.468607305936073
56702,1.0,18471.0,5.413892046992583e-05,0.8566828744540224,0.1522380642328703,0.7378499680220886,0.9755157808859561,6.472831050228311
56706,1.0,18470.0,5.4141851651326476e-05,0.8566364920569215,0.15229220608452165,0.7378099846848117,0.9754629994290313,6.473287671232876
56712,1.0,18468.0,5.4147714966428416e-05,0.8565901071483197,0.15234635379948808,0.7377699991806556,0.9754102151159839,6.473972602739726
56725,1.0,18467.0,5.415064710023285e-05,0.856543722239718,0.15240050444658831,0.7377300136765095,0.9753574308029265,6.475456621004566
56754,1.0,18465.0,5.415651232060655e-05,0.8564973348190713,0.15245466095890892,0.7376900260050143,0.9753046436331283,6.478767123287671
56762,1.0,18464.0,5.4159445407279026e-05,0.8564509473984246,0.1525088204043162,0.7376500383335294,0.9752518564633199,6.479680365296804
56764,1.0,18463.0,5.416237881167741e-05,0.856404559977778,0.15256298278312788,0.7376100506620545,0.9751990692935014,6.479908675799087
56767,1.0,18462.0,5.416531253385332e-05,0.8563581725571313,0.15261714809566174,0.7375700629905899,0.9751462821236727,6.480251141552511
56772,1.0,18461.0,5.4168246573858405e-05,0.8563117851364846,0.1526713163422356,0.7375300753191356,0.9750934949538337,6.480821917808219
56777,1.0,18460.0,5.417118093174431e-05,0.856265397715838,0.15272548752316734,0.7374900876476913,0.9750407077839847,6.481392694063927
56782,1.0,18459.0,5.417411560756271e-05,0.8562190102951913,0.1527796616387749,0.7374500999762573,0.9749879206141253,6.481963470319634
56794,1.0,18458.0,5.417705060136526e-05,0.8561726228745447,0.15283383868937628,0.7374101123048336,0.9749351334442558,6.483333333333333
56796,1.0,18457.0,5.417998591320366e-05,0.8561262354538981,0.15288801867528948,0.73737012463342,0.9748823462743762,6.483561643835617
56799,1.0,18456.0,5.4182921543129604e-05,0.8560798480332514,0.1529422015968326,0.7373301369620165,0.9748295591044863,6.483904109589041
56807,1.0,18455.0,5.41858574911948e-05,0.8560334606126049,0.1529963874543238,0.7372901492906234,0.9747767719345863,6.484817351598173
56814,1.0,18454.0,5.418879375745096e-05,0.8559870731919583,0.15305057624808127,0.7372501616192405,0.9747239847646761,6.485616438356164
56820,1.0,18453.0,5.419173034194982e-05,0.8559406857713118,0.15310476797842323,0.7372101739478678,0.9746711975947557,6.486301369863014
56845,1.0,18451.0,5.419760446588261e-05,0.8558942958365781,0.1531589655828891,0.7371701841073824,0.9746184075657737,6.489155251141552
56858,1.0,18450.0,5.4200542005420054e-05,0.8558479059018443,0.15321316612489452,0.7371301942669073,0.9745656175367814,6.490639269406393
56868,1.0,18447.0,5.420935653493793e-05,0.8558015109375737,0.15326737548142946,0.73709020008702,0.9745128217881275,6.491780821917808
56873,1.0,18446.0,5.421229534858506e-05,0.855755115973303,0.15332158777677804,0.7370502059071429,0.9744600260394631,6.492351598173516
56882,1.0,18445.0,5.421523448088913e-05,0.8557087210090323,0.15337580301125892,0.7370102117272759,0.9744072302907887,6.49337899543379
56922,1.0,18444.0,5.421817393190197e-05,0.8556623260447616,0.1534300211851908,0.7369702175474191,0.974354434542104,6.497945205479452
56933,1.0,18443.0,5.422111370167543e-05,0.8556159310804908,0.1534842422988925,0.7369302233675726,0.974301638793409,6.499200913242009
56995,1.0,18440.0,5.422993492407809e-05,0.8555695310842283,0.15353847223381656,0.7368902248461942,0.9742488373222624,6.5062785388127855
56999,1.0,18439.0,5.423287596941266e-05,0.8555231310879658,0.15359270510978598,0.7368502263248259,0.9741960358511058,6.506735159817351
57000,1.0,18438.0,5.423581733376722e-05,0.8554767310917033,0.15364694092711975,0.7368102278034678,0.9741432343799388,6.506849315068493
57002,1.0,18437.0,5.4238759017193686e-05,0.8554303310954408,0.15370117968613695,0.7367702292821199,0.9740904329087616,6.507077625570776
57015,1.0,18436.0,5.424170101974398e-05,0.8553839310991782,0.1537554213871567,0.7367302307607824,0.974037631437574,6.508561643835616
57026,1.0,18435.0,5.4244643341470026e-05,0.8553375311029157,0.15380966603049817,0.736690232239455,0.9739848299663764,6.509817351598174
57060,1.0,18434.0,5.424758598242378e-05,0.8552911311066532,0.1538639136164806,0.7366502337181379,0.9739320284951686,6.513698630136986
57079,1.0,18433.0,5.425052894265719e-05,0.8552447311103907,0.15391816414542325,0.736610235196831,0.9738792270239504,6.515867579908676
57083,1.0,18432.0,5.425347222222222e-05,0.8551983311141282,0.15397241761764546,0.7365702366755345,0.973826425552722,6.516324200913242
57092,1.0,18431.0,5.4256415821170855e-05,0.8551519311178658,0.15402667403346662,0.7365302381542481,0.9737736240814835,6.517351598173516
57121,1.0,18430.0,5.425935973955508e-05,0.8551055311216033,0.15408093339320617,0.736490239632972,0.9737208226102345,6.520662100456621
57131,1.0,18427.0,5.426819341184132e-05,0.8550591260892528,0.154135201586618,0.7364502367666267,0.973668015411879,6.521803652968036
57186,1.0,18425.0,5.4274084124830395e-05,0.8550127185383117,0.15418947567074284,0.7364102317272799,0.9736152053493435,6.528082191780822
57196,1.0,18424.0,5.427702996092054e-05,0.8549663109873706,0.15424375270070376,0.7363702266879434,0.9735623952867979,6.529223744292238
57215,1.0,18422.0,5.428292259255238e-05,0.8549199009172921,0.1542980356232963,0.7363302194751331,0.9735095823594511,6.531392694063927
57228,1.0,18420.0,5.428881650380022e-05,0.8548734883276657,0.1543523244398001,0.7362902100884948,0.9734567665668367,6.532876712328767
57244,1.0,18419.0,5.4291763939410394e-05,0.8548270757380394,0.15440661620373952,0.7362502007018668,0.973403950774212,6.534703196347032
57289,1.0,18415.0,5.4303556882975834e-05,0.854780655587307,0.15446091976062248,0.7362101847916075,0.9733511263830065,6.539840182648402
57322,1.0,18413.0,5.430945527616358e-05,0.8547342329155214,0.15451522921589864,0.7361701667062203,0.9732982991248226,6.543607305936073
57324,1.0,18412.0,5.431240495329133e-05,0.854687810243736,0.15456954162085193,0.7361301486208434,0.9732454718666286,6.543835616438356
57326,1.0,18411.0,5.4315354950844607e-05,0.8546413875719504,0.15462385697580278,0.7360901305354767,0.9731926446084241,6.544063926940639
57330,1.0,18410.0,5.431830526887561e-05,0.8545949649001648,0.15467817528107164,0.7360501124501202,0.9731398173502095,6.544520547945205
57337,1.0,18408.0,5.432420686657975e-05,0.8545485397065045,0.1547324994879382,0.7360100921889263,0.9730869872240826,6.545319634703197
57347,1.0,18404.0,5.433601391001956e-05,0.8545021069451642,0.15478683550184824,0.7359700653984244,0.973034148491904,6.546461187214612
57354,1.0,18403.0,5.4338966472857684e-05,0.8544556741838238,0.1548411744683211,0.7359300386079327,0.972981309759715,6.5472602739726025
57359,1.0,18402.0,5.4341919356591676e-05,0.8544092414224835,0.1548955163876777,0.7358900118174514,0.9729284710275157,6.547831050228311
57377,1.0,18398.0,5.4353734101532776e-05,0.8543628010897614,0.15494987012177924,0.7358499784944652,0.9728756236850575,6.549885844748858
57381,1.0,18397.0,5.4356688590531064e-05,0.8543163607570392,0.15500422681036977,0.7358099451714893,0.9728227763425891,6.550342465753425
57389,1.0,18395.0,5.436259853220984e-05,0.8542699178996999,0.15505858940890196,0.7357699096703079,0.9727699261290919,6.551255707762557
57399,1.0,18394.0,5.436555398499511e-05,0.8542234750423605,0.15511295496288696,0.7357298741691368,0.9727170759155842,6.552397260273972
57422,1.0,18393.0,5.43685097591475e-05,0.8541770321850212,0.1551673234726461,0.735689838667976,0.9726642257020663,6.555022831050228
57433,1.0,18392.0,5.437146585471944e-05,0.8541305893276818,0.15522169493850083,0.7356498031668255,0.9726113754885382,6.556278538812785
57442,1.0,18391.0,5.4374422271763365e-05,0.8540841464703425,0.1552760693607726,0.7356097676656853,0.9725585252749996,6.5573059360730594
57448,1.0,18390.0,5.43773790103317e-05,0.8540377036130031,0.15533044673978294,0.7355697321645555,0.9725056750614508,6.557990867579909
57460,1.0,18389.0,5.438033607047691e-05,0.8539912607556638,0.1553848270758534,0.7355296966634359,0.9724528248478916,6.559360730593608
57478,1.0,18388.0,5.438329345225147e-05,0.8539448178983245,0.15543921036930566,0.7354896611623268,0.9723999746343223,6.561415525114155
57483,1.0,18387.0,5.4386251155707835e-05,0.8538983750409852,0.15549359662046136,0.735449625661228,0.9723471244207424,6.561986301369863
57490,1.0,18386.0,5.438920918089851e-05,0.8538519321836459,0.15554798582964227,0.7354095901601394,0.9722942742071523,6.562785388127854
57526,1.0,18384.0,5.4395126196692775e-05,0.8538054868000414,0.15560238095583898,0.7353695524794224,0.9722414211206605,6.56689497716895
57532,1.0,18383.0,5.43980851874014e-05,0.853759041416437,0.15565677904102637,0.7353295147987154,0.9721885680341585,6.567579908675799
57547,1.0,18382.0,5.44010445000544e-05,0.8537125960328326,0.15571118008552642,0.735289477118019,0.9721357149476462,6.569292237442922
57552,1.0,18381.0,5.4404004134704314e-05,0.8536661506492281,0.15576558408966112,0.7352494394373329,0.9720828618611234,6.5698630136986305
57587,1.0,18378.0,5.441288497116117e-05,0.8536197002111691,0.15581999697463228,0.7352093973957173,0.9720300030266208,6.573858447488584
57612,1.0,18377.0,5.441584589432443e-05,0.8535732497731101,0.1558744128205266,0.7351693553541122,0.971977144192108,6.576712328767123
57630,1.0,18376.0,5.4418807139747494e-05,0.853526799335051,0.15592883162766635,0.7351293133125173,0.9719242853575848,6.578767123287672
57631,1.0,18375.0,5.4421768707482996e-05,0.853480348896992,0.15598325339637384,0.7350892712709328,0.9718714265230511,6.578881278538812
57633,1.0,18374.0,5.442473059758354e-05,0.8534338984589329,0.15603767812697142,0.7350492292293587,0.9718185676885072,6.579109589041096
57634,1.0,18373.0,5.442769281010178e-05,0.8533874480208739,0.15609210581978153,0.7350091871877948,0.9717657088539529,6.579223744292237
57669,1.0,18372.0,5.4430655345090354e-05,0.8533409975828148,0.1561465364751266,0.7349691451462413,0.9717128500193882,6.583219178082191
57678,1.0,18369.0,5.443954488540476e-05,0.8532945420872744,0.156200976020012,0.7349290987411449,0.9716599854334039,6.5842465753424655
57690,1.0,18367.0,5.444547285893178e-05,0.8532480840624425,0.15625542149287094,0.7348890501538062,0.9716071179710787,6.585616438356165
57692,1.0,18366.0,5.4448437329848636e-05,0.8532016260376106,0.1563098699302008,0.7348490015664781,0.9715542505087431,6.585844748858447
57710,1.0,18365.0,5.445140212360468e-05,0.8531551680127788,0.1563643213323244,0.7348089529791604,0.9715013830463972,6.587899543378995
57717,1.0,18364.0,5.445436724025267e-05,0.8531087099879469,0.15641877569956464,0.7347689043918529,0.9714485155840408,6.588698630136986
57718,1.0,18363.0,5.445733267984534e-05,0.853062251963115,0.15647323303224447,0.7347288558045559,0.9713956481216741,6.588812785388128
57725,1.0,18361.0,5.446326452807581e-05,0.8530157914080274,0.15652769629677254,0.7346888050341842,0.9713427777818706,6.5896118721461185
57734,1.0,18360.0,5.446623093681917e-05,0.8529693308529398,0.15658216252770937,0.7346487542638229,0.9712899074420567,6.590639269406393
57737,1.0,18359.0,5.446919766871834e-05,0.8529228702978522,0.1566366317253781,0.734608703493472,0.9712370371022324,6.590981735159818
57759,1.0,18358.0,5.447216472382613e-05,0.8528764097427646,0.1566911038901019,0.7345686527231313,0.9711841667623978,6.593493150684932
57765,1.0,18357.0,5.447513210219535e-05,0.852829949187677,0.1567455790222041,0.7345286019528011,0.9711312964225528,6.594178082191781
57783,1.0,18354.0,5.448403617740002e-05,0.8527834835698723,0.15680006305838148,0.7344885468144067,0.971078420325338,6.596232876712329
57785,1.0,18353.0,5.448700484934343e-05,0.8527370179520676,0.15685455006323082,0.7344484916760226,0.9710255442281126,6.5964611872146115
57787,1.0,18352.0,5.448997384481256e-05,0.8526905523342628,0.15690904003707562,0.7344084365376488,0.9709726681308769,6.596689497716895
57810,1.0,18351.0,5.449294316386028e-05,0.8526440867164581,0.1569635329802395,0.7343683813992853,0.9709197920336309,6.5993150684931505
57816,1.0,18349.0,5.4498882772903156e-05,0.8525976185663291,0.1570180318630124,0.7343283240760611,0.9708669130565971,6.6
57835,1.0,18347.0,5.4504823676895406e-05,0.8525511478834619,0.15707253668668927,0.7342882645676184,0.9708140311993053,6.6021689497716896
57848,1.0,18346.0,5.450779461462989e-05,0.8525046772005946,0.1571270444813039,0.7342482050591861,0.9707611493420032,6.6036529680365295
57857,1.0,18345.0,5.451076587626056e-05,0.8524582065177273,0.15718155524718017,0.7342081455507642,0.9707082674846904,6.604680365296804
57861,1.0,18344.0,5.4513737461840385e-05,0.8524117358348601,0.157236068984642,0.7341680860423527,0.9706553856273674,6.60513698630137
57863,2.0,18343.0,0.00010903341874284468,0.8523187944691255,0.15734510240338487,0.734087967025561,0.97054962191269,6.605365296803653
57877,1.0,18341.0,5.4522654162804645e-05,0.8522723237862582,0.15739962505754768,0.7340479075171806,0.9704967400553357,6.606963470319634
57887,1.0,18340.0,5.452562704471101e-05,0.8522258531033909,0.1574541506845924,0.7340078480088108,0.9704438581979711,6.60810502283105
57928,1.0,18335.0,5.45404963185165e-05,0.8521793722823873,0.1575086911809109,0.733967779753333,0.9703909648114415,6.612785388127854
57955,1.0,18334.0,5.4543471146503765e-05,0.8521328914613835,0.1575632346520574,0.7339277114978656,0.9703380714249014,6.6158675799086755
57989,1.0,18333.0,5.454644629902362e-05,0.8520864106403798,0.15761778109835642,0.7338876432424086,0.970285178038351,6.619748858447489
58008,1.0,18332.0,5.4549421776129175e-05,0.852039929819376,0.15767233052013255,0.7338475749869621,0.97023228465179,6.6219178082191785
58044,1.0,18330.0,5.455537370430988e-05,0.8519934464625937,0.15772688589383685,0.7338075045436717,0.9701793883815156,6.626027397260274
58052,1.0,18329.0,5.45583501554913e-05,0.8519469631058114,0.15778144424399235,0.7337674341003918,0.970126492111231,6.626940639269407
58055,1.0,18328.0,5.456132693147097e-05,0.8519004797490292,0.1578360055709238,0.7337273636571223,0.970073595840936,6.627283105022831
58058,2.0,18327.0,0.00010912860806460414,0.8518075130354646,0.15794513417898842,0.7336472227706148,0.9699678033003145,6.627625570776256
58082,1.0,18325.0,5.457025920873124e-05,0.8517610296786824,0.15799970443819716,0.7336071523273766,0.9699149070299882,6.630365296803653
58109,1.0,18322.0,5.457919441109049e-05,0.8517145412478517,0.15805428363260826,0.7335670775062891,0.9698620049894143,6.6334474885844745
58111,1.0,18321.0,5.458217346214726e-05,0.8516680528170212,0.15810886580607042,0.7335270026852122,0.9698091029488302,6.633675799086758
58118,1.0,18320.0,5.458515283842795e-05,0.8516215643861906,0.15816345095890885,0.7334869278641457,0.9697562009082356,6.634474885844749
58130,1.0,18318.0,5.4591112566874116e-05,0.8515750734175048,0.15821804207147572,0.7334468508534421,0.9697032959815676,6.635844748858448
58147,1.0,18316.0,5.4597073596855206e-05,0.8515285799105482,0.15827263914507259,0.7334067716527426,0.9696503881683538,6.6377853881278535
58150,1.0,18315.0,5.46000546000546e-05,0.8514820864035916,0.15832723919967265,0.7333666924520534,0.9695974803551297,6.6381278538812785
58164,1.0,18313.0,5.460601758313766e-05,0.8514355903578097,0.1583818452172558,0.7333266110608896,0.9695445696547298,6.63972602739726
58174,1.0,18311.0,5.461198186882202e-05,0.8513890917727865,0.1584364571991246,0.7332865274788918,0.9694916560666813,6.640867579908676
58190,1.0,18309.0,5.461794745753454e-05,0.8513425906481061,0.15849107514658214,0.7332464417057009,0.9694387395905114,6.642694063926941
58195,1.0,18308.0,5.462093074065982e-05,0.8512960895234257,0.1585456960773228,0.7332063559325203,0.9693858231143312,6.643264840182648
58235,1.0,18304.0,5.463286713286713e-05,0.851249580777276,0.15860032894445567,0.7331662635835825,0.9693328979709694,6.6478310502283104
58266,1.0,18303.0,5.463585204611266e-05,0.8512030720311263,0.1586549647965018,0.7331261712346552,0.9692799728275975,6.651369863013699
58267,1.0,18302.0,5.463883728554256e-05,0.8511565632849767,0.15870960363378733,0.7330860788857384,0.969227047684215,6.65148401826484
58276,1.0,18299.0,5.4647794961473305e-05,0.8511100494556262,0.1587642514287488,0.7330459821510688,0.9691741167601836,6.652511415525114
58312,1.0,18296.0,5.465675557498907e-05,0.8510635305416856,0.1588189081843238,0.7330058810294465,0.9691211800539247,6.65662100456621
58323,1.0,18295.0,5.465974309920743e-05,0.851017011627745,0.158873567927423,0.7329657799078348,0.9690682433476552,6.657876712328767
58325,1.0,18294.0,5.466273095003826e-05,0.8509704927138045,0.15892823065837303,0.7329256787862337,0.9690153066413754,6.65810502283105
58338,1.0,18293.0,5.466571912753512e-05,0.8509239737998641,0.15898289637750057,0.7328855776646431,0.968962369935085,6.659589041095891
58369,1.0,18292.0,5.466870763175159e-05,0.8508774548859236,0.1590375650851323,0.732845476543063,0.9689094332287842,6.663127853881279
58435,1.0,18288.0,5.468066491688539e-05,0.8508309283409277,0.15909224575004918,0.7328053688374475,0.9688564878444078,6.670662100456621
58474,1.0,18285.0,5.468963631391851e-05,0.850784396706892,0.1591469353863631,0.732765256741037,0.968803536672747,6.6751141552511415
58485,1.0,18283.0,5.4695618880927636e-05,0.8507378625277798,0.15920163100524404,0.7327251424487535,0.9687505826068061,6.676369863013699
58498,1.0,18281.0,5.470160275696078e-05,0.8506913258031735,0.159256332608001,0.7326850259602365,0.9686976256461105,6.677853881278539
58499,1.0,18280.0,5.4704595185995626e-05,0.8506447890785672,0.159311037203187,0.7326449094717301,0.9686446686854043,6.6779680365296805
58501,1.0,18279.0,5.470758794244762e-05,0.8505982523539609,0.15936574479112947,0.7326047929832341,0.9685917117246877,6.678196347031964
58521,1.0,18278.0,5.47105810263705e-05,0.8505517156293546,0.15942045537215585,0.7325646764947487,0.9685387547639606,6.6804794520547945
58559,1.0,18275.0,5.471956224350205e-05,0.8505051738118099,0.15947517493439936,0.7325245556121016,0.9684857920115182,6.6848173515981735
58571,1.0,18274.0,5.472255663784612e-05,0.8504586319942652,0.15952989749103721,0.732484434729465,0.9684328292590654,6.686187214611872
58599,1.0,18273.0,5.472555135992995e-05,0.8504120901767205,0.15958462304239715,0.732444313846839,0.968379866506602,6.689383561643836
58607,1.0,18272.0,5.4728546409807356e-05,0.8503655483591759,0.15963935158880696,0.7324041929642235,0.9683269037541282,6.690296803652968
58616,1.0,18270.0,5.4734537493158185e-05,0.8503190039941864,0.15969408612630012,0.73236406988369,0.9682739381046828,6.691324200913242
58622,1.0,18268.0,5.474052988832932e-05,0.8502724570813336,0.15974882665618845,0.732323944604877,0.9682209695577901,6.692009132420091
58641,1.0,18267.0,5.4743526577982154e-05,0.8502259101684808,0.15980357018276642,0.7322838193260746,0.9681680010108871,6.6941780821917805
58643,1.0,18266.0,5.474652359575167e-05,0.850179363255628,0.15985831670636216,0.7322436940472827,0.9681150324639733,6.694406392694064
58658,1.0,18265.0,5.474952094169176e-05,0.8501328163427754,0.15991306622730386,0.7322035687685016,0.9680620639170492,6.696118721461187
58698,1.0,18263.0,5.4755516618299294e-05,0.8500862668812224,0.15996782174392216,0.7321634412907181,0.9680090924717266,6.700684931506849
58702,1.0,18262.0,5.475851494907458e-05,0.8500397174196693,0.16002258025887123,0.7321233138129452,0.9679561210263935,6.701141552511416
58707,1.0,18261.0,5.4761513608236134e-05,0.8499931679581163,0.16007734177247945,0.7320831863351828,0.9679031495810498,6.701712328767123
58721,1.0,18260.0,5.47645125958379e-05,0.8499466184965633,0.1601321062850753,0.732043058857431,0.9678501781356955,6.703310502283105
58756,1.0,18259.0,5.476751191193384e-05,0.8499000690350103,0.16018687379698723,0.7320029313796899,0.9677972066903306,6.70730593607306
58800,1.0,18258.0,5.477051155657794e-05,0.8498535195734572,0.16024164430854382,0.7319628039019591,0.9677442352449553,6.712328767123288
58842,1.0,18254.0,5.478251342171579e-05,0.8498069624616147,0.16029642682196554,0.7319226698235837,0.9676912550996457,6.717123287671233
58851,1.0,18253.0,5.47855147099107e-05,0.8497604053497722,0.16035121233667546,0.7318825357452188,0.9676382749543255,6.718150684931507
58880,1.0,18250.0,5.479452054794521e-05,0.8497138431357805,0.1604060068572234,0.7318423972647381,0.9675852890068228,6.7214611872146115
58886,1.0,18249.0,5.479752315195353e-05,0.8496672809217887,0.16046080438037535,0.7318022587842681,0.9675323030593093,6.7221461187214615
58892,2.0,18248.0,0.00010960105217010084,0.8495741564938052,0.16057040543254544,0.7317219818233598,0.9674263311642506,6.722831050228311
58894,1.0,18246.0,5.4806532938726295e-05,0.8495275942798134,0.16062521196548418,0.7316818433429215,0.9673733452167053,6.723059360730594
58914,1.0,18245.0,5.4809536859413536e-05,0.8494810320658216,0.1606800215023436,0.7316417048624939,0.9673203592691493,6.725342465753425
58918,1.0,18244.0,5.4812541109405835e-05,0.8494344698518298,0.16073483404345298,0.7316015663820767,0.9672673733215829,6.72579908675799
58921,1.0,18243.0,5.481554568875733e-05,0.849387907637838,0.16078964958914174,0.7315614279016703,0.9672143873740057,6.726141552511415
58935,1.0,18242.0,5.48185505975222e-05,0.8493413454238462,0.16084446813973927,0.7315212894212744,0.967161401426418,6.727739726027397
58937,1.0,18241.0,5.4821555835754616e-05,0.8492947832098544,0.16089928969557502,0.7314811509408892,0.9671084154788196,6.72796803652968
58951,1.0,18240.0,5.482456140350877e-05,0.8492482209958626,0.16095411425697853,0.7314410124605144,0.9670554295312108,6.729566210045662
58980,1.0,18239.0,5.482756730083886e-05,0.8492016587818709,0.16100894182427938,0.7314008739801505,0.9670024435835913,6.732876712328767
59018,1.0,18237.0,5.483358008444371e-05,0.8491550940147063,0.16106377540436384,0.731360733296922,0.9669494547324907,6.7372146118721465
59034,1.0,18236.0,5.483658697082694e-05,0.8491085292475417,0.16111861199133468,0.7313205926137041,0.9668964658813792,6.739041095890411
59040,1.0,18235.0,5.4839594187003014e-05,0.8490619644803771,0.16117345158552168,0.7312804519304967,0.9668434770302574,6.739726027397261
59047,1.0,18234.0,5.4842601733026214e-05,0.8490153997132124,0.1612282941872547,0.7312403112473,0.9667904881791247,6.740525114155251
59074,1.0,18232.0,5.484861781483107e-05,0.8489688323920347,0.16128314280506953,0.7312001683605134,0.966737496423556,6.743607305936073
59081,1.0,18231.0,5.4851626350721296e-05,0.8489222650708569,0.16133799443142025,0.7311600254737372,0.9666845046679766,6.744406392694064
59082,1.0,18229.0,5.485764441274892e-05,0.8488756951951056,0.16139285207583298,0.7311198803828871,0.9666315100073242,6.744520547945205
59088,1.0,18228.0,5.4860653938994955e-05,0.8488291253193543,0.16144771272977199,0.7310797352920475,0.9665785153466611,6.745205479452054
59090,1.0,18227.0,5.486366379546826e-05,0.8487825554436029,0.16150257639356747,0.7310395902012186,0.9665255206859873,6.745433789954338
59108,1.0,18226.0,5.48666739822232e-05,0.8487359855678516,0.16155744306754968,0.7309994451104003,0.9664725260253029,6.747488584474886
59112,1.0,18225.0,5.486968449931413e-05,0.8486894156921002,0.161612312752049,0.7309593000195926,0.9664195313646078,6.747945205479452
59115,1.0,18224.0,5.4872695346795435e-05,0.848642845816349,0.16166718544739578,0.7309191549287957,0.9663665367039023,6.748287671232877
59116,1.0,18223.0,5.4875706524721505e-05,0.8485962759405976,0.1617220611539205,0.7308790098380092,0.966313542043186,6.748401826484018
59136,2.0,18222.0,0.0001097574360662935,0.8485031361890949,0.16183181858998677,0.7307987196564684,0.9662075527217214,6.750684931506849
59142,1.0,18220.0,5.48847420417124e-05,0.8484565663133435,0.16188670333202848,0.7307585745657139,0.9661545580609732,6.751369863013698
59171,1.0,18217.0,5.489378053466542e-05,0.8484099913247991,0.16194159711256315,0.7307184250636523,0.966101557585946,6.754680365296804
59182,1.0,18216.0,5.489679402722881e-05,0.8483634163362547,0.16199649390659038,0.7306782755616014,0.966048557110908,6.7559360730593605
59189,1.0,18215.0,5.4899807850672524e-05,0.8483168413477102,0.16205139371444105,0.730638126059561,0.9659955566358595,6.756735159817351
59197,1.0,18214.0,5.490282200505106e-05,0.8482702663591658,0.1621062965364461,0.7305979765575313,0.9659425561608003,6.757648401826484
59199,1.0,18213.0,5.4905836490418934e-05,0.8482236913706215,0.16216120237293652,0.7305578270555124,0.9658895556857305,6.757876712328767
59203,1.0,18212.0,5.490885130683066e-05,0.848177116382077,0.16221611122424334,0.730517677553504,0.96583655521065,6.758333333333334
59205,2.0,18211.0,0.00010982373290868156,0.8480839664049883,0.16232593495715203,0.7304373785495194,0.9657305542604572,6.758561643835616
59209,1.0,18209.0,5.49178977428744e-05,0.8480373914164439,0.1623808528548949,0.730397229047543,0.9656775537853447,6.759018264840183
59212,1.0,18208.0,5.4920913884007027e-05,0.8479908164278994,0.1624357737687789,0.7303570795455773,0.9656245533102216,6.759360730593607
59227,1.0,18207.0,5.4923930356456306e-05,0.847944241439355,0.16249069769913535,0.7303169300436222,0.9655715528350878,6.76107305936073
59232,2.0,18206.0,0.00010985389432055367,0.8478510914622662,0.1626005515934559,0.7302366310397442,0.9654655518847882,6.761643835616439
59256,1.0,18203.0,5.4935999560512006e-05,0.8478045139150783,0.16265548759301643,0.7301964793302219,0.9654125484999346,6.764383561643836
59263,1.0,18202.0,5.49390176903637e-05,0.8477579363678903,0.16271042661070678,0.7301563276207103,0.9653595451150704,6.765182648401827
59272,1.0,18201.0,5.494203615185979e-05,0.8477113588207024,0.16276536864685864,0.7301161759112093,0.9653065417301955,6.766210045662101
59280,1.0,18200.0,5.4945054945054945e-05,0.8476647812735144,0.1628203137018037,0.7300760242017189,0.9652535383453099,6.767123287671233
59309,1.0,18197.0,5.495411331538166e-05,0.8476181986070709,0.16287526781511907,0.7300358680753408,0.9652005291388009,6.770433789954338
59314,1.0,18196.0,5.495713343591998e-05,0.8475716159406272,0.162930224948555,0.7299957119489733,0.9651475199322812,6.7710045662100455
59316,1.0,18195.0,5.496015388843089e-05,0.8475250332741837,0.16298518510244342,0.7299555558226165,0.9650945107257509,6.771232876712329
59341,1.0,18194.0,5.496317467296911e-05,0.8474784506077401,0.16304014827711638,0.7299153996962704,0.9650415015192098,6.774086757990868
59342,1.0,18193.0,5.4966195789589404e-05,0.8474318679412965,0.16309511447290598,0.729875243569935,0.964988492312658,6.77420091324201
59344,1.0,18192.0,5.496921723834653e-05,0.847385285274853,0.16315008369014433,0.7298350874436104,0.9649354831060957,6.774429223744292
59350,1.0,18190.0,5.497526113249038e-05,0.8473387000475152,0.16320505895127682,0.7297949291077535,0.964882470987277,6.775114155251141
59371,1.0,18189.0,5.4978283577986696e-05,0.8472921148201774,0.1632600372348548,0.7297547707719072,0.9648294588684476,6.777511415525114
59395,1.0,18188.0,5.4981306355839013e-05,0.8472455295928396,0.16331501854121064,0.7297146124360716,0.9647764467496076,6.780251141552512
59396,1.0,18187.0,5.498432946610216e-05,0.8471989443655017,0.16337000287067674,0.7296744541002468,0.9647234346307566,6.780365296803653
59402,1.0,18186.0,5.498735290883097e-05,0.8471523591381639,0.16342499022358556,0.7296342957644326,0.9646704225118952,6.7810502283105025
59423,1.0,18185.0,5.4990376684080284e-05,0.8471057739108261,0.16347998060026964,0.7295941374286292,0.964617410393023,6.783447488584475
59424,1.0,18184.0,5.4993400791904974e-05,0.8470591886834882,0.16353497400106154,0.7295539790928365,0.9645643982741399,6.7835616438356166
59455,1.0,18183.0,5.49964252323599e-05,0.8470126034561504,0.1635899704262939,0.7295138207570544,0.9645113861552463,6.787100456621005
59463,1.0,18182.0,5.4999450005499945e-05,0.8469660182288126,0.1636449698762994,0.7294736624212832,0.9644583740363419,6.788013698630137
59474,1.0,18180.0,5.5005500550055004e-05,0.8469194304390311,0.16369997537684944,0.7294335018746416,0.9644053590034205,6.789269406392694
59493,1.0,18178.0,5.501155242600946e-05,0.8468728400863829,0.16375498692927545,0.7293933391167646,0.9643523410560011,6.791438356164384
59500,1.0,18176.0,5.501760563380282e-05,0.8468262471704451,0.16381000453490926,0.7293531741472868,0.9642993201936033,6.792237442922374
59503,1.0,18175.0,5.502063273727648e-05,0.8467796542545072,0.16386502516764653,0.7293130091778197,0.9642462993311947,6.792579908675799
59522,1.0,18171.0,5.5032744482967364e-05,0.8467330536461612,0.1639200579121295,0.7292728375713362,0.9641932697209863,6.794748858447488
59537,1.0,18170.0,5.50357732526142e-05,0.8466864530378153,0.1639750936853821,0.7292326659648635,0.9641402401107672,6.796461187214612
59542,1.0,18169.0,5.503880235566074e-05,0.8466398524294694,0.16403013248773776,0.7291924943584015,0.9640872105005373,6.79703196347032
59546,1.0,18168.0,5.504183179216204e-05,0.8465932518211234,0.16408517431952993,0.7291523227519502,0.9640341808902967,6.797488584474886
59551,1.0,18167.0,5.504486156217317e-05,0.8465466512127775,0.16414021918109212,0.7291121511455096,0.9639811512800454,6.798059360730593
59565,1.0,18166.0,5.50478916657492e-05,0.8465000506044316,0.16419526707275786,0.7290719795390799,0.9639281216697833,6.799657534246576
59603,1.0,18164.0,5.505395287381634e-05,0.8464534474305379,0.16425032102563167,0.7290318057190992,0.9638750891419765,6.803995433789955
59621,1.0,18162.0,5.506001541680432e-05,0.8464068416906727,0.16430538104104847,0.728991629685202,0.9638220536961434,6.806050228310502
59629,1.0,18161.0,5.506304718903144e-05,0.8463602359508076,0.1643604440882375,0.7289514536513156,0.9637690182502995,6.8069634703196344
59635,1.0,18160.0,5.506607929515419e-05,0.8463136302109424,0.16441551016753264,0.72891127761744,0.9637159828044448,6.8076484018264845
59637,2.0,18159.0,0.00011013822347045542,0.8462204187312121,0.1645256483910031,0.728830925549721,0.9636099119127033,6.807876712328767
59641,1.0,18157.0,5.507517761744782e-05,0.846173812991347,0.16458072356862052,0.7287907495158775,0.9635568764668164,6.808333333333334
59656,1.0,18156.0,5.507821105970478e-05,0.8461272072514818,0.16463580177968024,0.7287505734820449,0.9635038410209188,6.810045662100457
59679,1.0,18154.0,5.5084278946788584e-05,0.8460805989443732,0.16469088605862703,0.7287103952331971,0.9634508026555492,6.8126712328767125
59728,1.0,18152.0,5.509034817100044e-05,0.8460339880695966,0.16474597640679803,0.7286702147689678,0.9633977613702255,6.818264840182648
59730,1.0,18151.0,5.509338328466751e-05,0.84598737719482,0.1648010697900827,0.7286300343047492,0.9633447200848908,6.818493150684931
59732,1.0,18150.0,5.509641873278237e-05,0.8459407663200433,0.16485616620881546,0.7285898538405412,0.9632916787995455,6.818721461187215
59751,1.0,18149.0,5.5099454515400294e-05,0.8458941554452667,0.16491126566333086,0.7285496733763441,0.9632386375141893,6.820890410958904
59757,1.0,18148.0,5.5102490632576594e-05,0.8458475445704902,0.16496636815396343,0.7285094929121579,0.9631855962288224,6.821575342465754
59772,1.0,18146.0,5.510856387082553e-05,0.8458009311270552,0.16502147671783426,0.7284693102317348,0.9631325520223757,6.823287671232877
59785,1.0,18144.0,5.511463844797178e-05,0.8457543151145372,0.16507659135628225,0.7284291253347079,0.9630795048943666,6.824771689497717
59788,1.0,18143.0,5.5117676238769775e-05,0.8457076991020193,0.16513170903252103,0.7283889404376919,0.9630264577663467,6.825114155251142
59803,1.0,18142.0,5.5120714364458166e-05,0.8456610830895013,0.16518682974688548,0.7283487555406867,0.9629734106383159,6.826826484018265
59805,1.0,18141.0,5.512375282509233e-05,0.8456144670769832,0.16524195349971058,0.7283085706436921,0.9629203635102742,6.8270547945205475
59807,1.0,18140.0,5.5126791620727676e-05,0.8455678510644652,0.1652970802913313,0.7282683857467085,0.9628673163822219,6.827283105022831
59828,2.0,18139.0,0.00011025966150283919,0.8454746190394292,0.16540733995283413,0.7281880159527735,0.962761222126085,6.829680365296803
59838,1.0,18136.0,5.513895015438906e-05,0.8454280004565532,0.1654624789029885,0.7281478288381068,0.9627081720749996,6.830821917808219
59875,1.0,18134.0,5.514503143266792e-05,0.8453813793028939,0.16551762393442118,0.7281076395053682,0.9626551191004197,6.835045662100456
59888,1.0,18132.0,5.515111405250386e-05,0.8453347555780261,0.16557277504847367,0.7280674479541904,0.9626020632018617,6.836529680365297
59889,1.0,18131.0,5.5154155865644475e-05,0.8452881318531582,0.16562792920433933,0.7280272564030235,0.962549007303293,6.836643835616439
59921,1.0,18128.0,5.5163283318623126e-05,0.8452415029844549,0.16568309248765795,0.7279870604137426,0.9624959455551672,6.840296803652968
59924,1.0,18127.0,5.516632647432007e-05,0.8451948741157517,0.16573825881413226,0.7279468644244727,0.9624428838070307,6.840639269406393
59928,1.0,18125.0,5.5172413793103446e-05,0.8451482426744211,0.16579343122792536,0.7279066662155383,0.9623898191333039,6.841095890410959
59931,1.0,18124.0,5.517545795630104e-05,0.8451016112330906,0.16584860668588167,0.7278664680066149,0.9623367544595662,6.8414383561643834
59932,1.0,18123.0,5.517850245544336e-05,0.8450549797917601,0.16590378518833712,0.7278262697977024,0.9622836897858179,6.841552511415525
59951,1.0,18121.0,5.518459246178467e-05,0.8450083457770925,0.1659589697807989,0.7277860693685125,0.9622306221856725,6.843721461187215
59962,1.0,18120.0,5.518763796909492e-05,0.8449617117624248,0.16601415741876802,0.7277458689393335,0.9621775545855162,6.844977168949772
59971,1.0,18119.0,5.5190683812572435e-05,0.8449150777477573,0.1660693481025806,0.7277056685101654,0.9621244869853492,6.846004566210046
59975,1.0,18118.0,5.519372999227288e-05,0.8448684437330897,0.16612454183257286,0.7276654680810081,0.9620714193851713,6.8464611872146115
59976,1.0,18117.0,5.5196776508251916e-05,0.8448218097184221,0.1661797386090811,0.7276252676518616,0.9620183517849826,6.846575342465753
59997,1.0,18116.0,5.5199823360565245e-05,0.8447751757037545,0.16623493843244166,0.7275850672227259,0.9619652841847831,6.848972602739726
60001,1.0,18115.0,5.520287054926856e-05,0.8447285416890868,0.16629014130299094,0.7275448667936011,0.9619122165845726,6.849429223744292
60024,1.0,18114.0,5.520591807441758e-05,0.8446819076744192,0.16634534722106536,0.7275046663644871,0.9618591489843513,6.852054794520548
60047,1.0,18113.0,5.520896593606802e-05,0.8446352736597517,0.16640055618700142,0.7274644659353839,0.9618060813841194,6.854680365296804
60081,1.0,18111.0,5.521506266909613e-05,0.844588637070184,0.1664557712496705,0.7274242632846539,0.961753010855714,6.858561643835617
60085,1.0,18110.0,5.521811154058531e-05,0.8445420004806162,0.1665109893612111,0.7273840606339346,0.9616999403272979,6.8590182648401825
60093,1.0,18109.0,5.522116074879894e-05,0.8444953638910485,0.16656621052195988,0.7273438579832262,0.9616468697988708,6.859931506849315
60096,1.0,18107.0,5.522726017562269e-05,0.8444487247258698,0.1666214377821355,0.727303653110277,0.9615937963414627,6.86027397260274
60098,1.0,18106.0,5.5230310394344414e-05,0.8444020855606912,0.16667666809252984,0.7272634482373386,0.9615407228840438,6.860502283105022
60099,1.0,18105.0,5.5233360950013806e-05,0.8443554463955124,0.16673190145347985,0.727223243364411,0.9614876494266138,6.860616438356164
60110,1.0,18104.0,5.52364118426867e-05,0.8443088072303337,0.16678713786532254,0.7271830384914943,0.9614345759691731,6.8618721461187215
60111,1.0,18103.0,5.5239463072418936e-05,0.8442621680651551,0.16684237732839496,0.7271428336185886,0.9613815025117216,6.861986301369863
60117,1.0,18102.0,5.524251463926638e-05,0.8442155288999763,0.16689761984303422,0.7271026287456935,0.9613284290542591,6.862671232876712
60138,1.0,18100.0,5.524861878453039e-05,0.8441688871580482,0.16695286846181875,0.7270624216495746,0.9612753526665218,6.865068493150685
60148,1.0,18099.0,5.525167136305873e-05,0.8441222454161199,0.1670081201331818,0.7270222145534664,0.9612222762787734,6.8662100456621005
60205,1.0,18097.0,5.525777753218766e-05,0.8440756010968727,0.167063377910714,0.7269820052336424,0.9611691969601031,6.872716894977169
60220,1.0,18096.0,5.5260831122900086e-05,0.8440289567776256,0.16711863874183688,0.7269417959138295,0.9611161176414217,6.8744292237442925
60241,1.0,18094.0,5.526693931690063e-05,0.8439823098804896,0.16717390568115378,0.7269015843698086,0.9610630353911707,6.876826484018265
60247,1.0,18093.0,5.5269993920300666e-05,0.8439356629833538,0.1672291756750741,0.7268613728257985,0.961009953140909,6.877511415525114
60248,1.0,18092.0,5.5273048861375196e-05,0.8438890160862179,0.16728444872393547,0.7268211612817995,0.9609568708906363,6.877625570776256
60257,1.0,18091.0,5.52761041401802e-05,0.8438423691890821,0.16733972482807566,0.7267809497378114,0.9609037886403528,6.87865296803653
60259,1.0,18090.0,5.52791597567717e-05,0.8437957222919461,0.16739500398783244,0.726740738193834,0.9608507063900582,6.878881278538813
60282,1.0,18088.0,5.528527200353826e-05,0.8437490728159238,0.167450289259836,0.7267005244247873,0.9607976212070604,6.881506849315069
60298,1.0,18087.0,5.52883286338254e-05,0.8437024233399015,0.16750557758846982,0.7266603106557515,0.9607445360240515,6.883333333333334
60302,1.0,18086.0,5.529138560212319e-05,0.8436557738638792,0.16756086897407194,0.7266200968867267,0.9606914508410318,6.8837899543378995
60311,1.0,18084.0,5.529750055297501e-05,0.8436091218082574,0.1676161664746249,0.7265798808920165,0.9606383627244983,6.884817351598174
60315,1.0,18083.0,5.530055853564121e-05,0.8435624697526357,0.16767146703316055,0.7265396648973175,0.960585274607954,6.885273972602739
60332,1.0,18082.0,5.530361685654242e-05,0.8435158176970139,0.1677267706500171,0.7264994489026292,0.9605321864913986,6.887214611872146
60333,1.0,18081.0,5.530667551573475e-05,0.8434691656413921,0.16778207732553282,0.7264592329079518,0.9604790983748324,6.887328767123288
60336,1.0,18080.0,5.5309734513274336e-05,0.8434225135857703,0.1678373870600461,0.7264190169132854,0.9604260102582551,6.887671232876713
60345,1.0,18079.0,5.531279384921732e-05,0.8433758615301485,0.16789269985389532,0.7263788009186299,0.9603729221416671,6.888698630136986
60350,1.0,18078.0,5.531585352361987e-05,0.8433292094745268,0.16794801570741894,0.7263385849239854,0.9603198340250683,6.889269406392694
60361,1.0,18077.0,5.5318913536538145e-05,0.8432825574189051,0.16800333462095549,0.7262983689293517,0.9602667459084585,6.890525114155251
60397,1.0,18075.0,5.532503457814661e-05,0.8432359027822568,0.16805865965553363,0.7262581507078006,0.960213654856713,6.894634703196347
60425,1.0,18073.0,5.5331156974492333e-05,0.8431892455641534,0.1681139908125081,0.7262179302589619,0.960160560869345,6.8978310502283104
60432,1.0,18072.0,5.533421868083223e-05,0.84314258834605,0.16816932503118895,0.7261777098101341,0.960107466881966,6.898630136986301
60446,1.0,18070.0,5.534034311012728e-05,0.8430959285459202,0.1682246653742991,0.7261374871335253,0.9600543699583151,6.900228310502283
60451,1.0,18069.0,5.534340583319497e-05,0.8430492687457903,0.16828000878013227,0.7260972644569275,0.9600012730346532,6.900799086757991
60474,1.0,18068.0,5.534646889528448e-05,0.8430026089456605,0.16833535524902757,0.7260570417803405,0.9599481761109805,6.903424657534247
60478,1.0,18067.0,5.5349532296452096e-05,0.8429559491455306,0.168390704781324,0.7260168191037645,0.9598950791872968,6.903881278538813
60483,1.0,18066.0,5.535259603675413e-05,0.8429092893454008,0.16844605737736076,0.7259765964271994,0.9598419822636022,6.904452054794521
60502,1.0,18064.0,5.5358724534986716e-05,0.8428626269622439,0.16850141610189576,0.7259363715219893,0.9597888824024985,6.90662100456621
60510,1.0,18063.0,5.536178929302995e-05,0.842815964579087,0.16855677789118878,0.7258961466167901,0.9597357825413839,6.907534246575342
60519,1.0,18062.0,5.5364854390432956e-05,0.8427693021959302,0.1686121427455792,0.725855921711602,0.9596826826802584,6.9085616438356166
60546,1.0,18061.0,5.536791982725209e-05,0.8427226398127733,0.16866751066540644,0.7258156968064248,0.9596295828191218,6.911643835616438
60566,1.0,18058.0,5.537711817477018e-05,0.8426759722615599,0.16872288778358122,0.7257754674422172,0.9595764770809025,6.91392694063927
60578,1.0,18057.0,5.53801849698178e-05,0.8426293047103464,0.16877826796855103,0.7257352380780205,0.9595233713426722,6.915296803652968
60582,1.0,18056.0,5.538325210456358e-05,0.842582637159133,0.16883365122065558,0.725695008713835,0.9594702656044309,6.9157534246575345
60598,1.0,18055.0,5.538631957906397e-05,0.8425359696079195,0.16888903754023465,0.7256547793496603,0.9594171598661788,6.917579908675799
60599,1.0,18054.0,5.538938739337543e-05,0.8424893020567061,0.16894442692762804,0.7256145499854966,0.9593640541279157,6.91769406392694
60600,1.0,18053.0,5.5392455547554426e-05,0.8424426345054927,0.1689998193831756,0.7255743206213437,0.9593109483896417,6.917808219178082
60606,1.0,18052.0,5.5395524041657433e-05,0.8423959669542792,0.16905521490721725,0.7255340912572019,0.9592578426513565,6.918493150684932
60614,1.0,18050.0,5.5401662049861494e-05,0.8423492968176058,0.16911061656926712,0.7254938596623142,0.9592047339728975,6.919406392694064
60625,1.0,18049.0,5.5404731564075574e-05,0.8423026266809325,0.1691660213008312,0.7254536280674373,0.9591516252944277,6.920662100456621
60642,1.0,18048.0,5.5407801418439715e-05,0.8422559565442591,0.16922142910224963,0.7254133964725715,0.9590985166159467,6.9226027397260275
60753,1.0,18039.0,5.543544542380398e-05,0.8422092657101472,0.16927686454767343,0.725373147019779,0.9590453844005155,6.93527397260274
60758,1.0,18038.0,5.5438518682780794e-05,0.8421625748760354,0.16933230306635622,0.7253328975669976,0.9589922521850732,6.935844748858448
60759,1.0,18037.0,5.544159228253035e-05,0.8421158840419235,0.16938774465863873,0.7252926481142271,0.9589391199696199,6.935958904109589
60769,1.0,18035.0,5.544774050457444e-05,0.8420691906189104,0.1694431923991433,0.7252523964277389,0.9588859848100819,6.937100456621004
60813,1.0,18032.0,5.5456965394853596e-05,0.8420224920169461,0.16949864936453815,0.7252121402728121,0.9588328437610801,6.942123287671233
60838,1.0,18030.0,5.5463117027176924e-05,0.8419757908249319,0.16955411248156532,0.7251718818831756,0.9587796997666882,6.944977168949772
60840,1.0,18029.0,5.5466193355150034e-05,0.8419290896329177,0.16960957867492046,0.7251316234935501,0.9587265557722853,6.945205479452055
60841,2.0,18028.0,0.00011093854004881296,0.8418356872488891,0.16972051721496928,0.725051106714332,0.9586202677834462,6.945319634703196
60921,1.0,18024.0,5.5481580115401686e-05,0.8417889808747631,0.16977599879508468,0.7250108438535605,0.9585671178959656,6.954452054794521
60923,1.0,18023.0,5.548465849192698e-05,0.841742274500637,0.1698314834535766,0.7249705809928001,0.9585139680084739,6.954680365296803
60935,1.0,18022.0,5.5487737210076573e-05,0.8416955681265109,0.16988697119078666,0.7249303181320507,0.9584608181209712,6.956050228310502
60945,1.0,18021.0,5.549081626990733e-05,0.8416488617523848,0.16994246200705657,0.7248900552713122,0.9584076682334575,6.957191780821918
60962,1.0,18019.0,5.5496975414839894e-05,0.8416021527861962,0.16999795898247141,0.7248497901741261,0.9583545153982663,6.959132420091324
60976,1.0,18017.0,5.5503135927179885e-05,0.8415554412275135,0.17005346211839859,0.7248095228401195,0.9583013596149075,6.960730593607306
60983,1.0,18016.0,5.5506216696269984e-05,0.8415087296688308,0.17010896833509487,0.7247692555061239,0.9582482038315377,6.961529680365297
60984,1.0,18015.0,5.550929780738274e-05,0.8414620181101481,0.17016447763290224,0.7247289881721394,0.9581950480481568,6.961643835616439
60985,1.0,18014.0,5.551237926057511e-05,0.8414153065514653,0.17021999001216281,0.7246887208381659,0.9581418922647648,6.9617579908675795
60995,1.0,18013.0,5.551546105590407e-05,0.8413685949927827,0.1702755054732187,0.7246484535042035,0.958088736481362,6.962899543378995
61009,1.0,18012.0,5.5518543193426606e-05,0.8413218834341001,0.17033102401641215,0.7246081861702522,0.9580355806979479,6.964497716894977
61010,1.0,18011.0,5.552162567319971e-05,0.8412751718754173,0.17038654564208536,0.7245679188363119,0.9579824249145228,6.9646118721461185
61050,1.0,18009.0,5.5527791659725695e-05,0.841228457722945,0.1704420734337451,0.7245276492644322,0.9579292661814577,6.969178082191781
61060,1.0,18008.0,5.553087516659262e-05,0.8411817435704725,0.1704976043089117,0.7244873796925636,0.9578761074483814,6.970319634703197
61074,1.0,18006.0,5.553704320781961e-05,0.8411350268236342,0.17055314135211952,0.7244471078822582,0.9578229457650101,6.971917808219178
61082,1.0,18005.0,5.554012774229381e-05,0.8410883100767959,0.1706086814798618,0.7244068360719639,0.9577697840816278,6.972831050228311
61097,1.0,18004.0,5.554321261941791e-05,0.8410415933299575,0.17066422469248121,0.7243665642616806,0.9577166223982345,6.974543378995434
61099,1.0,18003.0,5.554629783924901e-05,0.8409948765831192,0.17071977099032046,0.7243262924514083,0.9576634607148301,6.974771689497717
61104,1.0,18002.0,5.554938340184424e-05,0.8409481598362809,0.1707753203737223,0.7242860206411471,0.9576102990314147,6.975342465753425
61121,1.0,18001.0,5.555246930726071e-05,0.8409014430894426,0.17083087284302959,0.724245748830897,0.9575571373479882,6.977283105022831
61122,1.0,18000.0,5.555555555555556e-05,0.8408547263426043,0.17088642839858514,0.724205477020658,0.9575039756645506,6.977397260273973
61142,1.0,17999.0,5.555864214678593e-05,0.840808009595766,0.17094198704073194,0.72416520521043,0.9574508139811019,6.979680365296804
61157,1.0,17998.0,5.5561729081009004e-05,0.8407612928489276,0.17099754876981293,0.7241249334002131,0.9573976522976422,6.981392694063927
61177,1.0,17996.0,5.5567903978661923e-05,0.8407145735061377,0.17105311667379158,0.72408465935019,0.9573444876620854,6.983675799086758
61185,1.0,17995.0,5.557099194220617e-05,0.8406678541633477,0.17110868766573378,0.7240443853001779,0.9572913230265174,6.984589041095891
61195,1.0,17994.0,5.5574080248971876e-05,0.8406211348205577,0.17116426174598276,0.7240041112501769,0.9572381583909384,6.985730593607306
61198,1.0,17993.0,5.557716889901629e-05,0.8405744154777677,0.17121983891488177,0.723963837200187,0.9571849937553484,6.986073059360731
61199,1.0,17992.0,5.558025789239662e-05,0.8405276961349777,0.17127541917277417,0.7239235631502081,0.9571318291197473,6.986187214611872
61213,1.0,17990.0,5.558643690939411e-05,0.8404809741952258,0.17133100560968356,0.7238832868595506,0.957078661530901,6.987785388127854
61247,1.0,17989.0,5.55895269331258e-05,0.8404342522554741,0.1713865951366167,0.7238430105689043,0.9570254939420438,6.991666666666666
61257,1.0,17988.0,5.55926173004225e-05,0.8403875303157223,0.17144218775391712,0.7238027342782691,0.9569723263531755,6.992808219178082
61261,1.0,17987.0,5.559570801134152e-05,0.8403408083759705,0.17149778346192845,0.7237624579876449,0.956919158764296,6.993264840182649
61285,1.0,17985.0,5.560189046427579e-05,0.8402940838383904,0.17155338535239273,0.723722179455594,0.9568659882211868,6.996004566210046
61297,1.0,17984.0,5.560498220640569e-05,0.8402473593008105,0.17160899033459914,0.7236819009235542,0.9568128176780668,6.997374429223744
61310,1.0,17982.0,5.5611166722277836e-05,0.8402006321648245,0.17166460150132143,0.7236416201495888,0.9567596441800603,6.998858447488584
61323,1.0,17981.0,5.561425949613481e-05,0.8401539050288385,0.17172021576081756,0.7236013393756342,0.9567064706820427,7.000342465753425
61327,1.0,17980.0,5.5617352614015575e-05,0.8401071778928524,0.1717758331134316,0.7235610586016908,0.9566532971840139,7.000799086757991
61336,1.0,17979.0,5.562044607597753e-05,0.8400604507568663,0.17183145355950757,0.7235207778277585,0.9566001236859741,7.001826484018265
61355,1.0,17977.0,5.5626634032374704e-05,0.840013721021607,0.17188708019353996,0.7234804948111515,0.9565469472320625,7.003995433789954
61358,1.0,17976.0,5.562972852692479e-05,0.8399669912863477,0.1719427099220669,0.7234402117945556,0.9564937707781397,7.004337899543379
61371,1.0,17975.0,5.5632823365785815e-05,0.8399202615510883,0.1719983427454327,0.7233999287779709,0.9564405943242058,7.005821917808219
61399,1.0,17973.0,5.563901407667056e-05,0.8398735292158326,0.17205398175950937,0.723359643518087,0.9563874149135781,7.009018264840183
61400,1.0,17972.0,5.564210994880926e-05,0.8398267968805768,0.1721096238694582,0.7233193582582143,0.9563342355029394,7.0091324200913245
61406,1.0,17971.0,5.564520616548884e-05,0.8397800645453211,0.17216526907562368,0.7232790729983526,0.9562810560922895,7.009817351598174
61412,1.0,17970.0,5.564830272676683e-05,0.8397333322100653,0.17222091737835046,0.723238787738502,0.9562278766816286,7.010502283105023
61448,1.0,17969.0,5.5651399632700765e-05,0.8396865998748095,0.17227656877798317,0.7231985024786626,0.9561746972709565,7.014611872146118
61463,1.0,17968.0,5.565449688334817e-05,0.8396398675395538,0.17233222327486653,0.7231582172188343,0.9561215178602732,7.016324200913242
61526,1.0,17966.0,5.566069241901369e-05,0.8395931326031439,0.17238788396728555,0.7231179297147071,0.9560683354915808,7.02351598173516
61531,1.0,17964.0,5.5666889334224006e-05,0.8395463950651455,0.17244355085661978,0.7230776399659058,0.9560151501643852,7.024086757990868
61578,1.0,17962.0,5.5673087629439926e-05,0.839499654925124,0.1724992239442492,0.7230373479720552,0.9559619618781928,7.029452054794521
61589,1.0,17961.0,5.567618729469406e-05,0.8394529147851025,0.1725549001315439,0.7229970559782157,0.9559087735919893,7.0307077625570775
61612,1.0,17960.0,5.5679287305122496e-05,0.8394061746450812,0.17261057941884903,0.7229567639843876,0.9558555853057747,7.033333333333333
61617,1.0,17959.0,5.5682387660782896e-05,0.8393594345050598,0.17266626180650982,0.7229164719905705,0.955802397019549,7.033904109589041
61622,1.0,17958.0,5.568548836173293e-05,0.8393126943650383,0.17272194729487156,0.7228761799967645,0.9557492087333121,7.034474885844749
61625,1.0,17957.0,5.5688589408030296e-05,0.8392659542250168,0.17277763588427958,0.7228358880029696,0.955696020447064,7.034817351598173
61633,1.0,17956.0,5.569169079973268e-05,0.8392192140849953,0.1728333275750793,0.722795596009186,0.9556428321608047,7.035730593607306
61635,1.0,17955.0,5.56947925368978e-05,0.839172473944974,0.1728890223676162,0.7227553040154135,0.9555896438745344,7.035958904109589
61638,1.0,17954.0,5.569789461958338e-05,0.8391257338049526,0.17294472026223578,0.7227150120216522,0.955536455588253,7.036301369863014
61643,1.0,17953.0,5.5700997047847156e-05,0.8390789936649311,0.17300042125928364,0.722674720027902,0.9554832673019602,7.036872146118721
61667,1.0,17951.0,5.5707202941340315e-05,0.8390322509211472,0.17305612846222498,0.7226344257876004,0.955430076054694,7.039611872146119
61704,1.0,17949.0,5.5713410217839434e-05,0.8389855055731656,0.17311184187244283,0.7225941293003716,0.9553768818459597,7.043835616438356
61723,1.0,17948.0,5.571651437486071e-05,0.8389387602251841,0.1731675583868177,0.722553832813154,0.9553236876372142,7.046004566210046
61736,1.0,17947.0,5.571961887780688e-05,0.8388920148772026,0.1732232780056955,0.7225135363259475,0.9552704934284576,7.047488584474886
61743,1.0,17946.0,5.572272372673576e-05,0.8388452695292209,0.17327900072942223,0.7224732398387521,0.9552172992196897,7.048287671232877
61744,1.0,17945.0,5.572582892170521e-05,0.8387985241812393,0.17333472655834395,0.722432943351568,0.9551641050109106,7.048401826484018
61751,1.0,17944.0,5.572893446277307e-05,0.8387517788332577,0.1733904554928067,0.7223926468643951,0.9551109108021203,7.049200913242009
61754,1.0,17943.0,5.5732040349997216e-05,0.8387050334852761,0.17344618753315671,0.7223523503772333,0.955057716593319,7.049543378995434
61764,1.0,17940.0,5.574136008918618e-05,0.838658282925996,0.1735019288932459,0.7223120493936988,0.9550045164582932,7.050684931506849
61805,1.0,17936.0,5.575379125780553e-05,0.8386115245471532,0.1735576826845037,0.7222717416633413,0.954951307430965,7.055365296803653
61826,1.0,17935.0,5.575689991636465e-05,0.8385647661683103,0.17361343958442005,0.722231433932995,0.9548980984036256,7.057762557077625
61833,1.0,17934.0,5.576000892160143e-05,0.8385180077894674,0.17366919959334165,0.7221911262026599,0.9548448893762749,7.058561643835616
61844,1.0,17933.0,5.576311827357386e-05,0.8384712494106245,0.17372496271161522,0.722150818472336,0.9547916803489129,7.0598173515981735
61879,1.0,17932.0,5.5766227972339954e-05,0.8384244910317816,0.17378072893958757,0.7221105107420233,0.95473847132154,7.063812785388128
61892,1.0,17931.0,5.576933801795773e-05,0.8383777326529387,0.17383649827760553,0.7220702030117216,0.9546852622941557,7.065296803652968
61903,1.0,17929.0,5.577555914998048e-05,0.8383309716661211,0.1738922738367555,0.7220298930312312,0.9546320503010111,7.066552511415525
61914,1.0,17927.0,5.5781781670106545e-05,0.8382842080708924,0.1739480556184256,0.721989580800175,0.9545788353416099,7.067808219178082
61925,1.0,17926.0,5.578489345085351e-05,0.8382374444756637,0.17400384051187645,0.7219492685691298,0.9545256203821977,7.06906392694064
61948,1.0,17925.0,5.578800557880056e-05,0.8381906808804349,0.17405962851745524,0.7219089563380958,0.954472405422774,7.071689497716895
61962,1.0,17924.0,5.57911180540058e-05,0.8381439172852062,0.17411541963550925,0.7218686441070732,0.9544191904633392,7.073287671232877
61989,1.0,17923.0,5.579423087652737e-05,0.8380971536899774,0.1741712138663858,0.7218283318760617,0.9543659755038931,7.076369863013698
62000,1.0,17922.0,5.579734404642339e-05,0.8380503900947487,0.17422701121043221,0.7217880196450613,0.954312760544436,7.077625570776256
62010,1.0,17920.0,5.580357142857143e-05,0.8380036238899443,0.17428281478186078,0.7217477051624897,0.954259542617399,7.078767123287672
62018,1.0,17919.0,5.580668564093978e-05,0.8379568576851398,0.17433862146750173,0.7217073906799291,0.9542063246903506,7.079680365296803
62030,1.0,17918.0,5.580980020091528e-05,0.8379100914803355,0.17439443126770265,0.7216670761973798,0.9541531067632911,7.081050228310502
62032,1.0,17917.0,5.581291510855612e-05,0.8378633252755311,0.17445024418281121,0.7216267617148417,0.9540998888362204,7.081278538812786
62035,1.0,17915.0,5.58191459670667e-05,0.8378165564602771,0.17450606332877827,0.7215864449799775,0.9540466679405767,7.08162100456621
62044,1.0,17913.0,5.582537821693742e-05,0.8377697850341363,0.1745618887069952,0.7215461259924094,0.9539934440758633,7.082648401826484
62058,1.0,17912.0,5.582849486377847e-05,0.8377230136079956,0.17461771720185898,0.7215058070048527,0.9539402202111386,7.0842465753424655
62062,1.0,17911.0,5.583161185863436e-05,0.8376762421818548,0.1746735488137176,0.721465488017307,0.9538869963464025,7.084703196347032
62063,1.0,17910.0,5.583472920156337e-05,0.8376294707557139,0.17472938354291917,0.7214251690297727,0.9538337724816551,7.084817351598174
62076,1.0,17908.0,5.584096493187402e-05,0.8375826967178116,0.17478522450785106,0.7213848477887792,0.953780545646844,7.086301369863014
62086,1.0,17907.0,5.584408331937231e-05,0.8375359226799092,0.17484106859117043,0.7213445265477969,0.9537273188120214,7.0874429223744295
62088,1.0,17906.0,5.5847202055177036e-05,0.8374891486420067,0.1748969157932256,0.7213042053068258,0.9536740919771877,7.087671232876712
62104,1.0,17904.0,5.585344057193923e-05,0.8374423719916134,0.17495276923379754,0.7212638818117657,0.9536208621714611,7.089497716894977
62107,1.0,17903.0,5.585656035301346e-05,0.8373955953412201,0.17500862579415055,0.7212235583167169,0.9535676323657233,7.089840182648402
62128,1.0,17902.0,5.585968048262764e-05,0.8373488186908268,0.17506448547463319,0.7211832348216793,0.9535144025599742,7.092237442922374
62142,1.0,17901.0,5.5862800960840175e-05,0.8373020420404335,0.17512034827559403,0.7211429113266531,0.9534611727542138,7.093835616438356
62155,1.0,17899.0,5.586904296329404e-05,0.8372552627766735,0.17517621731855731,0.7211025855767814,0.9534079399765656,7.095319634703197
62169,1.0,17898.0,5.5872164487652255e-05,0.8372084835129134,0.17523208948304497,0.7210622598269211,0.9533547071989058,7.096917808219178
62171,1.0,17897.0,5.58752863608426e-05,0.8371617042491534,0.1752879647694058,0.7210219340770719,0.9533014744212348,7.0971461187214615
62190,1.0,17896.0,5.587840858292356e-05,0.8371149249853934,0.17534384317798873,0.7209816083272341,0.9532482416435527,7.0993150684931505
62199,1.0,17894.0,5.588465407399128e-05,0.8370681431073904,0.17539972783206273,0.7209412803217943,0.9531950058929866,7.100342465753425
62225,1.0,17892.0,5.58909009613235e-05,0.8370213586147061,0.17545561873302407,0.7209009500603737,0.9531417671690384,7.103310502283105
62226,1.0,17891.0,5.589402492873512e-05,0.8369745741220217,0.1755115127579528,0.7208606197989644,0.953088528445079,7.103424657534247
62243,1.0,17890.0,5.5897149245388485e-05,0.8369277896293374,0.17556740990719819,0.7208202895375665,0.9530352897211084,7.105365296803653
62246,2.0,17889.0,0.00011180054782268433,0.8368342206439688,0.17567921045502086,0.7207396290148045,0.9529288122731332,7.105707762557078
62250,1.0,17887.0,5.5906524291384805e-05,0.8367874361512845,0.17573511697931224,0.7206992987534404,0.9528755735491286,7.1061643835616435
62260,1.0,17886.0,5.590965000559097e-05,0.8367406516586002,0.17579102662931784,0.7206589684920877,0.9528223348251128,7.107305936073059
62273,1.0,17884.0,5.591590248266607e-05,0.8366938645499188,0.1758469425318005,0.720618635973618,0.9527690931262196,7.108789954337899
62282,1.0,17883.0,5.59190292456523e-05,0.8366470774412373,0.17590286156104615,0.7205783034551596,0.9527158514273151,7.109817351598173
62293,1.0,17882.0,5.592215635834918e-05,0.836600290332556,0.1759587837174045,0.7205379709367126,0.9526626097283994,7.111073059360731
62300,1.0,17881.0,5.592528382081539e-05,0.8365535032238746,0.17601470900122532,0.7204976384182769,0.9526093680294723,7.1118721461187215
62301,1.0,17880.0,5.592841163310962e-05,0.8365067161151931,0.17607063741285842,0.7204573058998524,0.9525561263305339,7.111986301369863
62304,1.0,17879.0,5.593153979529056e-05,0.8364599290065117,0.17612656895265372,0.7204169733814392,0.9525028846315842,7.112328767123287
62314,1.0,17878.0,5.593466830741694e-05,0.8364131418978302,0.17618250362096113,0.7203766408630374,0.952449642932623,7.113470319634703
62322,1.0,17877.0,5.5937797169547465e-05,0.8363663547891489,0.1762384414181307,0.720336308344647,0.9523964012336508,7.114383561643836
62325,1.0,17876.0,5.594092638174088e-05,0.8363195676804674,0.17629438234451245,0.7202959758262677,0.9523431595346672,7.114726027397261
62326,3.0,17875.0,0.00016783216783216784,0.8361792063544232,0.17646221451234462,0.7201749782711981,0.9521834344376483,7.114840182648402
62331,1.0,17872.0,5.595344673231871e-05,0.8361324192457418,0.17651816795907693,0.7201346457528642,0.9521301927386193,7.11541095890411
62342,1.0,17871.0,5.595657769570813e-05,0.8360856321370603,0.17657412453677265,0.7200943132345416,0.952076951039579,7.116666666666666
62356,1.0,17870.0,5.595970900951315e-05,0.8360388450283789,0.17663008424578217,0.7200539807162304,0.9520237093405274,7.118264840182649
62396,1.0,17869.0,5.59628406737926e-05,0.8359920579196974,0.17668604708645597,0.7200136481979305,0.9519704676414644,7.12283105022831
62429,1.0,17865.0,5.5975370836831795e-05,0.8359452629542388,0.17674202245729279,0.7199733089006699,0.9519172170078076,7.126598173515982
62436,1.0,17864.0,5.597850425436632e-05,0.8358984679887801,0.17679800096154716,0.7199329696034207,0.9518639663741395,7.127397260273972
62459,1.0,17863.0,5.598163802272855e-05,0.8358516730233213,0.1768539825995699,0.7198926303061827,0.95181071574046,7.130022831050228
62462,1.0,17862.0,5.598477214197738e-05,0.8358048780578626,0.17690996737171186,0.7198522910089561,0.9517574651067692,7.130365296803653
62470,1.0,17861.0,5.598790661217177e-05,0.8357580830924038,0.17696595527832404,0.7198119517117408,0.9517042144730669,7.1312785388127855
62490,1.0,17860.0,5.5991041433370664e-05,0.8357112881269452,0.1770219463197574,0.7197716124145369,0.9516509638393534,7.133561643835616
62514,1.0,17859.0,5.599417660563302e-05,0.8356644931614865,0.17707794049636302,0.7197312731173444,0.9515977132056286,7.1363013698630136
62526,1.0,17858.0,5.599731212901781e-05,0.8356176981960278,0.17713393780849204,0.7196909338201632,0.9515444625718924,7.137671232876713
62539,1.0,17855.0,5.600672080649678e-05,0.8355708979889039,0.17718994452929854,0.7196505900003853,0.9514912059774225,7.139155251141553
62562,1.0,17853.0,5.6012995014843446e-05,0.8355240951603603,0.17724595752431338,0.7196102439188076,0.951437946401913,7.141780821917808
62575,1.0,17852.0,5.601613264620211e-05,0.8354772923318168,0.17730197365695957,0.7195698978372413,0.9513846868263922,7.143264840182648
62587,1.0,17851.0,5.601927062909641e-05,0.8354304895032731,0.17735799292758866,0.7195295517556863,0.95133142725086,7.144634703196347
62593,1.0,17850.0,5.6022408963585436e-05,0.8353836866747295,0.17741401533655224,0.7194892056741428,0.9512781676753163,7.145319634703196
62605,1.0,17849.0,5.602554764972827e-05,0.8353368838461859,0.17747004088420196,0.7194488595926105,0.9512249080997612,7.146689497716895
62607,1.0,17848.0,5.6028686687584046e-05,0.8352900810176422,0.17752606957088954,0.7194085135110897,0.9511716485241948,7.146917808219178
62618,1.0,17847.0,5.6031826077211856e-05,0.8352432781890987,0.17758210139696676,0.7193681674295802,0.9511183889486172,7.1481735159817354
62624,1.0,17846.0,5.603496581867085e-05,0.8351964753605552,0.17763813636278541,0.7193278213480823,0.9510651293730281,7.148858447488585
62631,1.0,17844.0,5.6041246357318986e-05,0.8351496699091228,0.17769417760914274,0.7192874730035157,0.9510118668147298,7.149657534246575
62648,1.0,17843.0,5.604438715462647e-05,0.8351028644576903,0.17775022199629736,0.7192471246589606,0.9509586042564201,7.151598173515982
62674,1.0,17842.0,5.60475283040018e-05,0.8350560590062579,0.17780626952460138,0.7192067763144169,0.9509053416980989,7.154566210045662
62696,1.0,17841.0,5.605066980550417e-05,0.8350092535548255,0.17786232019440687,0.7191664279698845,0.9508520791397664,7.157077625570777
62698,1.0,17840.0,5.6053811659192826e-05,0.834962448103393,0.17791837400606605,0.7191260796253636,0.9507988165814225,7.157305936073059
62712,1.0,17837.0,5.6063239333968715e-05,0.8349156374038301,0.17797443724540002,0.7190857267526625,0.9507455480549978,7.158904109589041
62723,1.0,17834.0,5.6072670180554e-05,0.8348688214546653,0.17803050991558056,0.7190453693505107,0.95069227355882,7.160159817351598
62727,1.0,17833.0,5.607581450120563e-05,0.8348220055055007,0.17808658573008176,0.7190050119483703,0.950638999062631,7.160616438356165
62731,1.0,17832.0,5.607895917451772e-05,0.834775189556336,0.17814266468925627,0.7189646545462414,0.9505857245664306,7.161073059360731
62738,1.0,17831.0,5.6082104200549606e-05,0.8347283736071713,0.17819874679345682,0.7189242971441239,0.9505324500702188,7.161872146118721
62783,1.0,17830.0,5.6085249579360626e-05,0.8346815576580067,0.1782548320430362,0.7188839397420177,0.9504791755739956,7.167009132420091
62803,1.0,17829.0,5.608839531101015e-05,0.8346347417088419,0.1783109204383472,0.718843582339923,0.9504259010777608,7.169292237442923
62804,1.0,17828.0,5.609154139555755e-05,0.8345879257596772,0.17836701197974275,0.7188032249378397,0.9503726265815148,7.169406392694064
62806,1.0,17827.0,5.609468783306221e-05,0.8345411098105124,0.17842310666757583,0.7187628675357678,0.9503193520852571,7.169634703196347
62834,1.0,17825.0,5.610098176718093e-05,0.8344942912349269,0.178479207649343,0.7187225078675773,0.9502660746022765,7.172831050228311
62876,1.0,17823.0,5.610727711384166e-05,0.8344474700324787,0.17853531492645683,0.7186821459328866,0.9502127941320707,7.1776255707762555
62881,1.0,17821.0,5.611357387352e-05,0.8344006462027255,0.17859142850033036,0.7186417817313138,0.9501595106741372,7.178196347031964
62882,1.0,17820.0,5.611672278338945e-05,0.8343538223729723,0.17864754522311374,0.7186014175297525,0.9501062272161921,7.178310502283105
62885,1.0,17818.0,5.6123021663486364e-05,0.8343069959153242,0.17870366824477724,0.7185610510607995,0.9500529407698489,7.17865296803653
62887,1.0,17817.0,5.6126171633832856e-05,0.8342601694576761,0.17875979441641107,0.718520684591858,0.9499996543234942,7.178881278538813
62896,1.0,17816.0,5.612932195779075e-05,0.8342133430000281,0.17881592373836885,0.7184803181229281,0.9499463678771282,7.179908675799087
62908,1.0,17814.0,5.613562366677894e-05,0.8341665139137476,0.17887205936203562,0.7184399493859696,0.9498930784415257,7.181278538812785
62918,1.0,17813.0,5.613877505192837e-05,0.8341196848274671,0.17892819813708755,0.7183995806490224,0.9498397890059118,7.182420091324201
62946,1.0,17812.0,5.614192679092747e-05,0.8340728557411866,0.17898434006387848,0.7183592119120868,0.9497864995702864,7.185616438356164
62949,1.0,17811.0,5.614507888383583e-05,0.8340260266549061,0.1790404851427623,0.7183188431751627,0.9497332101346495,7.185958904109589
62964,1.0,17809.0,5.6151384131618846e-05,0.8339791949391077,0.17909663652689392,0.7182784721694453,0.94967991770877,7.1876712328767125
62967,2.0,17808.0,0.00011230907457322552,0.8338855315075107,0.17920894560146713,0.7181977301580448,0.9495733328569765,7.188013698630137
62991,1.0,17806.0,5.616084465910367e-05,0.8338386997917122,0.17926510644612623,0.7181573591523618,0.9495200404310626,7.190753424657534
63034,1.0,17805.0,5.616399887672002e-05,0.8337918680759138,0.17932127044500296,0.7181169881466902,0.9494667480051373,7.195662100456621
63052,1.0,17803.0,5.617030837499298e-05,0.8337450337295633,0.17937744075337794,0.7180766148713325,0.9494134525877942,7.197716894977169
63060,1.0,17802.0,5.617346365576902e-05,0.833698199383213,0.17943361421703372,0.7180362415959863,0.9493601571704396,7.198630136986301
63065,1.0,17801.0,5.617661929105106e-05,0.8336513650368627,0.17948979083632477,0.7179958683206517,0.9493068617530737,7.199200913242009
63069,1.0,17800.0,5.617977528089888e-05,0.8336045306905122,0.17954597061160568,0.7179554950453283,0.9492535663356961,7.199657534246575
63076,1.0,17799.0,5.618293162537221e-05,0.8335576963441619,0.17960215354323106,0.7179151217700166,0.9492002709183072,7.200456621004566
63080,1.0,17798.0,5.618608832453085e-05,0.8335108619978114,0.17965833963155559,0.7178747484947162,0.9491469755009067,7.200913242009133
63087,2.0,17797.0,0.00011237849075686913,0.8334171933051107,0.17977071812231246,0.71779400194415,0.9490403846660713,7.201712328767123
63093,1.0,17795.0,5.6195560550716494e-05,0.8333703589587603,0.1798269136828632,0.7177536286688841,0.9489870892486365,7.2023972602739725
63097,1.0,17794.0,5.619871866921434e-05,0.8333235246124099,0.1798831124015324,0.7177132553936297,0.94893379383119,7.202853881278539
63151,1.0,17791.0,5.6208195154853575e-05,0.8332766850011114,0.17993932059668727,0.7176728775756718,0.948880492426551,7.209018264840183
63164,1.0,17790.0,5.621135469364812e-05,0.8332298453898128,0.1799955319513809,0.7176324997577253,0.9488271910219004,7.210502283105023
63193,3.0,17789.0,0.0001686435437629996,0.8330893265559172,0.1801641754951439,0.7175113663039546,0.9486672868078797,7.213812785388128
63203,1.0,17786.0,5.622399640166423e-05,0.8330424869446186,0.18022039949154559,0.7174709884860541,0.9486139854031831,7.2149543378995435
63219,1.0,17785.0,5.6227157717177394e-05,0.8329956473333201,0.18027662664926275,0.717430610668165,0.9485606839984752,7.2167808219178085
63222,1.0,17784.0,5.623031938821413e-05,0.8329488077220216,0.18033285696865095,0.7173902328502877,0.9485073825937556,7.217123287671233
63226,1.0,17783.0,5.623348141483439e-05,0.8329019681107231,0.1803890904500658,0.7173498550324217,0.9484540811890246,7.217579908675799
63246,1.0,17782.0,5.623664379709819e-05,0.8328551284994247,0.18044532709386288,0.7173094772145672,0.9484007797842822,7.21986301369863
63257,2.0,17781.0,0.00011247961307013104,0.8327614492768276,0.180557806706933,0.7172287215788928,0.9482941769747624,7.221118721461187
63260,1.0,17779.0,5.6246133078350866e-05,0.8327146096655291,0.18061405284001136,0.7171883437610729,0.9482408755699854,7.2214611872146115
63304,1.0,17777.0,5.6252461045170726e-05,0.8326677674193872,0.18067030530105654,0.7171479636698608,0.9481875711689136,7.22648401826484
63309,1.0,17776.0,5.625562556255625e-05,0.8326209251732453,0.1807265609266191,0.7171075835786602,0.9481342667678303,7.227054794520548
63318,1.0,17775.0,5.6258790436005626e-05,0.8325740829271033,0.1807828197170551,0.7170672034874711,0.9480809623667356,7.228082191780822
63378,1.0,17774.0,5.6261955665578935e-05,0.8325272406809614,0.18083908167272067,0.7170268233962935,0.9480276579656293,7.234931506849315
63386,1.0,17772.0,5.6268287193337834e-05,0.8324803957990865,0.18089534995991402,0.7169864410309557,0.9479743505672173,7.235844748858447
63389,1.0,17771.0,5.627145349164369e-05,0.8324335509172116,0.18095162141340568,0.7169460586656292,0.947921043168794,7.236187214611872
63397,1.0,17769.0,5.6277787157408974e-05,0.8323867033990103,0.1810078992005631,0.71690567402563,0.9478677327723907,7.237100456621005
63408,1.0,17768.0,5.6280954524988743e-05,0.832339855880809,0.18106418015508807,0.7168652893856423,0.9478144223759758,7.238356164383561
63425,1.0,17767.0,5.628412224911353e-05,0.8322930083626079,0.1811204642773372,0.7168249047456662,0.9477611119795496,7.240296803652968
63442,1.0,17765.0,5.629045876723895e-05,0.8322461582073384,0.18117675473610442,0.7167845178303766,0.9477077985843002,7.242237442922375
63449,1.0,17763.0,5.629679671226707e-05,0.8321993054145552,0.18123305153281669,0.7167441286393886,0.9476544821897218,7.243036529680365
63470,1.0,17762.0,5.629996622002027e-05,0.8321524526217721,0.18128935149903672,0.7167037394484124,0.9476011657951318,7.245433789954338
63478,1.0,17761.0,5.6303136084679915e-05,0.8321055998289889,0.1813456546351214,0.7166633502574477,0.9475478494005302,7.24634703196347
63479,1.0,17760.0,5.630630630630631e-05,0.8320587470362057,0.18140196094142771,0.7166229610664945,0.947494533005917,7.246461187214612
63497,1.0,17759.0,5.6309476884959736e-05,0.8320118942434226,0.18145827041831267,0.7165825718755529,0.9474412166112923,7.24851598173516
63505,1.0,17758.0,5.631264782070053e-05,0.8319650414506394,0.18151458306613336,0.7165421826846228,0.9473879002166561,7.2494292237442925
63508,1.0,17757.0,5.631581911358901e-05,0.8319181886578563,0.18157089888524694,0.7165017934937042,0.9473345838220083,7.249771689497717
63533,1.0,17756.0,5.6318990763685515e-05,0.8318713358650731,0.18162721787601063,0.7164614043027973,0.947281267427349,7.252625570776256
63537,1.0,17754.0,5.632533513574406e-05,0.8318244804332907,0.18168354321114638,0.7164210128349092,0.9472279480316722,7.2530821917808215
63556,1.0,17752.0,5.633168093735917e-05,0.8317776223620631,0.18173987489208374,0.716380619089655,0.9471746256344712,7.255251141552511
63565,1.0,17751.0,5.633485437440144e-05,0.8317307642908355,0.18179620974645813,0.7163402253444122,0.9471213032372587,7.2562785388127855
63574,1.0,17750.0,5.6338028169014086e-05,0.8316839062196077,0.18185254777462714,0.7162998315991811,0.9470679808400344,7.25730593607306
63575,1.0,17749.0,5.6341202321257534e-05,0.8316370481483801,0.1819088889769484,0.7162594378539615,0.9470146584427988,7.257420091324201
63576,1.0,17748.0,5.634437683119225e-05,0.8315901900771524,0.1819652333537796,0.7162190441087535,0.9469613360455513,7.257534246575342
63581,1.0,17747.0,5.634755169887868e-05,0.8315433320059247,0.18202158090547846,0.716178650363557,0.9469080136482924,7.25810502283105
63589,1.0,17746.0,5.635072692437732e-05,0.8314964739346971,0.18207793163240282,0.7161382566183722,0.946854691251022,7.259018264840183
63596,1.0,17744.0,5.63570784490532e-05,0.8314496132226854,0.18213428871085188,0.716097860594665,0.9468013658507058,7.259817351598174
63627,1.0,17743.0,5.6360254748351465e-05,0.8314027525106737,0.18219064896560022,0.7160574645709693,0.9467480404503782,7.263356164383562
63642,1.0,17742.0,5.636343140570398e-05,0.8313558917986621,0.18224701239700591,0.7160170685472852,0.946694715050039,7.265068493150685
63643,1.0,17740.0,5.636978579481398e-05,0.8313090284451221,0.18230338218280073,0.715976670244436,0.9466413866458082,7.265182648401827
63650,1.0,17739.0,5.63729635266926e-05,0.8312621650915821,0.18235975514632743,0.7159362719415984,0.9465880582415659,7.2659817351598175
63657,1.0,17738.0,5.637614161686774e-05,0.8312153017380421,0.1824161312879443,0.7158958736387724,0.9465347298373119,7.266780821917808
63659,1.0,17737.0,5.637932006540001e-05,0.8311684383845022,0.18247251060800967,0.715855475335958,0.9464814014330464,7.267009132420092
63669,1.0,17735.0,5.6385678037778406e-05,0.8311215723885402,0.18252889628604746,0.7158150747532066,0.9464280700238739,7.2681506849315065
63674,1.0,17734.0,5.63888575617458e-05,0.8310747063925783,0.1825852851436092,0.7157746741704668,0.9463747386146898,7.268721461187215
63679,1.0,17733.0,5.639203744431286e-05,0.8310278403966164,0.1826416771810535,0.7157342735877388,0.946321407205494,7.269292237442922
63691,1.0,17732.0,5.6395217685540266e-05,0.8309809744006544,0.18269807239873906,0.7156938730050222,0.9462680757962867,7.270662100456621
63692,1.0,17731.0,5.6398398285488694e-05,0.8309341084046925,0.18275447079702456,0.7156534724223174,0.9462147443870677,7.270776255707762
63739,1.0,17727.0,5.6411124273706776e-05,0.8308872344774401,0.18281088192129827,0.7156130649963028,0.9461614039585773,7.276141552511415
63747,1.0,17725.0,5.641748942172073e-05,0.8308403579056782,0.18286729941072,0.7155726552885486,0.9461080605228078,7.277054794520548
63786,1.0,17724.0,5.642067253441661e-05,0.8307934813339165,0.18292372008325442,0.7155322455808063,0.9460547170870267,7.281506849315068
63802,1.0,17723.0,5.642385600631947e-05,0.8307466047621547,0.18298014393926074,0.7154918358730755,0.9460013736512338,7.283333333333333
63815,1.0,17722.0,5.6427039837490125e-05,0.830699728190393,0.18303657097909823,0.7154514261653563,0.9459480302154296,7.284817351598173
63831,1.0,17721.0,5.643022402798939e-05,0.8306528516186311,0.18309300120312622,0.7154110164576487,0.9458946867796135,7.286643835616438
63837,1.0,17720.0,5.64334085778781e-05,0.8306059750468694,0.1831494346117041,0.7153706067499529,0.9458413433437859,7.287328767123288
63840,1.0,17719.0,5.6436593487217114e-05,0.8305590984751077,0.18320587120519133,0.7153301970422687,0.9457879999079466,7.287671232876712
63857,1.0,17718.0,5.6439778756067275e-05,0.830512221903346,0.1832623109839474,0.7152897873345961,0.9457346564720958,7.289611872146119
63863,1.0,17717.0,5.6442964384489474e-05,0.8304653453315842,0.1833187539483319,0.7152493776269353,0.9456813130362332,7.290296803652968
63866,1.0,17716.0,5.644615037254459e-05,0.8304184687598224,0.18337520009870442,0.7152089679192859,0.9456279696003589,7.290639269406393
63868,1.0,17715.0,5.6449336720293535e-05,0.8303715921880606,0.18343164943542473,0.7151685582116482,0.945574626164473,7.290867579908676
63893,1.0,17712.0,5.6458897922312554e-05,0.8303247103230996,0.18348810833334703,0.7151281439369095,0.9455212767092898,7.293721461187214
63904,1.0,17711.0,5.646208570944611e-05,0.8302778284581387,0.18354457041905647,0.7150877296621825,0.9454679272540949,7.294977168949772
63926,1.0,17709.0,5.646846236376983e-05,0.830230943945831,0.18360103888142024,0.7150473131032655,0.9454145747883964,7.297488584474886
63954,1.0,17707.0,5.64748404585757e-05,0.8301840567857278,0.1836575137218788,0.7150068942597713,0.9453612193116844,7.300684931506849
63965,1.0,17706.0,5.6478030046311986e-05,0.8301371696256248,0.18371399175192513,0.7149664754162887,0.9453078638349609,7.301940639269406
63974,2.0,17704.0,0.00011296882060551288,0.8300433900086314,0.18382696057253065,0.7148856331591471,0.9452011468581156,7.3029680365296805
63996,1.0,17702.0,5.6490792000903855e-05,0.8299965002001347,0.18388345136453155,0.7148452120305939,0.9451477883696755,7.3054794520547945
64004,1.0,17700.0,5.649717514124294e-05,0.8299496077424963,0.1839399485396728,0.7148047886163006,0.9450944268686919,7.306392694063927
64005,1.0,17699.0,5.650036725238714e-05,0.8299027152848578,0.18399644890692518,0.7147643652020189,0.9450410653676967,7.306506849315069
64011,1.0,17698.0,5.650355972426263e-05,0.8298558228272194,0.18405295246664943,0.714723941787749,0.9449877038666897,7.307191780821918
64025,2.0,17697.0,0.00011301350511386111,0.8297620379119426,0.1841659659717633,0.7146430949592443,0.9448809808646409,7.308789954337899
64029,1.0,17695.0,5.6513139304888384e-05,0.8297151454543041,0.18422247911106818,0.7146026715450094,0.9448276193635988,7.309246575342466
64036,1.0,17694.0,5.651633322030067e-05,0.8296682529966657,0.18427899544428847,0.7145622481307863,0.9447742578625451,7.310045662100457
64039,1.0,17692.0,5.652272213429799e-05,0.8296213578885379,0.18433551816642277,0.7145218224296592,0.9447208933474165,7.310388127853881
64064,1.0,17690.0,5.652911249293386e-05,0.8295744601294712,0.1843920472789157,0.7144813944412401,0.9446675258177023,7.31324200913242
64083,1.0,17689.0,5.6532308214144386e-05,0.8295275623704046,0.18444857958712985,0.7144409664528328,0.9446141582879763,7.31541095890411
64098,1.0,17687.0,5.653870074065698e-05,0.8294806619597996,0.1845051182878705,0.7144005361766157,0.9445607877429836,7.317123287671233
64103,1.0,17686.0,5.6541897546081646e-05,0.8294337615491946,0.1845616601854166,0.7143601059004103,0.9445074171979788,7.3176940639269406
64108,1.0,17685.0,5.654509471303364e-05,0.8293868611385896,0.18461820528012962,0.7143196756242166,0.9444540466529626,7.318264840182648
64115,1.0,17684.0,5.6548292241574305e-05,0.8293399607279847,0.1846747535723712,0.7142792453480347,0.9444006761079347,7.31906392694064
64122,1.0,17683.0,5.6551490131764975e-05,0.8292930603173797,0.18473130506250296,0.7142388150718645,0.9443473055628949,7.3198630136986305
64151,1.0,17682.0,5.6554688383667005e-05,0.8292461599067747,0.18478785975088663,0.714198384795706,0.9442939350178435,7.323173515981735
64173,1.0,17681.0,5.655788699734178e-05,0.8291992594961698,0.18484441763788398,0.7141579545195592,0.9442405644727804,7.325684931506849
64207,1.0,17680.0,5.656108597285068e-05,0.8291523590855648,0.18490097872385683,0.7141175242434241,0.9441871939277056,7.3295662100456624
64243,1.0,17678.0,5.656748500961647e-05,0.8291054560219216,0.18495754620886645,0.7140770916781841,0.9441338203656592,7.333675799086758
64264,1.0,17677.0,5.657068507099621e-05,0.8290585529582783,0.18501411689393746,0.7140366591129557,0.944080446803601,7.33607305936073
64272,1.0,17676.0,5.657388549445576e-05,0.8290116498946352,0.18507069077943192,0.713996226547739,0.9440270732415313,7.336986301369863
64299,1.0,17674.0,5.6580287427860135e-05,0.8289647441772031,0.18512727106685978,0.7139557916927691,0.9439736966616371,7.340068493150685
64310,1.0,17672.0,5.658669081032141e-05,0.8289178358055317,0.1851838577576701,0.7139153545476569,0.9439203170634065,7.341324200913242
64328,1.0,17671.0,5.6589893045102146e-05,0.8288709274338603,0.1852404476507152,0.7138749174025564,0.9438669374651641,7.34337899543379
64347,1.0,17670.0,5.659309564233164e-05,0.8288240190621888,0.18529704074635753,0.7138344802574675,0.9438135578669101,7.345547945205479
64348,1.0,17669.0,5.6596298602071426e-05,0.8287771106905174,0.1853536370449596,0.7137940431123906,0.9437601782686442,7.345662100456621
64353,1.0,17666.0,5.660590965696819e-05,0.8287301970082639,0.18541024295461658,0.7137536013852007,0.9437067926313271,7.346232876712329
64354,1.0,17665.0,5.660911406736485e-05,0.8286832833260104,0.18546685206868394,0.7137131596580225,0.9436534069939982,7.346347031963471
64357,1.0,17664.0,5.661231884057971e-05,0.8286363696437569,0.1855234643875245,0.7136727179308562,0.9436000213566575,7.346689497716895
64371,1.0,17662.0,5.661872947571056e-05,0.8285894533053103,0.18558008311700022,0.7136322739118602,0.9435466326987604,7.348287671232876
64379,1.0,17661.0,5.6621935337749844e-05,0.8285425369668638,0.18563670505233798,0.7135918298928761,0.9434932440408514,7.349200913242009
64393,1.0,17659.0,5.662834815108443e-05,0.8284956179716224,0.18569333340048907,0.7135513835815428,0.943439852361702,7.35079908675799
64395,1.0,17658.0,5.6631555102503115e-05,0.8284486989763811,0.18574996495559157,0.7135109372702212,0.943386460682541,7.351027397260274
64405,1.0,17656.0,5.663797009515179e-05,0.8284017773237431,0.1858066029256867,0.7134704886660307,0.9433330659814555,7.3521689497716896
64411,1.0,17655.0,5.664117813650524e-05,0.8283548556711051,0.1858632441038232,0.713430040061852,0.9432796712803583,7.352853881278539
64432,1.0,17650.0,5.6657223796033995e-05,0.8283079233846649,0.18591990132761924,0.7133895822825214,0.9432262644868084,7.355251141552511
64438,1.0,17649.0,5.666043401892458e-05,0.8282609910982245,0.18597656176163815,0.7133491245032024,0.9431728576932465,7.355936073059361
64477,1.0,17647.0,5.6666855556185186e-05,0.8282140561522792,0.18603322861719435,0.7133086644291938,0.9431194478753645,7.360388127853882
64528,1.0,17644.0,5.667649059170256e-05,0.8281671158861177,0.18608990510778606,0.7132681997647523,0.9430660320074831,7.3662100456621005
64563,1.0,17641.0,5.668612890425713e-05,0.8281201702982323,0.1861465912366903,0.7132277305085758,0.9430126100878887,7.370205479452054
64588,1.0,17639.0,5.6692556267362094e-05,0.8280732220488815,0.18620328379295767,0.7131872589560164,0.9429591851417465,7.373059360730593
64589,1.0,17638.0,5.6695770495521035e-05,0.8280262737995308,0.1862599795634532,0.713146787403469,0.9429057601955925,7.373173515981735
64616,1.0,17635.0,5.670541536716756e-05,0.8279793202257401,0.18631668497882037,0.713106311256841,0.9428523291946391,7.3762557077625575
64625,1.0,17634.0,5.6708631053646363e-05,0.8279323666519494,0.186373393609874,0.7130658351102248,0.9427988981936739,7.377283105022831
64635,1.0,17633.0,5.67118471048602e-05,0.8278854130781587,0.18643010545697888,0.7130253589636204,0.9427454671926969,7.3784246575342465
64641,1.0,17631.0,5.671828030174125e-05,0.827838456841242,0.18648682373728062,0.7129848805191993,0.9426920331632848,7.379109589041096
64666,1.0,17628.0,5.672793283412752e-05,0.8277914952768648,0.18654355167011474,0.7129443974780888,0.9426385930756408,7.381963470319635
64672,2.0,17625.0,0.00011347517730496454,0.8276975614901667,0.18665702684741972,0.7128634221998911,0.9425317007804423,7.382648401826484
64675,1.0,17623.0,5.674402769108551e-05,0.8276505945968177,0.18671377087511082,0.7128229345608099,0.9424782546328254,7.382990867579909
64676,1.0,17622.0,5.6747247758483716e-05,0.8276036277034686,0.1867705181228693,0.7127824469217406,0.9424248084851966,7.38310502283105
64689,1.0,17621.0,5.675046819136258e-05,0.8275566608101196,0.18682726859106066,0.7127419592826832,0.9423713623375559,7.38458904109589
64697,1.0,17619.0,5.675691015381123e-05,0.8275096912510748,0.18688402550121447,0.7127014693435898,0.9423179131585597,7.385502283105023
64702,1.0,17618.0,5.676013168350551e-05,0.82746272169203,0.18694078563289798,0.7126609794045082,0.9422644639795517,7.38607305936073
64723,1.0,17613.0,5.677624481916766e-05,0.8274157414659644,0.18699756187771716,0.7126204802615869,0.942211002670342,7.3884703196347035
64726,1.0,17612.0,5.6779468544174426e-05,0.8273687612398989,0.18705434134626134,0.7125799811186775,0.9421575413611203,7.388812785388128
64753,1.0,17611.0,5.6782692635284766e-05,0.8273217810138334,0.18711112403889663,0.7125394819757799,0.9421040800518868,7.39189497716895
64762,1.0,17610.0,5.6785917092561044e-05,0.8272748007877678,0.1871679099559892,0.7124989828328943,0.9420506187426414,7.392922374429224
64769,1.0,17609.0,5.678914191606565e-05,0.8272278205617023,0.18722469909790526,0.7124584836900205,0.9419971574333841,7.393721461187215
64775,1.0,17608.0,5.679236710586097e-05,0.8271808403356368,0.18728149146501114,0.7124179845471587,0.9419436961241149,7.394406392694064
64794,1.0,17607.0,5.679559266200943e-05,0.8271338601095712,0.18733828705767314,0.7123774854043087,0.9418902348148338,7.396575342465753
64799,1.0,17605.0,5.680204487361545e-05,0.8270868772149328,0.18739508910254676,0.7123369839589379,0.9418367704709277,7.397146118721461
64815,1.0,17604.0,5.680527152919791e-05,0.8270398943202943,0.18745189437407597,0.7122964825135789,0.9417833061270098,7.398972602739726
64825,1.0,17602.0,5.681172594023406e-05,0.8269929087564766,0.18750870610001621,0.7122559787651755,0.9417298387477776,7.400114155251141
64833,1.0,17600.0,5.681818181818182e-05,0.8269459205230245,0.1875655242818344,0.7122154727133347,0.9416763683327143,7.401027397260274
64839,1.0,17598.0,5.682463916354131e-05,0.826898929619483,0.18762234892099794,0.7121749643576634,0.9416228948813026,7.401712328767124
64840,1.0,17597.0,5.6827868386656816e-05,0.8268519387159414,0.1876791767893846,0.712134456002004,0.9415694214298789,7.401826484018265
64857,1.0,17595.0,5.683432793407218e-05,0.8268049451417036,0.18773601111731866,0.7120939453419899,0.9415159449414172,7.403767123287671
64864,1.0,17594.0,5.6837558258497215e-05,0.8267579515674657,0.18779284867557716,0.7120534346819878,0.9414624684529436,7.404566210045662
64874,1.0,17593.0,5.684078895015063e-05,0.8267109579932277,0.18784968946452732,0.7120129240219975,0.9414089919644579,7.4057077625570775
64894,1.0,17592.0,5.684402000909504e-05,0.8266639644189898,0.18790653348453643,0.7119724133620191,0.9413555154759605,7.407990867579909
64915,1.0,17591.0,5.68472514353931e-05,0.8266169708447519,0.18796338073597182,0.7119319027020528,0.9413020389874511,7.4103881278538815
64927,1.0,17589.0,5.6853715390300756e-05,0.8265699745987547,0.18802023445136212,0.7118913897368138,0.9412485594606956,7.41175799086758
64991,1.0,17588.0,5.6856947919035704e-05,0.8265229783527576,0.18807709139928117,0.7118508767715868,0.9411950799339284,7.419063926940639
65008,1.0,17587.0,5.6860180815374996e-05,0.8264759821067603,0.18813395158009655,0.7118103638063716,0.941141600407149,7.421004566210046
65010,1.0,17586.0,5.6863414079381326e-05,0.8264289858607631,0.18819081499417592,0.7117698508411685,0.9410881208803576,7.421232876712328
65013,1.0,17585.0,5.686664771111743e-05,0.8263819896147659,0.18824768164188704,0.7117293378759773,0.9410346413535546,7.421575342465753
65014,1.0,17584.0,5.6869881710646044e-05,0.8263349933687688,0.18830455152359768,0.7116888249107981,0.9409811618267395,7.421689497716895
65015,1.0,17583.0,5.6873116078029915e-05,0.8262879971227716,0.1883614246396757,0.7116483119456307,0.9409276822999124,7.421803652968037
65024,1.0,17582.0,5.687635081333182e-05,0.8262410008767744,0.18841830099048903,0.7116077989804754,0.9408742027730734,7.422831050228311
65060,1.0,17580.0,5.688282138794084e-05,0.8261940019574981,0.18847518381187697,0.7115672837087349,0.9408207202062614,7.426940639269406
65062,1.0,17579.0,5.6886057227373574e-05,0.8261470030382219,0.18853206986910434,0.7115267684370064,0.9407672376394374,7.42716894977169
65090,1.0,17578.0,5.688929343497554e-05,0.8261000041189456,0.18858895916253932,0.7114862531652898,0.9407137550726014,7.430365296803653
65159,1.0,17573.0,5.690547999772378e-05,0.8260529945016851,0.18864586464253705,0.7114457286629932,0.9406602603403771,7.43824200913242
65171,1.0,17572.0,5.690871841566128e-05,0.8260059848844246,0.1887027733609527,0.7114052041607084,0.9406067656081407,7.439611872146119
65173,1.0,17570.0,5.6915196357427435e-05,0.8259589725916024,0.18875968855731012,0.7113646773498674,0.9405532678333375,7.4398401826484015
65184,1.0,17569.0,5.691843588138198e-05,0.8259119602987803,0.1888166069931915,0.7113241505390384,0.9404997700585223,7.441095890410959
65198,1.0,17568.0,5.692167577413479e-05,0.8258649480059582,0.18887352866896565,0.7112836237282213,0.9404462722836952,7.4426940639269406
65239,1.0,17567.0,5.692491603574885e-05,0.8258179357131361,0.1889304535850014,0.7112430969174163,0.9403927745088559,7.4473744292237445
65244,1.0,17565.0,5.6931397665812695e-05,0.8257709207438384,0.1889873849826672,0.7112025677972655,0.9403392736904113,7.447945205479452
65260,1.0,17564.0,5.693463903438852e-05,0.8257239057745408,0.1890443196217016,0.7111620386771269,0.9402857728719547,7.449771689497717
65303,1.0,17560.0,5.6947608200455584e-05,0.825676882773073,0.18910126722990206,0.7111215026265583,0.9402322629195878,7.454680365296803
65322,1.0,17558.0,5.695409499943046e-05,0.8256298570934528,0.18915822132490148,0.7110809642651958,0.9401787499217098,7.456849315068493
65346,1.0,17557.0,5.695733895312411e-05,0.8255828314138325,0.1892151786638546,0.7110404259038454,0.9401252369238196,7.4595890410958905
65353,1.0,17556.0,5.696058327637275e-05,0.8255358057342121,0.18927213924713096,0.7109998875425069,0.9400717239259174,7.460388127853881
65362,1.0,17555.0,5.696382796923953e-05,0.8254887800545918,0.1893291030751002,0.7109593491811804,0.9400182109280032,7.461415525114155
65365,1.0,17554.0,5.696707303178763e-05,0.8254417543749715,0.189386070148132,0.710918810819866,0.939964697930077,7.4617579908675795
65369,1.0,17553.0,5.697031846408021e-05,0.8253947286953511,0.18944304046659607,0.7108782724585635,0.9399111849321388,7.462214611872146
65370,1.0,17552.0,5.697356426618049e-05,0.8253477030157309,0.18950001403086225,0.7108377340972731,0.9398576719341887,7.462328767123288
65377,1.0,17551.0,5.697681043815167e-05,0.8253006773361106,0.1895569908413004,0.7107971957359946,0.9398041589362265,7.463127853881279
65446,1.0,17548.0,5.6986551173922956e-05,0.8252536462968276,0.18961397739247432,0.7107566527502169,0.9397506398434383,7.471004566210046
65449,2.0,17545.0,0.0001139925904816187,0.8251595734958819,0.18972796998295594,0.7106755575270369,0.9396435894647268,7.471347031963471
65480,1.0,17541.0,5.7009292514679893e-05,0.8251125317323851,0.1897849792754706,0.7106350052880508,0.9395900581767194,7.474885844748859
65504,1.0,17539.0,5.701579337476481e-05,0.8250654872867649,0.1898419950688454,0.7105944507348416,0.9395365238386881,7.477625570776255
65542,1.0,17538.0,5.701904436081651e-05,0.8250184428411447,0.1898990141132062,0.7105538961816443,0.939482989500645,7.481963470319634
65554,1.0,17537.0,5.702229571762559e-05,0.8249713983955246,0.18995603640892383,0.7105133416284592,0.9394294551625899,7.483333333333333
65591,1.0,17536.0,5.702554744525547e-05,0.8249243539499044,0.19001306195636908,0.7104727870752862,0.9393759208245226,7.487557077625571
65611,1.0,17535.0,5.70287995437696e-05,0.8248773095042843,0.19007009075591286,0.7104322325221252,0.9393223864864434,7.489840182648402
65620,1.0,17534.0,5.7032052013231435e-05,0.8248302650586641,0.1901271228079261,0.7103916779689762,0.939268852148352,7.4908675799086755
65632,1.0,17533.0,5.703530485370444e-05,0.8247832206130439,0.1901841581127798,0.7103511234158393,0.9392153178102485,7.492237442922375
65653,1.0,17530.0,5.7045065601825445e-05,0.8247361708001167,0.19024120317838164,0.7103105642316012,0.9391617773686323,7.494634703196347
65660,1.0,17529.0,5.704831992697815e-05,0.8246891209871895,0.19029825149830862,0.7102700050473753,0.9391082369270037,7.495433789954338
65680,1.0,17528.0,5.705157462345961e-05,0.8246420711742624,0.19035530307293208,0.7102294458631614,0.9390546964853633,7.497716894977169
65683,1.0,17527.0,5.705482969133337e-05,0.8245950213613352,0.19041235790262342,0.7101888866789596,0.9390011560437108,7.498059360730593
65687,1.0,17526.0,5.705808513066301e-05,0.8245479715484081,0.19046941598775408,0.7101483274947699,0.9389476156020463,7.49851598173516
65707,1.0,17525.0,5.7061340941512125e-05,0.824500921735481,0.1905264773286956,0.7101077683105922,0.9388940751603697,7.500799086757991
65710,1.0,17524.0,5.7064597123944306e-05,0.8244538719225538,0.19058354192581956,0.7100672091264267,0.9388405347186809,7.501141552511416
65711,1.0,17523.0,5.706785367802317e-05,0.8244068221096267,0.19064060977949757,0.7100266499422732,0.9387869942769802,7.5012557077625575
65712,1.0,17522.0,5.707111060381235e-05,0.8243597722966995,0.1906976808901014,0.7099860907581318,0.9387334538352673,7.501369863013698
65740,1.0,17521.0,5.707436790137549e-05,0.8243127224837724,0.19075475525800276,0.7099455315740025,0.9386799133935423,7.504566210045662
65742,1.0,17519.0,5.708088361207832e-05,0.8242656699852003,0.19081183614161484,0.7099049700726089,0.9386263698977918,7.504794520547946
65751,3.0,17518.0,0.00017125242607603607,0.8241245124894842,0.1909830885676909,0.7097832855685005,0.9384657394104678,7.505821917808219
65792,1.0,17515.0,5.709391949757351e-05,0.8240774599909121,0.19104018248718846,0.7097427240671552,0.938412195914669,7.510502283105023
65813,1.0,17514.0,5.709717939933767e-05,0.82403040749234,0.1910972796665878,0.709702162565822,0.9383586524188581,7.512899543378995
65825,1.0,17512.0,5.710370031978072e-05,0.8239833523068962,0.19115438336690757,0.7096615987461651,0.9383051058676274,7.514269406392694
65845,1.0,17510.0,5.711022272986865e-05,0.8239362944341202,0.19121149358963743,0.7096210326077865,0.9382515562604539,7.516552511415525
65852,1.0,17509.0,5.711348449368896e-05,0.8238892365613443,0.19126860707413113,0.7095804664694203,0.9381980066532682,7.517351598173516
65854,1.0,17508.0,5.711674663011195e-05,0.8238421786885683,0.19132572382076124,0.7095399003310661,0.9381444570460706,7.517579908675799
65855,2.0,17507.0,0.00011424001827840292,0.8237480629430164,0.19143996383903963,0.709458768054394,0.9380373578316388,7.517694063926941
65866,1.0,17505.0,5.712653527563553e-05,0.8237010050702404,0.19149709037431528,0.7094182019160761,0.9379838082244046,7.518949771689497
65874,1.0,17504.0,5.712979890310786e-05,0.8236539471974643,0.19155422017321838,0.7093776357777702,0.9379302586171584,7.51986301369863
65875,1.0,17503.0,5.7133062903502255e-05,0.8236068893246884,0.19161135323612188,0.7093370696394767,0.9378767090099001,7.519977168949771
65877,1.0,17502.0,5.713632727688264e-05,0.8235598314519125,0.19166848956339877,0.7092965035011952,0.9378231594026297,7.520205479452055
65897,1.0,17500.0,5.714285714285714e-05,0.8235127708901152,0.19172563242054164,0.7092559350427335,0.9377696067374969,7.522488584474885
65900,1.0,17499.0,5.714612263557917e-05,0.823465710328318,0.1917827785431772,0.709215366584284,0.9377160540723519,7.5228310502283104
65906,1.0,17498.0,5.7149388501543034e-05,0.8234186497665207,0.19183992793167876,0.7091747981258465,0.9376625014071949,7.52351598173516
65913,1.0,17497.0,5.715265474081271e-05,0.8233715892047234,0.19189708058641958,0.7091342296674212,0.9376089487420256,7.52431506849315
65914,1.0,17496.0,5.7155921353452216e-05,0.8233245286429262,0.19195423650777302,0.7090936612090081,0.9375553960768442,7.524429223744292
65921,1.0,17495.0,5.715918833952558e-05,0.8232774680811289,0.19201139569611253,0.7090530927506071,0.9375018434116507,7.525228310502283
65950,1.0,17493.0,5.7165723432230034e-05,0.8232304048290805,0.19206856141954476,0.7090125219709638,0.9374482876871972,7.5285388127853885
65976,1.0,17491.0,5.717226001943857e-05,0.8231833388863197,0.1921257336795642,0.7089719488696797,0.9373947289029596,7.531506849315068
65997,1.0,17490.0,5.717552887364208e-05,0.8231362729435588,0.19218290920843784,0.7089313757684079,0.9373411701187098,7.533904109589041
66011,1.0,17489.0,5.7178798101663906e-05,0.8230892070007981,0.1922400880065395,0.7088908026671483,0.9372876113344479,7.535502283105023
66042,1.0,17488.0,5.7182067703568164e-05,0.8230421410580373,0.19229727007424308,0.7088502295659008,0.9372340525501738,7.539041095890411
66044,1.0,17487.0,5.7185337679418995e-05,0.8229950751152765,0.1923544554119225,0.7088096564646654,0.9371804937658875,7.539269406392694
66060,1.0,17484.0,5.719514985129261e-05,0.8229480037886284,0.19241165056177378,0.70876907871801,0.9371269288592469,7.541095890410959
66095,1.0,17483.0,5.719842132357147e-05,0.8229009324619804,0.19246884898309735,0.7087285009713667,0.937073363952594,7.545091324200913
66099,1.0,17482.0,5.720169317011784e-05,0.8228538611353322,0.19252605067626746,0.7086879232247355,0.9370197990459289,7.545547945205479
66100,1.0,17481.0,5.720496539099594e-05,0.8228067898086842,0.19258325564165846,0.7086473454781166,0.9369662341392517,7.545662100456621
66102,1.0,17480.0,5.7208237986270026e-05,0.8227597184820361,0.19264046387964473,0.7086067677315099,0.9369126692325623,7.545890410958904
66103,1.0,17479.0,5.7211510956004346e-05,0.8227126471553879,0.19269767539060073,0.7085661899849152,0.9368591043258607,7.546004566210046
66109,1.0,17478.0,5.721478430026319e-05,0.8226655758287399,0.192754890174901,0.7085256122383328,0.936805539419147,7.546689497716895
66115,1.0,17476.0,5.722133211261158e-05,0.8226185018086077,0.1928121115070136,0.7084850321677161,0.9367519714494994,7.547374429223744
66130,1.0,17474.0,5.722788142382969e-05,0.8225714250945292,0.19286933938843742,0.7084444497726657,0.9366984004163926,7.549086757990867
66158,1.0,17473.0,5.7231156641675726e-05,0.8225243483804506,0.19292657054507908,0.7084038673776276,0.9366448293832736,7.552283105022831
66165,1.0,17472.0,5.7234432234432234e-05,0.8224772716663721,0.19298380497731352,0.7083632849826016,0.9365912583501426,7.553082191780822
66190,1.0,17470.0,5.7240984544934173e-05,0.8224301922575761,0.19304104596185845,0.7083227002624762,0.9365376842526759,7.55593607305936
66193,1.0,17469.0,5.72442612628084e-05,0.8223831128487801,0.19309829022312125,0.708282115542363,0.9364841101551972,7.556278538812785
66195,1.0,17468.0,5.72475383558507e-05,0.8223360334399841,0.1931555377614771,0.7082415308222619,0.9364305360577062,7.556506849315069
66213,1.0,17467.0,5.7250815824125495e-05,0.8222889540311881,0.19321278857730123,0.7082009461021731,0.936376961960203,7.558561643835616
66214,1.0,17466.0,5.725409366769724e-05,0.8222418746223921,0.19327004267096892,0.7081603613820965,0.9363233878626877,7.558675799086758
66230,3.0,17464.0,0.00017178195144296838,0.8221006283086113,0.19344182462241188,0.7080386002438064,0.9361626563734162,7.560502283105023
66235,1.0,17461.0,5.727048851726705e-05,0.8220535462040177,0.19349909511092916,0.7079980131977341,0.9361090792103013,7.561073059360731
66237,1.0,17460.0,5.72737686139748e-05,0.8220064640994241,0.19355636887954314,0.7079574261516741,0.9360555020471741,7.561301369863013
66238,1.0,17459.0,5.727704908643107e-05,0.8219593819948305,0.19361364592862956,0.7079168391056262,0.9360019248840349,7.561415525114155
66239,1.0,17458.0,5.7280329934700424e-05,0.821912299890237,0.19367092625856427,0.7078762520595906,0.9359483477208833,7.561529680365297
66245,1.0,17457.0,5.7283611158847455e-05,0.8218652177856434,0.1937282098697231,0.7078356650135672,0.9358947705577195,7.562214611872146
66263,1.0,17456.0,5.728689275893676e-05,0.8218181356810498,0.19378549676248205,0.7077950779675561,0.9358411933945434,7.564269406392694
66267,1.0,17455.0,5.729017473503294e-05,0.8217710535764562,0.19384278693721707,0.7077544909215572,0.9357876162313552,7.56472602739726
66336,1.0,17450.0,5.730659025787966e-05,0.821723960679403,0.19390009352747495,0.7077138945633873,0.9357340267954187,7.572602739726028
66343,1.0,17449.0,5.7309874491374865e-05,0.8216768677823499,0.19395740340196632,0.7076732982052297,0.9356804373594702,7.573401826484019
66347,1.0,17448.0,5.7313159101329664e-05,0.8216297748852969,0.19401471656106764,0.7076327018470844,0.9356268479235094,7.573858447488584
66353,1.0,17447.0,5.7316444087808795e-05,0.8215826819882438,0.19407203300515544,0.7075921054889514,0.9355732584875363,7.5745433789954335
66354,1.0,17446.0,5.731972945087699e-05,0.8215355890911907,0.19412935273460633,0.7075515091308305,0.9355196690515509,7.574657534246575
66363,1.0,17445.0,5.732301519059902e-05,0.8214884961941377,0.19418667574979692,0.7075109127727219,0.9354660796155534,7.575684931506849
66369,1.0,17444.0,5.732630130703967e-05,0.8214414032970846,0.19424400205110395,0.7074703164146257,0.9354124901795435,7.576369863013698
66380,1.0,17443.0,5.732958780026372e-05,0.8213943104000315,0.19430133163890423,0.7074297200565416,0.9353589007435215,7.577625570776256
66400,1.0,17442.0,5.733287467033597e-05,0.8213472175029785,0.19435866451357456,0.7073891236984697,0.9353053113074872,7.579908675799087
66401,1.0,17441.0,5.7336161917321254e-05,0.8213001246059254,0.1944160006754919,0.7073485273404102,0.9352517218714406,7.580022831050228
66406,1.0,17440.0,5.733944954128441e-05,0.8212530317088722,0.19447334012503317,0.7073079309823629,0.9351981324353815,7.580593607305936
66431,1.0,17439.0,5.734273754229027e-05,0.8212059388118191,0.19453068286257547,0.7072673346243279,0.9351445429993104,7.583447488584475
66490,1.0,17437.0,5.734931467568963e-05,0.8211588432140207,0.19458803217725115,0.7072267359359875,0.9350909504920538,7.590182648401827
66494,1.0,17436.0,5.735260380821289e-05,0.8211117476162222,0.19464538478105936,0.7071861372476594,0.9350373579847849,7.590639269406393
66514,1.0,17435.0,5.735589331803843e-05,0.8210646520184237,0.1947027406743774,0.7071455385593437,0.9349837654775037,7.592922374429223
66520,1.0,17434.0,5.7359183205231155e-05,0.8210175564206252,0.19476009985758264,0.7071049398710402,0.9349301729702103,7.593607305936073
66534,1.0,17433.0,5.736247346985602e-05,0.8209704608228268,0.1948174623310525,0.707064341182749,0.9348765804629046,7.595205479452055
66563,1.0,17432.0,5.736576411197797e-05,0.8209233652250283,0.19487482809516446,0.7070237424944701,0.9348229879555865,7.59851598173516
66580,1.0,17430.0,5.7372346528973036e-05,0.8208762669252448,0.19493220044169343,0.7069831414748152,0.9347693923756745,7.600456621004566
66593,1.0,17428.0,5.737893045673629e-05,0.8208291659230114,0.19498957937215017,0.706942538123383,0.9347157937226397,7.601940639269406
66601,1.0,17427.0,5.738222298731853e-05,0.8207820649207779,0.19504696159513749,0.7069019347719631,0.9346621950695927,7.602853881278539
66639,1.0,17423.0,5.739539688916949e-05,0.8207349558084022,0.19510435699202666,0.7068613244227748,0.9346085871940295,7.607191780821918
66643,1.0,17421.0,5.740198610871936e-05,0.8206878439918699,0.19516175897813537,0.7068207117403352,0.9345549762434046,7.607648401826484
66654,1.0,17420.0,5.74052812858783e-05,0.8206407321753376,0.19521916425942124,0.706780099057908,0.9345013652927673,7.608904109589041
66655,1.0,17419.0,5.74085768413801e-05,0.8205936203588055,0.19527657283626262,0.7067394863754931,0.9344477543421178,7.6090182648401825
66660,1.0,17418.0,5.741187277528993e-05,0.8205465085422732,0.19533398470903793,0.7066988736930905,0.9343941433914559,7.609589041095891
66738,1.0,17415.0,5.7421762848119435e-05,0.8204993913152538,0.19539140647188605,0.7066582563422955,0.9343405262882122,7.618493150684931
66746,1.0,17414.0,5.742506029631331e-05,0.8204522740882345,0.19544883153218237,0.7066176389915129,0.9342869091849562,7.619406392694064
66764,1.0,17412.0,5.743165632896853e-05,0.8204051541551948,0.19550626318851133,0.7065770193058694,0.9342332890045202,7.621461187214612
66768,1.0,17411.0,5.7434954913560395e-05,0.8203580342221549,0.1955636981434249,0.7065363996202381,0.9341796688240718,7.6219178082191785
66786,1.0,17410.0,5.743825387708214e-05,0.8203109142891152,0.19562113639730197,0.7064957799346191,0.9341260486436113,7.623972602739726
66791,1.0,17409.0,5.744155321959906e-05,0.8202637943560754,0.19567857795052157,0.7064551602490126,0.9340724284631383,7.624543378995434
66793,1.0,17408.0,5.744485294117647e-05,0.8202166744230357,0.19573602280346275,0.7064145405634183,0.934018808282653,7.624771689497717
66831,1.0,17407.0,5.74481530418797e-05,0.820169554489996,0.19579347095650462,0.7063739208778365,0.9339651881021555,7.629109589041096
66833,1.0,17406.0,5.74514535217741e-05,0.8201224345569562,0.19585092241002638,0.706333301192267,0.9339115679216454,7.629337899543379
66845,1.0,17405.0,5.745475438092502e-05,0.8200753146239165,0.19590837716440732,0.7062926815067098,0.9338579477411232,7.630707762557078
66862,1.0,17404.0,5.745805561939784e-05,0.8200281946908767,0.19596583522002672,0.706252061821165,0.9338043275605885,7.632648401826484
66878,1.0,17401.0,5.746796161140164e-05,0.8199810693420639,0.19602330318163813,0.7062114374626627,0.9337507012214652,7.634474885844749
66886,1.0,17400.0,5.747126436781609e-05,0.8199339439932511,0.19608077444600594,0.7061708131041727,0.9336970748823296,7.635388127853881
66918,1.0,17399.0,5.7474567503879534e-05,0.8198868186444384,0.19613824901350982,0.7061301887456952,0.9336434485431815,7.639041095890411
66921,1.0,17398.0,5.7477871019657434e-05,0.8198396932956257,0.19619572688452946,0.70608956438723,0.9335898222040213,7.639383561643836
66934,1.0,17397.0,5.748117491521527e-05,0.8197925679468129,0.19625320805944468,0.7060489400287772,0.9335361958648486,7.640867579908676
66957,1.0,17395.0,5.748778384593274e-05,0.8197454398888683,0.1963106958432906,0.7060083133327764,0.9334825664449602,7.6434931506849315
66962,1.0,17394.0,5.749108888122341e-05,0.8196983118309237,0.19636818693217184,0.7059676866367879,0.9334289370250595,7.644063926940639
66984,1.0,17393.0,5.749439429655609e-05,0.8196511837729791,0.1964256813264684,0.7059270599408118,0.9333753076051463,7.646575342465753
67003,1.0,17391.0,5.7501006267609686e-05,0.8196040530051237,0.196483182332736,0.705886430906615,0.9333216751036325,7.648744292237443
67019,1.0,17390.0,5.750431282346176e-05,0.8195569222372684,0.1965406866455595,0.7058458018724305,0.9332680426021063,7.650570776255708
67032,1.0,17388.0,5.7510927076144466e-05,0.8195097887588788,0.19659819757263564,0.705805170499487,0.9332144070182706,7.652054794520548
67036,1.0,17387.0,5.751423477310634e-05,0.8194626552804893,0.19665571180740873,0.7057645391265559,0.9331607714344228,7.652511415525114
67039,1.0,17385.0,5.7520851308599364e-05,0.819415519090942,0.19671323265871735,0.705723905414327,0.9331071327675571,7.6528538812785385
67053,1.0,17383.0,5.752746936662256e-05,0.819368380189769,0.19677076012808398,0.7056832693623963,0.9330534910171416,7.654452054794521
67056,1.0,17382.0,5.753077896674721e-05,0.819321241288596,0.19682829090705073,0.7056426333104782,0.9329998492667138,7.654794520547945
67069,1.0,17381.0,5.7534088947701514e-05,0.8192741023874229,0.19688582499599844,0.7056019972585722,0.9329462075162737,7.656278538812785
67109,1.0,17378.0,5.7544021176199794e-05,0.819226958061126,0.19694336901717463,0.7055613565256332,0.9328925595966188,7.660844748858447
67125,1.0,17377.0,5.754733268113023e-05,0.8191798137348291,0.19700091634985575,0.7055207157927067,0.9328389116769514,7.662671232876712
67128,1.0,17376.0,5.7550644567219155e-05,0.8191326694085321,0.19705846699442298,0.7054800750597926,0.9327852637572717,7.663013698630137
67178,1.0,17375.0,5.755395683453237e-05,0.8190855250822353,0.19711602095125752,0.7054394343268909,0.9327316158375797,7.668721461187214
67237,1.0,17371.0,5.7567209717345e-05,0.8190383726140364,0.19717358816097486,0.7053987865687921,0.9326779586592808,7.6754566210045665
67242,1.0,17370.0,5.757052389176742e-05,0.8189912201458376,0.19723115868486663,0.7053581388107057,0.9326243014809694,7.676027397260274
67253,1.0,17369.0,5.7573838447809316e-05,0.8189440676776387,0.19728873252331444,0.7053174910526319,0.9325706443026456,7.677283105022831
67286,2.0,17367.0,0.00011516093741003051,0.8188497573111185,0.19740389346072448,0.7052361908511589,0.9324633237710782,7.681050228310502
67300,1.0,17364.0,5.759041695461875e-05,0.8188025994121718,0.1974614838776791,0.7051955384072196,0.932409660417124,7.6826484018264845
67340,1.0,17363.0,5.759373380176237e-05,0.8187554415132251,0.19751907761148085,0.7051548859632929,0.9323559970631573,7.687214611872146
67362,1.0,17361.0,5.760036864235931e-05,0.818708280897966,0.1975766779801232,0.7051142311756168,0.9323023306203152,7.68972602739726
67364,1.0,17360.0,5.76036866359447e-05,0.8186611202827069,0.19763428166675914,0.7050735763879531,0.9322486641774607,7.689954337899543
67368,1.0,17359.0,5.7607005011809435e-05,0.8186139596674478,0.19769188867177095,0.705032921600302,0.9321949977345936,7.69041095890411
67369,1.0,17358.0,5.761032377001959e-05,0.8185667990521887,0.19774949899554098,0.7049922668126631,0.9321413312917142,7.6905251141552515
67386,1.0,17356.0,5.761696243374049e-05,0.8185196357196781,0.19780711595797473,0.7049516096804641,0.9320876617588921,7.692465753424657
67407,1.0,17354.0,5.762360262763628e-05,0.8184724696694465,0.19786473956060238,0.7049109502032991,0.932033989135594,7.6948630136986305
67410,1.0,17353.0,5.762692329856509e-05,0.8184253036192148,0.19792236648390094,0.7048702907261465,0.9319803165122832,7.695205479452055
67411,1.0,17352.0,5.763024435223605e-05,0.8183781375689833,0.19797999672825317,0.7048296312490065,0.93192664388896,7.695319634703196
67450,1.0,17350.0,5.7636887608069166e-05,0.8183309688002472,0.19803763361586124,0.704788969426224,0.9318729681742705,7.699771689497717
67465,1.0,17348.0,5.764353239566521e-05,0.8182837973125369,0.1980952771482569,0.7047483052573933,0.9318192893676804,7.70148401826484
67484,1.0,17346.0,5.765017871555402e-05,0.8182366231053818,0.19815292732697246,0.704707638742108,0.9317656074686557,7.70365296803653
67496,1.0,17345.0,5.7653502450273856e-05,0.8181894488982268,0.19821058082942272,0.7046669722268353,0.9317119255696182,7.705022831050228
67500,1.0,17344.0,5.765682656826568e-05,0.8181422746910717,0.198268237655991,0.7046263057115749,0.9316582436705685,7.705479452054795
67505,1.0,17343.0,5.7660151069595805e-05,0.8180951004839166,0.19832589780706059,0.7045856391963272,0.9316045617715061,7.706050228310502
67545,2.0,17342.0,0.00011532695190866105,0.8180007520696064,0.19844122475896925,0.704504306165869,0.9314971979733438,7.710616438356165
67556,1.0,17340.0,5.7670126874279124e-05,0.8179535778624513,0.19849889488584352,0.7044636396506586,0.9314435160742439,7.711872146118721
67566,1.0,17339.0,5.76734529096257e-05,0.8179064036552961,0.19855656833875315,0.7044229731354608,0.9313898341751314,7.713013698630137
67579,1.0,17338.0,5.767677932864229e-05,0.8178592294481409,0.1986142451180818,0.7043823066202753,0.9313361522760065,7.714497716894977
67580,1.0,17337.0,5.768010613139528e-05,0.8178120552409859,0.19867192522421318,0.7043416401051025,0.9312824703768693,7.7146118721461185
67583,1.0,17336.0,5.7683433317951084e-05,0.8177648810338308,0.19872960865753111,0.7043009735899423,0.9312287884777194,7.7149543378995435
67606,1.0,17335.0,5.768676088837612e-05,0.8177177068266758,0.1987872954184195,0.7042603070747945,0.9311751065785571,7.717579908675799
67630,1.0,17334.0,5.7690088842736815e-05,0.8176705326195207,0.19884498550726223,0.7042196405596591,0.9311214246793823,7.720319634703197
67639,1.0,17333.0,5.7693417181099634e-05,0.8176233584123657,0.19890267892444333,0.7041789740445364,0.9310677427801949,7.721347031963471
67645,1.0,17332.0,5.7696745903531043e-05,0.8175761842052106,0.19896037567034686,0.7041383075294262,0.931014060880995,7.72203196347032
67654,1.0,17330.0,5.770340450086555e-05,0.8175290072759431,0.19901807907484773,0.7040976386655575,0.9309603758863287,7.723059360730594
67656,1.0,17329.0,5.770673437590167e-05,0.8174818303466757,0.19907578580922364,0.7040569698017014,0.9309066908916499,7.723287671232876
67658,1.0,17328.0,5.771006463527239e-05,0.8174346534174082,0.19913349587385892,0.7040163009378578,0.9308530058969585,7.72351598173516
67666,1.0,17327.0,5.7713395279044266e-05,0.8173874764881407,0.19919120926913797,0.7039756320740267,0.9307993209022547,7.724429223744292
67671,2.0,17326.0,0.0001154334526145677,0.8172931226296057,0.19930664272175252,0.7038942943464022,0.9306919509128093,7.725
67672,1.0,17324.0,5.7723389517432465e-05,0.8172459457003383,0.19936436611126995,0.7038536254826087,0.9306382659180679,7.725114155251141
67677,1.0,17323.0,5.7726721699474687e-05,0.8171987687710708,0.19942209283296944,0.7038129566188277,0.9305845809233139,7.72568493150685
67681,1.0,17322.0,5.773005426625101e-05,0.8171515918418033,0.1994798228872357,0.7037722877550593,0.9305308959285473,7.726141552511415
67696,1.0,17321.0,5.773338721782807e-05,0.8171044149125358,0.19953755627445352,0.7037316188913034,0.9304772109337682,7.727853881278539
67706,1.0,17320.0,5.7736720554272516e-05,0.8170572379832683,0.1995952929950078,0.7036909500275601,0.9304235259389766,7.7289954337899545
67707,1.0,17319.0,5.774005427565102e-05,0.8170100610540009,0.19965303304928345,0.7036502811638293,0.9303698409441724,7.729109589041096
67720,1.0,17317.0,5.774672287347693e-05,0.8169628814004203,0.19971077977215693,0.7036096099494396,0.930316152851401,7.730593607305936
67722,1.0,17316.0,5.775005775005775e-05,0.8169157017468397,0.19976852982990698,0.7035689387350623,0.9302624647586171,7.730821917808219
67736,1.0,17315.0,5.775339301183944e-05,0.8168685220932592,0.19982628322291882,0.7035282675206977,0.9302087766658207,7.732420091324201
67742,1.0,17313.0,5.7760064691272456e-05,0.8168213397145788,0.19988404328761009,0.7034875939549947,0.9301550854741629,7.73310502283105
67750,1.0,17312.0,5.77634011090573e-05,0.8167741573358984,0.19994180668871914,0.7034469203893042,0.9301013942824926,7.7340182648401825
67755,1.0,17311.0,5.7766737912310095e-05,0.816726974957218,0.19999957342663144,0.7034062468236263,0.9300477030908098,7.734589041095891
67796,1.0,17310.0,5.7770075101097634e-05,0.8166797925785376,0.20005734350173254,0.7033655732579609,0.9299940118991143,7.739269406392694
67853,1.0,17307.0,5.7780088981337034e-05,0.8166326047474531,0.20011512359071387,0.7033248949877022,0.929940314507204,7.745776255707763
67857,1.0,17306.0,5.778342771293193e-05,0.8165854169163688,0.2001729070184268,0.7032842167174563,0.9298866171152812,7.7462328767123285
67867,1.0,17305.0,5.778676683039584e-05,0.8165382290852843,0.2002306937852572,0.7032435384472229,0.9298329197233457,7.747374429223744
67868,1.0,17304.0,5.779010633379565e-05,0.8164910412541998,0.200288483891591,0.7032028601770021,0.9297792223313975,7.747488584474886
67874,1.0,17302.0,5.7796786498670675e-05,0.8164438506958104,0.20034628067808968,0.7031621795535383,0.9297255218380824,7.748173515981735
67886,1.0,17301.0,5.780012716027975e-05,0.816396660137421,0.20040408080524996,0.7031214989300872,0.9296718213447547,7.749543378995434
67896,1.0,17298.0,5.781015146259683e-05,0.8163494641228449,0.20046189095671255,0.7030808135987762,0.9296181146469137,7.750684931506849
67901,1.0,17297.0,5.781349366942244e-05,0.8163022681082689,0.20051970445038197,0.7030401282674777,0.92956440794906,7.7512557077625575
67921,1.0,17296.0,5.781683626271971e-05,0.8162550720936927,0.2005775212866447,0.7029994429361918,0.9295107012511937,7.753538812785388
67922,1.0,17295.0,5.782017924255565e-05,0.8162078760791166,0.20063534146588724,0.7029587576049183,0.9294569945533149,7.75365296803653
67947,1.0,17294.0,5.782352260899734e-05,0.8161606800645406,0.20069316498849624,0.7029180722736578,0.9294032878554234,7.756506849315069
67984,1.0,17291.0,5.783355502862761e-05,0.8161134785909379,0.20075099854352488,0.7028773822320843,0.9293495749497914,7.760730593607306
67987,1.0,17290.0,5.78368999421631e-05,0.8160662771173351,0.20080883544346703,0.7028366921905235,0.9292958620441468,7.76107305936073
68014,1.0,17289.0,5.784024524263983e-05,0.8160190756437324,0.20086667568870967,0.7027960021489753,0.9292421491384896,7.764155251141553
68025,1.0,17287.0,5.78469370046856e-05,0.815971871439669,0.20092452262571436,0.7027553097514588,0.9291884331278791,7.765410958904109
68115,1.0,17284.0,5.785697755149271e-05,0.8159246617734205,0.20098237960326584,0.7027146126409018,0.9291347109059391,7.7756849315068495
68175,1.0,17281.0,5.786702158439905e-05,0.8158774466434064,0.20104024662485023,0.7026739108159396,0.9290809824708733,7.782534246575342
68195,1.0,17280.0,5.787037037037037e-05,0.8158302315133923,0.2010981169952206,0.7026332089909897,0.9290272540357949,7.784817351598173
68198,1.0,17279.0,5.787371954395509e-05,0.8157830163833782,0.20115599071476456,0.7025925071660526,0.9289735256007039,7.785159817351598
68212,1.0,17278.0,5.787706910522051e-05,0.8157358012533642,0.2012138677838698,0.7025518053411282,0.9289197971656002,7.78675799086758
68217,1.0,17277.0,5.7880419054233955e-05,0.8156885861233502,0.20127174820292404,0.7025111035162163,0.928866068730484,7.787328767123288
68233,1.0,17276.0,5.788376939106274e-05,0.815641370993336,0.2013296319723151,0.702470401691317,0.928812340295355,7.789155251141553
68271,1.0,17273.0,5.7893822729114805e-05,0.8155941503963932,0.2013875257950442,0.7024296951492804,0.9287586056435059,7.793493150684932
68278,1.0,17272.0,5.789717461787865e-05,0.8155469297994503,0.20144542296966209,0.7023889886072566,0.928704870991644,7.794292237442923
68323,1.0,17269.0,5.790723261335341e-05,0.8154997037336793,0.20150333020227543,0.702348277346455,0.9286511301209036,7.799429223744292
68352,1.0,17268.0,5.791058605513088e-05,0.8154524776679083,0.20156124078833057,0.702307566085666,0.9285973892501506,7.802739726027397
68394,1.0,17267.0,5.79139398853304e-05,0.8154052516021373,0.2016191547282159,0.7022668548248897,0.9285436483793849,7.807534246575343
68404,1.0,17266.0,5.791729410401946e-05,0.8153580255363663,0.2016770720223199,0.7022261435641262,0.9284899075086064,7.808675799086758
68406,1.0,17265.0,5.792064871126557e-05,0.8153107994705953,0.20173499267103118,0.7021854323033752,0.9284361666378154,7.808904109589041
68415,1.0,17264.0,5.792400370713624e-05,0.8152635734048242,0.2017929166747383,0.7021447210426369,0.9283824257670116,7.809931506849315
68423,1.0,17263.0,5.792735909169901e-05,0.8152163473390532,0.20185084403383,0.7021040097819113,0.9283286848961951,7.810844748858448
68438,1.0,17262.0,5.7930714865021436e-05,0.8151691212732822,0.201908774748695,0.7020632985211984,0.928274944025366,7.812557077625571
68440,1.0,17261.0,5.793407102717108e-05,0.8151218952075112,0.20196670881972217,0.7020225872604983,0.9282212031545242,7.812785388127854
68500,1.0,17257.0,5.794749956539375e-05,0.8150746609318429,0.20202465631928757,0.7019818689158774,0.9281674529478083,7.819634703196347
68511,1.0,17256.0,5.795085767269355e-05,0.8150274266561747,0.20208260717696025,0.7019411505712695,0.9281137027410798,7.820890410958904
68515,1.0,17255.0,5.795421616922631e-05,0.8149801923805063,0.20214056139312947,0.7019004322266741,0.9280599525343386,7.82134703196347
68534,1.0,17253.0,5.79609343302614e-05,0.8149329553670953,0.20219852232745972,0.7018597115198215,0.9280061992143691,7.823515981735159
68542,1.0,17252.0,5.796429399489914e-05,0.8148857183536843,0.20225648662145462,0.7018189908129815,0.9279524458943871,7.824429223744292
68546,1.0,17251.0,5.796765404904064e-05,0.8148384813402733,0.20231445427550365,0.7017782701061543,0.9278986925743922,7.8248858447488585
68548,1.0,17250.0,5.797101449275362e-05,0.8147912443268622,0.2023724252899964,0.7017375493993399,0.9278449392543846,7.825114155251142
68567,1.0,17249.0,5.797437532610586e-05,0.8147440073134512,0.20243039966532253,0.701696828692538,0.9277911859343644,7.827283105022831
68570,1.0,17248.0,5.797773654916512e-05,0.8146967703000402,0.2024883774018717,0.701656107985749,0.9277374326143314,7.827625570776256
68572,1.0,17247.0,5.7981098161999185e-05,0.8146495332866291,0.2025463585000337,0.7016153872789725,0.9276836792942857,7.827853881278539
68582,1.0,17246.0,5.798446016467587e-05,0.8146022962732181,0.20260434296019836,0.7015746665722089,0.9276299259742273,7.828995433789954
68587,1.0,17245.0,5.798782255726298e-05,0.8145550592598071,0.2026623307827556,0.701533945865458,0.9275761726541562,7.8295662100456624
68596,1.0,17244.0,5.7991185339828345e-05,0.8145078222463961,0.20272032196809545,0.7014932251587198,0.9275224193340723,7.830593607305936
68644,1.0,17240.0,5.80046403712297e-05,0.8144605770130872,0.20277832660846667,0.701452497359424,0.9274686566667503,7.83607305936073
68650,1.0,17239.0,5.800800510470445e-05,0.8144133317797783,0.20283633461357137,0.7014117695601412,0.9274148939994153,7.8367579908675795
68670,1.0,17238.0,5.8011370228564796e-05,0.8143660865464694,0.20289434598379993,0.701371041760871,0.9273611313320678,7.839041095890411
68672,1.0,17237.0,5.8014735742878694e-05,0.8143188413131605,0.2029523607195428,0.7013303139616134,0.9273073686647075,7.839269406392694
68682,1.0,17236.0,5.801810164771409e-05,0.8142715960798514,0.20301037882119052,0.7012895861623686,0.9272536059973343,7.840410958904109
68704,1.0,17234.0,5.8024834629221305e-05,0.8142243481051457,0.20306840365581974,0.7012488559977107,0.9271998402125806,7.842922374429223
68720,1.0,17233.0,5.802820170602913e-05,0.8141771001304398,0.20312643185752577,0.7012081258330655,0.927146074427814,7.844748858447488
68754,1.0,17232.0,5.8031569173630455e-05,0.814129852155734,0.2031844634266994,0.701167395668433,0.9270923086430349,7.848630136986301
68758,1.0,17230.0,5.803830528148578e-05,0.8140826014388358,0.20324250173198088,0.7011266631377004,0.9270385397399712,7.849086757990867
68783,1.0,17229.0,5.804167392187591e-05,0.8140353507219377,0.20330054340590276,0.7010859306069807,0.9269847708368947,7.851940639269406
68820,1.0,17226.0,5.8051782189713225e-05,0.8139880945190628,0.20335859518809246,0.7010451933426729,0.9269309956954528,7.8561643835616435
68839,1.0,17225.0,5.8055152394775034e-05,0.813940838316188,0.20341665034048723,0.7010044560783779,0.9268772205539981,7.858333333333333
68873,1.0,17223.0,5.806189397898159e-05,0.8138935793695286,0.2034747122344662,0.7009637164466077,0.9268234422924494,7.8622146118721465
68876,1.0,17222.0,5.806526535826269e-05,0.8138463204228691,0.20353277749982446,0.7009229768148502,0.926769664030888,7.862557077625571
68878,1.0,17221.0,5.806863712908658e-05,0.8137990614762096,0.20359084613695355,0.7008822371831054,0.9267158857693139,7.862785388127854
68881,1.0,17220.0,5.8072009291521487e-05,0.8137518025295502,0.20364891814624508,0.7008414975513735,0.9266621075077268,7.863127853881278
68895,1.0,17219.0,5.807538184563563e-05,0.8137045435828907,0.2037069935280907,0.7008007579196542,0.9266083292461271,7.864726027397261
68906,1.0,17218.0,5.807875479149727e-05,0.8136572846362312,0.2037650722828822,0.7007600182879479,0.9265545509845146,7.865981735159817
68923,1.0,17217.0,5.808212812917465e-05,0.8136100256895717,0.20382315441101137,0.7007192786562543,0.9265007727228892,7.867922374429224
68946,1.0,17216.0,5.808550185873606e-05,0.8135627667429123,0.2038812399128701,0.7006785390245736,0.926446994461251,7.870547945205479
68950,1.0,17215.0,5.808887598024978e-05,0.8135155077962528,0.20393932878885035,0.7006377993929055,0.9263932161996001,7.871004566210046
68953,1.0,17214.0,5.809225049378413e-05,0.8134682488495933,0.20399742103934412,0.7005970597612503,0.9263394379379364,7.87134703196347
68961,1.0,17213.0,5.8095625399407424e-05,0.8134209899029339,0.20405551666474353,0.7005563201296079,0.9262856596762599,7.872260273972603
68968,1.0,17211.0,5.810237638719424e-05,0.8133737282104173,0.20411361904113073,0.7005155781287002,0.9262318782921344,7.873059360730593
69036,1.0,17206.0,5.81192607230036e-05,0.8133264555306422,0.20417173830185373,0.7004748266473857,0.9261780844138987,7.880821917808219
69045,1.0,17205.0,5.812263876780006e-05,0.8132791828508671,0.20422986094062154,0.7004340751660838,0.9261242905356504,7.881849315068493
69062,1.0,17203.0,5.812939603557519e-05,0.8132319074231597,0.20428799033665712,0.7003933213137246,0.9260704935325947,7.8837899543378995
69065,1.0,17202.0,5.813277525869085e-05,0.8131846319954522,0.2043461231119158,0.7003525674613782,0.9260166965295262,7.8841324200913245
69070,1.0,17201.0,5.813615487471659e-05,0.8131373565677448,0.2044042592667905,0.7003118136090446,0.925962899526445,7.884703196347032
69071,1.0,17200.0,5.8139534883720933e-05,0.8130900811400373,0.20446239880167424,0.7002710597567239,0.9259091025233508,7.884817351598174
69094,1.0,17197.0,5.8149677269291154e-05,0.8130428002142283,0.20452054847894355,0.7002303011603435,0.925855299268113,7.887442922374429
69124,1.0,17196.0,5.8153058850895555e-05,0.8129955192884191,0.20457870153779445,0.7001895425639757,0.9258014960128624,7.890867579908676
69133,1.0,17195.0,5.815644082582146e-05,0.8129482383626099,0.20463685797862027,0.7001487839676209,0.9257476927575988,7.89189497716895
69162,1.0,17194.0,5.815982319413749e-05,0.8129009574368007,0.2046950178018144,0.7001080253712789,0.9256938895023225,7.895205479452055
69167,1.0,17193.0,5.816320595591229e-05,0.8128536765109916,0.20475318100777032,0.7000672667749499,0.9256400862470333,7.895776255707762
69168,1.0,17192.0,5.816658911121452e-05,0.8128063955851825,0.20481134759688152,0.7000265081786337,0.9255862829917314,7.895890410958904
69197,1.0,17190.0,5.817335660267598e-05,0.8127591119088833,0.2048695209534842,0.6999857472090509,0.9255324766087156,7.89920091324201
69206,1.0,17188.0,5.8180125669071444e-05,0.8127118254816138,0.20492770107915328,0.6999449838657872,0.9254786670974404,7.900228310502283
69218,1.0,17184.0,5.819366852886406e-05,0.8126645307990322,0.20498589474768214,0.6999042133993802,0.9254248481986842,7.901598173515982
69235,1.0,17181.0,5.820382981200163e-05,0.8126172306109873,0.20504409857749414,0.6998634381825558,0.9253710230394189,7.9035388127853885
69270,1.0,17178.0,5.821399464431249e-05,0.8125699249158767,0.20510231257213846,0.6998226582139297,0.9253171916178236,7.907534246575342
69327,1.0,17175.0,5.8224163027656476e-05,0.812522613712097,0.20516053673516613,0.6997818734921176,0.9252633539320764,7.914041095890411
69328,1.0,17174.0,5.822755327821125e-05,0.8124753025083173,0.20521876428844435,0.6997410887703183,0.9252095162463164,7.914155251141553
69342,1.0,17172.0,5.8234334963894714e-05,0.8124279885494012,0.20527699862340826,0.6997003016712396,0.9251556754275628,7.9157534246575345
69362,1.0,17171.0,5.8237726399161374e-05,0.8123806745904851,0.2053352363498074,0.6996595145721739,0.9251018346087964,7.918036529680365
69372,1.0,17170.0,5.8241118229470004e-05,0.8123333606315689,0.20539347746803688,0.699618727473121,0.9250479937900168,7.919178082191781
69380,1.0,17169.0,5.824451045488963e-05,0.8122860466726528,0.20545172197849176,0.6995779403740812,0.9249941529712244,7.920091324200913
69405,1.0,17167.0,5.8251296091338034e-05,0.8122387299576371,0.2055099732745831,0.6995371508969301,0.9249403090183441,7.9229452054794525
69424,1.0,17165.0,5.825808330905913e-05,0.8121914104860404,0.20556823135789215,0.6994963590412523,0.9248864619308285,7.9251141552511415
69436,1.0,17164.0,5.8261477511069683e-05,0.8121440910144436,0.2056264928354032,0.6994555671855874,0.9248326148432998,7.926484018264841
69450,1.0,17163.0,5.826487210860572e-05,0.8120967715428469,0.20568475770751182,0.6994147753299353,0.9247787677557584,7.928082191780822
69461,1.0,17162.0,5.82682671017364e-05,0.8120494520712501,0.20574302597461355,0.6993739834742964,0.9247249206682039,7.929337899543379
69493,1.0,17160.0,5.8275058275058275e-05,0.8120021298421084,0.2058013010328886,0.6993331892392979,0.9246710704449189,7.932990867579909
69516,1.0,17159.0,5.8278454455387845e-05,0.8119548076129667,0.20585957948734399,0.6992923950043124,0.924617220221621,7.935616438356164
69525,1.0,17158.0,5.828185103158876e-05,0.811907485383825,0.20591786133837559,0.6992516007693398,0.9245633699983101,7.936643835616438
69543,1.0,17157.0,5.828524800373026e-05,0.8118601631546832,0.2059761465863793,0.6992108065343802,0.9245095197749863,7.938698630136987
69546,1.0,17156.0,5.8288645371881555e-05,0.8118128409255416,0.2060344352317512,0.6991700122994335,0.9244556695516497,7.939041095890411
69548,1.0,17155.0,5.829204313611192e-05,0.8117655186963999,0.2060927272748873,0.6991292180644998,0.9244018193283,7.939269406392694
69562,1.0,17153.0,5.829883985308692e-05,0.8117181937084271,0.2061510261147404,0.6990884214490959,0.9243479659677584,7.940867579908676
69573,1.0,17152.0,5.830223880597015e-05,0.8116708687204544,0.20620932835354636,0.6990476248337051,0.9242941126072036,7.942123287671233
69582,1.0,17151.0,5.830563815520961e-05,0.8116235437324816,0.20626763399170156,0.699006828218327,0.9242402592466361,7.943150684931507
69586,1.0,17150.0,5.830903790087464e-05,0.8115762187445089,0.20632594302960244,0.6989660316029622,0.9241864058860556,7.943607305936073
69593,1.0,17149.0,5.831243804303458e-05,0.8115288937565363,0.20638425546764547,0.6989252349876103,0.9241325525254622,7.944406392694064
69625,1.0,17148.0,5.831583858175881e-05,0.8114815687685635,0.20644257130622723,0.6988844383722712,0.9240786991648557,7.948059360730594
69697,1.0,17144.0,5.832944470368642e-05,0.8114342354992699,0.20650090075093092,0.6988436346113265,0.9240248363872132,7.956278538812786
69761,1.0,17141.0,5.833965346245843e-05,0.8113868967071632,0.20655924040439338,0.69880282608498,0.9239709673293465,7.963584474885844
69768,1.0,17140.0,5.8343057176196036e-05,0.8113395579150566,0.20661758346156958,0.6987620175586465,0.9239170982714667,7.964383561643835
69807,1.0,17138.0,5.834986579530867e-05,0.8112922163607378,0.2066759333273649,0.6987212066489228,0.9238632260725528,7.968835616438356
69808,1.0,17137.0,5.835327070082278e-05,0.811244874806419,0.20673428659806573,0.6986803957392121,0.923809353873626,7.9689497716894975
69824,1.0,17136.0,5.835667600373483e-05,0.8111975332521003,0.20679264327406946,0.6986395848295145,0.9237554816746861,7.970776255707762
69827,1.0,17135.0,5.8360081704114384e-05,0.8111501916977816,0.20685100335577358,0.6985987739198298,0.9237016094757333,7.971118721461187
69842,1.0,17134.0,5.836348780203105e-05,0.8111028501434627,0.2069093668435756,0.698557963010158,0.9236477372767674,7.972831050228311
69855,1.0,17133.0,5.836689429755443e-05,0.811055508589144,0.20696773373787317,0.6985171521004994,0.9235938650777886,7.9743150684931505
69883,1.0,17131.0,5.837370848169984e-05,0.8110081642713232,0.20702610744635486,0.6984763388063364,0.9235399897363099,7.977511415525115
69903,1.0,17128.0,5.838393274170948e-05,0.8109608144252074,0.20708449137909657,0.6984355207420373,0.9234861081083775,7.979794520547945
69907,1.0,17127.0,5.8387341624335844e-05,0.8109134645790916,0.2071428787207209,0.6983947026777511,0.9234322264804322,7.980251141552511
69908,1.0,17126.0,5.839075090505664e-05,0.8108661147329759,0.20720126947162595,0.6983538846134779,0.9233783448524738,7.980365296803653
69909,1.0,17125.0,5.839416058394161e-05,0.8108187648868601,0.2072596636322099,0.6983130665492179,0.9233244632245023,7.980479452054794
69910,1.0,17124.0,5.83975706610605e-05,0.8107714150407443,0.20731806120287097,0.6982722484849707,0.923270581596518,7.980593607305936
69967,1.0,17122.0,5.8404392010279176e-05,0.8107240624291896,0.20737646559488124,0.6982314280345465,0.9232166968238327,7.987100456621005
69968,1.0,17121.0,5.8407803282518544e-05,0.8106767098176348,0.20743487339816374,0.6981906075841354,0.9231628120511343,7.9872146118721465
69982,1.0,17120.0,5.841121495327103e-05,0.8106293572060801,0.207493284613117,0.6981497871337373,0.9231089272784229,7.988812785388128
69992,1.0,17119.0,5.841462702260646e-05,0.8105820045945253,0.2075516992401396,0.6981089666833523,0.9230550425056984,7.989954337899543
70015,1.0,17118.0,5.8418039490594695e-05,0.8105346519829706,0.2076101172796302,0.6980681462329803,0.9230011577329609,7.992579908675799
70019,1.0,17117.0,5.84214523573056e-05,0.8104872993714158,0.20766853873198748,0.6980273257826213,0.9229472729602104,7.993036529680365
70022,1.0,17116.0,5.842486562280907e-05,0.8104399467598611,0.20772696359761028,0.6979865053322754,0.9228933881874468,7.99337899543379
70064,1.0,17093.0,5.8503480957116946e-05,0.8103925332018689,0.2077854670785674,0.6979456322935385,0.9228394341101993,7.998173515981735
70067,1.0,17069.0,5.8585740230827815e-05,0.8103450557554337,0.20784405281879823,0.6979047041277249,0.9227854073831425,7.99851598173516
70125,1.0,16995.0,5.8840835539864665e-05,0.8102973743752775,0.2079028936543381,0.6978635999937483,0.9227311487568067,8.00513698630137
70162,1.0,16992.0,5.885122410546139e-05,0.810249687382906,0.20796174487844354,0.6978224910171557,0.9226768837486564,8.009360730593608
70179,1.0,16985.0,5.88754783632617e-05,0.8102019835449676,0.2080206203568068,0.6977813675049831,0.9226225995849522,8.011301369863014
70188,1.0,16984.0,5.8878944889307586e-05,0.8101542797070292,0.2080794993016961,0.6977402439928241,0.9225683154212344,8.012328767123288
70192,1.0,16979.0,5.889628364450203e-05,0.8101065646307758,0.2081383955853406,0.6976991107834278,0.9225140184781238,8.012785388127854
70198,1.0,16971.0,5.8924046903541334e-05,0.8100588298735646,0.20819731963224417,0.6976579605918454,0.9224596991552838,8.013470319634703
70200,1.0,16970.0,5.8927519151443724e-05,0.8100110951163534,0.2082562471513956,0.6976168104002765,0.9224053798324303,8.013698630136986
70233,1.0,16921.0,5.9098162047160334e-05,0.8099632249493942,0.20831534531344276,0.6975755433667103,0.9223509065320781,8.017465753424657
70237,1.0,16911.0,5.913310862752055e-05,0.809915329306029,0.20837447842207027,0.6975342543500717,0.9222964042619864,8.017922374429224
70250,1.0,16900.0,5.9171597633136094e-05,0.8098674053220465,0.2084336500197034,0.6974929408788617,0.9222418697652313,8.019406392694064
70254,1.0,16899.0,5.9175099118291023e-05,0.8098194813380639,0.2084928251188217,0.6974516274076656,0.9221873352684622,8.01986301369863
70257,1.0,16898.0,5.917860101787194e-05,0.8097715573540812,0.20855200371983956,0.6974103139364831,0.9221328007716794,8.020205479452056
70270,1.0,16897.0,5.918210333195242e-05,0.8097236333700986,0.2086111858231715,0.6973690004653142,0.9220782662748829,8.021689497716896
70273,1.0,16896.0,5.918560606060606e-05,0.809675709386116,0.20867037142923212,0.6973276869941593,0.9220237317780727,8.022031963470319
70300,1.0,16239.0,6.158014656074881e-05,0.8096258494372653,0.20873195157579286,0.6972847029499244,0.9219669959246063,8.025114155251142
70325,1.0,16113.0,6.206168931918326e-05,0.8095756026893327,0.20879401326511204,0.697241385115601,0.9219098202630645,8.02796803652968
70342,1.0,16112.0,6.206554121151936e-05,0.8095253559414002,0.20885607880632356,0.6971980672812943,0.9218526446015061,8.029908675799087
70353,1.0,16110.0,6.207324643078833e-05,0.8094751060744888,0.20891815205275435,0.6971547467554455,0.9217954653935321,8.031164383561643
70363,1.0,16109.0,6.207709975789931e-05,0.8094248562075774,0.20898022915251224,0.6971114262296133,0.9217382861855415,8.03230593607306
70377,1.0,16108.0,6.208095356344674e-05,0.8093746063406662,0.20904231010607568,0.6970681057037977,0.9216811069775346,8.033904109589042
70399,1.0,16099.0,6.211565935772408e-05,0.8093243315033258,0.20910442576543342,0.6970247636294634,0.9216238993771882,8.036415525114155
70417,1.0,16063.0,6.225487144369047e-05,0.8092739471211118,0.2091666806368771,0.6969813270218073,0.9215665672204163,8.038470319634703
70419,1.0,16062.0,6.225874735400324e-05,0.8092235627388978,0.2092289393842311,0.696937890414168,0.9215092350636277,8.038698630136986
70458,1.0,15963.0,6.264486625321055e-05,0.8091728690370411,0.2092915842504843,0.6968941868724216,0.9214515512016607,8.043150684931506
70459,1.0,15927.0,6.278646323852578e-05,0.8091220639344457,0.20935437071372281,0.6968503871941906,0.9213937406747009,8.043264840182648
70471,1.0,15429.0,6.481301445330222e-05,0.8090696222944215,0.2094191837281761,0.6968051751694591,0.9213340694193839,8.044634703196348
70472,1.0,15409.0,6.48971380362126e-05,0.8090171159914625,0.2094840808662123,0.6967599073381674,0.9212743246447577,8.04474885844749
70484,1.0,15335.0,6.521030322791e-05,0.8089643597400121,0.2095492911694402,0.6967144237904506,0.9212142956895737,8.046118721461188
70500,1.0,15334.0,6.521455588887439e-05,0.8089116034885617,0.20961450572532908,0.6966689402427542,0.9211542667343693,8.047945205479452
70537,1.0,15333.0,6.521880910454576e-05,0.8088588472371113,0.20967972453443362,0.6966234566950779,0.9210942377791448,8.052168949771689
70543,1.0,15332.0,6.522306287503261e-05,0.8088060909856609,0.20974494759730866,0.6965779731474218,0.9210342088239001,8.052853881278539
70560,2.0,15331.0,0.00013045463440088708,0.8087005784827602,0.20987540223170956,0.6964870060521704,0.92091415091335,8.054794520547945
70578,1.0,15328.0,6.524008350730688e-05,0.8086478187894877,0.20994064231521686,0.6964415195341164,0.920854118044859,8.056849315068494
70583,1.0,15327.0,6.524434005350036e-05,0.808595059096215,0.21000588665527037,0.6963960330160823,0.9207940851763476,8.0574200913242
70584,1.0,15326.0,6.524859715516116e-05,0.8085422994029423,0.21007113525242552,0.6963505464980686,0.920734052307816,8.057534246575342
70592,1.0,15325.0,6.525285481239805e-05,0.8084895397096696,0.21013638810723792,0.6963050599800752,0.9206740194392641,8.058447488584475
70605,1.0,15323.0,6.52613717940351e-05,0.808436776573227,0.21020164947903194,0.6962595704904788,0.9206139826559752,8.059931506849315
70614,1.0,15322.0,6.526563111865292e-05,0.8083840134367845,0.2102669151101506,0.6962140810009029,0.920553945872666,8.060958904109588
70634,1.0,15320.0,6.527415143603133e-05,0.808331246856273,0.21033218926158664,0.6961685885389474,0.9204939051735986,8.06324200913242
70705,1.0,15317.0,6.528693608408957e-05,0.8082784733858247,0.21039747619767074,0.6961230901306583,0.9204338566409911,8.07134703196347
70725,1.0,15315.0,6.52954619653934e-05,0.8082256964695083,0.21046277165963614,0.6960775887484354,0.9203738041905811,8.073630136986301
70770,1.0,15312.0,6.530825496342738e-05,0.8081729126596552,0.21052807991459957,0.6960320814167689,0.9203137439025415,8.07876712328767
70815,1.0,15311.0,6.531252041016262e-05,0.8081201288498021,0.21059339243500974,0.6959865740851227,0.9202536836144816,8.08390410958904
70827,1.0,15310.0,6.531678641410843e-05,0.8080673450399491,0.21065870922142385,0.6959410667534969,0.9201936233264014,8.08527397260274
70838,1.0,15309.0,6.532105297537396e-05,0.8080145612300961,0.21072403027439923,0.6958955594218913,0.9201335630383009,8.086529680365297
70867,1.0,15308.0,6.532532009406845e-05,0.807961777420243,0.2107893555944933,0.695850052090306,0.92007350275018,8.089840182648402
70874,1.0,15307.0,6.532958777030116e-05,0.80790899361039,0.2108546851822636,0.6958045447587412,0.9200134424620389,8.090639269406394
70882,1.0,15306.0,6.533385600418136e-05,0.8078562098005371,0.2109200190382678,0.6957590374271967,0.9199533821738775,8.091552511415525
70886,1.0,15305.0,6.533812479581836e-05,0.8078034259906841,0.2109853571630636,0.6957135300956726,0.9198933218856956,8.092009132420092
70887,1.0,15304.0,6.534239414532148e-05,0.807750642180831,0.21105069955720893,0.6956680227641686,0.9198332615974935,8.092123287671233
70891,1.0,15303.0,6.53466640528001e-05,0.8076978583709781,0.21111604622126173,0.6956225154326852,0.919773201309271,8.092579908675798
70894,1.0,15302.0,6.535093451836362e-05,0.8076450745611251,0.2111813971557801,0.695577008101222,0.9197131410210282,8.092922374429223
70898,1.0,15300.0,6.535947712418301e-05,0.8075922873013499,0.2112467566329043,0.6955314977923225,0.9196530768103773,8.09337899543379
70940,1.0,15111.0,6.617695718350871e-05,0.8075388433011315,0.2113129335900878,0.6954854206758779,0.919592265926385,8.098173515981735
70989,1.0,14957.0,6.685832720465334e-05,0.8074848526049155,0.21137979191729245,0.6954388717157327,0.9195308334940984,8.103767123287671
71000,1.0,14845.0,6.736274840013472e-05,0.8074304582059526,0.21144715466569258,0.6953919743202512,0.919468942091654,8.105022831050228
71150,1.0,14810.0,6.75219446320054e-05,0.8073759389312595,0.21151467661032458,0.6953449691435598,0.9194069087189591,8.122146118721462
71203,1.0,14635.0,6.83293474547318e-05,0.8073207714602016,0.21158300595777932,0.6952974044948381,0.9193441384255652,8.128196347031963
71226,1.0,14204.0,7.0402703463813e-05,0.8072639338953284,0.21165340866124313,0.695248398286195,0.9192794695044617,8.13082191780822
71277,1.0,14083.0,7.100759781296599e-05,0.8072066120225814,0.2117244162590561,0.6951989740239588,0.9192142500212039,8.136643835616438
71282,1.0,14082.0,7.10126402499645e-05,0.8071492901498344,0.21179542889930608,0.6951495497617509,0.9191490305379179,8.137214611872146
71353,1.0,14076.0,7.104290991759022e-05,0.8070919479155243,0.21186647180922366,0.6951001079233305,0.919083787907718,8.145319634703196
71372,1.0,14075.0,7.104795737122558e-05,0.8070346056812141,0.2119375197665949,0.6950506660849384,0.9190185452774898,8.147488584474885
71401,1.0,14005.0,7.140307033202428e-05,0.8069769809325043,0.2120089228369269,0.6950009803767007,0.9189529814883078,8.15079908675799
71418,1.0,13854.0,7.218131947451999e-05,0.8069187322692349,0.2120811041564014,0.6949507560880936,0.9188867084503762,8.152739726027397
71421,1.0,13788.0,7.25268349289237e-05,0.8068602090075385,0.21215363099133033,0.6949002947542663,0.9188201232608108,8.153082191780822
71429,1.0,13540.0,7.385524372230428e-05,0.8068006181501525,0.21222748623505264,0.694848911800991,0.918752324499314,8.153995433789955
71436,1.0,13341.0,7.495689978262499e-05,0.8067401428770732,0.21230244313483526,0.6947967653317197,0.9186835204224266,8.154794520547945
71439,1.0,13303.0,7.517101405697962e-05,0.8066794994024526,0.21237761414889225,0.6947444736510497,0.9186145251538556,8.15513698630137
71446,1.0,13255.0,7.544322897019993e-05,0.8066186408962737,0.21245305737786246,0.6946919963283498,0.9185452854641976,8.15593607305936
71491,2.0,12818.0,0.00015603058199407084,0.8064927837202873,0.21260908795985653,0.6945834672146718,0.9184021002259029,8.161073059360731
71512,1.0,12626.0,7.92016473942658e-05,0.8064289081632051,0.2126882896072508,0.6945283850296474,0.9183294312967628,8.163470319634703
71543,1.0,12586.0,7.94533608771651e-05,0.8063648346761431,0.21276774296812798,0.6944731319448522,0.918256537407434,8.167009132420091
71549,1.0,12585.0,7.945967421533571e-05,0.806300761189081,0.2128472026423433,0.6944178788601013,0.9181836435180607,8.167694063926941
71589,1.0,12287.0,8.13868316106454e-05,0.8062351389248026,0.21292858947395396,0.6943612884591144,0.9181089893904908,8.172260273972602
71608,1.0,12101.0,8.263779852904718e-05,0.8061685134278251,0.213011227272483,0.694303831756926,0.9180331950987243,8.174429223744292
71610,1.0,12071.0,8.284317786430287e-05,0.8061017278662787,0.2130940704503473,0.6942462368342563,0.917957218898301,8.174657534246576
71653,1.0,11851.0,8.43810648890389e-05,0.8060337081440724,0.21317845151523634,0.6941875761474072,0.9178798401407375,8.179566210045662
71661,1.0,11850.0,8.438818565400843e-05,0.8059656884218661,0.21326283970089036,0.6941289154606147,0.9178024613831175,8.180479452054794
71704,1.0,11848.0,8.440243079000676e-05,0.80589766295863,0.21334724213168035,0.6940702498160666,0.9177250761011934,8.185388127853882
71716,1.0,11847.0,8.44095551616443e-05,0.8058296374953938,0.213431651686842,0.6940115841715749,0.9176476908192127,8.18675799086758
71729,1.0,11846.0,8.441668073611346e-05,0.8057616120321577,0.2135160683675781,0.6939529185271399,0.9175703055371754,8.18824200913242
71730,1.0,11845.0,8.442380751371887e-05,0.8056935865689215,0.21360049217509183,0.6938942528827613,0.9174929202550818,8.188356164383562
71760,1.0,11844.0,8.443093549476529e-05,0.8056255611056854,0.2136849231105866,0.6938355872384392,0.9174155349729316,8.191780821917808
71775,1.0,11843.0,8.443806467955755e-05,0.8055575356424493,0.21376936117526615,0.6937769215941737,0.9173381496907248,8.193493150684931
71788,1.0,11841.0,8.445232666159953e-05,0.8054895044343044,0.21385381350192775,0.6937182509887987,0.9172607578798102,8.194977168949771
71789,1.0,11840.0,8.445945945945946e-05,0.8054214732261596,0.2139382729613872,0.6936595803834802,0.9171833660688391,8.195091324200913
71824,1.0,11838.0,8.447372867038352e-05,0.8053534362711651,0.21402274669005758,0.6936009048153737,0.9171059677269564,8.199086757990868
71842,1.0,11835.0,8.449514152936207e-05,0.8052853878185862,0.21410724183158694,0.6935422193182753,0.917028556318897,8.201141552511416
71865,1.0,11834.0,8.450228156160216e-05,0.8052173393660073,0.21419174411314854,0.6934835338212335,0.916951144910781,8.20376712328767
71882,1.0,11833.0,8.450942280064228e-05,0.8051492909134284,0.21427625353594917,0.6934248483242486,0.9168737335026081,8.205707762557077
71889,1.0,11832.0,8.451656524678837e-05,0.8050812424608494,0.21436077010119597,0.6933661628273202,0.9167963220943787,8.206506849315069
71944,1.0,11830.0,8.4530853761623e-05,0.8050131882560768,0.2144453009549576,0.6933074723629828,0.9167189041491708,8.212785388127854
71953,2.0,11830.0,0.000169061707523246,0.8048770913518914,0.21461436266248082,0.6931901013702509,0.916564081333532,8.213812785388129
71961,1.0,11828.0,8.454514710855597e-05,0.8048090428997988,0.2146989078095894,0.6931314158739702,0.9164866699256274,8.21472602739726
71978,1.0,11827.0,8.45522955948254e-05,0.8047409944477062,0.2147834601051842,0.6930727303777462,0.9164092585176662,8.216666666666667
71979,1.0,11826.0,8.455944529003889e-05,0.8046729459956136,0.21486801955047424,0.6930140448815791,0.916331847109648,8.216780821917808
72019,1.0,11824.0,8.457374830852504e-05,0.8046048917884082,0.21495259329878277,0.692955354415479,0.9162544291613375,8.22134703196347
72063,1.0,11823.0,8.45809016324114e-05,0.8045368375812029,0.21503717420041518,0.6928966639494356,0.9161770112129701,8.226369863013698
72070,1.0,11822.0,8.45880561664693e-05,0.8044687833739975,0.21512176225658164,0.6928379734834491,0.9160995932645459,8.22716894977169
72109,1.0,11820.0,8.460236886632826e-05,0.8044007234092451,0.21520636462544795,0.6927792780454245,0.9160221687730656,8.23162100456621
72123,1.0,11815.0,8.463817181548878e-05,0.8043326404026087,0.21529100279726343,0.6927205627089631,0.9159447180962542,8.233219178082193
72131,1.0,11813.0,8.465250148141877e-05,0.8042645516325755,0.21537565529874486,0.6926618423954053,0.9158672608697457,8.234132420091324
72137,1.0,11812.0,8.465966813410092e-05,0.8041964628625422,0.21546031496687895,0.6926031220819043,0.9157898036431801,8.234817351598174
72170,1.0,11810.0,8.467400508044031e-05,0.8041283683271602,0.2155449889719594,0.6925443967896191,0.9157123398647012,8.238584474885844
72175,1.0,11808.0,8.468834688346883e-05,0.8040602680249644,0.21562967731884286,0.6924856665172826,0.9156348695326463,8.239155251141552
72203,1.0,11806.0,8.470269354565475e-05,0.8039921619544896,0.21571438001238852,0.6924269312636279,0.9155573926453514,8.242351598173515
72235,1.0,11751.0,8.509914049868096e-05,0.8039237429125397,0.2157994791528872,0.6923679257321048,0.9154795600929745,8.246004566210045
72249,1.0,11445.0,8.737439930100481e-05,0.8038535005584189,0.2158868535521882,0.6923073455457076,0.9153996555711301,8.247602739726027
72252,1.0,11395.0,8.775778850372971e-05,0.8037829561529288,0.21597461134069193,0.6922465044896801,0.9153194078161776,8.247945205479452
72269,1.0,11207.0,8.92299455697332e-05,0.8037112346435015,0.21606384128626166,0.6921846467859879,0.915237822501015,8.249885844748858
72348,1.0,11062.0,9.03995660820828e-05,0.8036385794966344,0.21615424085234375,0.6921219826791062,0.9151551763141627,8.258904109589041
72352,1.0,11061.0,9.040773890245005e-05,0.8035659243497674,0.2162446485912462,0.6920593185722985,0.9150725301272362,8.259360730593608
72353,1.0,11060.0,9.041591320072333e-05,0.8034932692029003,0.21633506450444692,0.691996654465565,0.9149898839402356,8.25947488584475
72356,1.0,11059.0,9.042408897730355e-05,0.8034206140560333,0.21642548859342423,0.6919339903589058,0.9149072377531607,8.259817351598173
72360,1.0,11058.0,9.043226623259179e-05,0.8033479589091662,0.21651592085965682,0.6918713262523206,0.9148245915660118,8.26027397260274
72500,1.0,10231.0,9.77421561919656e-05,0.8032694379474901,0.21661366301584878,0.6918035950216705,0.9147352808733096,8.276255707762557
72505,1.0,10230.0,9.775171065493646e-05,0.8031909169858138,0.2167114147265037,0.6917358637911215,0.9146459701805061,8.276826484018265
72507,1.0,10229.0,9.776126698602014e-05,0.8031123960241376,0.21680917599348973,0.6916681325606739,0.9145566594876013,8.277054794520549
72531,1.0,10228.0,9.777082518576456e-05,0.8030338750624614,0.2169069468186755,0.6916004013303276,0.9144673487945951,8.279794520547945
72569,1.0,10226.0,9.778994719342852e-05,0.8029553464222244,0.21700473676586893,0.6915326634662554,0.9143780293781935,8.284132420091325
72570,1.0,10225.0,9.779951100244499e-05,0.8028768177819876,0.21710253627687137,0.6914649256022847,0.9142887099616905,8.284246575342467
72579,1.0,10224.0,9.780907668231612e-05,0.8027982891417507,0.21720034535355368,0.6913971877384154,0.9141993905450859,8.28527397260274
72594,1.0,10222.0,9.782821365681862e-05,0.8027197528191972,0.21729817356721048,0.6913294432375705,0.9141100624008238,8.286986301369863
72649,1.0,10214.0,9.790483649892304e-05,0.8026411626730429,0.21739607840370942,0.6912616522362857,0.9140206731098001,8.293264840182648
72667,1.0,10213.0,9.791442279447762e-05,0.8025625725268887,0.2174939928265039,0.6911938612351028,0.9139312838186745,8.295319634703196
72728,1.0,10203.0,9.801038910124473e-05,0.8024839130568772,0.21759200321560512,0.6911260103419716,0.9138418157717827,8.30228310502283
72766,1.0,10039.0,9.961151509114453e-05,0.8024039764184613,0.21769161473069626,0.691057056014931,0.9137508968219916,8.30662100456621
72850,1.0,9274.0,0.00010782833728703904,0.8023174545318515,0.2177994430679833,0.6909824113431374,0.9136524977205657,8.3162100456621
72890,1.0,9271.0,0.00010786322942508899,0.8022309139801815,0.21790730629740837,0.6909077505407955,0.9135540774195676,8.320776255707763
72908,1.0,9270.0,0.00010787486515641856,0.8021443734285116,0.2180151811625648,0.6908330897386036,0.9134556571184197,8.322831050228311
72968,1.0,8896.0,0.00011241007194244605,0.8020542043217863,0.21812759123450726,0.6907552928411096,0.913353115802463,8.329680365296804
72977,1.0,8772.0,0.00011399908800729594,0.8019627708739613,0.21824159032251456,0.6906764030893479,0.9132491386585747,8.330707762557077
72990,1.0,8544.0,0.00011704119850187266,0.8018689081901044,0.21835863152101642,0.6905954134315606,0.9131424029486481,8.332191780821917
72993,1.0,8522.0,0.00011734334663224596,0.801774814208857,0.21847597486764866,0.6905142238227508,0.9130354045949631,8.332534246575342
73024,1.0,8512.0,0.00011748120300751879,0.8016806207391426,0.2185934560706562,0.690432948208092,0.9129282932701932,8.33607305936073
73042,1.0,8511.0,0.00011749500646222535,0.8015864272694282,0.2187109510771184,0.690351672593644,0.9128211819452123,8.338127853881279
73050,1.0,8510.0,0.00011750881316098707,0.8014922337997138,0.2188284598902794,0.6902703969794072,0.9127140706200204,8.33904109589041
73078,1.0,8505.0,0.00011757789535567314,0.8013979960297197,0.2189460377856351,0.6901890830684209,0.9126069089910186,8.342237442922375
73111,1.0,8178.0,0.00012227928588897041,0.8013000016550524,0.21906831707152408,0.6901045213791234,0.9124954819309815,8.346004566210045
73115,1.0,8074.0,0.00012385434728758978,0.801200757166366,0.21919217141881167,0.6900188787936571,0.9123826355390748,8.346461187214611
73125,1.0,7597.0,0.00013163090693694878,0.8010952943840616,0.2193238023257486,0.6899278588302605,0.9122627299378626,8.347602739726028
73171,1.0,7263.0,0.00013768415255404102,0.8009849962573393,0.21946148647830266,0.6898326564939622,0.9121373360207164,8.35285388127854
73179,1.0,7260.0,0.0001377410468319559,0.8008746677454581,0.2195992275251346,0.6897374278735915,0.9120119076173248,8.353767123287671
73194,1.0,7259.0,0.00013776002204160352,0.8007643392335769,0.21973698754717622,0.689642199253619,0.9118864792135348,8.355479452054794
73199,1.0,7258.0,0.00013777900248002206,0.8006540107216957,0.21987476654965624,0.689546970634045,0.9117610508093464,8.356050228310503
73215,1.0,7257.0,0.00013779798814937303,0.8005436822098145,0.2200125645378056,0.6894517420148696,0.9116356224047595,8.357876712328768
73233,1.0,7256.0,0.0001378169790518192,0.8004333536979333,0.22015038151685742,0.6893565133960928,0.9115101939997738,8.359931506849316
73242,1.0,7255.0,0.00013783597518952445,0.8003230251860521,0.22028821749204694,0.6892612847777149,0.9113847655943894,8.360958904109589
73246,1.0,7254.0,0.00013785497656465398,0.800212696674171,0.2204260724686116,0.6891660561597361,0.911259337188606,8.361415525114156
73364,1.0,7210.0,0.00013869625520110957,0.8001017101697779,0.2205647687238127,0.6890702583413088,0.9111331619982471,8.374885844748858
73375,1.0,7209.0,0.00013871549452073797,0.7999907236653848,0.22070348421833344,0.6889744605232904,0.9110069868074793,8.376141552511415
73414,1.0,7195.0,0.0001389854065323141,0.7998795366294341,0.22084246962486576,0.6888784892314266,0.9108805840274417,8.380593607305936
73429,1.0,7052.0,0.00014180374361883155,0.799766110716696,0.22098427336848459,0.6887805810550549,0.9107516403783371,8.38230593607306
73480,1.0,7002.0,0.00014281633818908883,0.7996518910493556,0.22112708970667366,0.6886819861485911,0.9106217959501202,8.38812785388128
73508,1.0,6981.0,0.00014324595330181923,0.7995373441519127,0.22127033565997548,0.6885831081273591,0.9104915801764663,8.391324200913242
73588,1.0,6979.0,0.0001432870038687491,0.799422780841388,0.22141362266384423,0.688484215906105,0.9103613457766709,8.400456621004567
73601,1.0,6978.0,0.00014330753797649757,0.7993082175308632,0.22155693020182074,0.6883853236853164,0.9102311113764101,8.401940639269407
73690,1.0,6975.0,0.00014336917562724014,0.7991936213706438,0.22170029937744798,0.6882864030436142,0.9101008396976733,8.412100456621005
73700,1.0,6974.0,0.00014338973329509606,0.7990790252104243,0.22184368911074306,0.6881874824023786,0.90997056801847,8.41324200913242
73733,1.0,6973.0,0.0001434102968593145,0.7989644290502048,0.2219870994076024,0.6880885617616095,0.9098402963388001,8.417009132420091
73770,1.0,6890.0,0.00014513788098693758,0.7988484690459885,0.22213223728858933,0.6879884610966871,0.9097084769952899,8.42123287671233
73813,1.0,6634.0,0.00015073861923424781,0.7987280517307871,0.2222829759078236,0.687884503428416,0.9095716000331582,8.426141552511416
74009,1.0,6323.0,0.00015815277558121145,0.7986017306724713,0.2224411286834048,0.687775436067372,0.9094280252775706,8.44851598173516
74020,1.0,6321.0,0.00015820281601012498,0.7984753896298084,0.2225993314994149,0.687666351408495,0.9092844278511217,8.449771689497718
74034,1.0,6320.0,0.00015822784810126583,0.7983490485871454,0.22275755934751618,0.6875572667503089,0.9091408304239819,8.4513698630137
74046,1.0,6319.0,0.0001582528881152081,0.7982227075444824,0.2229158122356314,0.6874481820928142,0.9089972329961507,8.452739726027398
74279,1.0,5438.0,0.00018389113644722325,0.7980759214636541,0.22309970337207863,0.6873213928615765,0.9088304500657318,8.47933789954338
74319,1.0,5388.0,0.0001855976243504083,0.7979278004685791,0.22328530099642904,0.6871934471452201,0.9086621537919382,8.48390410958904
74349,1.0,5098.0,0.00019615535504119262,0.797771282657581,0.22348145635147024,0.6870582255317318,0.9084843397834302,8.487328767123287
74582,1.0,4294.0,0.0002328830926874709,0.7975854952140184,0.2237143394441577,0.6868976224417357,0.9082733679863012,8.51392694063927
74896,1.0,3478.0,0.0002875215641173088,0.7973561721849173,0.22400186100827502,0.6866992119730502,0.9080131323967844,8.549771689497717
74931,1.0,3477.0,0.0002876042565429968,0.7971268491558161,0.22428946526481802,0.6865008015118952,0.907752896799737,8.55376712328767
75052,1.0,2718.0,0.0003679175864606328,0.7968335721693718,0.22465738285127865,0.6862467323882562,0.9074204119504874,8.5675799086758
75112,1.0,2717.0,0.000368052999631947,0.7965402951829275,0.2250254358509106,0.6859926632847992,0.9070879270810557,8.574429223744293
75673,2.0,877.0,0.002280501710376283,0.7947237836773792,0.22730593756128686,0.684399592780675,0.9050479745740834,8.638470319634703
