t,d,n_at_risk,hazard_increment,survival,cum_hazard,survival_lo,survival_hi,age_years
193,1.0,95.0,0.010526315789473684,0.9894736842105263,0.010526315789473684,0.9689509797906635,1.0,0.022031963470319636
265,1.0,94.0,0.010638297872340425,0.9789473684210527,0.02116461366181411,0.950078674527888,1.0,0.030251141552511414
810,1.0,117.0,0.008547008547008548,0.9705802968960865,0.029711622208822657,0.9376279095571184,1.0,0.09246575342465753
1000,1.0,125.0,0.008,0.9628156545209178,0.037711622208822654,0.926783564662093,0.9988477443797426,0.1141552511415525
6399,1.0,274.0,0.0036496350364963502,0.959301728774491,0.04136125724531901,0.9227488387131456,0.9958546188358365,0.7304794520547945
8324,1.0,335.0,0.0029850746268656717,0.9564381415244179,0.04434633187218468,0.9195659776196838,0.9933103054291519,0.9502283105022831
8381,1.0,339.0,0.0029498525073746312,0.9536167900744933,0.04729618437955931,0.9164410406772651,0.9907925394717215,0.9567351598173516
8410,1.0,339.0,0.0029498525073746312,0.9508037611952175,0.050246036886933944,0.9133310487830305,0.9882764736074044,0.9600456621004566
12073,1.0,472.0,0.00211864406779661,0.9487893464469225,0.052364680954730555,0.9111885999792736,0.9863900929145714,1.3781963470319634
13835,1.0,550.0,0.0018181818181818182,0.9470642749079281,0.05418286277291237,0.9093801803503386,0.9847483694655176,1.5793378995433789
14689,1.0,576.0,0.001736111111111111,0.945420066097324,0.05591897388402348,0.9076638503254681,0.9831762818691798,1.676826484018265
15142,1.0,587.0,0.0017035775127768314,0.9438094697325926,0.057622551396800316,0.9059858372804437,0.9816331021847415,1.7285388127853882
19839,1.0,829.0,0.0012062726176115801,0.9426709782130117,0.0588288240144119,0.9048272054899492,0.9805147509360742,2.2647260273972605
21512,1.0,6219.0,0.00016079755587715066,0.9425193990237187,0.05898962157028905,0.9046805453213157,0.9803582527261218,2.455707762557078
21827,1.0,6420.0,0.00015576323987538941,0.9423725891484813,0.05914538481016444,0.904538535270146,0.9802066430268166,2.4916666666666667
21940,1.0,6422.0,0.00015571473061351605,0.9422258478546245,0.05930109954077795,0.904396592100683,0.980055103608566,2.5045662100456623
22008,1.0,6492.0,0.00015403573629081948,0.942080711402398,0.05945513527706877,0.9042562131554167,0.9799052096493793,2.5123287671232877
22178,1.0,6827.0,0.00014647722279185587,0.941942718036146,0.05960161249986062,0.9041227932313987,0.9797626428408934,2.5317351598173516
22185,1.0,6825.0,0.00014652014652014652,0.9418047044510858,0.05974813264638077,0.9039893536416909,0.9796200552604807,2.5325342465753424
22199,1.0,6830.0,0.00014641288433382137,0.941666812107828,0.05989454553071459,0.9038560321495275,0.9794775920661285,2.534132420091324
22389,1.0,7008.0,0.00014269406392694063,0.9415324418435431,0.06003723959464153,0.9037261400516201,0.9793387436354661,2.555821917808219
22414,1.0,7102.0,0.000140805406927626,0.9413998689849338,0.060178045001569154,0.903597997585162,0.9792017403847055,2.558675799086758
22643,1.0,7394.0,0.0001352447930754666,0.9412725495544516,0.06031328979464462,0.9034749669904981,0.9790701321184051,2.5848173515981734
22694,1.0,7406.0,0.00013502565487442613,0.9411454536120327,0.06044831544951905,0.9033521538168932,0.9789387534071723,2.5906392694063927
22725,1.0,7451.0,0.00013421017313112335,0.941019142317762,0.06058252562265017,0.9032301039057495,0.9788081807297744,2.594178082191781
22928,1.0,7782.0,0.00012850167052171679,0.9408982197859812,0.06071102729317189,0.9031132940929422,0.9786831454790202,2.617351598173516
23069,1.0,7980.0,0.00012531328320802005,0.9407803127408952,0.06083634057637991,0.9029994152945516,0.9785612101872389,2.633447488584475
23235,1.0,8264.0,0.00012100677637947725,0.9406664719479692,0.060957347352759386,0.9028894873729264,0.9784434565230119,2.6523972602739727
23304,1.0,8334.0,0.00011999040076793856,0.9405536010010112,0.061077337753527326,0.9027805015394805,0.9783267004625418,2.66027397260274
23330,1.0,8349.0,0.00011977482333213559,0.9404409463596168,0.06119711257685946,0.9026717258163639,0.9782101669028698,2.66324200913242
23911,1.0,9444.0,0.00010588733587462939,0.9403413655732594,0.061302999912734094,0.9025756400082465,0.9781070911382723,2.729566210045662
23981,1.0,9975.0,0.00010025062656641604,0.9402470957621745,0.061403250539300507,0.9024847042467249,0.978009487277624,2.7375570776255707
24000,1.0,10106.0,9.895111814763506e-05,0.9401540572607138,0.061502201657448144,0.9023949620793198,0.9779131524421077,2.73972602739726
24094,1.0,10850.0,9.216589861751152e-05,0.9400674071171875,0.061594367556065656,0.9023114100951483,0.9778234041392267,2.7504566210045662
24374,1.0,11266.0,8.876264867743653e-05,0.9399839642441965,0.06168313020474309,0.9022309643247948,0.9777369641635982,2.7824200913242008
24618,1.0,11762.0,8.501955449753443e-05,0.9399040472263216,0.06176814975924063,0.9021539321070309,0.9776541623456123,2.8102739726027397
24692,1.0,11830.0,8.4530853761623e-05,0.9398245963347556,0.06185268061300225,0.9020773510767347,0.9775718415927764,2.8187214611872147
24695,1.0,11857.0,8.433836552247617e-05,0.9397453330644229,0.06193701897852473,0.902000951650033,0.9774897144788127,2.8190639269406392
24786,1.0,12133.0,8.241984669908514e-05,0.9396678793981355,0.062019438825223816,0.9019263035802555,0.9774094552160154,2.8294520547945203
24811,1.0,12133.0,8.241984669908514e-05,0.9395904321155674,0.0621018586719229,0.9018516616905916,0.9773292025405431,2.8323059360730594
24903,1.0,12332.0,8.10898475510866e-05,0.9395142408706667,0.062182948519473986,0.9017782352140106,0.9772502465273228,2.842808219178082
25098,1.0,13745.0,7.275372862859222e-05,0.9394458877065437,0.062255702248102576,0.9017123896684406,0.9771793857446468,2.865068493150685
25298,1.0,13896.0,7.196315486470927e-05,0.9393782822166397,0.06232766540296729,0.9016472669422717,0.9771092974910076,2.8878995433789956
25393,1.0,14063.0,7.110858280594468e-05,0.9393114843582726,0.06239877398577323,0.9015829249357089,0.9770400437808363,2.898744292237443
25399,1.0,14062.0,7.111363959607453e-05,0.9392446864999054,0.06246988762536931,0.9015185829305138,0.9769707900692971,2.899429223744292
25418,1.0,14061.0,7.111869710546903e-05,0.9391778886415383,0.06254100632247478,0.9014542409266866,0.97690153635639,2.901598173515982
25449,1.0,14062.0,7.111363959607453e-05,0.9391111002836487,0.06261211996207085,0.9013899081077237,0.9768322924595738,2.90513698630137
25485,1.0,14059.0,7.112881428266591e-05,0.9390443024246059,0.06268324877635352,0.9013255661059775,0.9767630387432343,2.9092465753424657
25681,1.0,14290.0,6.997900629811057e-05,0.9389785890374523,0.06275322778265163,0.901262272335359,0.9766949057395456,2.93162100456621
25800,1.0,14397.0,6.94589150517469e-05,0.938913368603401,0.06282268669770338,0.9011994550055482,0.9766272822012538,2.9452054794520546
25907,1.0,15585.0,6.416426050689766e-05,0.9388531239214245,0.06288685095821028,0.9011414453600303,0.9765648024828187,2.957420091324201
25922,1.0,15633.0,6.396724876863046e-05,0.9387930680700893,0.06295081820697891,0.9010836181181745,0.9765025180220042,2.9591324200913243
25928,1.0,15632.0,6.397134083930399e-05,0.9387330122187542,0.06301478954781821,0.9010257908772138,0.9764402335602945,2.9598173515981734
25948,2.0,15702.0,0.0001273723092599669,0.9386134436272093,0.06314216185707817,0.9009106610087687,0.97631622624565,2.9621004566210045
25994,1.0,15699.0,6.369832473405949e-05,0.9385536555232774,0.06320586018181223,0.900853092397476,0.9762542186490788,2.967351598173516
26057,1.0,15699.0,6.369832473405949e-05,0.9384938712277475,0.0632695585065463,0.9007955274656873,0.9761922149898078,2.974543378995434
26243,1.0,17215.0,5.808887598024978e-05,0.9384393551736535,0.06332764738252654,0.9007430498374349,0.9761356605098721,2.9957762557077627
26293,1.0,17344.0,5.765682656826568e-05,0.9383852477385075,0.0633853042090948,0.9006909666765077,0.9760795288005073,3.0014840182648403
26320,1.0,17386.0,5.7517542850569426e-05,0.9383312741248104,0.06344282175194536,0.9006390126991274,0.9760235355504935,3.0045662100456623
26345,1.0,17385.0,5.7520851308599364e-05,0.9382773005111132,0.06350034260325396,0.9005870587223316,0.9759675422998949,3.007420091324201
26379,1.0,17383.0,5.752746936662256e-05,0.9382233237924507,0.06355787007262058,0.9005351017487987,0.9759115458361026,3.0113013698630136
26398,1.0,17381.0,5.7534088947701514e-05,0.9381693439682868,0.06361540416156829,0.9004831417780103,0.9758555461585633,3.013470319634703
26441,1.0,17379.0,5.754071005236205e-05,0.9381153610380855,0.06367294487162065,0.9004311788094475,0.9757995432667235,3.01837899543379
26540,1.0,17422.0,5.739869130983814e-05,0.9380615144440643,0.06373034356293049,0.9003793474503381,0.9757436814377904,3.029680365296804
26633,1.0,17422.0,5.739869130983814e-05,0.9380076709407671,0.06378774225424033,0.9003275190753433,0.9756878228061909,3.040296803652968
26731,1.0,17426.0,5.73855158957879e-05,0.937953842886656,0.06384512777013612,0.9002757056143097,0.9756319801590022,3.05148401826484
26775,1.0,17425.0,5.738880918220947e-05,0.9379000148325448,0.06390251657931834,0.9002238921538553,0.9755761375112343,3.0565068493150687
26945,1.0,17561.0,5.694436535504812e-05,0.9378466067114336,0.06395946094467339,0.9001724840537754,0.9755207293690918,3.0759132420091326
27078,1.0,17816.0,5.612932195779075e-05,0.9377939660172985,0.06401559026663119,0.9001218167023681,0.9754661153322288,3.091095890410959
27093,1.0,17868.0,5.596597268860533e-05,0.9377414814658088,0.06407155623931979,0.9000713000586547,0.975411662872963,3.092808219178082
27392,1.0,18082.0,5.530361685654242e-05,0.9376896209702074,0.06412685985617633,0.9000213857225982,0.9753578562178166,3.1269406392694066
27429,1.0,18122.0,5.5181547290586025e-05,0.9376378778060439,0.06418204140346692,0.8999715846249814,0.9753041709871064,3.131164383561644
27591,1.0,18451.0,5.419760446588261e-05,0.9375870600792103,0.06423623900793281,0.8999226766291345,0.9752514435292862,3.1496575342465754
27598,1.0,18492.0,5.4077438892494055e-05,0.9375363577722625,0.0642903164468253,0.8998738800145918,0.9751988355299333,3.150456621004566
27655,1.0,18797.0,5.319997872000851e-05,0.9374864808579798,0.06434351642554531,0.8998258798696019,0.9751470818463577,3.1569634703196345
27841,1.0,18898.0,5.291565244999471e-05,0.9374368731491821,0.06439643207799531,0.8997781394819776,0.9750956068163866,3.1781963470319634
28026,1.0,19433.0,5.145885864251531e-05,0.9373886337176404,0.06444789093663782,0.899731719234253,0.9750455482010277,3.1993150684931506
28079,1.0,19610.0,5.099439061703213e-05,0.9373408321554926,0.06449888532725485,0.8996857214111921,0.9749959428997931,3.205365296803653
28343,1.0,20240.0,4.940711462450593e-05,0.937294520849556,0.06454829244187936,0.8996411611320208,0.9749478805670913,3.235502283105023
28357,1.0,20242.0,4.940223298093074e-05,0.9372482164072653,0.06459769467486029,0.899596607473512,0.9748998253410186,3.2371004566210044
28390,1.0,20251.0,4.938027751715965e-05,0.9372019348302367,0.06464707495237745,0.899552075870027,0.9748517937904465,3.240867579908676
28438,1.0,20499.0,4.878286745694912e-05,0.9371562154324695,0.0646958578198344,0.8995080865005739,0.9748043443643651,3.24634703196347
28527,1.0,20815.0,4.804227720393947e-05,0.9371111923137844,0.06474390009703834,0.8994647686625994,0.9747576159649693,3.2565068493150684
28558,1.0,20814.0,4.804458537522821e-05,0.9370661691950992,0.06479194468241357,0.899421450824909,0.9747108875652895,3.2600456621004565
28625,1.0,20813.0,4.804689376831788e-05,0.937021146076414,0.0648399915761819,0.8993781329875027,0.9746641591653252,3.2676940639269407
28686,1.0,20992.0,4.763719512195122e-05,0.9369765090172449,0.06488762877130384,0.8993351874669451,0.9746178305675448,3.2746575342465754
28798,1.0,20995.0,4.763038818766373e-05,0.9369318804623977,0.06493525915949151,0.8992922501480766,0.9745715107767189,3.2874429223744293
28827,1.0,21075.0,4.744958481613286e-05,0.9368874234336687,0.06498270874430764,0.8992494782446155,0.9745253686227219,3.290753424657534
28929,1.0,21231.0,4.710093730865244e-05,0.9368432951578723,0.0650298096816163,0.8992070233734684,0.9744795669422763,3.3023972602739726
28998,1.0,21336.0,4.6869141357330336e-05,0.9367993861170419,0.06507667882297363,0.8991647799151479,0.974433992318936,3.3102739726027397
29154,1.0,22682.0,4.408782294330306e-05,0.9367580846715734,0.06512076664591694,0.8991250506363095,0.9743911187068373,3.328082191780822
29223,1.0,22729.0,4.399665625412469e-05,0.9367168704481289,0.06516476330217107,0.899085405443011,0.9743483354532468,3.335958904109589
29243,1.0,22743.0,4.396957305544563e-05,0.9366756834072615,0.06520873287522651,0.8990457864547907,0.9743055803597322,3.3382420091324203
29293,1.0,22860.0,4.374453193350831e-05,0.9366347089679173,0.06525247740716002,0.8990063724188908,0.9742630455169439,3.343949771689498
29374,1.0,23033.0,4.341596839317501e-05,0.9365940440649968,0.0652958933755532,0.8989672567742655,0.9742208313557281,3.3531963470319637
29391,1.0,23032.0,4.341785342132685e-05,0.9365533791620763,0.06533931122897452,0.8989281411298295,0.974178617194323,3.35513698630137
29436,1.0,23032.0,4.341785342132685e-05,0.9365127160247385,0.06538272908239584,0.8988890271875656,0.9741364048619114,3.3602739726027395
29444,1.0,23031.0,4.341973861317355e-05,0.9364720528874008,0.06542614882100901,0.8988499132454909,0.9740941925293106,3.361187214611872
29693,1.0,23385.0,4.276245456489202e-05,0.9364320070437878,0.0654689112755739,0.8988113943415824,0.9740526197459932,3.389611872146119
29731,1.0,23444.0,4.265483705852244e-05,0.936392063689111,0.06551156611263242,0.8987729742279204,0.9740111531503016,3.3939497716894977
29743,1.0,23442.0,4.2658476239228734e-05,0.9363521186305115,0.06555422458887165,0.898734552472016,0.973969684789007,3.3953196347031964
29788,1.0,23456.0,4.263301500682128e-05,0.9363121991165863,0.06559685760387847,0.8986961553388859,0.9739282428942866,3.400456621004566
29790,1.0,23462.0,4.262211235188816e-05,0.9362722915128391,0.06563947971623035,0.8986577696861711,0.9738868133395071,3.4006849315068495
29921,1.0,23677.0,4.223508045782827e-05,0.9362327479772766,0.06568171479668818,0.8986197349525573,0.9738457610019959,3.415639269406393
29984,1.0,24912.0,4.014129736673089e-05,0.9361951663801356,0.06572185609405491,0.8985835910641875,0.9738067416960836,3.4228310502283104
30112,1.0,26163.0,3.8221916446890644e-05,0.9361593832067082,0.06576007801050181,0.8985491800862534,0.973769586327163,3.437442922374429
30258,1.0,27019.0,3.7010992264702614e-05,0.9361247350190178,0.06579708900276651,0.8985158625786747,0.973733607459361,3.4541095890410958
30308,1.0,27562.0,3.6281837312241494e-05,0.936090770693678,0.06583337084007876,0.898483203855753,0.973698337531603,3.4598173515981734
30465,1.0,28240.0,3.5410764872521244e-05,0.9360576230034976,0.06586878160495128,0.8984513317588652,0.97366391424813,3.4777397260273974
30470,1.0,28254.0,3.539321865930488e-05,0.9360244929113689,0.06590417482361059,0.8984194766126813,0.9736295092100565,3.478310502283105
30536,1.0,28858.0,3.465243606625546e-05,0.9359920573824718,0.06593882725967684,0.8983882904516373,0.9735958243133064,3.4858447488584474
30563,1.0,28865.0,3.464403256539061e-05,0.9359596308431549,0.06597347129224224,0.898357112948875,0.9735621487374349,3.4889269406392693
30594,1.0,28926.0,3.457097421005324e-05,0.9359272738068954,0.0660080422664523,0.8983260023869393,0.9735285452268516,3.4924657534246575
30622,1.0,28934.0,3.456141563558443e-05,0.9358949268353807,0.06604260368208788,0.8982949015187358,0.9734949521520255,3.495662100456621
30633,1.0,28952.0,3.453992815694943e-05,0.9358626010918454,0.06607714361024483,0.8982638210958769,0.9734613810878139,3.496917808219178
30667,1.0,28979.0,3.450774698919907e-05,0.9358303065819903,0.06611165135723403,0.8982327707550538,0.9734278424089268,3.500799086757991
30741,1.0,28976.0,3.451131971286582e-05,0.9357980098430828,0.0661461626769469,0.8982017182674518,0.9733943014187139,3.5092465753424658
30806,1.0,28995.0,3.448870494912916e-05,0.9357657353816293,0.06618065138189602,0.8981706872358602,0.9733607835273984,3.5166666666666666
30813,1.0,29046.0,3.4428148454176133e-05,0.9357335186999732,0.0662150795303502,0.8981397118531799,0.9733273255467666,3.5174657534246574
30858,1.0,29181.0,3.426887358212536e-05,0.9357014521663143,0.06624934840393233,0.898108881079415,0.9732940232532136,3.5226027397260276
30865,1.0,29197.0,3.425009418775902e-05,0.9356694043034459,0.06628359849812009,0.8980780682875642,0.9732607403193276,3.5234018264840183
30943,1.0,29309.0,3.411921252857484e-05,0.935637480000184,0.06631771771064866,0.8980473744951664,0.9732275855052016,3.5323059360730595
30996,1.0,29376.0,3.4041394335511986e-05,0.9356056295957722,0.06635175910498417,0.8980167518735567,0.9731945073179877,3.5383561643835617
31018,1.0,29375.0,3.4042553191489365e-05,0.9355737791913604,0.06638580165817566,0.8979861292520184,0.9731614291307025,3.5408675799086757
31069,1.0,29370.0,3.404834865509023e-05,0.935541924449134,0.06641985000683075,0.8979555024528917,0.9731283464453763,3.546689497716895
31076,1.0,29369.0,3.404950798460962e-05,0.9355100697069075,0.06645389951481535,0.8979248756538365,0.9730952637599786,3.547488584474886
31077,1.0,29368.0,3.4050667393080905e-05,0.9354782149646811,0.06648795018220843,0.8978942488548529,0.9730621810745093,3.5476027397260275
31171,1.0,30658.0,3.2617913758236024e-05,0.9354477016169427,0.06652056809596667,0.8978649138338952,0.9730304893999902,3.558333333333333
31205,1.0,30657.0,3.261897772123822e-05,0.9354171882692043,0.0665531870736879,0.8978355788129977,0.9729987977254109,3.5622146118721463
31214,1.0,30656.0,3.262004175365344e-05,0.9353866749214659,0.06658580711544156,0.8978062437921603,0.9729671060507714,3.56324200913242
31264,1.0,30693.0,3.25807187306552e-05,0.9353561993513059,0.0666183878341722,0.8977769451489581,0.9729354535536536,3.5689497716894976
31299,1.0,30725.0,3.254678600488202e-05,0.9353257565132472,0.06665093462017709,0.8977476780247781,0.9729038350017164,3.572945205479452
31442,1.0,30718.0,3.255420274757471e-05,0.9352953077289347,0.06668348882292466,0.8977184051747957,0.9728722102830736,3.589269406392694
31454,1.0,30716.0,3.2556322437817424e-05,0.9352648579533217,0.06671604514536247,0.8976891313703139,0.9728405845363295,3.5906392694063927
31504,1.0,30740.0,3.2530904359141185e-05,0.9352344329416771,0.06674857604972162,0.8976598814119896,0.9728089844713645,3.5963470319634703
31509,1.0,30758.0,3.2511866831393456e-05,0.9352040267243371,0.06678108791655302,0.8976306495513822,0.9727774038972921,3.596917808219178
31551,1.0,30760.0,3.250975292587776e-05,0.935173623472493,0.06681359766947889,0.897601420546405,0.972745826398581,3.6017123287671233
31559,1.0,30760.0,3.250975292587776e-05,0.9351432212090511,0.06684610742240477,0.8975721924932514,0.9727142499248509,3.602625570776256
31569,1.0,30759.0,3.251080984427322e-05,0.9351128189456093,0.06687861823224904,0.897542964440157,0.9726826734510615,3.603767123287671
31604,1.0,30784.0,3.2484407484407486e-05,0.9350824423597548,0.06691110263973345,0.897513761112856,0.9726511236066536,3.6077625570776255
31635,1.0,30780.0,3.248862897985705e-05,0.9350520628132194,0.0669435912687133,0.8974845549346873,0.9726195706917515,3.6113013698630136
31756,1.0,30770.0,3.249918752031199e-05,0.9350216743808888,0.06697609045623361,0.8974553402001781,0.9725880085615994,3.6251141552511417
31793,1.0,30767.0,3.250235642084051e-05,0.9349912839731669,0.06700859281265445,0.8974261235635634,0.9725564443827703,3.629337899543379
31821,1.0,30766.0,3.2503412858350125e-05,0.934960893565445,0.0670410962255128,0.897396906927008,0.972524880203882,3.6325342465753425
31838,1.0,30765.0,3.2504469364537626e-05,0.9349305031577231,0.06707360069487733,0.8973676902905121,0.972493316024934,3.6344748858447486
31857,1.0,30764.0,3.25055259394097e-05,0.9349001127500012,0.06710610622081674,0.8973384736540755,0.9724617518459269,3.6366438356164386
31922,1.0,30820.0,3.244646333549643e-05,0.9348697785477705,0.06713855268415224,0.8973093111395463,0.9724302459559948,3.6440639269406394
31966,1.0,30817.0,3.2449621961904146e-05,0.934839442376873,0.06717100230611414,0.8972801467293967,0.9723987380243493,3.6490867579908675
32118,1.0,30810.0,3.2456994482310936e-05,0.9348091002982499,0.06720345930059646,0.8972509766306045,0.9723672239658954,3.6664383561643836
32153,1.0,30806.0,3.2461208855417776e-05,0.9347787552648051,0.06723592050945187,0.8972218036865955,0.9723357068430147,3.670433789954338
32218,1.0,30805.0,3.246226261970459e-05,0.9347484102313605,0.06726838277207157,0.8971926307426459,0.972304189720075,3.677853881278539
32240,1.0,30803.0,3.2464370353536995e-05,0.9347180642127834,0.06730084714242511,0.897163456850145,0.9722726715754217,3.680365296803653
32242,1.0,30802.0,3.24654243230959e-05,0.9346877181942063,0.06733331256674821,0.8971342829577031,0.9722411534307094,3.680593607305936
32253,1.0,30800.0,3.246753246753247e-05,0.9346573711903687,0.06736578009921575,0.8971051081165867,0.9722096342641507,3.6818493150684932
32258,1.0,30799.0,3.2468586642423456e-05,0.9346270241865313,0.06739824868585817,0.8970759332755295,0.9721781150975332,3.682420091324201
32306,1.0,30796.0,3.247174957786725e-05,0.9345966752118532,0.06743072043543603,0.8970467565367555,0.9721465938869509,3.6878995433789954
32520,1.0,30782.0,3.248651809499058e-05,0.9345663134200525,0.06746320695353103,0.897017567456076,0.972115059384029,3.712328767123288
32562,1.0,30779.0,3.248968452516326e-05,0.9345359496553616,0.0674956966380562,0.8969883764757031,0.9720835228350201,3.717123287671233
32588,1.0,30777.0,3.2491795821555056e-05,0.9345055849040975,0.06752818843387776,0.8969591845453897,0.9720519852628053,3.7200913242009133
32778,1.0,30772.0,3.249707526322631e-05,0.934475216205771,0.06756068550914099,0.8969299888143939,0.9720204435971481,3.7417808219178084
32780,1.0,30770.0,3.249918752031199e-05,0.9344448465204864,0.0675931846966613,0.8969007921330865,0.9719889009078864,3.7420091324200913
32940,1.0,30766.0,3.2503412858350125e-05,0.9344144738738467,0.06762568810951965,0.8968715926002614,0.971957355147432,3.76027397260274
32947,1.0,30764.0,3.25055259394097e-05,0.934384100239928,0.06765819363545905,0.8968423921168152,0.9719258083630409,3.7610730593607307
32953,1.0,30763.0,3.250658258297305e-05,0.9343537266060093,0.06769070021804202,0.8968131916334283,0.9718942615785904,3.76175799086758
33045,1.0,30756.0,3.251398101183509e-05,0.9343233470466842,0.06772321419905386,0.8967839854443467,0.9718627086490217,3.7722602739726026
33047,1.0,30755.0,3.251503820516989e-05,0.934292967487359,0.06775572923725903,0.8967547792553244,0.9718311557193936,3.772488584474886
33063,1.0,30754.0,3.251609546725629e-05,0.9342625879280337,0.06778824533272629,0.8967255730663615,0.971799602789706,3.774315068493151
33071,1.0,30752.0,3.251821019771072e-05,0.9342322073808197,0.067820763542924,0.8966963659261893,0.9717680488354501,3.7752283105022832
33151,1.0,30749.0,3.252138280919705e-05,0.9342018248575708,0.0678532849257332,0.8966671568832911,0.9717364928318504,3.7843607305936073
33187,1.0,30746.0,3.252455603981006e-05,0.9341714403579656,0.067885809481773,0.896637945937357,0.9717049347785742,3.7884703196347034
33196,1.0,30745.0,3.252561392096276e-05,0.9341410558583605,0.06791833509569396,0.8966087349914823,0.9716733767252387,3.789497716894977
33202,1.0,30744.0,3.2526671870934166e-05,0.9341106713587555,0.0679508617675649,0.8965795240456673,0.9716418186718436,3.7901826484018266
33223,1.0,30742.0,3.252878797735996e-05,0.9340802858707795,0.06798339055554226,0.896550312148178,0.971610259593381,3.792579908675799
33381,1.0,30740.0,3.2530904359141185e-05,0.934049899394336,0.0680159214599014,0.8965210992989214,0.9715786994897506,3.8106164383561643
33387,1.0,30739.0,3.253196265330687e-05,0.9340195129178926,0.06804845342255471,0.8964918864497246,0.9715471393860607,3.811301369863014
33566,1.0,30736.0,3.25351379489849e-05,0.9339891244641928,0.0680809885605037,0.8964626716966234,0.9715155772317622,3.8317351598173515
33568,1.0,30735.0,3.2536196518626975e-05,0.933958736010493,0.06811352475702231,0.8964334569435819,0.971484015077404,3.831963470319635
33756,1.0,30764.0,3.25055259394097e-05,0.9339283771905733,0.06814603028296172,0.8964042707258774,0.9714524836552693,3.8534246575342466
33865,1.0,31881.0,3.136664471001537e-05,0.9338990829909813,0.06817739692767173,0.896376109604271,0.9714220563776916,3.865867579908676
33880,1.0,31879.0,3.1368612566266194e-05,0.933869787872471,0.068208765540238,0.8963479475979628,0.9713916281469792,3.867579908675799
33881,1.0,31878.0,3.136959658698789e-05,0.9338404927539606,0.06824013513682499,0.896319785591706,0.9713611999162153,3.867694063926941
33882,1.0,31876.0,3.137156481365291e-05,0.9338111967164165,0.06827150670163865,0.8962916227006361,0.971330770732197,3.867808219178082
33883,1.0,31874.0,3.137353328731882e-05,0.9337818997597523,0.06830288023492596,0.8962634589246699,0.9713003405948348,3.8679223744292237
33929,1.0,31868.0,3.1379440190787e-05,0.9337525982064776,0.06833425967511675,0.8962352907230419,0.9712699056899133,3.873173515981735
34002,1.0,31866.0,3.138140965292161e-05,0.9337232957336787,0.06836564108476967,0.8962071216361279,0.9712394698312296,3.8815068493150684
34021,1.0,31864.0,3.138337936228973e-05,0.9336939923412694,0.06839702446413196,0.8961789516638449,0.9712090330186939,3.883675799086758
34054,1.0,31864.0,3.138337936228973e-05,0.9336646898684995,0.06842840784349424,0.8961507825770619,0.971178597159937,3.8874429223744293
34097,1.0,31898.0,3.134992789516584e-05,0.9336354195477938,0.0684597577713894,0.8961226444469763,0.9711481946486114,3.892351598173516
34179,1.0,33021.0,3.0283758820144755e-05,0.9336071455579222,0.06849004153020956,0.896095465551624,0.9711188255642205,3.901712328767123
34239,1.0,33020.0,3.0284675953967292e-05,0.9335788715680506,0.06852032620616352,0.8960682866563163,0.971089456479785,3.9085616438356166
34251,1.0,33019.0,3.0285593143341713e-05,0.9335505975781792,0.06855061179930687,0.8960411077610535,0.9710600873953048,3.9099315068493152
34315,1.0,33017.0,3.0287427688766394e-05,0.9335223227319612,0.06858089922699563,0.8960139280414166,0.9710307174225059,3.9172374429223744
34359,1.0,33017.0,3.0287427688766394e-05,0.9334940487421156,0.0686111866546844,0.895986749146268,0.9710013483379633,3.922260273972603
34374,1.0,33014.0,3.0290179923668747e-05,0.9334657730394216,0.06864147683460807,0.8959595686021766,0.9709719774766665,3.923972602739726
34411,1.0,33010.0,3.029385034837928e-05,0.9334374947669878,0.06867177068495645,0.8959323855841984,0.9709426039497772,3.9281963470319634
34433,1.0,33268.0,3.0058915474329688e-05,0.933409436648232,0.06870182960043078,0.8959054145094584,0.9709134587870055,3.9307077625570774
34435,1.0,33395.0,2.9944602485402005e-05,0.9333814860736954,0.06873177420291618,0.8958785469663906,0.9708844251810003,3.9309360730593608
34465,1.0,34054.0,2.936512597639044e-05,0.9333540772087728,0.06876113932889256,0.8958522009032193,0.9708559535143264,3.9343607305936072
34471,1.0,34053.0,2.936598831233665e-05,0.9333266683438503,0.0687905053172049,0.8958258548400875,0.970827481847613,3.935045662100457
34509,1.0,34051.0,2.9367713136178086e-05,0.933299258673992,0.06881987303034108,0.8957995080021416,0.9707990093458424,3.9393835616438357
34566,1.0,34047.0,2.9371163391781947e-05,0.9332718465889721,0.06884924419373287,0.8957731588393322,0.970770534338612,3.945890410958904
34585,1.0,34046.0,2.9372026082359162e-05,0.9332444345039522,0.06887861621981523,0.8957468096765623,0.9707420593313422,3.9480593607305936
34597,1.0,34045.0,2.93728888236158e-05,0.9332170224189322,0.06890798910863884,0.8957204605138318,0.9707135843240327,3.9494292237442923
34679,1.0,34041.0,2.9376340295525985e-05,0.933189607918112,0.06893736544893436,0.8956941090256223,0.9706851068106017,3.9587899543378997
34686,1.0,34040.0,2.9377203290246768e-05,0.9331621934172919,0.0689667426522246,0.8956677575374524,0.9706566292971314,3.9595890410958905
34690,1.0,34038.0,2.9378929431811505e-05,0.933134778111063,0.06899612158165641,0.8956414052740125,0.9706281509481136,3.9600456621004567
34706,1.0,34036.0,2.9380655776236926e-05,0.9331073619993545,0.06902550223743265,0.8956150522352339,0.9705996717634752,3.9618721461187216
34805,1.0,34032.0,2.938410907381288e-05,0.9330799434708519,0.06905488634650646,0.8955886968700182,0.9705711900716856,3.973173515981735
34834,1.0,34027.0,2.9388426837511388e-05,0.9330525217191996,0.06908427477334397,0.895562338402143,0.9705427050362562,3.97648401826484
34860,1.0,34026.0,2.9389290542526303e-05,0.9330250999675473,0.0691136640638865,0.8955359799343074,0.9705142200007872,3.9794520547945207
34913,1.0,34022.0,2.9392745870319205e-05,0.9329976757978934,0.06914305680975681,0.8955096191388707,0.970485732456916,3.985502283105023
34941,1.0,34021.0,2.9393609829223128e-05,0.9329702516282394,0.06917245041958603,0.8954832583434736,0.9704572449130052,3.9886986301369864
34946,1.0,34020.0,2.9394473838918284e-05,0.9329428274585855,0.06920184489342494,0.8954568975481162,0.9704287573690548,3.989269406392694
35096,1.0,34011.0,2.940225221251948e-05,0.9329153968382727,0.06923124714563746,0.8954305305431975,0.9704002631333479,4.006392694063927
35120,1.0,34009.0,2.9403981299067892e-05,0.9328879654113905,0.06926065112693652,0.8954041627618899,0.9703717680608911,4.0091324200913245
35152,1.0,34007.0,2.9405710588996384e-05,0.9328605331778677,0.06929005683752552,0.8953777942041247,0.9703432721516106,4.0127853881278535
35170,1.0,34006.0,2.940657531023937e-05,0.9328331009443448,0.06931946341283576,0.895351425646399,0.9703147762422906,4.014840182648402
35188,1.0,34002.0,2.941003470384095e-05,0.9328056662904731,0.06934887344753961,0.8953250547588096,0.9702862778221366,4.01689497716895
35206,1.0,34001.0,2.9410899679421194e-05,0.9327782316366015,0.06937828434721903,0.89529868387126,0.9702577794019429,4.018949771689497
35247,1.0,33994.0,2.941695593340001e-05,0.9327507921404657,0.06940770130315244,0.8952723083224332,0.9702292759584983,4.023630136986301
35264,1.0,33993.0,2.9417821316153325e-05,0.93272335264433,0.0694371191244686,0.8952459327736461,0.970200772515014,4.025570776255708
35316,1.0,33990.0,2.9420417769932333e-05,0.9326959115336314,0.06946653954223853,0.8952195556706686,0.9701722673965942,4.031506849315068
35369,1.0,33985.0,2.9424746211563926e-05,0.9326684671931419,0.06949596428845009,0.8951931754586295,0.9701437589276543,4.0375570776255705
35370,1.0,33984.0,2.9425612052730696e-05,0.9326410228526524,0.06952538990050282,0.8951667952466302,0.9701152504586745,4.037671232876712
35397,1.0,33979.0,2.9429942023014216e-05,0.9326135752814215,0.06955481984252583,0.8951404119246531,0.97008673863819,4.0407534246575345
35483,1.0,33975.0,2.9433406916850625e-05,0.932586125286564,0.06958425324944269,0.8951140262696525,0.9700582243034755,4.050570776255708
35514,1.0,33972.0,2.9436006122689274e-05,0.9325586736756701,0.06961368925556538,0.8950876390590411,0.9700297082922992,4.054109589041096
35610,1.0,33966.0,2.9441205911794148e-05,0.9325312180237336,0.06964313046147717,0.8950612479584257,0.9700011880890416,4.065068493150685
35633,1.0,33964.0,2.9442939583087976e-05,0.9325037615634221,0.06967257340106026,0.8950348560796808,0.9699726670471633,4.0676940639269406
35733,1.0,33960.0,2.944640753828033e-05,0.932476302677628,0.06970201980859854,0.8950084618661235,0.9699441434891326,4.079109589041096
35824,1.0,33957.0,2.9449009040845775e-05,0.93244884217456,0.06973146881763939,0.8949820660957623,0.9699156182533578,4.089497716894977
35851,1.0,33956.0,2.9449876310519495e-05,0.9324213816714921,0.06976091869394992,0.8949556703254411,0.9698870930175432,4.092579908675799
35885,1.0,33954.0,2.945161100312187e-05,0.9323939203596682,0.06979037030495304,0.8949292737766232,0.9698585669427131,4.0964611872146115
35970,2.0,33949.0,5.8911897257651186e-05,0.9323389912648283,0.06984928220221069,0.8948764744497122,0.9698015080799445,4.1061643835616435
35976,1.0,33947.0,2.945768403688102e-05,0.9323115267174085,0.06987873988624757,0.8948500747863165,0.9697729786485004,4.1068493150684935
35994,1.0,33945.0,2.9459419649432907e-05,0.9322840613608989,0.069908199305897,0.8948236743441026,0.9697444483776952,4.108904109589041
36008,1.0,33944.0,2.9460287532406317e-05,0.9322565960043894,0.06993765959342942,0.8947972739019286,0.9697159181068501,4.110502283105022
36014,1.0,33943.0,2.9461155466517397e-05,0.9322291306478798,0.06996712074889594,0.8947708734597946,0.9696873878359651,4.111187214611872
36066,1.0,33942.0,2.9462023451770667e-05,0.9322016652913703,0.06999658277234772,0.8947444730177005,0.96965885756504,4.117123287671233
36068,1.0,33941.0,2.946289148817065e-05,0.9321741999348607,0.07002604566383588,0.8947180725756464,0.9696303272940751,4.117351598173516
36103,1.0,33938.0,2.9465495904296068e-05,0.9321467329597904,0.07005551115974018,0.8946916705755481,0.9696017953440328,4.12134703196347
36126,1.0,33936.0,2.9467232437529467e-05,0.9321192651753444,0.07008497839217771,0.8946652677963558,0.969573262554333,4.123972602739726
36140,1.0,33935.0,2.946810078090467e-05,0.9320917973908984,0.07011444649295862,0.8946388650172036,0.9695447297645933,4.1255707762557075
36203,1.0,33932.0,2.947070611811859e-05,0.9320643279874624,0.07014391719907673,0.8946124606795933,0.9695161952953315,4.132762557077625
36212,1.0,33932.0,2.947070611811859e-05,0.9320368593935691,0.07017338790519484,0.894586057121318,0.9694876616658201,4.1337899543378995
36329,1.0,33930.0,2.9472443265546713e-05,0.9320093899901092,0.07020286034846039,0.8945596527837647,0.9694591271964537,4.147146118721461
36336,1.0,33929.0,2.9473311916060008e-05,0.9319819205866493,0.07023233366037646,0.8945332484462515,0.9694305927270471,4.147945205479452
36394,1.0,33929.0,2.9473311916060008e-05,0.9319544519928037,0.07026180697229252,0.8945068448881421,0.9694020590974652,4.154566210045662
36407,2.0,33928.0,5.894836123555765e-05,0.9318995148051126,0.07032075533352808,0.8944540377720436,0.9693449918381816,4.1560502283105025
36474,1.0,35034.0,2.8543700405320545e-05,0.9318729149445542,0.0703492990339334,0.8944284704494238,0.9693173594396846,4.163698630136986
36500,1.0,35043.0,2.85363696030591e-05,0.9318463226746302,0.07037783540353645,0.8944029104331792,0.9692897349160812,4.166666666666667
36502,1.0,35042.0,2.8537183950687746e-05,0.9318197304047062,0.07040637258748714,0.8943773504169698,0.9692621103924427,4.166894977168949
36512,1.0,35048.0,2.8532298561972153e-05,0.9317931434459524,0.07043490488604912,0.8943517955130417,0.9692344913788632,4.168036529680365
36513,1.0,35049.0,2.8531484493138176e-05,0.9317665580043294,0.07046343637054225,0.8943262420694564,0.9692068739392024,4.168150684931507
36518,1.0,35067.0,2.8516839193543787e-05,0.9317399869672288,0.0704919532097358,0.8943007024909075,0.9691792714435501,4.168721461187214
36543,1.0,35487.0,2.8179333276974668e-05,0.9317137311556086,0.07052013254301277,0.894275466325786,0.9691519959854312,4.171575342465753
36548,1.0,35761.0,2.796342384161517e-05,0.9316876772496453,0.0705480959668544,0.8942504244952229,0.9691249300040677,4.172146118721461
36564,1.0,36067.0,2.772617628302881e-05,0.9316618451128652,0.07057582214313743,0.8942255961130807,0.9690980941126497,4.173972602739726
36568,1.0,36066.0,2.772694504519492e-05,0.9316360129760851,0.07060354908818263,0.8942007677309698,0.9690712582212004,4.174429223744292
36571,1.0,36065.0,2.7727713849993068e-05,0.931610180839305,0.07063127680203263,0.8941759393488902,0.9690444223297199,4.1747716894977165
36614,1.0,36063.0,2.7729251587499655e-05,0.9315843479862191,0.07065900605362013,0.89415111027742,0.9690175856950183,4.179680365296804
36658,1.0,36057.0,2.7733865823557144e-05,0.9315585115509087,0.07068673991944369,0.8941262777582013,0.9689907453436162,4.184703196347032
36678,1.0,36055.0,2.773540424351685e-05,0.9315326743990144,0.0707144753236872,0.8941014445493239,0.9689639042487049,4.186986301369863
36752,1.0,36049.0,2.774002052761519e-05,0.9315068336635044,0.07074221534421482,0.8940766078913572,0.9689370594356516,4.195433789954338
36753,1.0,36048.0,2.7740790057700843e-05,0.9314809929279944,0.07076995613427252,0.8940517712334219,0.9689102146225668,4.19554794520548
36785,1.0,36047.0,2.7741559630482425e-05,0.9314551521924844,0.070797697693903,0.8940269345755182,0.9688833698094507,4.199200913242009
36809,2.0,36046.0,5.548465849192698e-05,0.9314034707214645,0.07085318235239492,0.8939772612598046,0.9688296801831243,4.201940639269407
36830,1.0,36043.0,2.7744638348639126e-05,0.9313776292690126,0.07088092699074355,0.8939524239119598,0.9688028346260653,4.204337899543379
36839,1.0,36042.0,2.7745408134953666e-05,0.9313517878165607,0.0709086723988785,0.8939275865641465,0.9687759890689749,4.205365296803653
36856,1.0,36041.0,2.7746177963985462e-05,0.9313259463641089,0.07093641857684249,0.8939027492163647,0.9687491435118532,4.20730593607306
36858,1.0,36040.0,2.774694783573807e-05,0.9313001049116572,0.07096416552467823,0.8938779118686143,0.9687222979547,4.207534246575342
36886,1.0,36040.0,2.774694783573807e-05,0.9312742641762268,0.07099191247251396,0.8938530752110069,0.9686954531414468,4.210730593607306
36945,1.0,36039.0,2.7747717750215044e-05,0.9312484234407964,0.07101966019026418,0.8938282385534307,0.968668608328162,4.217465753424658
36981,1.0,36036.0,2.775002775002775e-05,0.9312225812712037,0.07104741021801421,0.8938034005155479,0.9686417620268596,4.221575342465753
36983,1.0,36035.0,2.7750797835437768e-05,0.931196739101611,0.07107516101584965,0.8937785624776962,0.9686149157255259,4.2218036529680365
36993,1.0,36033.0,2.775233813448783e-05,0.9311708962148378,0.07110291335398414,0.8937537237496112,0.9685880686800645,4.222945205479452
37010,1.0,36032.0,2.7753108348134992e-05,0.9311450533280645,0.07113066646233228,0.8937288850215572,0.9685612216345718,4.224885844748859
37068,1.0,36031.0,2.7753878604534985e-05,0.9311192104412912,0.07115842034093682,0.8937040462935348,0.9685343745890476,4.2315068493150685
37072,1.0,36030.0,2.775464890369137e-05,0.9310933675545179,0.0711861749898405,0.8936792075655439,0.9685075275434919,4.231963470319634
37078,1.0,36028.0,2.7756189630287553e-05,0.9310675239504446,0.0712139311794708,0.8936543681472042,0.9684806797536849,4.232648401826484
37080,1.0,36027.0,2.7756960057734476e-05,0.9310416803463712,0.07124168813952853,0.893629528728896,0.9684538319638465,4.232876712328767
37095,1.0,36026.0,2.7757730527952033e-05,0.9310158367422978,0.07126944587005647,0.8936046893106192,0.9684269841739764,4.234589041095891
37142,1.0,36024.0,2.7759271596713303e-05,0.9309899924208248,0.07129720514165319,0.8935798492018977,0.9684001356397519,4.239954337899543
37172,1.0,36021.0,2.7761583520724023e-05,0.9309641466643933,0.07132496672517391,0.893555007712102,0.9683732856166847,4.24337899543379
37175,1.0,36020.0,2.77623542476402e-05,0.9309383009079618,0.07135272907942156,0.8935301662223376,0.968346435593586,4.2437214611872145
37256,1.0,36018.0,2.7763895829862847e-05,0.9309124544339514,0.07138049297525143,0.8935053240419559,0.9683195848259469,4.252968036529681
37290,1.0,36017.0,2.7764666685176446e-05,0.9308866079599409,0.0714082576419366,0.8934804818616057,0.9682927340582762,4.256849315068493
37309,1.0,36016.0,2.776543758329631e-05,0.9308607614859304,0.0714360230795199,0.8934556396812868,0.9682658832905741,4.259018264840183
37317,1.0,36014.0,2.7766979507969124e-05,0.9308349142942415,0.07146379005902788,0.8934307968102545,0.9682390317782285,4.259931506849315
37336,1.0,36010.0,2.7770063871146904e-05,0.9308090649492181,0.07149156012289902,0.8934059518667311,0.9682121780317051,4.262100456621004
37339,1.0,36009.0,2.7770835069010526e-05,0.9307832156041946,0.07151933095796803,0.893381106923239,0.9681853242851503,4.262442922374429
37363,1.0,36004.0,2.777469170092212e-05,0.9307573633873408,0.07154710564966896,0.8933562592157231,0.9681584675589585,4.265182648401827
37404,1.0,36000.0,2.777777777777778e-05,0.9307315090161357,0.07157488342744674,0.893331409434736,0.9681316085975353,4.26986301369863
37422,1.0,35999.0,2.7778549404150115e-05,0.9307056546449305,0.07160266197685089,0.8933065596537803,0.9681047496360807,4.271917808219178
37438,1.0,35996.0,2.7780864540504502e-05,0.9306797988372117,0.07163044284139139,0.8932817084902517,0.9680778891841718,4.273744292237443
37468,1.0,35995.0,2.7781636338380332e-05,0.9306539430294929,0.07165822447772977,0.8932568573267545,0.9680510287322313,4.277168949771689
37501,1.0,35992.0,2.7783951989330962e-05,0.9306280857850211,0.07168600842971909,0.8932320047804537,0.9680241667895885,4.280936073059361
37513,1.0,35991.0,2.778472395876747e-05,0.9306022285405492,0.07171379315367786,0.8932071522341845,0.9679973048469139,4.282305936073059
37516,1.0,35990.0,2.7785495971103084e-05,0.9305763712960773,0.07174157864964896,0.8931822996879467,0.9679704429042079,4.282648401826484
37518,1.0,35989.0,2.778626802634138e-05,0.9305505140516055,0.0717693649176753,0.8931574471417406,0.9679435809614704,4.282876712328767
37526,1.0,35988.0,2.7787040124485938e-05,0.9305246568071337,0.07179715195779979,0.893132594595566,0.9679167190187014,4.2837899543379
37573,1.0,35986.0,2.7788584449508144e-05,0.9304987988441257,0.07182494054224929,0.8931077413578514,0.9678898563303999,4.289155251141553
37578,1.0,35984.0,2.779012894619831e-05,0.9304729401625216,0.07185273067119549,0.8930828874285393,0.9678629928965039,4.28972602739726
37582,1.0,35983.0,2.7790901258927826e-05,0.9304470814809174,0.07188052157245442,0.8930580334992586,0.9678361294625761,4.290182648401826
37651,1.0,35979.0,2.7793990939158956e-05,0.9304212206431653,0.07190831556339358,0.8930331774947753,0.9678092637915554,4.298059360730593
37659,1.0,35978.0,2.77947634665629e-05,0.9303953598054133,0.07193611032686015,0.8930083214903235,0.9677823981205032,4.298972602739726
37667,1.0,35977.0,2.7795536036912473e-05,0.9303694989676613,0.07196390586289705,0.8929834654859033,0.9677555324494193,4.299885844748858
37719,1.0,35975.0,2.7797081306462822e-05,0.9303436374110534,0.07199170294420351,0.8929586087896352,0.9677286660324717,4.3058219178082195
37731,1.0,35973.0,2.7798626747838656e-05,0.9303177751355298,0.07201950157095136,0.8929337514014614,0.9677017988695983,4.307191780821918
37739,1.0,35971.0,2.780017236106864e-05,0.9302919121410306,0.07204730174331242,0.8929088933213241,0.9676749309607371,4.30810502283105
37740,1.0,35970.0,2.7800945232137893e-05,0.9302660491465312,0.07207510268854456,0.8928840352412184,0.967648063051844,4.308219178082192
37776,1.0,35969.0,2.7801718146181435e-05,0.9302401861520319,0.07210290440669073,0.8928591771611442,0.9676211951429196,4.3123287671232875
37790,1.0,35968.0,2.7802491103202846e-05,0.9302143231575325,0.07213070689779394,0.8928343190811017,0.9675943272339633,4.313926940639269
37812,1.0,35968.0,2.7802491103202846e-05,0.9301884608820888,0.07215850938889715,0.8928094616931629,0.9675674600710148,4.316438356164384
37822,1.0,35966.0,2.7804037146193626e-05,0.9301625978875695,0.07218631342604334,0.8927846036131643,0.9675405921619747,4.317579908675799
37833,1.0,35964.0,2.7805583361138918e-05,0.9301367341739145,0.07221411900940448,0.892759744841048,0.967513723506781,4.318835616438356
37870,1.0,35962.0,2.7807129748067406e-05,0.9301108697410639,0.07224192613915255,0.8927348853767565,0.9674868541053714,4.323059360730594
37894,1.0,35960.0,2.7808676307007788e-05,0.9300850045889577,0.07226973481545956,0.8927100252202317,0.9674599839576837,4.325799086757991
37908,1.0,35959.0,2.7809449650991406e-05,0.9300591394368515,0.07229754426511055,0.8926851650637385,0.9674331138099644,4.3273972602739725
37927,1.0,35958.0,2.7810223037988763e-05,0.9300332742847452,0.07232535448814854,0.892660304907277,0.9674062436622135,4.3295662100456624
37943,1.0,35954.0,2.7813317016187352e-05,0.930007406974452,0.07235316780516474,0.8926354426736476,0.9673793712752563,4.331392694063927
37991,1.0,35950.0,2.7816411682892907e-05,0.9299815375055513,0.07238098421684763,0.8926105783624453,0.9673524966486574,4.336872146118721
38046,1.0,35946.0,2.781950703833528e-05,0.9299556658776232,0.07240880372388597,0.8925857119732651,0.9673256197819814,4.343150684931507
38049,1.0,35945.0,2.7820280984837948e-05,0.9299297942496951,0.07243662400487082,0.8925608455841166,0.9672987429152736,4.343493150684932
38077,1.0,35944.0,2.782105497440463e-05,0.9299039226217669,0.07246444505984523,0.8925359791949997,0.9672718660485341,4.346689497716895
38107,2.0,35938.0,5.5651399632700765e-05,0.929852172166949,0.07252009645947793,0.8924862394880394,0.9672181048458587,4.350114155251141
38120,1.0,35936.0,2.7827248441674087e-05,0.9298262969395401,0.07254792370791961,0.8924613696346068,0.9671912242444735,4.351598173515982
38179,1.0,35933.0,2.7829571702891493e-05,0.9298004202719382,0.0725757532796225,0.8924364983950553,0.9671643421488211,4.358333333333333
38200,1.0,35929.0,2.7832669988031953e-05,0.929774541443686,0.07260358594961053,0.8924116250759621,0.9671374578114099,4.360730593607306
38260,1.0,35926.0,2.783499415465123e-05,0.9297486611747598,0.07263142094376518,0.8923867503702865,0.9671105719792332,4.367579908675799
38272,1.0,35925.0,2.7835768963117608e-05,0.9297227809058336,0.0726592567127283,0.8923618756646425,0.9670836861470247,4.368949771689498
38298,1.0,35924.0,2.7836543814719963e-05,0.9296969006369074,0.07268709325654302,0.8923370009590303,0.9670568003147844,4.3719178082191785
38371,1.0,35922.0,2.783809364734703e-05,0.9296710196475237,0.07271493135019036,0.8923121255600268,0.9670299137350207,4.380251141552511
38376,1.0,35921.0,2.7838868628378942e-05,0.9296451386581402,0.07274277021881874,0.8922872501610551,0.9670030271552253,4.380821917808219
38382,1.0,35920.0,2.7839643652561248e-05,0.9296192576687566,0.0727706098624713,0.8922623747621151,0.9669761405753982,4.381506849315069
38385,1.0,35919.0,2.784041871989755e-05,0.929593376679373,0.0727984502811912,0.8922374993632068,0.9669492539955392,4.381849315068493
38442,1.0,35913.0,2.7845070030351125e-05,0.9295674920866996,0.07282629535122155,0.8922126204962485,0.9669223636771508,4.388356164383562
38458,1.0,35912.0,2.784584539986634e-05,0.9295416074940263,0.07285414119662141,0.8921877416293218,0.9668954733587307,4.390182648401827
38471,1.0,35911.0,2.7846620812564395e-05,0.9295157229013529,0.07288198781743398,0.892162862762427,0.9668685830402788,4.391666666666667
38491,1.0,35909.0,2.784817176752346e-05,0.929489837587841,0.0729098359892015,0.8921379832017735,0.9668416919739085,4.393949771689497
38512,1.0,35906.0,2.7850498523923578e-05,0.9294639508324912,0.07293768648772543,0.892113102253416,0.9668147994115665,4.3963470319634705
38554,1.0,35901.0,2.7854377315395116e-05,0.9294380611929036,0.07296554086504083,0.8920882185290768,0.9667879038567304,4.401141552511415
38641,1.0,35896.0,2.7858257187430356e-05,0.9294121686683551,0.07299339912222826,0.8920633320280593,0.9667610053086508,4.411073059360731
38668,1.0,35893.0,2.786058562950993e-05,0.9293862747010447,0.07302125970785776,0.8920384441384472,0.9667341052636422,4.414155251141553
38693,1.0,35890.0,2.7862914460852604e-05,0.9293603792907716,0.07304912262231862,0.892013554860047,0.9667072037214963,4.417009132420091
38730,1.0,35865.0,2.7882336539802036e-05,0.9293344665519094,0.07307700495885842,0.8919886489032747,0.9666802842005442,4.421232876712328
38785,1.0,35864.0,2.7883113986169977e-05,0.9293085538130473,0.0731048880728446,0.8919637429465344,0.9666533646795603,4.427511415525114
38825,1.0,35844.0,2.7898672023211696e-05,0.9292826273384961,0.07313278674486781,0.8919388237694901,0.9666264309075021,4.432077625570776
38830,1.0,35831.0,2.7908794061008625e-05,0.9292566921810252,0.07316069553892882,0.8919138962353248,0.9665994881267257,4.4326484018264845
38842,1.0,35827.0,2.791191001200212e-05,0.929230754851855,0.07318860744894082,0.8918889666109688,0.9665725430927412,4.434018264840183
38843,1.0,35826.0,2.791268910846871e-05,0.9292048175226848,0.07321652013804929,0.8918640369866451,0.9665455980587245,4.434132420091324
38887,1.0,35819.0,2.7918144001786762e-05,0.929178875848782,0.07324443828205107,0.8918391031806225,0.9665186485169415,4.439155251141552
38960,1.0,35764.0,2.796107817917459e-05,0.929152895005592,0.07327239936023025,0.8918141316747737,0.9664916583364102,4.447488584474886
38984,1.0,35763.0,2.7961860022928726e-05,0.9291269141624019,0.07330036122025319,0.8917891601689573,0.9664646681558465,4.4502283105022835
38995,1.0,35762.0,2.7962641910407696e-05,0.9291009333192118,0.07332832386216359,0.891764188663173,0.9664376779752507,4.45148401826484
39001,1.0,35761.0,2.796342384161517e-05,0.9290749524760218,0.07335628728600521,0.8917392171574211,0.9664106877946225,4.452168949771689
39017,1.0,35759.0,2.796498783523029e-05,0.9290489709062778,0.07338425227384045,0.8917142449524025,0.9663836968601531,4.453995433789954
39031,1.0,35757.0,2.7966552003803452e-05,0.9290229886099189,0.07341221882584426,0.8916892720480585,0.9663567051717794,4.455593607305936
39067,1.0,35753.0,2.796968086594132e-05,0.9289970041334104,0.07344018850671019,0.8916642970453796,0.9663297112214411,4.459703196347032
39103,1.0,35749.0,2.797281042826373e-05,0.9289710174763254,0.07346816131713846,0.8916393199439545,0.9663027150086962,4.463812785388128
39117,1.0,35748.0,2.7973592928275707e-05,0.9289450308192403,0.07349613491006673,0.8916143428425618,0.9662757187959188,4.465410958904109
39138,1.0,35746.0,2.7975158059643037e-05,0.9289190434351744,0.07352411006812638,0.8915893650414909,0.9662487218288579,4.467808219178083
39139,1.0,35745.0,2.7975940691005735e-05,0.9288930560511085,0.0735520860088174,0.8915643872404524,0.9662217248617646,4.467922374429223
39141,1.0,35744.0,2.7976723366159355e-05,0.9288670686670426,0.07358006273218355,0.8915394094394463,0.9661947278946389,4.468150684931507
39149,1.0,35743.0,2.7977506085107574e-05,0.9288410812829767,0.07360804023826865,0.8915144316384725,0.9661677309274809,4.469063926940639
39164,2.0,35740.0,5.595970900951315e-05,0.928789103606352,0.07366399994727817,0.8914644732372313,0.9661137339754727,4.470776255707762
39173,1.0,35738.0,2.79814203368963e-05,0.9287631147680397,0.07369198136761507,0.8914394940366593,0.9660867354994201,4.4718036529680365
39208,1.0,35736.0,2.7982986344302665e-05,0.9287371252024821,0.07371996435395937,0.8914145141361544,0.9660597362688098,4.47579908675799
39218,1.0,35735.0,2.798376941374003e-05,0.9287111356369244,0.07374794812337311,0.8913895342356818,0.966032737038167,4.476940639269406
39219,1.0,35734.0,2.7984552527005094e-05,0.9286851460713668,0.07377593267590012,0.8913645543352415,0.966005737807492,4.477054794520548
39235,1.0,35733.0,2.7985335684101532e-05,0.9286591565058091,0.07380391801158422,0.8913395744348337,0.9659787385767845,4.478881278538813
39265,1.0,35732.0,2.7986118885033023e-05,0.9286331669402514,0.07383190413046925,0.8913145945344582,0.9659517393460447,4.482305936073059
39267,1.0,35731.0,2.7986902129803252e-05,0.9286071773746938,0.07385989103259906,0.8912896146341152,0.9659247401152724,4.482534246575343
39279,1.0,35729.0,2.798846875087464e-05,0.928581187081728,0.07388787950134994,0.8912646340336822,0.9658977401297738,4.483904109589041
39289,1.0,35726.0,2.7990819011364273e-05,0.928555195333783,0.0739158703203613,0.89123965203288,0.9658707386346859,4.485045662100457
39290,1.0,35725.0,2.7991602519244228e-05,0.928529203585838,0.07394386192288055,0.8912146700321104,0.9658437371395656,4.485159817351598
39303,1.0,35723.0,2.799316966660135e-05,0.9285032111103017,0.07397185509254715,0.8911896873310743,0.965816734889529,4.486643835616438
39324,1.0,35722.0,2.7993953306085884e-05,0.9284772186347653,0.07399984904585324,0.8911647046300707,0.9657897326394599,4.489041095890411
39340,1.0,35719.0,2.799630448780761e-05,0.9284512247038424,0.07402784535034106,0.8911397205283053,0.9657627288793796,4.4908675799086755
39373,1.0,35717.0,2.7997872161715708e-05,0.9284252300451449,0.07405584322250278,0.8911147357260968,0.965735724364193,4.494634703196347
39387,1.0,35716.0,2.7998656064508904e-05,0.9283992353864472,0.07408384187856729,0.8910897509239206,0.9657087198489738,4.4962328767123285
39407,1.0,35715.0,2.7999440011199776e-05,0.9283732407277495,0.07411184131857848,0.8910647661217769,0.9656817153337222,4.49851598173516
39438,1.0,35713.0,2.8001008036289307e-05,0.9283472453411753,0.07413984232661477,0.891039780619092,0.9656547100632586,4.502054794520548
39478,1.0,35712.0,2.800179211469534e-05,0.928321249954601,0.07416784411872947,0.8910147951164393,0.9656277047927626,4.50662100456621
39480,1.0,35711.0,2.8002576237013804e-05,0.9282952545680266,0.07419584669496648,0.8909898096138191,0.9656006995222342,4.506849315068493
39494,1.0,35707.0,2.800571316548576e-05,0.9282692569973943,0.07422385240813197,0.8909648220090973,0.9655736919856912,4.5084474885844745
39496,1.0,35706.0,2.8006497507421723e-05,0.9282432594267619,0.07425185890563939,0.890939834404408,0.9655466844491157,4.508675799086758
39527,1.0,35629.0,2.8067024053439613e-05,0.9282172064008721,0.07427992592969283,0.8909147934244528,0.9655196193772915,4.512214611872146
39546,1.0,35588.0,2.809935933460717e-05,0.928191124092049,0.07430802528902744,0.8908897242597823,0.9654925239243156,4.514383561643836
39551,1.0,35587.0,2.8100148930789334e-05,0.9281650417832257,0.07433612543795823,0.8908646550951446,0.9654654284713068,4.514954337899543
39592,2.0,35584.0,5.6205035971223025e-05,0.928112874233665,0.07439233047392946,0.8908145139440031,0.9654112345233268,4.519634703196347
39601,1.0,35582.0,2.8104097577426788e-05,0.9280867904588845,0.07442043457150689,0.8907894433684816,0.9653841375492874,4.520662100456621
39605,1.0,35581.0,2.8104887439925803e-05,0.9280607066841042,0.07444853945894682,0.8907643727929933,0.9653570405752152,4.521118721461187
39615,1.0,35575.0,2.8109627547434995e-05,0.928034619243298,0.07447664908649425,0.8907392986889898,0.9653299397976062,4.522260273972603
39620,1.0,35559.0,2.8122275654545965e-05,0.9280085207979187,0.0745047713621488,0.8907142139931147,0.9653028276027228,4.5228310502283104
39669,1.0,35527.0,2.814760604610578e-05,0.9279823995796679,0.0745329189681949,0.890689107378337,0.9652756917809988,4.528424657534247
39714,1.0,35494.0,2.817377584943934e-05,0.92795625481155,0.07456109274404434,0.89066397809674,0.9652485315263599,4.5335616438356166
39757,1.0,35492.0,2.817536346218866e-05,0.9279301093067936,0.07458926810750652,0.8906388481061577,0.9652213705074296,4.538470319634703
39763,1.0,35491.0,2.8176157335662564e-05,0.9279039638020373,0.07461744426484218,0.8906137181156085,0.9651942094884661,4.539155251141553
39780,1.0,35466.0,2.819601872215643e-05,0.9278778006045015,0.07464564028356434,0.8905885710956725,0.9651670301133306,4.541095890410959
39809,1.0,35399.0,2.8249385575863725e-05,0.927851588626745,0.0746738896691402,0.890563377124308,0.965139800129182,4.544406392694064
39835,1.0,35367.0,2.8274945570729776e-05,0.9278253536735788,0.07470216461471092,0.8905381610388244,0.9651125463083331,4.547374429223744
39844,1.0,35365.0,2.8276544606249117e-05,0.9277991179785788,0.07473044115931717,0.8905129442393482,0.9650852917178094,4.548401826484018
39892,1.0,35362.0,2.827894349867089e-05,0.9277728807997434,0.07475872010281584,0.8904877260116913,0.9650580355877955,4.553881278538813
39927,1.0,35359.0,2.8281342798156058e-05,0.9277466421368626,0.074787001445614,0.8904625063556515,0.9650307779180738,4.557876712328767
39933,1.0,35358.0,2.8282142655127553e-05,0.9277204034739819,0.07481528358826912,0.8904372866996453,0.9650035202483185,4.558561643835616
39937,1.0,35357.0,2.8282942557343666e-05,0.9276941648111012,0.07484356653082647,0.890412067043673,0.9649762625785294,4.559018264840183
39938,1.0,35356.0,2.8283742504808235e-05,0.9276679261482205,0.07487185027333128,0.8903868473877343,0.9649490049087066,4.559132420091324
39940,1.0,35355.0,2.82845424975251e-05,0.9276416874853398,0.0749001348158288,0.8903616277318295,0.9649217472388502,4.559360730593608
39963,1.0,35352.0,2.828694274722788e-05,0.9276154473380359,0.07492842175857603,0.8903364066471775,0.9648944880288943,4.561986301369863
39986,1.0,35351.0,2.8287742920992336e-05,0.9275892071907321,0.07495670950149702,0.8903111855625593,0.964867228818905,4.564611872146119
40018,1.0,35349.0,2.8289343404339585e-05,0.9275629663011117,0.07498499884490135,0.8902859637634832,0.9648399688387401,4.568264840182648
40042,1.0,35348.0,2.8290143713930068e-05,0.9275367254114912,0.07501328898861528,0.8902607419644408,0.9648127088585416,4.571004566210045
40043,1.0,35347.0,2.8290944068803576e-05,0.9275104845218709,0.0750415799326841,0.8902355201654324,0.9647854488783094,4.571118721461187
40050,1.0,35329.0,2.8305358204308074e-05,0.9274842310053683,0.0750698852908884,0.8902102862128703,0.9647581757978662,4.571917808219178
40122,1.0,35285.0,2.8340654669122857e-05,0.9274579454950662,0.07509822594555753,0.8901850214656956,0.9647308695244369,4.58013698630137
40147,1.0,35280.0,2.834467120181406e-05,0.9274316570045477,0.07512657061675934,0.8901597538500338,0.9647035601590616,4.582990867579909
40149,1.0,35279.0,2.834547464497293e-05,0.9274053685140291,0.07515491609140432,0.8901344862344058,0.9646762507936524,4.583219178082191
40176,1.0,35274.0,2.834949254408346e-05,0.9273790770424492,0.0751832655839484,0.8901092157494765,0.9646489383354218,4.586301369863014
40182,1.0,35273.0,2.8350296260595925e-05,0.9273527855708691,0.075211615880209,0.8900839452645812,0.9646216258771569,4.586986301369863
40193,1.0,35271.0,2.8351903830342207e-05,0.9273264933538758,0.07523996778403934,0.8900586740622436,0.9645943126455081,4.58824200913242
40202,1.0,35242.0,2.837523409568129e-05,0.9273001802475438,0.07526834301813502,0.8900333827534742,0.9645669777416134,4.589269406392694
40223,1.0,34326.0,2.913243605430286e-05,0.9272731657343396,0.07529747545418933,0.8900074162984642,0.964538915170215,4.591666666666667
40224,1.0,34276.0,2.9174932897654335e-05,0.9272461126019514,0.07532665038708698,0.8899814126687319,0.964510812535171,4.5917808219178085
40243,1.0,34134.0,2.9296302806585808e-05,0.9272189477190604,0.07535594668989357,0.8899553014673246,0.9644825939707963,4.5939497716894975
40251,1.0,34132.0,2.9298019453884917e-05,0.9271917820402922,0.07538524470934745,0.8899291894998352,0.9644543745807491,4.59486301369863
40347,1.0,33641.0,2.9725632412829584e-05,0.927164220678203,0.07541497034176027,0.8899026966348031,0.9644257447216029,4.605821917808219
40379,1.0,32901.0,3.039421294185587e-05,0.9271360402514477,0.07544536455470213,0.8898756078057053,0.9643964726971901,4.609474885844749
40409,1.0,32900.0,3.0395136778115502e-05,0.9271078598246922,0.07547575969148025,0.8898485189766522,0.9643672006727323,4.612899543378996
40498,1.0,32872.0,3.0421027013871987e-05,0.9270796562514437,0.07550618071849412,0.8898214078641002,0.9643379046387872,4.623059360730593
40508,1.0,32870.0,3.0422878004259203e-05,0.9270514518201614,0.07553660359649837,0.8897942959255478,0.9643086077147749,4.624200913242009
40581,1.0,32833.0,3.0457162001644687e-05,0.9270232164639094,0.07556706075850002,0.8897671542149265,0.9642792787128923,4.632534246575342
40645,1.0,32793.0,3.049431281066081e-05,0.9269949475279639,0.07559755507131068,0.8897399801763651,0.9642499148795626,4.639840182648402
40654,1.0,32773.0,3.0512922222561255e-05,0.9269666622032292,0.07562806799353324,0.8897127903599216,0.9642205340465368,4.640867579908676
40722,1.0,32765.0,3.052037234854265e-05,0.9269383708355441,0.07565858836588178,0.8896855947258058,0.9641911469452824,4.648630136986301
40829,1.0,30767.0,3.250235642084051e-05,0.926908243154235,0.07569109072230262,0.8896566310465556,0.9641598552619145,4.660844748858447
40855,1.0,30387.0,3.290880968835357e-05,0.9268777397072625,0.07572399953199098,0.8896273055286259,0.9641281738858991,4.663812785388128
40866,1.0,30385.0,3.291097581043278e-05,0.9268472352563917,0.07575691050780141,0.8895979790440475,0.9640964914687359,4.6650684931506845
40935,1.0,30383.0,3.2913142217687525e-05,0.9268167298015236,0.0757898236500191,0.8895686515927248,0.9640648080103225,4.6729452054794525
40996,1.0,30323.0,3.297826732183491e-05,0.9267861649916499,0.07582280191734093,0.8895392669849681,0.9640330629983317,4.679908675799087
41006,1.0,30271.0,3.3034917908228995e-05,0.926755548686771,0.07585583683524916,0.889509832789347,0.964001264584195,4.681050228310502
41051,1.0,30263.0,3.30436506625252e-05,0.9267249253001707,0.07588888048591168,0.8894803917743118,0.9639694588260296,4.686187214611872
41072,1.0,30261.0,3.304583457255213e-05,0.926694300901595,0.07592192632048422,0.8894509497848382,0.9639376520183518,4.688584474885845
41079,1.0,30260.0,3.304692663582287e-05,0.9266636765030192,0.07595497324712004,0.8894215077954272,0.9639058452106112,4.689383561643836
41110,1.0,30259.0,3.304801877127466e-05,0.9266330521044435,0.07598802126589131,0.8893920658060792,0.9638740384028077,4.692922374429224
41129,1.0,30257.0,3.305020325875004e-05,0.9266024266937252,0.07602107146915006,0.8893626228421315,0.9638422305453188,4.695091324200913
41131,1.0,30255.0,3.305238803503553e-05,0.9265718002707638,0.0760541238571851,0.8893331789034873,0.9638104216380403,4.695319634703196
41151,1.0,30254.0,3.3053480531499964e-05,0.9265411738478025,0.0760871773377166,0.889303734964906,0.9637786127306991,4.697602739726028
41157,1.0,30253.0,3.305457310018841e-05,0.9265105474248413,0.07612023191081678,0.8892742910263876,0.963746803823295,4.698287671232877
41167,1.0,30251.0,3.3056758454265975e-05,0.9264799199894698,0.07615328866927104,0.8892448461130114,0.9637149938659282,4.699429223744292
41202,1.0,30227.0,3.308300526019784e-05,0.9264492692494033,0.07618637167453124,0.889215378757947,0.9636831597408596,4.703424657534247
41218,1.0,30178.0,3.313672211544834e-05,0.9264185697574141,0.07621950839664669,0.8891858644560624,0.9636512750587658,4.705251141552512
41223,1.0,30139.0,3.3179601181193804e-05,0.9263878315587427,0.07625268799782789,0.8891563128804972,0.9636193502369882,4.705821917808219
41225,1.0,30131.0,3.318841060701603e-05,0.9263570862190076,0.0762858764084349,0.8891267544282802,0.963587418009735,4.706050228310502
41241,1.0,30128.0,3.3191715347849174e-05,0.9263263388382913,0.07631906812378275,0.8890971940106978,0.9635554836658848,4.707876712328767
41244,1.0,30127.0,3.3192817074385103e-05,0.9262955914575751,0.07635226094085713,0.8890676335931793,0.9635235493219709,4.708219178082191
41248,1.0,30126.0,3.3193918874062273e-05,0.9262648440768589,0.0763854548597312,0.8890380731757248,0.9634916149779931,4.708675799086758
41256,2.0,30125.0,6.639004149377594e-05,0.9262033493154265,0.07645184490122497,0.8889789523410075,0.9634277462898454,4.7095890410958905
41262,1.0,30097.0,3.322590291391168e-05,0.9261725753728636,0.07648507080413888,0.8889493663451055,0.9633957844006217,4.71027397260274
41290,1.0,30062.0,3.326458652118954e-05,0.9261417666250965,0.07651833539066007,0.8889197468322931,0.9633637864178999,4.713470319634703
41296,1.0,30061.0,3.3265693090715545e-05,0.9261109578773294,0.07655160108375078,0.8888901273195453,0.9633317884351136,4.714155251141553
41301,2.0,30060.0,6.65335994677312e-05,0.9260493403817953,0.07661813468321851,0.888830888294243,0.9632677924693477,4.71472602739726
41302,1.0,30058.0,3.326901324106727e-05,0.9260185316340283,0.07665140369645958,0.8888012687816885,0.963235794486368,4.714840182648402
41360,1.0,30053.0,3.327454829800686e-05,0.9259877187856725,0.07668467824475758,0.8887716453203739,0.9632037922509712,4.7214611872146115
41482,1.0,29984.0,3.335112059765208e-05,0.9259568360575914,0.07671802936535524,0.8887419545653985,0.9631717175497843,4.735388127853882
41502,1.0,29954.0,3.338452293516726e-05,0.925925923430361,0.0767514138882904,0.8887122350176446,0.9631396118430773,4.737671232876712
41514,1.0,29918.0,3.34246941640484e-05,0.9258949746395517,0.07678483858245445,0.8886824806443496,0.9631074686347538,4.739041095890411
41565,1.0,29813.0,3.3542414382987286e-05,0.9258639178866372,0.07681838099683744,0.8886526223025654,0.9630752134707091,4.74486301369863
41645,1.0,29693.0,3.3677971239012565e-05,0.9258327366682394,0.07685205896807645,0.88862264409788,0.9630428292385987,4.753995433789954
41662,1.0,29641.0,3.373705340575554e-05,0.9258015017997576,0.07688579602148221,0.8885926142265688,0.9630103893729465,4.7559360730593605
41685,1.0,29621.0,3.3759832551230545e-05,0.9257702468960811,0.07691955585403344,0.8885625650607349,0.9629779287314273,4.758561643835616
41697,1.0,29609.0,3.3773514809686244e-05,0.9257389803809372,0.07695332936884312,0.8885325047127022,0.9629454560491721,4.759931506849315
41721,1.0,29581.0,3.380548324938305e-05,0.9257076853273426,0.0769871348520925,0.8885024168811066,0.9629129537735786,4.762671232876713
41728,1.0,29579.0,3.3807769025322016e-05,0.9256763892157321,0.07702094262111783,0.8884723280306681,0.9628804504007962,4.7634703196347035
41788,1.0,29572.0,3.381577167590964e-05,0.9256450867543086,0.07705475839279374,0.88844223306517,0.9628479404434471,4.770319634703196
41800,1.0,29561.0,3.382835492709989e-05,0.9256137737037774,0.07708858674772084,0.8884121279019896,0.9628154195055652,4.771689497716895
41801,1.0,29555.0,3.383522246658772e-05,0.925582455355826,0.07712242197018743,0.8883820176372376,0.9627828930744143,4.771803652968036
41802,1.0,29550.0,3.3840947546531304e-05,0.9255511327685042,0.07715626291773396,0.8883519032898585,0.9627503622471499,4.771917808219178
41805,1.0,29533.0,3.386042731859276e-05,0.9255197932116435,0.07719012334505256,0.8883217726001332,0.9627178138231537,4.772260273972603
41806,1.0,29532.0,3.386157388595422e-05,0.9254884536547827,0.0772239849189385,0.888291641910477,0.9626852653990884,4.772374429223745
41825,1.0,29481.0,3.392015196228079e-05,0.9254570609457955,0.07725790507090079,0.8882614600328478,0.9626526618587432,4.774543378995434
41829,1.0,29478.0,3.3923604043693604e-05,0.9254256661069006,0.07729182867494448,0.8882312761040789,0.9626200561097222,4.775
41830,1.0,29477.0,3.3924754893645894e-05,0.9253942712680057,0.07732575342983813,0.8882010921753798,0.9625874503606315,4.775114155251141
41855,1.0,29434.0,3.3974315417544334e-05,0.9253628316311481,0.07735972774525568,0.8881708651039244,0.9625547981583717,4.77796803652968
41870,1.0,29425.0,3.398470688190314e-05,0.9253313834465557,0.07739371245213758,0.888140629800591,0.9625221370925204,4.779680365296803
41890,1.0,29373.0,3.4044871140162734e-05,0.9252998806588444,0.07742775732327774,0.8881103419112797,0.9624894194064091,4.781963470319635
41891,1.0,29369.0,3.404950798460962e-05,0.9252683746531698,0.07746180683126234,0.8880800509229394,0.9624566983834002,4.782077625570777
41901,1.0,29329.0,3.409594599202155e-05,0.9252368267526395,0.07749590277725436,0.8880497195872075,0.9624239339180716,4.7832191780821915
41904,1.0,29328.0,3.409710856519367e-05,0.9252052788521092,0.07752999988581956,0.8880193882515467,0.9623911694526718,4.7835616438356166
41951,1.0,29325.0,3.410059676044331e-05,0.9251737287999745,0.07756410048258,0.8879890548438172,0.9623584027561318,4.78892694063927
41965,1.0,29324.0,3.410175965079798e-05,0.9251421787478398,0.0775982022422308,0.8879587214361588,0.9623256360595207,4.790525114155251
41966,1.0,29323.0,3.4102922620468576e-05,0.9251106286957049,0.07763230516485127,0.8879283880285714,0.9622928693628384,4.790639269406393
41971,1.0,29321.0,3.410524879778998e-05,0.9250790775675478,0.07766641041364906,0.887898053584773,0.9622601015503226,4.7912100456621
41972,1.0,29320.0,3.410641200545703e-05,0.9250475264393907,0.07770051682565453,0.8878677191410458,0.9622273337377356,4.791324200913242
41999,1.0,29317.0,3.410990210458096e-05,0.9250159731588218,0.0777346267277591,0.8878373826244711,0.9621945636931725,4.794406392694064
42039,1.0,29237.0,3.420323562609023e-05,0.9249843346195339,0.07776882996338519,0.8878069639976511,0.9621617052414166,4.798972602739726
42042,1.0,29235.0,3.4205575508807936e-05,0.9249526949980316,0.07780303553889399,0.8877765443286474,0.9621288456674157,4.799315068493151
42064,1.0,29194.0,3.4253613756251286e-05,0.9249210120256743,0.07783728915265024,0.8877460829094077,0.962095941141941,4.801826484018265
42068,1.0,29161.0,3.429237680463633e-05,0.9248892942858155,0.07787158152945488,0.8877155880062395,0.9620630005653914,4.802283105022831
42093,1.0,29138.0,3.4319445397762374e-05,0.9248575525981813,0.07790590097485264,0.8876850700393674,0.9620300351569951,4.8051369863013695
42117,1.0,29041.0,3.443407596157157e-05,0.9248257059829614,0.07794033505081421,0.8876544510175329,0.9619969609483899,4.807876712328767
42118,1.0,29036.0,3.444000551040088e-05,0.9247938549805512,0.07797477505632461,0.8876238277704745,0.9619638821906279,4.807990867579909
42164,1.0,29010.0,3.447087211306446e-05,0.9247619765298453,0.07800924592843768,0.8875931780880224,0.9619307749716681,4.81324200913242
42230,1.0,28963.0,3.452681006801781e-05,0.9247300474487236,0.0780437727385057,0.8875624796432583,0.9618976152541888,4.820776255707763
42282,1.0,28937.0,3.4557832532743545e-05,0.9246980907826059,0.07807833057103844,0.8875317546312196,0.9618644269339922,4.826712328767123
42363,1.0,28708.0,3.4833495889647484e-05,0.9246658803154615,0.07811316406692809,0.8875007851775766,0.9618309754533464,4.835958904109589
42373,1.0,28674.0,3.487479946990305e-05,0.9246336327783088,0.07814803886639798,0.8874697800204636,0.961797485536154,4.8371004566210045
42402,1.0,28623.0,3.4936938825420114e-05,0.9246013289096445,0.0781829758052234,0.887438720608113,0.961763937211176,4.840410958904109
42451,1.0,28619.0,3.4941821866592126e-05,0.9245690216547121,0.07821791762708999,0.8874076579343687,0.9617303853750555,4.846004566210046
42500,1.0,28504.0,3.508279539713725e-05,0.9245365851888949,0.07825300042248713,0.8873764708108126,0.9616966995669772,4.851598173515982
42503,1.0,28489.0,3.510126715574432e-05,0.924504132783223,0.07828810168964287,0.887345268334692,0.961662997231754,4.851940639269406
42511,1.0,28483.0,3.5108661306744374e-05,0.9244716746807484,0.0783232103509496,0.8873140603717071,0.9616292889897897,4.852853881278539
42518,1.0,28454.0,3.514444366345681e-05,0.9244391846380591,0.07835835479461306,0.8872828216451362,0.961595547630982,4.8536529680365295
42522,1.0,28437.0,3.5165453458522345e-05,0.9244066763149364,0.07839352024807159,0.8872515653115411,0.9615617873183318,4.854109589041096
42533,1.0,28419.0,3.518772652098948e-05,0.9243741485456161,0.07842870797459257,0.8872202902480577,0.9615280068431744,4.855365296803653
42565,1.0,28417.0,3.5190203047471584e-05,0.924341619631637,0.07846389817764005,0.8871890140821541,0.9614942251811198,4.8590182648401825
42628,1.0,28353.0,3.526963637004903e-05,0.9243090184388308,0.07849916781401009,0.8871576682992693,0.9614603685783923,4.8662100456621005
42649,1.0,28348.0,3.527585720333004e-05,0.9242764126458847,0.07853444367121341,0.8871263180857135,0.9614265072060558,4.868607305936073
42651,1.0,28347.0,3.5277101633329805e-05,0.9242438068529385,0.07856972077284674,0.8870949678722391,0.9613926458336379,4.868835616438356
42661,1.0,28297.0,3.533943527582429e-05,0.9242111445987472,0.07860506020812257,0.8870635632764503,0.9613587259210441,4.869977168949772
42701,1.0,28178.0,3.5488679111363474e-05,0.9241783455660053,0.07864054888723393,0.8870320269368754,0.9613246641951352,4.874543378995434
42707,1.0,28176.0,3.5491198182850654e-05,0.9241455453691866,0.07867604008541677,0.8870004894761472,0.961290601262226,4.875228310502283
42730,1.0,28103.0,3.558338967370032e-05,0.9241126611381305,0.07871162347509048,0.8869688710735028,0.9612564512027583,4.877853881278539
42766,1.0,28053.0,3.564681139272092e-05,0.9240797194683933,0.07874727028648319,0.8869371973454296,0.9612222415913569,4.881963470319635
42862,2.0,27937.0,7.158964813687941e-05,0.9240135649264261,0.07881885993462007,0.88687358866186,0.9611535411909922,4.892922374429224
42957,1.0,27757.0,3.6026948157221604e-05,0.923980275537626,0.0788548868827773,0.886841580000232,0.9611189710750199,4.903767123287671
43005,1.0,27703.0,3.60971735913078e-05,0.9239469224612249,0.0788909840563686,0.8868095099914538,0.961084334930996,4.909246575342466
43045,1.0,27525.0,3.633060853769301e-05,0.9239133549072753,0.0789273146649063,0.8867772333836389,0.9610494764309118,4.913812785388128
43052,1.0,27523.0,3.633324855575337e-05,0.9238797861337075,0.07896364791346205,0.8867449556010839,0.961014616666331,4.914611872146119
43111,1.0,27443.0,3.643916481434245e-05,0.9238461207259119,0.0790000870782764,0.8867125847324879,0.9609796567193358,4.92134703196347
43133,1.0,27410.0,3.6483035388544325e-05,0.9238124160151959,0.07903657011366494,0.8866801760038614,0.9609446560265305,4.923858447488584
43134,1.0,27407.0,3.648702886123983e-05,0.9237787088449104,0.07907305714252617,0.8866477649060427,0.9609096527837782,4.923972602739726
43147,1.0,27376.0,3.6528345996493277e-05,0.9237449647366095,0.07910958548852266,0.8866153182261245,0.9608746112470945,4.9254566210045665
43164,1.0,27333.0,3.658581202209783e-05,0.9237111687769732,0.07914617130054476,0.8865828215979448,0.9608395159560017,4.927397260273972
43198,1.0,27233.0,3.672015569346014e-05,0.92367724995904,0.07918289145623822,0.88655020661943,0.96080429329865,4.931278538812785
43227,1.0,27137.0,3.685005711758853e-05,0.9236432123996208,0.07921974151335581,0.8865174772548491,0.9607689475443925,4.93458904109589
43244,1.0,27058.0,3.695764653706852e-05,0.9236090767202505,0.07925669915989288,0.8864846533682534,0.9607335000722476,4.936529680365297
43325,1.0,27044.0,3.6976778583049845e-05,0.9235749246319234,0.07929367593847593,0.8864518136743804,0.9606980355894663,4.945776255707763
43332,1.0,27034.0,3.699045646223274e-05,0.9235407611738842,0.07933066639493816,0.8864189630277104,0.960662559320058,4.946575342465754
43358,1.0,26998.0,3.703978072449811e-05,0.9235065534266002,0.07936770617566266,0.8863860697154199,0.9606270371377804,4.9495433789954335
43360,1.0,26997.0,3.704115272067267e-05,0.9234723456793161,0.07940474732838333,0.8863531764032282,0.9605915149554041,4.949771689497717
43376,1.0,26975.0,3.707136237256719e-05,0.9234381113013485,0.0794418186907559,0.8863202574365608,0.9605559651661361,4.951598173515982
43399,2.0,26918.0,7.429972509101716e-05,0.9233695001035402,0.07951611841584691,0.8862542822819228,0.9604847179251577,4.954223744292237
43474,1.0,26300.0,3.802281368821293e-05,0.9233343909970724,0.07955414122953512,0.8862205206080126,0.9604482613861322,4.962785388127854
43477,1.0,26290.0,3.803727653100038e-05,0.9232992698715115,0.07959217850606612,0.8861867473545463,0.9604117923884766,4.963127853881279
43500,1.0,26239.0,3.811120850642174e-05,0.9232640818205236,0.07963028971457255,0.8861529096223306,0.9603752540187165,4.965753424657534
43508,1.0,26199.0,3.8169395778464824e-05,0.9232288413883765,0.07966845911035102,0.8861190214236182,0.9603386613531347,4.966666666666667
43532,1.0,26058.0,3.8375930616317444e-05,0.9231934116224164,0.07970683504096733,0.886084950809048,0.9603018724357848,4.969406392694064
43601,1.0,25458.0,3.928038337654175e-05,0.9231571482312771,0.07974611542434387,0.8860500769840612,0.960264219478493,4.977283105022831
43616,1.0,25351.0,3.944617569326654e-05,0.9231207332122155,0.07978556160003714,0.8860150570556488,0.9602264093687823,4.9789954337899545
43618,1.0,25348.0,3.9450844248066906e-05,0.9230843153199474,0.0798250124442852,0.8859800343588151,0.9601885962810797,4.979223744292238
43664,1.0,25288.0,3.9544447959506484e-05,0.923047812460278,0.07986455689224471,0.8859449297893098,0.9601506951312462,4.984474885844749
43816,1.0,25210.0,3.966679888932963e-05,0.9230111981083359,0.07990422369113404,0.8859097177871849,0.9601126784294869,5.001826484018265
43879,1.0,25014.0,3.997761253697929e-05,0.9229742983242907,0.07994420130367101,0.8858742307400184,0.960074365908563,5.009018264840183
43946,1.0,24859.0,4.022687960094935e-05,0.9229371699483172,0.07998442818327196,0.8858385234134647,0.9600358164831697,5.016666666666667
43991,1.0,24858.0,4.022849786788961e-05,0.9229000415723437,0.08002465668113985,0.8858028160870483,0.9599972670576392,5.021803652968036
44008,1.0,24826.0,4.028035124466285e-05,0.9228628668345055,0.08006493703238451,0.8857670640841184,0.9599586695848925,5.023744292237443
44038,1.0,24796.0,4.032908533634457e-05,0.9228256486191951,0.08010526611772086,0.8857312701840183,0.959920027054372,5.027168949771689
44074,1.0,24643.0,4.057947490159477e-05,0.9227882008389485,0.08014584559262244,0.8856952550592638,0.9598811466186332,5.031278538812785
44077,1.0,24636.0,4.0591005033284626e-05,0.9227507439384436,0.08018643659765573,0.8856592311456207,0.9598422567312664,5.03162100456621
44117,1.0,24619.0,4.0619034079369594e-05,0.9227132626945288,0.0802270556317351,0.8856231837727649,0.9598033416162927,5.036187214611872
44180,1.0,24544.0,4.074315514993481e-05,0.922675668444908,0.08026779878688503,0.8855870274974469,0.9597643093923691,5.04337899543379
44225,1.0,24413.0,4.0961782656781225e-05,0.9226378740047144,0.08030876056954181,0.8855506782971176,0.9597250697123112,5.04851598173516
44343,1.0,24188.0,4.134281461881925e-05,0.9225997295581291,0.08035010338416063,0.8855139917831538,0.9596854673331043,5.061986301369863
44380,1.0,24053.0,4.157485552737704e-05,0.9225613726076631,0.080391678239688,0.8854771004654832,0.959645644749843,5.066210045662101
44386,1.0,24033.0,4.160945366787334e-05,0.9225229853329739,0.08043328769335588,0.8854401799221523,0.9596057907437956,5.06689497716895
44403,1.0,23991.0,4.1682297528239755e-05,0.9224845324554227,0.08047496999088412,0.8854031961520575,0.9595658687587879,5.068835616438356
44415,1.0,23988.0,4.1687510421877605e-05,0.9224460763718619,0.080516657501306,0.885366209292212,0.9595259434515119,5.070205479452055
44416,1.0,23987.0,4.168924834285238e-05,0.9224076202883013,0.08055834674964886,0.8853292224325248,0.9594860181440777,5.070319634703196
44442,1.0,23957.0,4.174145343740869e-05,0.9223691176535687,0.08060008820308627,0.885292190707473,0.9594460445996643,5.073287671232877
44589,1.0,22629.0,4.419108223960405e-05,0.9223283571640352,0.08064427928532587,0.885252982616498,0.9594037317115723,5.090068493150685
44634,1.0,22598.0,4.425170369059209e-05,0.9222875425628685,0.08068853098901646,0.8852137223605585,0.9593613627651785,5.095205479452055
44647,1.0,22597.0,4.425366199052971e-05,0.9222467279617018,0.08073278465100699,0.88517446210482,0.9593189938185837,5.096689497716895
44682,1.0,22596.0,4.42556204637989e-05,0.9222059133605351,0.08077704027147078,0.8851352018492824,0.9592766248717879,5.10068493150685
44697,1.0,22590.0,4.4267374944665784e-05,0.9221650897255922,0.08082130764641544,0.8850959328850948,0.9592342465660896,5.102397260273973
44837,1.0,22412.0,4.461895413171515e-05,0.9221239436837518,0.08086592660054716,0.8850563531049249,0.9591915342625787,5.11837899543379
44844,1.0,22385.0,4.467277194549922e-05,0.9220827498511102,0.08091059937249266,0.8850167272513473,0.959148772450873,5.119178082191781
44867,1.0,22315.0,4.4812906116961686e-05,0.9220414286434091,0.08095541227860963,0.8849769785985044,0.9591058786883138,5.121803652968037
44875,1.0,22302.0,4.483902788987535e-05,0.9220000852020745,0.0810002513064995,0.884937208510745,0.9590629618934041,5.122716894977169
44899,1.0,22299.0,4.484506031660613e-05,0.9219587380526417,0.0810450963668161,0.8848974348482674,0.959020041257016,5.125456621004566
44902,1.0,22298.0,4.484707148623195e-05,0.9219173909032089,0.08108994343830234,0.8848576611860017,0.9589771206204161,5.125799086757991
44937,1.0,22295.0,4.485310607759587e-05,0.9218760400446799,0.08113479654437994,0.884817883948054,0.9589341961413058,5.129794520547946
44940,1.0,22294.0,4.485511796896026e-05,0.921834689186151,0.0811796516623489,0.8847781067103182,0.9588912716619837,5.13013698630137
44947,1.0,22293.0,4.485713004081999e-05,0.921793338327622,0.08122450879238972,0.8847383294727944,0.9588483471824496,5.1309360730593605
44987,1.0,22290.0,4.486316733961418e-05,0.921751983758832,0.08126937195972934,0.8846985486584634,0.9588054188592007,5.135502283105023
45085,1.0,22178.0,4.508972855983407e-05,0.9217104222120849,0.08131446168828918,0.8846585682970349,0.9587622761271348,5.146689497716895
45096,1.0,22164.0,4.511820970943873e-05,0.9216688362879641,0.08135957989799862,0.884618564433319,0.9587191081426093,5.147945205479452
45140,1.0,22078.0,4.529395778603134e-05,0.9216270902586006,0.08140487385578465,0.8845784062089836,0.9586757743082175,5.15296803652968
45161,1.0,22054.0,4.534324839031468e-05,0.9215853006925238,0.08145021710417497,0.8845382060097433,0.9586323953753042,5.155365296803653
45202,1.0,21998.0,4.545867806164197e-05,0.9215434066430332,0.08149567578223661,0.8844979050741415,0.958588908211925,5.1600456621004565
45236,1.0,21993.0,4.546901286773064e-05,0.9215015049740184,0.08154114479510434,0.8844575967924342,0.9585454131556026,5.16392694063927
45244,1.0,21992.0,4.5471080392870135e-05,0.9214596033050035,0.0815866158754972,0.8844172885109506,0.9585019180990565,5.164840182648402
45280,1.0,21989.0,4.547728409659375e-05,0.9214176978248405,0.0816320931595938,0.884376976555187,0.958458419094494,5.168949771689498
45281,1.0,21988.0,4.5479352374022196e-05,0.9213757923446775,0.08167757251196782,0.8843366645996472,0.9584149200897077,5.169063926940639
45283,1.0,21981.0,4.5493835585278195e-05,0.9213338754258683,0.0817230663475531,0.8842963416157938,0.9583714092359428,5.169292237442923
45303,1.0,21908.0,4.564542632828191e-05,0.9212918207483338,0.08176871177388137,0.8842558858114109,0.9583277556852567,5.171575342465753
45328,1.0,21875.0,4.5714285714285716e-05,0.9212497045508139,0.08181442605959566,0.8842153706918167,0.9582840384098111,5.174429223744292
45349,1.0,21867.0,4.573101019801528e-05,0.9212075748711802,0.08186015706979367,0.8841748425734104,0.95824030716895,5.176826484018265
45421,1.0,20690.0,4.833252779120348e-05,0.9211630505804662,0.08190848959758487,0.884132005345369,0.9581940958155635,5.185045662100457
45424,1.0,20677.0,4.836291531653528e-05,0.9211185004498583,0.08195685251290141,0.8840891431971036,0.958147857702613,5.185388127853881
45445,1.0,20635.0,4.84613520717228e-05,0.9210738618019083,0.08200531386497313,0.884046195680699,0.9581015279231176,5.187785388127854
45470,1.0,20630.0,4.847309743092584e-05,0.9210292144988641,0.08205378696240406,0.8840032398173406,0.9580551891803876,5.190639269406392
45494,1.0,20627.0,4.848014737964803e-05,0.9209845628668042,0.08210226710978372,0.8839602797792303,0.9580088459543781,5.19337899543379
45515,1.0,20624.0,4.848719937936385e-05,0.9209399069046792,0.08215075430916308,0.8839173155653536,0.9579624982440048,5.195776255707763
45533,1.0,20623.0,4.8489550501866846e-05,0.9208952509425542,0.08219924385966494,0.8838743513517661,0.9579161505333423,5.19783105022831
45556,1.0,20610.0,4.8520135856380395e-05,0.9208505689798689,0.08224776399552132,0.8838313620626375,0.9578697758971004,5.200456621004566
45593,1.0,20566.0,4.862394242925216e-05,0.920805793594817,0.08229638793795058,0.8837882826734826,0.9578233045161513,5.204680365296803
45633,1.0,20258.0,4.936321453253036e-05,0.920760339660885,0.0823457511524831,0.8837445488373366,0.9577761304844334,5.2092465753424655
45690,1.0,20078.0,4.980575754557227e-05,0.9207144804946503,0.08239555691002867,0.8837004241399445,0.9577285368493561,5.215753424657534
45740,1.0,18996.0,5.264266161297115e-05,0.9206660116338115,0.08244819957164164,0.8836537818872563,0.9576782413803666,5.2214611872146115
45850,1.0,18935.0,5.2812252442566676e-05,0.9206173891879897,0.0825010118240842,0.883606991450482,0.9576277869254974,5.2340182648401825
45871,1.0,18934.0,5.281504172388296e-05,0.9205687667421681,0.08255382686580809,0.8835602010141147,0.9575773324702216,5.236415525114155
45875,1.0,18933.0,5.281783129984683e-05,0.9205201442963464,0.08260664469710793,0.883513410578154,0.9575268780145388,5.2368721461187215
45880,1.0,18932.0,5.2820621170504965e-05,0.9204715218505247,0.08265946531827843,0.8834666201426004,0.9574764235584491,5.237442922374429
45883,1.0,18931.0,5.282341133590407e-05,0.920422899404703,0.08271228872961434,0.8834198297074535,0.9574259691019525,5.237785388127854
45945,1.0,18930.0,5.282620179609086e-05,0.9203742769588813,0.08276511493141042,0.8833730392727137,0.9573755146450489,5.24486301369863
45984,1.0,18900.0,5.291005291005291e-05,0.9203255799071903,0.08281802498432048,0.8833261768549356,0.957324982959445,5.249315068493151
45995,1.0,18889.0,5.2940865053734975e-05,0.920276857074859,0.08287096584937421,0.8832792895629885,0.9572744245867294,5.2505707762557075
46011,1.0,18884.0,5.2954882440160984e-05,0.9202281239220802,0.08292392073181437,0.8832323923136965,0.9572238555304639,5.252397260273972
46018,1.0,18882.0,5.296049147336087e-05,0.9201793881883696,0.08297688122328774,0.8831854925745835,0.9571732838021558,5.253196347031963
46051,1.0,18881.0,5.296329643557015e-05,0.9201306524546591,0.08302984451972331,0.8831385928358816,0.9571227120734366,5.256963470319635
46080,1.0,18880.0,5.296610169491525e-05,0.9200819167209485,0.08308281062141823,0.8830916930975908,0.9570721403443062,5.260273972602739
46091,1.0,18878.0,5.297171310520182e-05,0.9200331784056226,0.08313578233452343,0.8830447908688182,0.957021565942427,5.261529680365297
46141,1.0,19949.0,5.012782595618828e-05,0.9199870591425816,0.08318591016047962,0.8830004152993904,0.9569737029857728,5.267237442922374
46142,1.0,19948.0,5.0130338881090835e-05,0.9199409398795405,0.0832360404993607,0.8829560397302926,0.9569258400287884,5.267351598173516
46152,1.0,19945.0,5.0137879167711205e-05,0.9198948159918554,0.08328617837852842,0.8829116597006529,0.9568779722830579,5.2684931506849315
46154,1.0,19943.0,5.014290728576443e-05,0.9198486897913845,0.08333632128581418,0.8828672774404589,0.95683010214231,5.268721461187215
46159,1.0,19942.0,5.014542172299669e-05,0.9198025635909135,0.08338646670753717,0.8828228951805952,0.9567822320012318,5.269292237442922
46162,1.0,19941.0,5.014793641241663e-05,0.9197564373904425,0.0834366146439496,0.8827785129210618,0.9567343618598233,5.269634703196347
46169,1.0,19940.0,5.0150451354062184e-05,0.9197103111899716,0.08348676509530366,0.8827341306618587,0.9566864917180845,5.270433789954338
46188,1.0,19939.0,5.0152966547971315e-05,0.9196641849895006,0.08353691806185162,0.8826897484029859,0.9566386215760154,5.272602739726027
46223,1.0,19937.0,5.015799769273211e-05,0.9196180564754319,0.08358707605954435,0.8826453639127743,0.9565907490380896,5.276598173515982
46255,1.0,19936.0,5.016051364365971e-05,0.9195719279613631,0.08363723657318801,0.8826009794228931,0.9565428764998332,5.280251141552512
46278,1.0,19935.0,5.016302984700276e-05,0.9195257994472944,0.08368739960303502,0.8825565949333425,0.9564950039612463,5.282876712328767
46290,2.0,19933.0,0.00010033612602217429,0.9194335377908004,0.08378773572905719,0.8824678214907722,0.9563992540908286,5.284246575342466
46326,1.0,19925.0,5.018820577164366e-05,0.9193873930712124,0.08383792393482883,0.8824234213705361,0.9563513647718888,5.288356164383561
46337,1.0,19905.0,5.023863350916855e-05,0.919341204304919,0.083888162568338,0.8823789787634868,0.9563034298463511,5.289611872146119
46383,1.0,19807.0,5.0487201494421164e-05,0.9192947893402951,0.08393864976983242,0.8823343179642408,0.9562552607163494,5.29486301369863
46388,1.0,19806.0,5.048975058063213e-05,0.9192483743756712,0.08398913952041305,0.8822896571653338,0.9562070915860086,5.2954337899543376
46426,1.0,19799.0,5.0507601394009796e-05,0.9192019453451962,0.08403964712180706,0.8822449827985668,0.9561589078918256,5.2997716894977165
46445,1.0,19739.0,5.066112771670297e-05,0.9191553775380457,0.08409030824952377,0.8822001745642846,0.9561105805118068,5.301940639269406
46446,1.0,19737.0,5.0666261336575975e-05,0.9191088073714784,0.08414097451086035,0.8821553640543693,0.9560622506885874,5.302054794520548
46473,1.0,19682.0,5.08078447312265e-05,0.9190621094339023,0.08419178235559158,0.8821104302914875,0.9560137885763171,5.3051369863013695
46481,1.0,19680.0,5.08130081300813e-05,0.9190154091234637,0.08424259536372165,0.8820654942399736,0.9559653240069538,5.306050228310502
46489,1.0,19678.0,5.0818172578514075e-05,0.9189687064398006,0.08429341353630017,0.8820205558994779,0.9559168569801232,5.3069634703196344
46501,1.0,19675.0,5.082592121982211e-05,0.9189219990087235,0.08434423945752,0.8819756129797376,0.9558683850377094,5.308333333333334
46505,1.0,19672.0,5.0833672224481496e-05,0.9188752868290261,0.08439507312974448,0.8819306654795863,0.9558199081784658,5.308789954337899
46549,1.0,19623.0,5.096060745044081e-05,0.918828460386238,0.08444603373719492,0.8818856077551123,0.9557713130173637,5.313812785388128
46591,1.0,19424.0,5.1482701812191104e-05,0.9187811566145954,0.08449751643900712,0.8818400895577153,0.9557222236714754,5.318607305936073
46621,1.0,19280.0,5.186721991701245e-05,0.9187335019902896,0.08454938365892413,0.881794232882289,0.9556727710982902,5.3220319634703195
46630,1.0,19266.0,5.1904910204505343e-05,0.918685815210367,0.08460128856912863,0.8817483451850799,0.955623285235654,5.323059360730594
46643,1.0,19253.0,5.1939957409234925e-05,0.9186380987082524,0.08465322852653787,0.8817024288136391,0.9555737686028657,5.3245433789954335
46673,1.0,19250.0,5.194805194805195e-05,0.9185903772485793,0.08470517657848592,0.8816565076597428,0.9555242468374158,5.32796803652968
46680,1.0,19249.0,5.1950750688347444e-05,0.9185426557889061,0.08475712732917427,0.8816105865062261,0.9554747250715862,5.328767123287672
46687,1.0,19248.0,5.195344970906068e-05,0.9184949343292329,0.08480908077888333,0.8815646653530893,0.9554252033053765,5.3295662100456624
46694,1.0,19247.0,5.195614901023536e-05,0.9184472128695598,0.08486103692789357,0.8815187442003325,0.955375681538787,5.330365296803653
46703,1.0,19246.0,5.19588485919152e-05,0.9183994914098866,0.08491299577648548,0.8814728230479556,0.9553261597718177,5.331392694063927
46727,1.0,19245.0,5.1961548454143937e-05,0.9183517699502135,0.08496495732493962,0.8814269018959587,0.9552766380044683,5.334132420091324
46805,1.0,19238.0,5.1980455348788854e-05,0.918304033607041,0.08501693778028842,0.881380966385369,0.9552271008287131,5.343036529680365
46892,1.0,19233.0,5.199396869963084e-05,0.918256287335861,0.08506893174898805,0.8813350212970227,0.9551775533746992,5.35296803652968
46903,1.0,19232.0,5.199667221297837e-05,0.9182085410646809,0.08512092842120103,0.8812890762090572,0.9551280059203046,5.354223744292238
46975,1.0,19114.0,5.231767290990897e-05,0.9181605025305664,0.08517324609411094,0.8812428491534392,0.9550781559076935,5.362442922374429
47080,1.0,18871.0,5.299136240792751e-05,0.9181118479546282,0.08522623745651886,0.8811960277271498,0.9550276681821066,5.3744292237442925
47094,1.0,18810.0,5.31632110579479e-05,0.9180630381806806,0.0852794006675768,0.8811490565564816,0.9549770198048796,5.376027397260274
47101,1.0,18787.0,5.3228296162239846e-05,0.9180141712493887,0.08533262896373904,0.8811020302365947,0.9549263122621826,5.376826484018265
47102,1.0,18786.0,5.323112956456936e-05,0.9179653043180968,0.08538586009330361,0.8810550039171262,0.9548756047190673,5.376940639269407
47103,1.0,18782.0,5.324246619103397e-05,0.9179164295814171,0.08543910255949465,0.8810079700668321,0.954824889096002,5.377054794520548
47190,1.0,18498.0,5.405989836739107e-05,0.9178668071125241,0.08549316245786204,0.8809602147173979,0.9547733995076503,5.386986301369863
47229,1.0,18461.0,5.4168246573858405e-05,0.9178170878769945,0.08554733070443589,0.8809123659923669,0.954721809761622,5.391438356164383
47268,1.0,18435.0,5.4244643341470026e-05,0.9177673012164098,0.08560157534777736,0.8808644522046435,0.9546701502281761,5.395890410958904
47290,1.0,18398.0,5.4353734101532776e-05,0.9177174171365524,0.0856559290818789,0.8808164444098687,0.9546183898632361,5.398401826484018
47299,1.0,18397.0,5.4356688590531064e-05,0.917667533056695,0.08571028577046944,0.8807684366155486,0.9545666294978414,5.399429223744292
47302,1.0,18396.0,5.435964340073929e-05,0.9176176489768376,0.08576464541387017,0.8807204288216832,0.954514869131992,5.399771689497717
47346,1.0,18387.0,5.4386251155707835e-05,0.9175677431929155,0.08581903166502589,0.8806724000841745,0.9544630863016564,5.404794520547945
47351,1.0,18375.0,5.4421768707482996e-05,0.9175178075334219,0.08587345343373337,0.8806243425175576,0.9544112725492863,5.405365296803653
47363,1.0,18366.0,5.4448437329848636e-05,0.9174678501225795,0.08592790187106322,0.8805762639615486,0.9543594362836103,5.406735159817352
47364,1.0,18363.0,5.445733267984534e-05,0.9174178872706423,0.08598235920374307,0.8805281801553834,0.9543075943859013,5.406849315068493
47365,1.0,18357.0,5.447513210219535e-05,0.9173679108100403,0.08603683433584526,0.8804800832174052,0.9542557384026754,5.406963470319635
47410,1.0,18172.0,5.5029716046665196e-05,0.9173174283143981,0.08609186405189193,0.8804314979456921,0.9542033586831041,5.412100456621005
47417,1.0,18128.0,5.5163283318623126e-05,0.9172668260732069,0.08614702733521055,0.8803827971136284,0.9541508550327853,5.4128995433789955
47441,2.0,17953.0,0.00011140199409569431,0.9171646407196645,0.08625842932930625,0.8802844488268007,0.9540448326125284,5.415639269406393
47452,1.0,17871.0,5.595657769570813e-05,0.9171133193251862,0.08631438590700195,0.8802350539434568,0.9539915847069157,5.416894977168949
47469,2.0,17852.0,0.00011203226529240422,0.9170105730424923,0.08642641817229436,0.8801361642926081,0.9538849817923766,5.418835616438356
47476,1.0,17850.0,5.6022408963585436e-05,0.9169591999011454,0.08648244058125795,0.8800867194679526,0.9538316803343382,5.419634703196347
47559,2.0,17774.0,0.00011252391133115787,0.9168560200654414,0.0865949644925891,0.8799874113756557,0.9537246287552271,5.429109589041096
47566,1.0,17712.0,5.6458897922312554e-05,0.9168042553849951,0.08665142339051142,0.8799375886542207,0.9536709221157695,5.429908675799087
47568,1.0,17702.0,5.6490792000903855e-05,0.9167524643864986,0.08670791418251232,0.8798877405315739,0.9536171882414233,5.4301369863013695
47598,1.0,17572.0,5.690871841566128e-05,0.916700293178646,0.08676482290092798,0.8798375254296646,0.9535630609276273,5.433561643835616
47618,1.0,17492.0,5.716899153898925e-05,0.9166478863473415,0.08682199189246696,0.8797870828958861,0.9535086897987969,5.435844748858448
47649,1.0,17305.0,5.778676683039584e-05,0.9165949162296676,0.08687977865929736,0.8797360966344333,0.9534537358249019,5.439383561643836
47656,1.0,17299.0,5.780680964217585e-05,0.9165419308018261,0.08693758546893954,0.8796850955945209,0.9533987660091313,5.4401826484018265
47724,1.0,17222.0,5.806526535826269e-05,0.9164887115514021,0.0869956507342978,0.8796338688411243,0.9533435542616799,5.447945205479452
47737,1.0,17169.0,5.824451045488963e-05,0.9164353311150604,0.08705389524475268,0.8795824864886781,0.9532881757414426,5.449429223744292
47778,1.0,17073.0,5.857201429157149e-05,0.916381653651749,0.08711246725904426,0.8795308173968939,0.953232489906604,5.454109589041096
47780,1.0,17071.0,5.8578876457149553e-05,0.9163279730440721,0.0871710461355014,0.8794791452702065,0.9531768008179377,5.454337899543379
47851,1.0,17017.0,5.876476464711759e-05,0.9162741252463965,0.08722981090014852,0.8794273117403317,0.9531209387524613,5.4624429223744295
47864,1.0,17010.0,5.878894767783657e-05,0.9162202584547888,0.08728859984782636,0.87937545987431,0.9530650570352677,5.463926940639269
47870,1.0,16992.0,5.885122410546139e-05,0.9161663377710286,0.08734745107193181,0.8793235559811414,0.9530091195609158,5.4646118721461185
47914,1.0,16862.0,5.930494603249911e-05,0.9161120045758103,0.08740675601796431,0.8792712538377742,0.9529527553138465,5.469634703196347
47966,1.0,16443.0,6.081615277017576e-05,0.9160562901681855,0.08746757217073449,0.8792176181021714,0.9528949622341996,5.475570776255708
47977,1.0,16442.0,6.08198515995621e-05,0.9160005757605606,0.08752839202233405,0.8791639823672798,0.9528371691538414,5.4768264840182646
47992,1.0,16441.0,6.082355087890031e-05,0.9159448613529357,0.08758921557321295,0.8791103466330993,0.9527793760727722,5.478538812785388
48011,1.0,16440.0,6.082725060827251e-05,0.9158891469453109,0.08765004282382122,0.8790567108996302,0.9527215829909915,5.480707762557078
48039,1.0,16439.0,6.083095078776081e-05,0.915833432537686,0.08771087377460898,0.8790030751668725,0.9526637899084995,5.483904109589041
48067,1.0,16438.0,6.0834651417447376e-05,0.9157777181300611,0.08777170842602643,0.8789494394348264,0.9526059968252959,5.487100456621005
48090,1.0,16436.0,6.0842054027743974e-05,0.9157220003326573,0.08783255048005417,0.8788958004303333,0.9525482002349812,5.489726027397261
48099,1.0,16435.0,6.0845756008518406e-05,0.9156662825352534,0.0878933962360627,0.8788421614265522,0.9524904036439545,5.490753424657535
48130,1.0,16432.0,6.085686465433301e-05,0.9156105579562287,0.08795425310071703,0.8787885158751684,0.952432600037289,5.494292237442922
48155,1.0,16374.0,6.107243190423842e-05,0.9155546393927771,0.08801532553262127,0.8787346830115945,0.9523745957739598,5.497146118721461
48157,1.0,16363.0,6.111348774674571e-05,0.9154986866555411,0.08807643902036802,0.8786808171498538,0.9523165561612285,5.497374429223744
48222,1.0,16248.0,6.154603643525357e-05,0.9154423413400158,0.08813798505680327,0.8786265721985927,0.9522581104814388,5.504794520547946
48236,1.0,16246.0,6.155361319709468e-05,0.9153859925562328,0.08819953867000037,0.878572323898908,0.9521996612135575,5.506392694063927
48282,1.0,16242.0,6.156877231867996e-05,0.9153296333644734,0.08826110744231905,0.8785180655493597,0.952141201179587,5.511643835616439
48405,1.0,16041.0,6.23402531014276e-05,0.9152725714834582,0.08832344769542047,0.8784631286125131,0.9520820143544033,5.5256849315068495
48425,1.0,16002.0,6.249218847644044e-05,0.9152153740974137,0.08838593988389691,0.8784080608130973,0.9520226873817301,5.52796803652968
48509,1.0,15895.0,6.291286568103177e-05,0.9151577952755139,0.08844885274957794,0.8783526246342157,0.9519629659168121,5.5375570776255705
48523,1.0,15892.0,6.292474200855777e-05,0.915100209207349,0.0885117774915865,0.8782971814577558,0.9519032369569422,5.539155251141553
48530,1.0,15891.0,6.292870178088226e-05,0.9150426231391842,0.08857470619336738,0.8782417382821098,0.9518435079962585,5.539954337899544
48576,1.0,15675.0,6.379585326953749e-05,0.914984247214263,0.08863850204663692,0.8781855322360846,0.9517829621924413,5.545205479452055
48605,1.0,15598.0,6.411078343377356e-05,0.9149255868573445,0.08870261283007069,0.8781290514605841,0.9517221222541049,5.54851598173516
48612,1.0,15321.0,6.526989099928203e-05,0.9148658697640178,0.08876788272106997,0.8780715499195115,0.9516601896085242,5.549315068493151
48645,1.0,14547.0,6.87426960885406e-05,0.9148029794175708,0.08883662541715852,0.878010982438503,0.9515949763966387,5.553082191780822
48731,1.0,14481.0,6.905600441958428e-05,0.9147398067789811,0.0889056814215781,0.8779501421620162,0.9515294713959461,5.562899543378996
48784,1.0,14368.0,6.959910913140311e-05,0.9146761417033423,0.08897528053070951,0.8778888259938322,0.9514634574128524,5.568949771689498
48792,1.0,14366.0,6.960879855213699e-05,0.9146124721960541,0.08904488932926165,0.8778275055439885,0.9513974388481198,5.5698630136986305
48805,1.0,14329.0,6.978854072161351e-05,0.9145486427262938,0.08911467786998326,0.8777660305014888,0.9513312549510987,5.57134703196347
48878,1.0,14184.0,7.050197405527355e-05,0.914484165241612,0.08918517984403852,0.8777039291662557,0.9512644013169683,5.579680365296803
48909,1.0,14183.0,7.0506944934076e-05,0.9144196877569303,0.0892556867889726,0.8776418278323042,0.9511975476815564,5.583219178082191
48972,1.0,14182.0,7.051191651389085e-05,0.9143552102722485,0.08932619870548648,0.8775797264996344,0.9511306940448626,5.590410958904109
49025,1.0,14123.0,7.080648587410607e-05,0.9142904679929685,0.0893970051913606,0.8775173692365786,0.9510635667493584,5.5964611872146115
49047,1.0,14121.0,7.081651441116069e-05,0.9142257211288659,0.08946782170577175,0.8774550075433967,0.9509964347143351,5.598972602739726
49095,1.0,14066.0,7.109341674960899e-05,0.9141607256986705,0.08953891512252136,0.877392405598289,0.9509290457990519,5.60445205479452
49149,1.0,13893.0,7.197869430648528e-05,0.9140949256032483,0.08961089381682785,0.8773290258554823,0.9508608253510143,5.610616438356164
49167,1.0,13834.0,7.228567297961544e-05,0.9140288496363839,0.08968317948980747,0.8772653794378056,0.9507923198349622,5.612671232876712
49226,1.0,13761.0,7.266913741733885e-05,0.9139624279483063,0.08975584862722481,0.8772013988124033,0.9507234570842092,5.619406392694064
49237,1.0,13760.0,7.267441860465116e-05,0.9138960062602286,0.08982852304582946,0.8771374181884466,0.9506545943320106,5.620662100456621
49259,1.0,13757.0,7.269026677327906e-05,0.9138295749157306,0.08990121331260274,0.8770734282308785,0.9505857216005826,5.623173515981735
49266,1.0,13755.0,7.270083605961468e-05,0.9137631387416182,0.08997391414866236,0.8770094336058666,0.9505168438773698,5.623972602739726
49309,1.0,13535.0,7.388252678241596e-05,0.9136956276120474,0.09004779667544478,0.8769443997391497,0.950446855484945,5.628881278538813
49331,1.0,13532.0,7.389890629618682e-05,0.9136281065044792,0.09012169558174098,0.876879356226902,0.9503768567820564,5.631392694063927
49354,1.0,13531.0,7.390436774813391e-05,0.9135605853969111,0.09019559994948911,0.8768143127161996,0.9503068580776226,5.634018264840183
49366,1.0,13530.0,7.390983000739098e-05,0.913493064289343,0.0902695097794965,0.8767492692070425,0.9502368593716434,5.635388127853881
49578,1.0,11046.0,9.053050878145935e-05,0.9134103652974644,0.09036004028827796,0.8766695391328274,0.9501511914621015,5.659589041095891
49617,1.0,11040.0,9.057971014492754e-05,0.9133276288513325,0.09045061999842288,0.8765897727904547,0.9500654849122102,5.664041095890411
49621,1.0,11025.0,9.070294784580499e-05,0.9132447873430466,0.09054132294626868,0.8765099047059325,0.9499796699801607,5.664497716894977
49630,1.0,10989.0,9.1000091000091e-05,0.913161681984293,0.09063232303726877,0.8764297810982968,0.9498935828702892,5.665525114155251
49722,2.0,10977.0,0.0001821991436640248,0.9129953047078087,0.09081452218093279,0.8762693725861778,0.9497212368294395,5.676027397260274
49723,1.0,10975.0,9.111617312072893e-05,0.9129121160695665,0.09090563835405352,0.8761891683354683,0.9496350638036646,5.676141552511416
49840,1.0,9294.0,0.00010759629868732516,0.9128138901048506,0.09101323465274085,0.8760943889694083,0.9495333912402929,5.689497716894977
49928,1.0,8985.0,0.00011129660545353366,0.9127122970174711,0.09112453125819438,0.8759963427413757,0.9494282512935666,5.6995433789954335
49930,1.0,8981.0,0.00011134617525887985,0.9126106699940865,0.09123587743345325,0.8758982635896476,0.9493230763985253,5.699771689497717
50041,1.0,8351.0,0.00011974613818704346,0.9125013883906864,0.0913556235716403,0.8757927533282424,0.9492100234531304,5.7124429223744295
50044,1.0,8350.0,0.00011976047904191617,0.9123921067872863,0.09147538405068222,0.8756872430774749,0.9490969704970977,5.712785388127854
50053,1.0,8349.0,0.00011977482333213559,0.9122828251838863,0.09159515887401436,0.8755817328373484,0.9489839175304241,5.713812785388128
50054,1.0,8348.0,0.00011978917105893628,0.9121735435804862,0.0917149480450733,0.8754762226078662,0.9488708645531062,5.713926940639269
50091,1.0,8282.0,0.0001207437816952427,0.912063404297272,0.09183569182676854,0.8753698793640564,0.9487569292304875,5.718150684931507
50093,1.0,8281.0,0.00012075836251660427,0.9119532650140577,0.09195645018928514,0.8752635361312359,0.9486429938968796,5.71837899543379
50096,1.0,8280.0,0.00012077294685990338,0.9118431257308435,0.09207722313614504,0.8751571929094079,0.9485290585522791,5.718721461187215
50134,1.0,8233.0,0.00012146240738491437,0.9117323710696349,0.09219868554352996,0.8750502519618519,0.9484144901774179,5.723059360730594
50245,1.0,8216.0,0.00012171372930866602,0.9116214007226205,0.09232039927283862,0.8749431015133898,0.9482996999318513,5.735730593607306
50255,1.0,8215.0,0.00012172854534388314,0.9115104303756062,0.0924421278181825,0.8748359510762665,0.9481849096749458,5.7368721461187215
50297,1.0,8203.0,0.00012190661952944045,0.9113993112203732,0.09256403443771195,0.874728656098668,0.9480699663420784,5.741666666666666
50310,1.0,8106.0,0.0001233654083395016,0.9112868760721842,0.09268739984605145,0.8746200826795903,0.947953669464778,5.743150684931507
50349,1.0,8008.0,0.00012487512487512488,0.9111730790097375,0.09281227497092658,0.8745101860165059,0.9478359720029692,5.747602739726028
50631,1.0,6703.0,0.0001491869312248247,0.9110371438942655,0.0929614619021514,0.8743787524416191,0.9476955353469119,5.779794520547945
50633,1.0,6652.0,0.0001503307276007216,0.9109001870175526,0.09311179262975212,0.8742463236352122,0.947554050399893,5.780022831050228
50635,1.0,6609.0,0.00015130882130428205,0.910762359783929,0.0932631014510564,0.8741130469881337,0.9474116725797244,5.780251141552512
50650,1.0,6520.0,0.00015337423312883436,0.9106226723054346,0.09341647568418524,0.8739779579241591,0.9472673866867101,5.781963470319635
50688,1.0,6519.0,0.00015339776039269826,0.9104829848269401,0.09356987344457793,0.8738428688887313,0.9471231007651489,5.786301369863014
50717,1.0,6518.0,0.00015342129487572875,0.9103432973484457,0.09372329473945365,0.8737077798818613,0.94697881481503,5.789611872146119
50735,1.0,6509.0,0.00015363343063450608,0.9102034381846189,0.09387692817008815,0.8735725236112104,0.9468343527580274,5.791666666666667
50847,1.0,6441.0,0.0001552553951249806,0.9100621241901795,0.09403218356521313,0.8734358496389028,0.9466883987414563,5.80445205479452
50865,1.0,6440.0,0.00015527950310559007,0.9099208101957401,0.09418746306831872,0.8732991756965401,0.9465424446949401,5.806506849315069
50881,1.0,6439.0,0.00015530361857431278,0.9097794962013006,0.09434276668689304,0.8731625017841341,0.9463964906184671,5.808333333333334
50946,1.0,6438.0,0.00015532774153463808,0.9096381822068612,0.09449809442842767,0.8730258279016961,0.9462505365120263,5.815753424657534
50985,1.0,6437.0,0.00015535187199005747,0.9094968682124218,0.09465344630041773,0.8728891540492374,0.9461045823756062,5.820205479452055
50995,1.0,6401.0,0.0001562255897516013,0.9093547815278081,0.09480967189016934,0.8727517271482123,0.945957835907404,5.82134703196347
51026,1.0,6374.0,0.00015688735487919673,0.9092121152614875,0.09496655924504853,0.872613735364936,0.9458104951580389,5.8248858447488585
51081,1.0,6357.0,0.00015730690577316344,0.9090690899169442,0.09512386615082169,0.8724753936046741,0.9456627862292144,5.831164383561644
51126,1.0,6353.0,0.00015740594994490792,0.9089259970332803,0.0952812721007666,0.872336986041225,0.9455150080253355,5.836301369863014
51148,1.0,6352.0,0.00015743073047858942,0.9087829041496164,0.0954387028312452,0.8721985785093542,0.9453672297898785,5.838812785388128
51214,1.0,6350.0,0.00015748031496062991,0.9086397887316401,0.09559618314620583,0.8720601490433004,0.9452194284199797,5.846347031963471
51299,1.0,6348.0,0.0001575299306868305,0.9084966507687019,0.09575371307689266,0.8719216976326448,0.945071603904759,5.856050228310503
51300,1.0,6347.0,0.00015755475027572083,0.9083535128057637,0.09591126782716838,0.8717832462536436,0.9449237793578839,5.8561643835616435
51355,2.0,6346.0,0.0003151591553734636,0.9080672368798873,0.09622642698254184,0.8715063435906526,0.9446281301691221,5.862442922374429
51371,1.0,6337.0,0.00015780337699226762,0.9079239408033717,0.09638423035953411,0.8713677381798448,0.9444801434268986,5.864269406392694
51384,1.0,6322.0,0.00015817779183802593,0.9077803273992585,0.09654240815137213,0.8712288234663378,0.9443318313321792,5.865753424657535
51568,1.0,6283.0,0.0001591596371160274,0.9076358454117686,0.09670156778848817,0.8710890620252666,0.9441826287982705,5.88675799086758
51595,1.0,6282.0,0.0001591849729385546,0.9074913634242786,0.09686075276142672,0.8709493006171316,0.9440334262314256,5.889840182648402
51616,1.0,6279.0,0.00015926102882624622,0.9073468354160887,0.09702001379025296,0.8708094943752619,0.9438841764569156,5.892237442922374
51628,1.0,6278.0,0.00015928639694170118,0.9072023074078989,0.09717930018719466,0.8706696881663958,0.943734926649402,5.893607305936073
51876,1.0,6273.0,0.00015941335883947074,0.9070576872409281,0.09733871354603413,0.8705297921419333,0.9435855823399228,5.921917808219178
51897,1.0,6272.0,0.00015943877551020407,0.9069130670739572,0.09749815232154434,0.8703898961505843,0.9434362379973302,5.924315068493151
51974,1.0,6270.0,0.0001594896331738437,0.9067684238415691,0.09765764195471818,0.8702499777049567,0.9432868699781815,5.93310502283105
51980,1.0,6269.0,0.0001595150741745095,0.9066237806091808,0.0978171570288927,0.8701100592924893,0.9431375019258723,5.933789954337899
52064,1.0,6267.0,0.00015956598053295037,0.9064791142966534,0.09797672300942564,0.8699701184113465,0.9429881101819603,5.94337899543379
52068,1.0,6266.0,0.00015959144589849984,0.906334447984126,0.09813631445532414,0.8698301775634111,0.9428387184048409,5.943835616438356
52146,1.0,6265.0,0.0001596169193934557,0.9061897816715986,0.0982959313747176,0.8696902367486958,0.9426893265945013,5.9527397260273975
52161,1.0,6264.0,0.00015964240102171138,0.9060451153590712,0.09845557377573931,0.8695502959672137,0.9425399347509287,5.954452054794521
52167,1.0,6263.0,0.0001596678907871627,0.9059004490465438,0.09861524166652648,0.8694103552189777,0.9423905428741098,5.95513698630137
52180,1.0,6262.0,0.00015969338869370808,0.9057557827340164,0.09877493505522018,0.8692704145040007,0.942241150964032,5.95662100456621
52232,1.0,6261.0,0.00015971889474524837,0.9056111164214891,0.09893465394996544,0.8691304738222957,0.9420917590206824,5.962557077625571
52380,1.0,6259.0,0.00015976993129892953,0.9054664269956348,0.09909442388126437,0.8689905106394921,0.9419423433517776,5.97945205479452
52403,1.0,6258.0,0.00015979546180888463,0.9053217375697806,0.09925421934307325,0.8688505474900075,0.9417929276495538,5.982077625570776
52408,1.0,6257.0,0.000159821000479463,0.9051770481439264,0.09941404034355272,0.8687105843738548,0.941643511913998,5.982648401826484
52459,1.0,6254.0,0.0001598976654940838,0.9050323124470694,0.0995739380090468,0.868570576178768,0.9414940487153708,5.988470319634703
52478,3.0,6253.0,0.00047976971053894133,0.9045981053564982,0.10005370771958574,0.8681505517939632,0.9410456589190332,5.990639269406393
52517,1.0,6250.0,0.00016,0.9044533696596411,0.10021370771958574,0.8680105437325568,0.9408961955867253,5.995091324200914
52524,1.0,6249.0,0.00016002560409665546,0.904308633962784,0.1003737333236824,0.8678705357046032,0.9407467322209649,5.995890410958904
52579,1.0,6248.0,0.00016005121638924455,0.9041638982659269,0.10053378454007164,0.8677305277101152,0.9405972688217387,6.00216894977169
52738,1.0,6246.0,0.0001601024655779699,0.904019139396528,0.10069388700564962,0.8675904971566457,0.9404477816364103,6.020319634703196
52745,1.0,6245.0,0.0001601281024819856,0.903874380527129,0.1008540151081316,0.8674504666366893,0.9402982944175686,6.021118721461187
52812,1.0,6241.0,0.0001602307322544464,0.9037295520732711,0.10101424584038605,0.8673103683072723,0.94014873583927,6.028767123287671
52826,1.0,6240.0,0.00016025641025641026,0.9035847236194132,0.10117450225064246,0.8671702700114591,0.9399991772273674,6.030365296803653
52880,2.0,6239.0,0.00032056419297964416,0.9032950667116975,0.1014950664436221,0.8668900735206966,0.9397000599026983,6.036529680365297
52952,1.0,6237.0,0.000160333493666827,0.9031502382578396,0.10165539993728893,0.8667499753257736,0.9395505011899056,6.044748858447488
53151,1.0,6236.0,0.00016035920461834508,0.9030054098039817,0.10181575914190728,0.8666098771645069,0.9394009424434565,6.067465753424657
53361,1.0,5092.0,0.00019638648860958367,0.9028280717423549,0.10201214563051687,0.8664380269995309,0.9392181164851789,6.0914383561643834
53365,1.0,5091.0,0.00019642506383814575,0.9026507336807281,0.10220857069435502,0.8662661769102773,0.939035290451179,6.09189497716895
53482,1.0,5089.0,0.00019650225977598743,0.9024733607717714,0.10240507295413101,0.8660942928015831,0.9388524287419597,6.105251141552511
53637,1.0,4612.0,0.0002168256721595837,0.9022776813787159,0.10262189862629059,0.8659044796617118,0.93865088309572,6.122945205479452
53696,1.0,3936.0,0.00025406504065040653,0.9020484441629184,0.102875963666941,0.865681708660423,0.9384151796654138,6.129680365296804
53869,1.0,3917.0,0.0002552974214960429,0.9018181535210591,0.10313126108843705,0.865457901348677,0.9381784056934412,6.149429223744292
53946,1.0,3002.0,0.00033311125916055963,0.9015177477404058,0.10346437234759762,0.8651648405971436,0.937870654883668,6.1582191780821915
53966,1.0,3001.0,0.0003332222592469177,0.9012173419597526,0.10379759460684454,0.864871780471042,0.9375629034484632,6.160502283105023
54149,1.0,3000.0,0.0003333333333333333,0.9009169361790993,0.10413092794017788,0.8645787209707516,0.937255151387447,6.181392694063927
54157,1.0,2999.0,0.00033344448149383126,0.900616530398446,0.10446437242167171,0.864285662096652,0.93694739870024,6.1823059360730594
54158,1.0,2998.0,0.000333555703802535,0.9003161246177928,0.10479792812547424,0.8639926038491231,0.9366396453864624,6.182420091324201
54161,1.0,2997.0,0.000333667000333667,0.9000157188371395,0.10513159512580791,0.8636995462285454,0.9363318914457336,6.182762557077625
54168,1.0,2996.0,0.0003337783711615487,0.8997153130564862,0.10546537349696947,0.8634064892352993,0.9360241368776732,6.183561643835616
54315,1.0,2993.0,0.0003341129301703976,0.8994147065369218,0.10579948642713986,0.8631132338502819,0.9357161792235617,6.200342465753424
54334,1.0,2992.0,0.00033422459893048126,0.8991141000173573,0.10613371102607035,0.862819979095039,0.9354082209396755,6.202511415525114
54530,1.0,2990.0,0.00033444816053511704,0.8988133929604953,0.10646815918660546,0.8625266252919795,0.9351001606290111,6.224885844748859
54537,1.0,2989.0,0.00033456005352960856,0.8985126859036333,0.10680271924013507,0.8622332721203044,0.9347920996869622,6.22568493150685
54542,1.0,2988.0,0.00033467202141900936,0.8982119788467713,0.10713739126155408,0.861939919580398,0.9344840381131446,6.226255707762557
54633,1.0,2987.0,0.00033478406427854036,0.8979112717899093,0.10747217532583263,0.8616465676726444,0.9341759759071742,6.236643835616438
54642,1.0,2986.0,0.0003348961821835231,0.8976105647330472,0.10780707150801615,0.8613532163974285,0.933867913068666,6.237671232876712
54859,1.0,2984.0,0.0003351206434316354,0.8973097569030428,0.10814219215144778,0.861059765841692,0.9335597479643937,6.262442922374429
54960,1.0,2983.0,0.00033523298692591353,0.8970089490730384,0.10847742513837369,0.860766315920113,0.9332515822259638,6.273972602739726
55063,1.0,2981.0,0.0003354579000335458,0.8967080403346711,0.10881288303840723,0.8604727665842627,0.9329433140850795,6.285730593607306
55130,1.0,2979.0,0.0003356831151393085,0.8964070305863211,0.10914856615354654,0.860179117733432,0.9326349434392102,6.29337899543379
55139,1.0,2978.0,0.000335795836131632,0.8961060208379711,0.10948436198967818,0.8598854695196265,0.9323265721563156,6.294406392694064
55160,1.0,2977.0,0.0003359086328518643,0.8958050110896211,0.10982027062253004,0.8595918219432346,0.9320182002360076,6.296803652968037
55301,1.0,2975.0,0.0003361344537815126,0.8955039001615237,0.11015640507631155,0.8592980746841358,0.9317097256389116,6.312899543378996
55415,1.0,2974.0,0.0003362474781439139,0.8952027892334264,0.11049265255445546,0.8590043280640872,0.9314012504027657,6.325913242009133
55457,1.0,2970.0,0.0003367003367003367,0.8949013741528765,0.11082935289115581,0.8587102805067248,0.9310924677990282,6.330707762557077
55479,1.0,2969.0,0.0003368137420006736,0.8945999590723266,0.11116616663315648,0.8584162335917825,0.9307836845528706,6.333219178082191
55504,1.0,2968.0,0.00033692722371967657,0.8942985439917766,0.11150309385687616,0.8581221873196527,0.9304749006639004,6.33607305936073
55516,1.0,2966.0,0.00033715441672285906,0.8939970272878008,0.11184024827359902,0.8578280409253652,0.9301660136502364,6.3374429223744295
55524,1.0,2965.0,0.0003372681281618887,0.8936955105838251,0.11217751640176091,0.857533895175545,0.9298571259921052,6.338356164383562
55867,1.0,2952.0,0.00033875338753387534,0.893392768202191,0.11251626978929478,0.8572385346528698,0.9295470017515123,6.377511415525114
55927,1.0,2929.0,0.0003414134516899966,0.8930877518934842,0.11285768324098477,0.8569409194684783,0.9292345843184902,6.384360730593607
55957,1.0,1950.0,0.0005128205128205128,0.8926297581745645,0.1133705037538053,0.8564903180000175,0.9287691983491114,6.3877853881278535
55985,1.0,1923.0,0.0005200208008320333,0.8921655721328721,0.11389052455463733,0.8560334749404556,0.9282976693252886,6.3909817351598175
55988,1.0,1922.0,0.0005202913631633715,0.8917013860911797,0.1144108159178007,0.8555766355121183,0.927826136670241,6.391324200913242
56186,1.0,1073.0,0.0009319664492078285,0.8908703503166306,0.11534278236700853,0.8547425642667227,0.9269981363665386,6.41392694063927
56209,1.0,1072.0,0.0009328358208955224,0.8900393145420815,0.11627561818790405,0.8539085303394027,0.9261700987447603,6.416552511415525
56321,1.0,1071.0,0.0009337068160597573,0.8892082787675324,0.1172093250039638,0.8530745337208695,0.9253420238141953,6.429337899543379
56490,1.0,1068.0,0.0009363295880149813,0.8883756867462145,0.11814565459197879,0.8522389439076041,0.9245124295848248,6.448630136986301
56544,1.0,1066.0,0.0009380863039399625,0.8875423136817245,0.11908374089591875,0.8514025732998806,0.9236820540635685,6.454794520547945
56547,1.0,1065.0,0.0009389671361502347,0.8867089406172346,0.12002270803206898,0.8505662403943977,0.9228516408400715,6.45513698630137
56590,1.0,1064.0,0.0009398496240601503,0.8858755675527448,0.12096255765612912,0.8497299451818938,0.9220211899235957,6.460045662100456
57004,1.0,1063.0,0.0009407337723424271,0.8850421944882549,0.12190329142847155,0.8488936876532279,0.921190701323282,6.50730593607306
57010,1.0,1062.0,0.0009416195856873823,0.884208821423765,0.12284491101415893,0.8480574677993795,0.9203601750481505,6.507990867579909
57599,1.0,1060.0,0.0009433962264150943,0.8833746621582709,0.12378830724057402,0.8472204619687315,0.9195288623478103,6.5752283105022835
57605,1.0,1059.0,0.0009442870632672333,0.8825405028927767,0.12473259430384125,0.8463834939374085,0.918697511848145,6.575913242009133
57633,1.0,1058.0,0.000945179584120983,0.8817063436272826,0.12567777388796222,0.8455465636966026,0.9178661235579626,6.579109589041096
57673,1.0,1057.0,0.000946073793755913,0.8808721843617885,0.12662384768171814,0.8447096712376264,0.9170346974859506,6.583675799086758
57833,1.0,1056.0,0.000946969696969697,0.8800380250962944,0.12757081737868783,0.8438728165519138,0.9162032336406749,6.601940639269406
58139,1.0,1055.0,0.0009478672985781991,0.8792038658308002,0.12851868467726604,0.8430359996310196,0.9153717320305809,6.636872146118722
58171,1.0,1054.0,0.0009487666034155598,0.8783697065653061,0.1294674512806816,0.8421992204666194,0.9145401926639928,6.640525114155251
58240,1.0,1053.0,0.000949667616334283,0.877535547299812,0.13041711889701588,0.8413624790505096,0.9137086155491143,6.648401826484018
58361,1.0,1052.0,0.0009505703422053232,0.8767013880343179,0.1313676892392212,0.8405257753746068,0.9128770006940289,6.662214611872146
58516,1.0,1051.0,0.0009514747859181732,0.8758672287688237,0.13231916402513938,0.8396891094309483,0.9120453481066991,6.679908675799087
58659,1.0,1050.0,0.0009523809523809524,0.8750330695033296,0.13327154497752033,0.8388524812116915,0.9112136577949677,6.696232876712329
58720,1.0,1049.0,0.0009532888465204957,0.8741989102378355,0.13422483382404082,0.8380158907091141,0.9103819297665569,6.703196347031963
59179,1.0,1048.0,0.0009541984732824427,0.8733647509723413,0.13517903229732325,0.8371793379156135,0.9095501640290692,6.755593607305936
59181,1.0,1047.0,0.0009551098376313276,0.8725305917068472,0.1361341421349546,0.8363428228237075,0.9087183605899869,6.755821917808219
59873,1.0,1046.0,0.0009560229445506692,0.8716964324413531,0.13709016507950525,0.8355063454260333,0.9078865194566729,6.834817351598174
60054,1.0,1045.0,0.0009569377990430622,0.870862273175859,0.13804710287854832,0.834669905715348,0.9070546406363699,6.855479452054794
60381,1.0,1044.0,0.0009578544061302681,0.8700281139103648,0.1390049572846786,0.8338335036845282,0.9062227241362014,6.892808219178082
60547,1.0,1043.0,0.0009587727708533077,0.8691939546448707,0.1399637300555319,0.8329971393265698,0.9053907699631716,6.91175799086758
60557,1.0,1042.0,0.0009596928982725527,0.8683597953793766,0.14092342295380444,0.8321608126345884,0.9045587781241647,6.9128995433789955
60559,1.0,1041.0,0.0009606147934678194,0.8675256361138824,0.14188403774727226,0.8313245236018184,0.9037267486259465,6.913127853881279
60569,1.0,1040.0,0.0009615384615384616,0.8666914768483883,0.14284557620881072,0.8304882722216136,0.902894681475163,6.914269406392694
60573,1.0,1039.0,0.0009624639076034649,0.8658573175828942,0.14380804011641418,0.8296520584874467,0.9020625766783417,6.91472602739726
60678,1.0,1038.0,0.0009633911368015414,0.8650231583174001,0.14477143125321573,0.8288158823929095,0.9012304342418906,6.926712328767123
60771,1.0,1037.0,0.0009643201542912247,0.8641889990519059,0.14573575140750697,0.8279797439317125,0.9003982541720994,6.9373287671232875
60863,1.0,1036.0,0.0009652509652509653,0.8633548397864118,0.14670100237275793,0.8271436430976848,0.8995660364751388,6.94783105022831
60969,1.0,1035.0,0.000966183574879227,0.8625206805209177,0.14766718594763717,0.8263075798847743,0.898733781157061,6.9599315068493155
61119,1.0,1034.0,0.0009671179883945841,0.8616865212554236,0.14863430393603175,0.8254715542870474,0.8979014882237997,6.977054794520548
61194,1.0,1033.0,0.000968054211035818,0.8608523619899294,0.14960235814706757,0.824635566298689,0.8970691576811699,6.985616438356164
61338,1.0,1032.0,0.0009689922480620155,0.8600182027244353,0.1505713503951296,0.8237996159140021,0.8962367895348685,7.002054794520548
61828,1.0,1031.0,0.0009699321047526673,0.8591840434589412,0.15154128249988225,0.8229637031274082,0.8954043837904742,7.057990867579909
62019,1.0,1030.0,0.000970873786407767,0.858349884193447,0.15251215628629,0.822127827933447,0.8945719404534471,7.079794520547945
62147,1.0,1029.0,0.0009718172983479105,0.8575157249279529,0.15348397358463792,0.8212919903267759,0.8937394595291299,7.094406392694064
62240,1.0,1028.0,0.0009727626459143969,0.8566815656624588,0.1544567362305523,0.8204561903021709,0.8929069410227467,7.105022831050229
62387,1.0,1027.0,0.0009737098344693282,0.8558474063969647,0.15543044606502163,0.8196204278545254,0.8920743849394039,7.121803652968037
62541,1.0,1025.0,0.000975609756097561,0.855012433317553,0.1564060558211192,0.8187838516639582,0.8912410149711477,7.139383561643836
62553,1.0,1024.0,0.0009765625,0.8541774602381412,0.1573826183211192,0.817947313187192,0.8904076072890904,7.140753424657534
62562,1.0,1023.0,0.0009775171065493646,0.8533424871587295,0.15836013542766855,0.8171108124193388,0.8895741618981202,7.141780821917808
62571,1.0,1022.0,0.0009784735812133072,0.8525075140793179,0.15933860900888186,0.8162743493556288,0.888740678803007,7.142808219178082
62915,1.0,1020.0,0.000980392156862745,0.851671722398848,0.1603190011657446,0.8154370677521822,0.8879063770455139,7.182077625570776
62962,1.0,1017.0,0.0009832841691248771,0.850834287076922,0.16130228533486948,0.8145981046412712,0.8870704695125727,7.187442922374429
63253,1.0,1013.0,0.0009871668311944718,0.8499943716898767,0.16228945216606394,0.8137565849429971,0.8862321584367563,7.220662100456621
63314,1.0,1006.0,0.0009940357852882703,0.8491494468671233,0.16328348795135222,0.812909861054485,0.8853890326797617,7.227625570776255
63981,1.0,998.0,0.001002004008016032,0.848298595717958,0.16428549195936826,0.8120569711649696,0.8845402202709464,7.303767123287671
64532,1.0,997.0,0.0010030090270812437,0.8474477445687925,0.1652885009864495,0.8112041218969398,0.8836913672406451,7.366666666666666
64829,1.0,996.0,0.001004016064257028,0.846596893419627,0.16629251705070655,0.8103513132436779,0.882842473595576,7.400570776255708
65158,1.0,995.0,0.0010050251256281408,0.8457460422704615,0.1672975421763347,0.8094985451986039,0.881993539342319,7.438127853881278
65219,1.0,994.0,0.001006036217303823,0.8448951911212961,0.16830357839363852,0.8086458177552754,0.8811445644873167,7.445091324200913
65224,1.0,993.0,0.0010070493454179255,0.8440443399721306,0.16931062773905645,0.8077931309073881,0.880295549036873,7.445662100456621
65225,1.0,992.0,0.0010080645161290322,0.8431934888229652,0.17031869225518548,0.8069404846487753,0.879446492997155,7.445776255707763
65325,1.0,989.0,0.0010111223458038423,0.84234091704458,0.1713298146009893,0.8060860771954337,0.8785957568937264,7.457191780821918
65415,1.0,988.0,0.0010121457489878543,0.8414883452661948,0.17234196034997717,0.8052317106483972,0.8777449798839924,7.467465753424658
