t,d,n_at_risk,hazard_increment,survival,cum_hazard,survival_lo,survival_hi,age_years
187,1.0,187.0,0.0053475935828877,0.9946524064171123,0.0053475935828877,0.9841991853834906,1.0,0.02134703196347032
198,1.0,186.0,0.005376344086021506,0.9893048128342246,0.010723937668909205,0.9745615189164075,1.0,0.022602739726027398
669,1.0,186.0,0.005376344086021506,0.9839859697544706,0.01610028175493071,0.9660101898569315,1.0,0.07636986301369864
1058,1.0,189.0,0.005291005291005291,0.9787796947822247,0.021391287045936,0.9582055572652822,0.9993538322991672,0.12077625570776256
1136,1.0,193.0,0.0051813471502590676,0.9737082973999334,0.02657263419619507,0.9509660355139378,0.996450559285929,0.12968036529680366
1974,1.0,221.0,0.004524886877828055,0.9693023775021962,0.031097521074023124,0.945078904805962,0.9935258501984303,0.22534246575342465
2268,1.0,223.0,0.004484304932735426,0.9649557300694509,0.03558182600675855,0.939386587448495,0.9905248726904068,0.2589041095890411
2282,1.0,222.0,0.0045045045045045045,0.9606090826367056,0.040086330511263056,0.9337733204799219,0.9874448447934894,0.2605022831050228
2544,1.0,221.0,0.004524886877828055,0.9562624352039604,0.04461121738909111,0.9282283870132467,0.984296483394674,0.29041095890410956
2692,1.0,221.0,0.004524886877828055,0.9519354558591461,0.04913610426691916,0.9227736396564581,0.9810972720618341,0.30730593607305934
2727,1.0,223.0,0.004484304932735426,0.9476666869987912,0.053620409199654585,0.9174592239349174,0.977874150062665,0.3113013698630137
3135,1.0,236.0,0.00423728813559322,0.9436511501894743,0.05785769733524781,0.9125632783192408,0.9747390220597079,0.3578767123287671
3211,1.0,236.0,0.00423728813559322,0.9396526283666375,0.06209498547084103,0.9077239147779221,0.971581341955353,0.36655251141552514
4140,1.0,259.0,0.003861003861003861,0.9360246259405115,0.06595598933184489,0.9034369709866542,0.9686122808943688,0.4726027397260274
4236,1.0,258.0,0.003875968992248062,0.9323966235143855,0.06983195832409295,0.899168507514984,0.9656247395137869,0.48356164383561645
4295,1.0,257.0,0.0038910505836575876,0.9287686210882594,0.07372300890775053,0.8949174754080276,0.9626197667684913,0.490296803652968
4344,1.0,258.0,0.003875968992248062,0.9251687427119484,0.07759897789999859,0.8907213169112849,0.9596161685126119,0.4958904109589041
4402,1.0,259.0,0.003861003861003861,0.9215966626242574,0.08145998176100246,0.8865779772374802,0.9566153480110346,0.5025114155251141
4553,1.0,257.0,0.0038910505836575876,0.9180106833922564,0.08535103234466004,0.8824299090519104,0.9535914577326025,0.5197488584474886
4750,1.0,256.0,0.00390625,0.9144247041602555,0.08925728234466004,0.8782953895259921,0.9505540187945188,0.5422374429223744
5102,1.0,258.0,0.003875968992248062,0.9108804223611847,0.09313325133690811,0.8742293780842272,0.9475314666381423,0.5824200913242009
6559,1.0,312.0,0.003205128205128205,0.9079609338279758,0.09633837954203632,0.8709833656003246,0.944938502055627,0.7487442922374429
6578,1.0,311.0,0.003215434083601286,0.9050414452947669,0.0995538136256376,0.8677426549395258,0.942340235650008,0.7509132420091325
7241,1.0,336.0,0.002976190476190476,0.902347869564723,0.10253000410182808,0.8647883124003138,0.9399074267291322,0.8265981735159817
7548,1.0,345.0,0.002898550724637681,0.899732368493521,0.10542855482646576,0.8619334568966162,0.9375312800904259,0.8616438356164383
7789,1.0,345.0,0.002898550724637681,0.8971244485848442,0.10832710555110345,0.8590910553159881,0.9351578418537003,0.8891552511415525
8446,1.0,349.0,0.0028653295128939827,0.8945538914255753,0.11119243506399742,0.8562972199816956,0.932810562869455,0.9641552511415525
9493,1.0,367.0,0.0027247956403269754,0.8921164148821813,0.1139172307043244,0.8536668403961987,0.9305659893681639,1.083675799086758
9742,1.0,370.0,0.002702702702702703,0.8897052894365538,0.1166199334070271,0.8510703017944189,0.9283402770786887,1.1121004566210047
9921,1.0,372.0,0.002688172043010753,0.8873136085509716,0.11930810545003785,0.8484991344543663,0.926128082647577,1.1325342465753425
10009,1.0,372.0,0.002688172043010753,0.884928356915082,0.1219962774930486,0.8459376884741465,0.9239190253560174,1.142579908675799
10148,1.0,372.0,0.002688172043010753,0.8825495172459554,0.12468444953605935,0.8433858808903245,0.9217131536015863,1.1584474885844749
10192,1.0,372.0,0.002688172043010753,0.8801770723071222,0.12737262157907012,0.8408436309027998,0.9195105137114445,1.1634703196347032
10681,1.0,374.0,0.00267379679144385,0.8778236576752849,0.13004641837051398,0.8383258431788658,0.917321472171704,1.2192922374429225
11317,1.0,362.0,0.0027624309392265192,0.8753987304441376,0.1328088493097405,0.8357250956981819,0.9150723651900934,1.2918949771689499
16461,1.0,283.0,0.0035335689045936395,0.8723054487111195,0.13634241821433413,0.8323114324234043,0.9122994649988346,1.8791095890410958
21934,1.0,228.0,0.0043859649122807015,0.8684795476202812,0.14072838312661484,0.827964043382848,0.9089950518577145,2.5038812785388127
25508,1.0,1028.0,0.0009727626459143969,0.8676347231576156,0.14170114577252924,0.8271248078645282,0.9081446384507029,2.9118721461187214
25860,1.0,997.0,0.0010030090270812437,0.8667644776980793,0.1427041547996105,0.8262593010475483,0.9072696543486103,2.952054794520548
27161,1.0,1380.0,0.0007246376811594203,0.8661363874968488,0.1434287924807699,0.825641859249168,0.9066309157445297,3.100570776255708
27283,1.0,1382.0,0.000723589001447178,0.8655096607331029,0.14415238148221707,0.8250258069053351,0.9059935145608706,3.1144977168949772
27539,1.0,1443.0,0.000693000693000693,0.864909861938416,0.14484538217521775,0.8244369979152482,0.9053827259615839,3.1437214611872144
27546,1.0,1442.0,0.0006934812760055479,0.8643100631437292,0.1455388634512233,0.8238481961278538,0.9047719301596046,3.1445205479452056
27584,1.0,1499.0,0.00066711140760507,0.8637334720408981,0.14620597485882836,0.8232828183112469,0.9041841257705493,3.1488584474885846
27627,1.0,1499.0,0.00066711140760507,0.8631572655885693,0.14687308626643342,0.8227178343399687,0.9035966968371699,3.1537671232876714
27837,1.0,1617.0,0.0006184291898577613,0.8626234639400915,0.1474915154562912,0.8221955095464517,0.9030514183337313,3.177739726027397
28146,1.0,1760.0,0.0005681818181818182,0.8621333369719437,0.14805969727447302,0.8217169411517375,0.9025497327921499,3.213013698630137
28536,1.0,2121.0,0.0004714757190004715,0.8617268620370205,0.1485311729934735,0.821321670115475,0.9021320539585661,3.2575342465753425
28549,1.0,2120.0,0.0004716981132075472,0.8613203871020974,0.14900287110668103,0.8209264006060326,0.9017143735981621,3.259018264840183
28584,1.0,2120.0,0.0004716981132075472,0.860914103900634,0.14947456921988858,0.8205313227749429,0.9012968850263252,3.263013698630137
29483,1.0,3034.0,0.0003295978905735003,0.8606303484280234,0.14980416711046207,0.8202570477782707,0.9010036490777762,3.3656392694063926
29763,1.0,3424.0,0.0002920560747663551,0.8603789961066367,0.15009622318522842,0.8200144810807198,0.9007435111325536,3.3976027397260276
29862,1.0,3436.0,0.0002910360884749709,0.8601285947690038,0.1503872592737034,0.8197728436802233,0.9004843458577844,3.408904109589041
29873,1.0,3436.0,0.0002910360884749709,0.8598782663071969,0.15067829536217836,0.8195312776937674,0.9002252549206263,3.410159817351598
29928,1.0,3436.0,0.0002910360884749709,0.8596280107000063,0.15096933145065333,0.8192897831001381,0.8999662382998744,3.4164383561643836
30051,1.0,3617.0,0.0002764722145424385,0.8593903474402054,0.15124580366519577,0.8190605827183737,0.8997201121620371,3.4304794520547945
30410,1.0,3973.0,0.0002516989680342311,0.8591740397766161,0.15149750263323,0.8188521976399827,0.8994958819132495,3.471461187214612
30504,1.0,4152.0,0.00024084778420038535,0.8589671096128934,0.1517383504174304,0.8186529391457565,0.8992812800800302,3.4821917808219176
30659,1.0,4381.0,0.00022825838849577722,0.8587710431646822,0.15196660880592616,0.8184642431852799,0.8990778431440846,3.4998858447488583
30734,1.0,4381.0,0.00022825838849577722,0.8585750214702825,0.15219486719442193,0.818275590797512,0.8988744521430531,3.508447488584475
30829,1.0,4517.0,0.00022138587558113792,0.8583849450874022,0.15241625307000306,0.818092714150771,0.8986771760240333,3.5192922374429223
30884,1.0,4553.0,0.00021963540522732265,0.8581964133621469,0.15263588847523038,0.817911337607883,0.8984814891164108,3.525570776255708
30921,1.0,4566.0,0.0002190100744634253,0.8580084597017522,0.1528548985496938,0.8177305224422337,0.8982863969612708,3.529794520547945
31049,1.0,4618.0,0.00021654395842355997,0.8578226631535275,0.15307144250811736,0.8175518016427775,0.8980935246642775,3.544406392694064
31050,1.0,4621.0,0.00021640337589266391,0.8576370274333038,0.15328784588401,0.8173732370376475,0.8979008178289601,3.5445205479452055
31097,1.0,4736.0,0.00021114864864864866,0.8574559385339302,0.15349899453265867,0.8171990854015657,0.8977127916662947,3.5498858447488586
31148,1.0,4895.0,0.00020429009193054137,0.8572807687814207,0.1537032846245892,0.8170306756862427,0.8975308618765987,3.5557077625570774
31263,1.0,5030.0,0.00019880715705765408,0.8571103352289791,0.15390209178164688,0.8168668579656717,0.8973538124922864,3.5688356164383563
31265,1.0,5039.0,0.00019845207382417147,0.8569402399054568,0.15410054385547106,0.8167033681382238,0.8971771116726898,3.5690639269406392
31717,1.0,5303.0,0.00018857250612860644,0.8567786445368154,0.15428911636159967,0.8165481137892654,0.8970091752843654,3.620662100456621
31790,1.0,5366.0,0.00018635855385762206,0.8566189765076434,0.1544754749154573,0.816394725881002,0.8968432271342848,3.6289954337899544
31867,1.0,5532.0,0.00018076644974692697,0.8564641285364742,0.15465624136520423,0.8162460041218033,0.8966822529511452,3.637785388127854
32012,1.0,5644.0,0.00017717930545712261,0.8563123808170312,0.15483342067066136,0.8161002824596315,0.8965244791744309,3.654337899543379
32057,1.0,5642.0,0.0001772421127259837,0.8561606062015018,0.15501066278338735,0.8159545348045545,0.8963666775984491,3.659474885844749
32126,1.0,5652.0,0.00017692852087756547,0.856009126971813,0.1551875913042649,0.8158090729731743,0.8962091809704517,3.667351598173516
32130,1.0,5667.0,0.0001764602082230457,0.8558580754230267,0.15536405151248794,0.8156640249498299,0.8960521258962235,3.6678082191780823
32194,1.0,5813.0,0.0001720282126268708,0.8557108436880494,0.15553607972511482,0.8155226718259841,0.8958990155501146,3.6751141552511415
32206,1.0,5812.0,0.00017205781142463867,0.8555636119530722,0.15570813753653945,0.8153813187288486,0.8957459051772958,3.67648401826484
32278,1.0,5811.0,0.00017208742040956807,0.855416380218095,0.155880224956949,0.8152399656584348,0.8955927947777551,3.684703196347032
32441,2.0,5810.0,0.00034423407917383823,0.8551219167481404,0.15622445903612284,0.8149572595978196,0.8952865738984612,3.703310502283105
32536,1.0,6971.0,0.00014345144168698896,0.8549992482763648,0.15636791047780982,0.8148396331891926,0.8951588633635369,3.7141552511415523
32541,1.0,6970.0,0.00014347202295552367,0.8548765798045891,0.15651138250076535,0.8147220067934638,0.8950311528157143,3.71472602739726
32589,1.0,6968.0,0.00014351320321469576,0.854753893728268,0.15665489570398006,0.8146043634263859,0.8949034240301502,3.720205479452055
32687,1.0,8127.0,0.00012304663467454166,0.8546487191381699,0.1567779423386546,0.8145035999000998,0.8947938383762399,3.731392694063927
32756,1.0,8130.0,0.0001230012300123001,0.8545435962944874,0.1569009435686669,0.8144028862172049,0.8946843063717699,3.739269406392694
32927,1.0,9349.0,0.00010696331158412665,0.8544521914815347,0.15700790688025104,0.8143153751964867,0.8945890077665828,3.7587899543378995
32971,1.0,9350.0,0.000106951871657754,0.8543608062204137,0.1571148587519088,0.8142278829841914,0.894493729456636,3.763812785388128
32984,1.0,9349.0,0.00010696331158412665,0.8542694209592927,0.15722182206349294,0.8141403907758769,0.8943984511427086,3.765296803652968
33060,1.0,9348.0,0.0001069747539580659,0.8541780356981717,0.15732879681745102,0.8140528985715444,0.8943031728247991,3.7739726027397262
33089,1.0,9350.0,0.000106951871657754,0.8540866797585249,0.15743574868910878,0.8139654345717863,0.8942079249452636,3.777283105022831
33123,1.0,9350.0,0.000106951871657754,0.8539953335895668,0.15754270056076655,0.8138779799731738,0.8941126872059598,3.7811643835616437
33140,1.0,9350.0,0.000106951871657754,0.8539039971902525,0.15764965243242432,0.813790534774696,0.8940174596058089,3.7831050228310503
33205,1.0,9351.0,0.00010694043417816276,0.8538126803260465,0.15775659286660249,0.8137031083684688,0.8939222522836242,3.790525114155251
33223,1.0,9350.0,0.000106951871657754,0.8537213634618405,0.15786354473826025,0.8136156819662175,0.8938270449574635,3.792579908675799
33242,1.0,10204.0,9.800078400627205e-05,0.8536376980988983,0.15796154552226652,0.8135356117437873,0.8937397844540094,3.7947488584474884
33268,1.0,10436.0,9.582215408202377e-05,0.853555900695861,0.15805736767634854,0.8134573365352883,0.8936544648564336,3.797716894977169
33307,1.0,10435.0,9.583133684714902e-05,0.8534741032928236,0.1581531990131957,0.813379061329351,0.8935691452562962,3.8021689497716893
33314,2.0,10434.0,0.00019168104274487253,0.8533105084867486,0.15834488005594055,0.8132225109251643,0.8933985060483329,3.8029680365296805
33319,1.0,10433.0,9.584970765839164e-05,0.8532287189239683,0.15844072976359894,0.8131442432602961,0.8933131945876406,3.803538812785388
33370,1.0,10432.0,9.585889570552147e-05,0.8531469293611881,0.15853658865930445,0.8130659755979913,0.8932278831243848,3.8093607305936072
33389,1.0,10431.0,9.586808551433228e-05,0.8530651397984078,0.1586324567448188,0.8129877079382507,0.8931425716585649,3.8115296803652967
33392,1.0,10430.0,9.587727708533077e-05,0.8529833502356274,0.15872833402190412,0.8129094402810748,0.8930572601901801,3.8118721461187213
33402,1.0,10429.0,9.588647041902388e-05,0.8529015606728472,0.15882422049232314,0.8128311726264645,0.8929719487192298,3.813013698630137
33423,1.0,10430.0,9.587727708533077e-05,0.8528197867935879,0.15892009776940846,0.8127529200440758,0.8928866535431,3.8154109589041094
33448,1.0,10429.0,9.588647041902388e-05,0.8527380129143288,0.1590159842398275,0.8126746674642521,0.8928013583644056,3.8182648401826484
33509,1.0,10430.0,9.587727708533077e-05,0.8526562547155834,0.1591118615169128,0.812596429953746,0.8927160794774207,3.825228310502283
33521,1.0,10429.0,9.588647041902388e-05,0.852574496516838,0.15920774798733184,0.8125181924458043,0.8926308005878718,3.8265981735159817
33590,1.0,10432.0,9.585889570552147e-05,0.8524927696670952,0.15930360688303735,0.8124399850623264,0.892545554271864,3.834474885844749
33643,1.0,10432.0,9.585889570552147e-05,0.852411050651598,0.15939946577874287,0.8123617852089853,0.8924603160942106,3.840525114155251
33718,1.0,10433.0,9.584970765839164e-05,0.8523293473015882,0.15949531548640125,0.8122836004104566,0.8923750941927198,3.8490867579908676
33833,1.0,10974.0,9.112447603426281e-05,0.8522516792364068,0.15958643996243552,0.8122092921525279,0.8922940663202856,3.862214611872146
33861,1.0,10975.0,9.111617312072893e-05,0.852174025324859,0.15967755613555626,0.8121349974907797,0.8922130531589383,3.8654109589041097
33885,1.0,10976.0,9.110787172011662e-05,0.8520963855630765,0.15976866400727638,0.8120607164214804,0.8921320547046727,3.868150684931507
33896,1.0,10977.0,9.10995718320124e-05,0.8520187599471921,0.1598597635791084,0.8119864489408993,0.8920510709534849,3.869406392694064
33927,1.0,11503.0,8.693384334521429e-05,0.8519446906817877,0.1599466974224536,0.8119155966016339,0.8919737847619414,3.872945205479452
34034,1.0,11503.0,8.693384334521429e-05,0.8518706278555092,0.1600336312657988,0.8118447504464499,0.8918965052645684,3.885159817351598
34050,1.0,11502.0,8.69414014953921e-05,0.8517965650292306,0.1601205726672942,0.8117739042929969,0.8918192257654644,3.886986301369863
34054,1.0,11501.0,8.694896095991653e-05,0.8517225022029521,0.16020752162825413,0.8117030581412755,0.8917419462646287,3.8874429223744293
34072,1.0,11500.0,8.695652173913044e-05,0.8516484393766736,0.16029447814999326,0.8116322119912862,0.8916646667620609,3.889497716894977
34098,2.0,11499.0,0.00017392816766675364,0.8515003137241166,0.16046840631766002,0.8114905196965054,0.8915101077517278,3.8924657534246574
34113,2.0,11497.0,0.00017395842393667913,0.8513521880715597,0.16064236474159668,0.8113488274086577,0.8913555487344617,3.8941780821917806
34114,1.0,11495.0,8.699434536755111e-05,0.8512781252452811,0.16072935908696423,0.8112779812673347,0.8912782692232275,3.8942922374429223
34181,1.0,11495.0,8.699434536755111e-05,0.8512040688620497,0.16081635343233178,0.8112071413138722,0.8912009964102272,3.9019406392694065
34188,1.0,11494.0,8.700191404210893e-05,0.8511300124788183,0.16090335534637387,0.811136301362144,0.8911237235954925,3.9027397260273973
34230,1.0,11494.0,8.700191404210893e-05,0.8510559625386339,0.16099035726041597,0.8110654675982759,0.8910464574789919,3.9075342465753424
34244,1.0,11493.0,8.700948403375968e-05,0.8509819125984496,0.16107736674444972,0.8109946338361423,0.8909691913607568,3.909132420091324
34277,1.0,11494.0,8.700191404210893e-05,0.8509078755432383,0.16116436865849182,0.8109238124469129,0.8908919386395637,3.9128995433789955
34279,1.0,11493.0,8.700948403375968e-05,0.8508338384880271,0.16125137814252558,0.8108529910594175,0.8908146859166366,3.9131278538812784
34280,1.0,11492.0,8.70170553428472e-05,0.8507598014328158,0.1613383951978684,0.8107821696736569,0.8907374331919747,3.91324200913242
34349,1.0,11493.0,8.700948403375968e-05,0.8506857772614566,0.16142540468190217,0.810711360659718,0.8906601938631951,3.921118721461187
34428,1.0,11493.0,8.700948403375968e-05,0.8506117595309022,0.16151241416593592,0.8106405578314763,0.8905829612303281,3.93013698630137
34433,1.0,11492.0,8.70170553428472e-05,0.8505377418003478,0.16159943122127876,0.8105697550049685,0.8905057285957271,3.9307077625570774
34506,1.0,11491.0,8.702462796971542e-05,0.8504637240697934,0.16168645584924848,0.8104989521801952,0.8904284959593917,3.9390410958904107
34512,1.0,11490.0,8.703220191470844e-05,0.850389706339239,0.1617734880511632,0.8104281493571569,0.8903512633213212,3.9397260273972603
34559,1.0,11490.0,8.703220191470844e-05,0.8503156950506107,0.16186052025307793,0.8103573527208957,0.8902740373803256,3.9450913242009134
34604,1.0,11492.0,8.70170553428472e-05,0.8502417030827155,0.16194753730842076,0.810286574636633,0.890196831528798,3.950228310502283
34794,1.0,11501.0,8.694896095991653e-05,0.8501677754500676,0.1620344862693807,0.8102158583235561,0.8901196925765791,3.971917808219178
34795,2.0,11500.0,0.00017391304347826088,0.8500199201847719,0.16220839931285896,0.8100744257025871,0.8899654146669567,3.97203196347032
34855,1.0,11506.0,8.691117677733357e-05,0.8499460439532245,0.1622953104896363,0.8100037587455905,0.8898883291608585,3.978881278538813
34917,1.0,11510.0,8.688097306689835e-05,0.8498721998138715,0.1623821914627032,0.8099331226023498,0.8898112770253932,3.985958904109589
34922,1.0,11509.0,8.688852202624034e-05,0.8497983556745186,0.16246907998472943,0.8098624864608311,0.889734224888206,3.986529680365297
34996,1.0,11540.0,8.665511265164645e-05,0.8497247163022764,0.16255573509738108,0.8097920469177251,0.8896573856868277,3.9949771689497715
35045,1.0,11546.0,8.661008141347653e-05,0.8496511215754183,0.16264234517879456,0.8097216502397858,0.8895805929110508,4.0005707762557075
35087,1.0,11599.0,8.621432882145013e-05,0.8495778694742393,0.162728559507616,0.8096515825077906,0.889504156440688,4.005365296803653
35106,1.0,11618.0,8.607333448097779e-05,0.8495047434741124,0.162814632842097,0.8095816358403465,0.8894278511078784,4.007534246575342
35110,1.0,11617.0,8.608074373762589e-05,0.8494316174739855,0.1629007135858346,0.8095116891745604,0.8893515457734107,4.007990867579909
35133,1.0,12210.0,8.19000819000819e-05,0.8493620489549458,0.1629826136677347,0.8094451572292551,0.8892789406806365,4.010616438356164
35157,1.0,12596.0,7.939028262940616e-05,0.8492946178618246,0.1630620039503641,0.8093806763507982,0.8892085593728509,4.013356164383562
35227,1.0,12594.0,7.940289026520565e-05,0.8492271814144797,0.1631414068406293,0.8093161903361973,0.8891381724927622,4.0213470319634705
35235,1.0,12594.0,7.940289026520565e-05,0.8491597503217836,0.1632208097308945,0.8092517094605494,0.8890677911830178,4.022260273972603
35277,1.0,12597.0,7.938398031277289e-05,0.8490923406408816,0.16330019371120727,0.8091872491305647,0.8889974321511984,4.027054794520548
35287,1.0,12596.0,7.939028262940616e-05,0.8490249309599797,0.16337958399383667,0.8091227888017791,0.8889270731181802,4.0281963470319635
35295,1.0,12595.0,7.939658594680428e-05,0.8489575212790778,0.16345898057978347,0.8090583284741926,0.8888567140839629,4.029109589041096
35355,1.0,12596.0,7.939028262940616e-05,0.848890122301523,0.16353837086241288,0.8089938784175812,0.8887863661854649,4.035958904109589
35405,1.0,13121.0,7.621370322383964e-05,0.8488254252416723,0.1636145845656367,0.8089320204782331,0.8887188300051114,4.041666666666667
35416,1.0,13123.0,7.620208793720948e-05,0.8487607429719747,0.16369078665357392,0.8088701767270767,0.8886513092168726,4.0429223744292235
35423,1.0,13122.0,7.620789513793629e-05,0.8486960607022771,0.16376699454871185,0.8088083329769377,0.8885837884276165,4.043721461187214
35437,1.0,13124.0,7.619628162145687e-05,0.8486313932182248,0.1638431908303333,0.8087465034106507,0.8885162830257989,4.045319634703197
35477,1.0,13595.0,7.35564545788893e-05,0.8485689709016954,0.16391674728491218,0.8086868272335116,0.8884511145698791,4.049885844748858
35493,1.0,14124.0,7.080147267063155e-05,0.8485088909688929,0.1639875487575828,0.8086293971704628,0.8883883847673231,4.051712328767123
35494,1.0,14202.0,7.041261794113505e-05,0.8484491452365335,0.16405796137552395,0.8085722875301623,0.8883260029429046,4.051826484018265
35499,1.0,14471.0,6.910372469076083e-05,0.848390514240387,0.16412706510021471,0.8085162465907495,0.8882647818900246,4.052397260273972
35500,1.0,14529.0,6.882786151834262e-05,0.8483321213355595,0.16419589296173306,0.80846043389524,0.8882038087758789,4.052511415525114
35511,1.0,14612.0,6.84369011771147e-05,0.8482740641140063,0.16426432986291017,0.8084049429896892,0.8881431852383234,4.053767123287671
35550,1.0,14611.0,6.844158510711108e-05,0.8482160068924531,0.16433277144801728,0.8083494520847998,0.8880825617001065,4.058219178082192
35588,1.0,14610.0,6.844626967830253e-05,0.8481579496709,0.16440121771769559,0.808293961180572,0.888021938161228,4.062557077625571
35597,1.0,14609.0,6.845095489082072e-05,0.8480998924493467,0.16446966867258642,0.8082384702770058,0.8879613146216876,4.063584474885845
35608,1.0,14608.0,6.845564074479737e-05,0.8480418352277935,0.1645381243133312,0.8081829793741014,0.8879006910814856,4.0648401826484015
35614,1.0,14607.0,6.84603272403642e-05,0.8479837780062403,0.16460658464057157,0.8081274884718589,0.8878400675406216,4.0655251141552515
35633,1.0,14608.0,6.845564074479737e-05,0.8479257287333757,0.16467504028131635,0.8080720051898459,0.8877794522769055,4.0676940639269406
35658,1.0,14605.0,6.846970215679562e-05,0.8478676715112782,0.16474350998347315,0.8080165142884043,0.8877188287341521,4.07054794520548
35679,1.0,14605.0,6.846970215679562e-05,0.8478096182643414,0.16481197968562994,0.8079610271981933,0.8876582093304896,4.072945205479452
35681,1.0,14604.0,6.847439057792385e-05,0.8477515650174047,0.16488045407620786,0.8079055401086447,0.8875975899261647,4.073173515981735
35717,1.0,14604.0,6.847439057792385e-05,0.8476935157456287,0.16494892846678577,0.8078500568303267,0.8875369746609306,4.077283105022831
35757,1.0,14636.0,6.832467887400929e-05,0.8476355973583818,0.1650172531456598,0.8077946990170657,0.8874764956996979,4.081849315068493
35816,1.0,14662.0,6.820351930159596e-05,0.8475777856275566,0.16508545666496138,0.807739443442869,0.8874161278122442,4.088584474885844
35879,1.0,14662.0,6.820351930159596e-05,0.8475199778396949,0.16515366018426297,0.8076841916489383,0.8873557640304515,4.095776255707762
35891,1.0,14662.0,6.820351930159596e-05,0.8474621739945278,0.16522186370356456,0.8076289436350153,0.8872954043540404,4.0971461187214615
35895,1.0,14662.0,6.820351930159596e-05,0.8474043740917865,0.16529006722286615,0.807573699400841,0.887235048782732,4.097602739726027
35897,1.0,14661.0,6.82081713389264e-05,0.8473465741890451,0.16535827539420508,0.8075184551673183,0.8871746932107719,4.097831050228311
35900,1.0,14660.0,6.821282401091406e-05,0.8472887742863037,0.165426488218216,0.8074632109344475,0.8871143376381598,4.098173515981735
35916,1.0,14659.0,6.821747731768879e-05,0.8472309743835623,0.1654947056955337,0.8074079667022286,0.887053982064896,4.1
35968,1.0,14659.0,6.821747731768879e-05,0.8471731784237845,0.1655629231728514,0.8073527262502755,0.8869936305972934,4.105936073059361
35998,1.0,14660.0,6.821282401091406e-05,0.8471153903488579,0.16563113599686233,0.8072974933571676,0.8869332873405481,4.1093607305936075
36090,1.0,15234.0,6.564264145989234e-05,0.847059783457014,0.16569677863832222,0.8072443510545526,0.8868752158594755,4.11986301369863
36102,1.0,15723.0,6.360109393881575e-05,0.8470059095281547,0.16576037973226104,0.807192869411662,0.8868189496446474,4.1212328767123285
36140,1.0,15732.0,6.356470887363335e-05,0.8469520698441013,0.16582394444113469,0.8071414205823711,0.8867627191058315,4.1255707762557075
36182,1.0,15734.0,6.355662895640016e-05,0.8468982404256544,0.1658875010700911,0.8070899815899755,0.8867064992613334,4.130365296803653
36187,1.0,15735.0,6.355258976803305e-05,0.8468444178492054,0.16595105365985913,0.8070385491540017,0.886650286544409,4.1309360730593605
36189,1.0,15734.0,6.355662895640016e-05,0.8467905952727564,0.16601461028881553,0.806987116718519,0.8865940738269937,4.131164383561644
36202,1.0,15734.0,6.355662895640016e-05,0.8467367761170889,0.16607816691777194,0.8069356875612836,0.8865378646728941,4.132648401826484
36206,1.0,15733.0,6.356066865823429e-05,0.8466829569614214,0.16614172758643017,0.8068842584045391,0.8864816555183036,4.13310502283105
36212,1.0,15732.0,6.356470887363335e-05,0.8466291378057539,0.1662052922953038,0.8068328292482858,0.886425446363222,4.1337899543378995
36244,1.0,15734.0,6.355662895640016e-05,0.8465753289117787,0.16626884892426022,0.8067814099251656,0.8863692478983918,4.137442922374429
36262,1.0,15735.0,6.355258976803305e-05,0.8465215268571926,0.16633240151402826,0.8067299971559599,0.8863130565584253,4.139497716894978
36280,1.0,15734.0,6.355662895640016e-05,0.8464677248026066,0.16639595814298466,0.8066785843872449,0.8862568652179682,4.141552511415525
36296,1.0,15733.0,6.356066865823429e-05,0.8464139227480205,0.1664595188116429,0.8066271716190206,0.8862006738770204,4.14337899543379
36316,1.0,15732.0,6.356470887363335e-05,0.8463601206934345,0.16652308352051653,0.8065757588512873,0.8861444825355816,4.145662100456621
36317,1.0,15731.0,6.356874960269532e-05,0.8463063186388484,0.16658665227011923,0.8065243460840449,0.886088291193652,4.145776255707762
36322,1.0,15730.0,6.357279084551812e-05,0.8462525165842623,0.16665022506096475,0.8064729333172933,0.8860320998512312,4.1463470319634705
36326,1.0,15729.0,6.357683260219975e-05,0.8461987145296762,0.16671380189356694,0.806421520551033,0.8859759085083194,4.146803652968036
36356,1.0,15728.0,6.358087487283825e-05,0.8461449124750902,0.16677738276843979,0.8063701077852639,0.8859197171649165,4.150228310502283
36375,1.0,15727.0,6.358491765753163e-05,0.8460911104205041,0.16684096768609732,0.8063186950199861,0.8858635258210221,4.152397260273973
36378,1.0,15726.0,6.358896095637798e-05,0.8460373083659181,0.1669045566470537,0.8062672822551996,0.8858073344766365,4.152739726027397
36380,1.0,15725.0,6.359300476947535e-05,0.845983506311332,0.16696814965182316,0.8062158694909046,0.8857511431317594,4.15296803652968
36427,1.0,15726.0,6.358896095637798e-05,0.8459297110991795,0.16703173861277953,0.8061644632834486,0.8856949589149103,4.158333333333333
36466,1.0,15725.0,6.359300476947535e-05,0.8458759158870269,0.167095331617549,0.8061130570764838,0.88563877469757,4.162785388127854
36470,1.0,15724.0,6.35970490969219e-05,0.8458221206748743,0.16715892866664592,0.8060616508700106,0.885582590479738,4.1632420091324205
36482,1.0,15722.0,6.360513929525506e-05,0.8457683220410698,0.16722253380594118,0.8060102413854373,0.8855264026967022,4.164611872146119
36485,1.0,15721.0,6.360918516633803e-05,0.8457145234072653,0.16728614299110753,0.8059588319013558,0.8854702149131748,4.164954337899544
36503,1.0,15720.0,6.361323155216285e-05,0.8456607247734608,0.16734975622265968,0.8059074224177661,0.8854140271291554,4.167009132420091
36534,1.0,15719.0,6.361727845282778e-05,0.8456069261396563,0.16741337350111252,0.8058560129346685,0.8853578393446441,4.170547945205479
36535,1.0,15718.0,6.36213258684311e-05,0.8455531275058518,0.16747699482698095,0.8058046034520628,0.8853016515596407,4.170662100456621
36617,1.0,15717.0,6.362537379907107e-05,0.8454993288720472,0.16754062020078,0.8057531939699493,0.885245463774145,4.180022831050228
36662,1.0,15716.0,6.362942224484602e-05,0.8454455302382426,0.16760424962302486,0.8057017844883281,0.8851892759881572,4.1851598173515985
36672,1.0,15715.0,6.363347120585428e-05,0.8453917316044381,0.16766788309423072,0.805650375007199,0.8851330882016772,4.186301369863013
36690,1.0,15714.0,6.363752068219422e-05,0.8453379329706336,0.16773152061491292,0.8055989655265626,0.8850769004147047,4.188356164383562
36692,1.0,15713.0,6.364157067396423e-05,0.8452841343368291,0.16779516218558688,0.8055475560464186,0.8850207126272397,4.188584474885845
36759,1.0,15747.0,6.350415952244872e-05,0.8452304552783204,0.16785866634510932,0.8054962611420871,0.8849646494145538,4.196232876712329
36780,1.0,16632.0,6.012506012506013e-05,0.8451796357463772,0.16791879140523439,0.8054477057838788,0.8849115657088756,4.198630136986301
36789,1.0,16681.0,5.994844433786943e-05,0.8451289685420281,0.16797873984957226,0.8053992963400891,0.8848586407439671,4.199657534246575
36790,1.0,16688.0,5.992329817833173e-05,0.845078325626847,0.1680386631477506,0.805350910162985,0.8848057410907091,4.199771689497717
36791,1.0,16698.0,5.9887411666067796e-05,0.8450277160732701,0.16809855055941667,0.8053025559428533,0.8847528762036869,4.1998858447488585
36803,1.0,16948.0,5.900401227283455e-05,0.8449778560475399,0.1681575545716895,0.8052549196564303,0.8847007924386496,4.201255707762557
36807,1.0,17138.0,5.834986579530867e-05,0.8449285517030395,0.1682159044374848,0.805207815593211,0.884649287812868,4.201712328767123
36810,1.0,17310.0,5.7770075101097634e-05,0.8448797401171525,0.1682736745125859,0.805161183461956,0.884598296772349,4.2020547945205475
36821,1.0,17851.0,5.601927062909641e-05,0.8448324105703418,0.168329693783215,0.8051159705887104,0.8845488505519731,4.203310502283105
36842,1.0,17888.0,5.590339892665474e-05,0.8447851815670674,0.16838559718214166,0.8050708539924382,0.8844995091416966,4.205707762557077
36860,1.0,17887.0,5.5906524291384805e-05,0.844737952563793,0.16844150370643304,0.805025737396459,0.8844501677311271,4.207762557077626
36916,1.0,17886.0,5.590965000559097e-05,0.8446907235605188,0.16849741335643864,0.804980620800773,0.8844008263202645,4.214155251141553
36923,1.0,17885.0,5.591277606933184e-05,0.8446434945572445,0.16855332613250798,0.8049355042053803,0.8843514849091088,4.2149543378995435
36946,1.0,17884.0,5.591590248266607e-05,0.8445962655539703,0.16860924203499064,0.8048903876102806,0.8843021434976599,4.217579908675799
36984,1.0,17882.0,5.592215635834918e-05,0.8445490339095483,0.168665164191349,0.8048452684864223,0.8842527993326742,4.221917808219178
36999,1.0,17880.0,5.592841163310962e-05,0.8445017996235354,0.1687210926029821,0.8048001468333802,0.8842034524136907,4.223630136986301
37010,1.0,17879.0,5.593153979529056e-05,0.8444545653375226,0.1687770241427774,0.8047550251806315,0.8841541054944138,4.224885844748859
37029,1.0,17878.0,5.593466830741694e-05,0.8444073310515098,0.16883295881108482,0.8047099035281764,0.8841047585748432,4.227054794520548
37062,1.0,17877.0,5.5937797169547465e-05,0.844360096765497,0.16888889660825437,0.8046647818760148,0.8840554116549791,4.230821917808219
37070,1.0,17876.0,5.594092638174088e-05,0.8443128624794841,0.16894483753463613,0.8046196602241468,0.8840060647348215,4.231735159817352
37072,1.0,17875.0,5.5944055944055945e-05,0.8442656281934713,0.16900078159058018,0.8045745385725724,0.8839567178143701,4.231963470319634
37082,1.0,17874.0,5.594718585655141e-05,0.8442183939074585,0.16905672877643674,0.8045294169212919,0.883907370893625,4.23310502283105
37084,1.0,17873.0,5.5950316119286074e-05,0.8441711596214456,0.16911267909255603,0.804484295270305,0.8838580239725863,4.233333333333333
37094,1.0,17871.0,5.595657769570813e-05,0.8441239226923638,0.16916863567025175,0.8044391710887162,0.8838086742960114,4.234474885844749
37098,1.0,17870.0,5.595970900951315e-05,0.844076685763282,0.16922459537926127,0.8043940469074213,0.8837593246191426,4.234931506849315
37109,1.0,17869.0,5.59628406737926e-05,0.8440294488342002,0.16928055821993507,0.8043489227264203,0.88370997494198,4.236187214611872
37128,1.0,17868.0,5.596597268860533e-05,0.8439822119051184,0.16933652419262368,0.8043037985457134,0.8836606252645233,4.238356164383561
37142,1.0,17867.0,5.596910505401019e-05,0.8439349749760365,0.1693924932976777,0.8042586743653005,0.8836112755867725,4.239954337899543
37154,1.0,17866.0,5.5972237770066045e-05,0.8438877380469547,0.16944846553544776,0.8042135501851818,0.8835619259087276,4.241324200913242
37187,1.0,17871.0,5.595657769570813e-05,0.8438405169771742,0.16950442211314348,0.8041684411915823,0.8835125927627662,4.245091324200914
37225,1.0,18985.0,5.267316302343956e-05,0.8437960692280576,0.1695570952761669,0.8041259874436989,0.8834661510124163,4.2494292237442925
37246,1.0,18984.0,5.2675937631689846e-05,0.8437516214789411,0.1696097712137986,0.8040835336960463,0.8834197092618359,4.251826484018265
37289,1.0,18982.0,5.268148772521336e-05,0.843707171388251,0.16966245270152383,0.8040410777070579,0.8833732650694441,4.256735159817351
37294,1.0,18981.0,5.2684263210579e-05,0.8436627212975609,0.16971513696473442,0.8039986217183004,0.8833268208768215,4.25730593607306
37295,1.0,18980.0,5.2687038988408854e-05,0.8436182712068708,0.16976782400372284,0.8039561657297736,0.8832803766839681,4.257420091324201
37302,1.0,18979.0,5.268981505874914e-05,0.8435738211161807,0.16982051381878158,0.8039137097414776,0.8832339324908839,4.258219178082192
37323,1.0,18978.0,5.2692591421646116e-05,0.8435293710254907,0.16987320641020323,0.8038712537534127,0.8831874882975688,4.260616438356164
37326,1.0,18977.0,5.269536807714602e-05,0.8434849209348007,0.16992590177828037,0.8038287977655785,0.8831410441040228,4.260958904109589
37330,1.0,18976.0,5.269814502529511e-05,0.8434404708441106,0.16997859992330566,0.8037863417779754,0.8830945999102457,4.261415525114155
37342,1.0,18975.0,5.270092226613966e-05,0.8433960207534205,0.1700313008455718,0.8037438857906032,0.8830481557162377,4.2627853881278535
37343,1.0,18974.0,5.270369979972594e-05,0.8433515706627304,0.17008400454537154,0.8037014298034619,0.8830017115219988,4.262899543378995
37414,1.0,18971.0,5.2712034157398135e-05,0.8433071158859309,0.17013671657952895,0.8036589693305772,0.8829552624412845,4.2710045662100455
37431,1.0,18970.0,5.271481286241434e-05,0.8432626611091314,0.17018943139239137,0.8036165088579237,0.8829088133603391,4.272945205479452
37435,1.0,18969.0,5.271759186040382e-05,0.8432182063323319,0.17024214898425177,0.8035740483855014,0.8828623642791624,4.273401826484018
37436,1.0,18968.0,5.2720371151412904e-05,0.8431737515555324,0.1702948693554032,0.8035315879133104,0.8828159151977545,4.27351598173516
37459,1.0,18965.0,5.2728710783021356e-05,0.8431292920906468,0.1703475980661862,0.8034891229534796,0.882769461227814,4.276141552511415
37573,1.0,18962.0,5.273705305347537e-05,0.8430848279364389,0.1704003351192397,0.8034466535048234,0.8827230023680545,4.289155251141553
37581,2.0,18961.0,0.00010547966879383998,0.8429958996280231,0.17050581478803353,0.8033617146082055,0.8826300846478408,4.2900684931506845
37584,1.0,18959.0,5.274539796402764e-05,0.8429514354738151,0.17055856018599755,0.8033192451602439,0.8825836257873864,4.2904109589041095
37606,1.0,18958.0,5.274818018778352e-05,0.8429069713196072,0.17061130836618532,0.8032767757125141,0.8825371669267004,4.2929223744292235
37608,1.0,18957.0,5.2750962705069364e-05,0.8428625071653993,0.1706640593288904,0.8032343062650159,0.8824907080657828,4.293150684931507
37616,1.0,18956.0,5.275374551593163e-05,0.8428180430111915,0.17071681307440634,0.8031918368177495,0.8824442492046334,4.294063926940639
37618,1.0,18955.0,5.2756528620416775e-05,0.8427735788569835,0.17076956960302675,0.8031493673707149,0.882397790343252,4.294292237442923
37648,1.0,18953.0,5.276209571044162e-05,0.8427291123567535,0.1708223316987372,0.803106895678078,0.882351329035429,4.297716894977169
37677,1.0,18952.0,5.276487969607429e-05,0.8426846458565236,0.17087509657843328,0.803064423985673,0.8823048677273742,4.301027397260274
37693,1.0,18951.0,5.27676639755158e-05,0.8426401793562937,0.1709278642424088,0.8030219522935,0.8822584064190873,4.302853881278539
37710,1.0,18950.0,5.277044854881267e-05,0.8425957128560638,0.17098063469095762,0.8029794806015591,0.8822119451105686,4.304794520547945
37720,1.0,18949.0,5.27732334160114e-05,0.8425512463558339,0.17103340792437363,0.80293700890985,0.8821654838018178,4.30593607305936
37745,1.0,18948.0,5.277601857715854e-05,0.8425067798556041,0.1710861839429508,0.8028945372183731,0.882119022492835,4.308789954337899
37749,1.0,18947.0,5.277880403230063e-05,0.8424623133553741,0.1711389627469831,0.8028520655271282,0.8820725611836201,4.309246575342466
37772,1.0,18946.0,5.278158978148422e-05,0.8424178468551442,0.17119174433676457,0.8028095938361153,0.8820260998741731,4.311872146118722
37776,1.0,18945.0,5.278437582475587e-05,0.8423733803549143,0.17124452871258933,0.8027671221453345,0.881979638564494,4.3123287671232875
37796,1.0,18944.0,5.2787162162162165e-05,0.8423289138546843,0.1712973158747515,0.802724650454786,0.8819331772545826,4.314611872146119
37826,1.0,18943.0,5.278994879374967e-05,0.8422844473544544,0.17135010582354526,0.8026821787644697,0.8818867159444391,4.3180365296803656
37845,1.0,18942.0,5.279273571956499e-05,0.8422399808542245,0.17140289855926483,0.8026397070743855,0.8818402546340635,4.320205479452055
37865,1.0,18941.0,5.279552293965472e-05,0.8421955143539945,0.17145569408220449,0.8025972353845336,0.8817937933234554,4.322488584474886
37867,2.0,18940.0,0.00010559662090813094,0.8421065813535348,0.17156129070311263,0.8025122920055271,0.8817008707015425,4.322716894977169
37874,1.0,18938.0,5.280388636603654e-05,0.8420621148533048,0.17161409458947866,0.8024698203163723,0.8816544093902374,4.323515981735159
37901,1.0,18937.0,5.280667476369013e-05,0.8420176483530749,0.17166690126424233,0.8024273486274498,0.8816079480787,4.326598173515982
37903,1.0,18936.0,5.280946345585129e-05,0.841973181852845,0.17171971072769818,0.8023848769387599,0.88156148676693,4.326826484018265
37924,1.0,18935.0,5.2812252442566676e-05,0.841928715352615,0.17177252298014076,0.8023424052503024,0.8815150254549277,4.329223744292237
37926,1.0,18934.0,5.281504172388296e-05,0.8418842488523852,0.17182533802186464,0.8022999335620776,0.8814685641426928,4.329452054794521
37944,1.0,18933.0,5.281783129984683e-05,0.8418397823521553,0.1718781558531645,0.8022574618740852,0.8814221028302254,4.331506849315068
37982,1.0,18931.0,5.282341133590407e-05,0.8417953135030531,0.1719309792645004,0.8022149879377574,0.8813756390683489,4.335844748858447
37992,1.0,18930.0,5.282620179609086e-05,0.841750844653951,0.1719838054662965,0.8021725140016621,0.8813291753062399,4.336986301369863
38011,1.0,18929.0,5.282899255111205e-05,0.8417063758048489,0.1720366344588476,0.8021300400657997,0.881282711543898,4.339155251141553
38027,1.0,18928.0,5.283178360101437e-05,0.8416619069557467,0.1720894662424486,0.8020875661301698,0.8812362477813236,4.340981735159818
38049,1.0,18927.0,5.283457494584456e-05,0.8416174381066446,0.17214230081739446,0.8020450921947729,0.8811897840185162,4.343493150684932
38058,1.0,18926.0,5.283736658564937e-05,0.8415729692575424,0.1721951381839801,0.8020026182596087,0.8811433202554761,4.344520547945206
38091,1.0,18925.0,5.2840158520475564e-05,0.8415285004084403,0.17224797834250058,0.8019601443246774,0.8810968564922032,4.348287671232876
38105,1.0,18924.0,5.28429507503699e-05,0.8414840315593382,0.17230082129325094,0.8019176703899791,0.8810503927286972,4.349885844748859
38157,1.0,18923.0,5.2845743275379165e-05,0.841439562710236,0.17235366703652633,0.8018751964555135,0.8810039289649585,4.355821917808219
38202,1.0,18922.0,5.2848536095550154e-05,0.8413950938611339,0.17240651557262188,0.801832722521281,0.8809574652009867,4.360958904109589
38225,1.0,18921.0,5.2851329210929655e-05,0.8413506250120317,0.1724593669018328,0.8017902485872814,0.880911001436782,4.363584474885845
38239,1.0,18920.0,5.285412262156448e-05,0.8413061561629296,0.17251222102445438,0.801747774653515,0.8808645376723442,4.365182648401826
38261,1.0,18919.0,5.2856916327501456e-05,0.8412616873138274,0.17256507794078188,0.8017053007199815,0.8808180739076734,4.36769406392694
38286,1.0,18918.0,5.28597103287874e-05,0.8412172184647253,0.17261793765111066,0.8016628267866811,0.8807716101427695,4.370547945205479
38297,1.0,18917.0,5.2862504625469154e-05,0.8411727496156232,0.17267080015573613,0.8016203528536139,0.8807251463776324,4.371803652968037
38306,1.0,18916.0,5.286529921759357e-05,0.8411282807665211,0.1727236654549537,0.8015778789207799,0.8806786826122623,4.37283105022831
38312,1.0,18915.0,5.286809410520751e-05,0.841083811917419,0.17277653354905892,0.8015354049881791,0.8806322188466589,4.37351598173516
38338,1.0,18914.0,5.287088928835783e-05,0.8410393430683168,0.17282940443834727,0.8014929310558115,0.8805857550808222,4.37648401826484
38342,1.0,18913.0,5.287368476709142e-05,0.8409948742192147,0.17288227812311435,0.8014504571236771,0.8805392913147523,4.376940639269407
38355,1.0,18912.0,5.287648054145516e-05,0.8409504053701127,0.1729351546036558,0.8014079831917762,0.8804928275484492,4.3784246575342465
38377,1.0,18911.0,5.2879276611495956e-05,0.8409059365210105,0.1729880338802673,0.8013655092601085,0.8804463637819125,4.3809360730593605
38457,1.0,18910.0,5.288207297726071e-05,0.8408614676719084,0.17304091595324456,0.8013230353286742,0.8803999000151426,4.390068493150685
38465,1.0,18909.0,5.288486963879634e-05,0.8408169988228062,0.17309380082288336,0.8012805613974734,0.8803534362481391,4.3909817351598175
38470,1.0,18908.0,5.2887666596149776e-05,0.8407725299737041,0.1731466884894795,0.8012380874665059,0.8803069724809023,4.391552511415525
38515,1.0,18907.0,5.2890463849367956e-05,0.840728061124602,0.17319957895332888,0.801195613535772,0.880260508713432,4.396689497716895
38519,1.0,18906.0,5.289326139849783e-05,0.8406835922754999,0.17325247221472737,0.8011531396052717,0.8802140449457282,4.397146118721461
38520,1.0,18905.0,5.289605924358635e-05,0.8406391234263978,0.17330536827397094,0.8011106656750048,0.8801675811777908,4.397260273972603
38564,1.0,18904.0,5.289885738468049e-05,0.8405946545772957,0.17335826713135563,0.8010681917449715,0.8801211174096198,4.402283105022831
38567,1.0,18903.0,5.2901655821827224e-05,0.8405501857281935,0.17341116878717747,0.8010257178151718,0.8800746536412152,4.402625570776256
38612,1.0,18902.0,5.290445455507354e-05,0.8405057168790914,0.17346407324173255,0.8009832438856058,0.8800281898725769,4.407762557077626
38634,1.0,18901.0,5.290725358446643e-05,0.8404612480299893,0.17351698049531702,0.8009407699562736,0.8799817261037051,4.41027397260274
38635,1.0,18900.0,5.291005291005291e-05,0.8404167791808872,0.17356989054822708,0.8008982960271751,0.8799352623345993,4.4103881278538815
38637,1.0,18899.0,5.2912852531879995e-05,0.8403723103317852,0.17362280340075895,0.8008558220983104,0.8798887985652599,4.410616438356165
38642,1.0,18898.0,5.291565244999471e-05,0.840327841482683,0.17367571905320894,0.8008133481696794,0.8798423347956866,4.411187214611872
38649,1.0,18897.0,5.291845266444409e-05,0.8402833726335809,0.1737286375058734,0.8007708742412822,0.8797958710258795,4.411986301369863
38665,1.0,18896.0,5.292125317527519e-05,0.8402389037844787,0.17378155875904866,0.800728400313119,0.8797494072558385,4.413812785388128
38671,1.0,18895.0,5.292405398253506e-05,0.8401944349353767,0.17383448281303118,0.8006859263851898,0.8797029434855637,4.414497716894977
38714,1.0,18894.0,5.292685508627077e-05,0.8401499660862746,0.17388740966811744,0.8006434524574944,0.8796564797150548,4.419406392694064
38728,1.0,18893.0,5.2929656486529405e-05,0.8401054972371724,0.17394033932460398,0.8006009785300329,0.879610015944312,4.421004566210046
38733,1.0,18892.0,5.2932458183358036e-05,0.8400610283880703,0.17399327178278734,0.8005585046028054,0.8795635521733352,4.421575342465753
38751,1.0,18891.0,5.293526017680377e-05,0.8400165595389681,0.17404620704296414,0.8005160306758121,0.8795170884021242,4.423630136986302
38757,1.0,18890.0,5.293806246691371e-05,0.8399720906898661,0.17409914510543106,0.800473556749053,0.8794706246306793,4.424315068493151
38764,1.0,18889.0,5.2940865053734975e-05,0.8399276218407641,0.1741520859704848,0.8004310828225278,0.8794241608590003,4.4251141552511415
38792,1.0,18888.0,5.2943667937314695e-05,0.8398831529916619,0.1742050296384221,0.8003886088962369,0.879377697087087,4.428310502283105
38824,1.0,18886.0,5.2949274594938046e-05,0.8398386817879665,0.17425797891301703,0.800346132716124,0.879331230859809,4.4319634703196344
38843,1.0,18885.0,5.295207836907599e-05,0.8397942105842711,0.17431093099138611,0.8003036565362452,0.8792847646322969,4.434132420091324
38875,1.0,18883.0,5.295768680824022e-05,0.8397497370254836,0.17436388867819436,0.8002611781020663,0.8792382959489009,4.437785388127854
38878,3.0,18882.0,0.00015888147442008263,0.8396163163491212,0.17452277015261444,0.8001337428009359,0.8790988898973064,4.438127853881278
38881,1.0,18879.0,5.2968907251443404e-05,0.8395718427903336,0.1745757390598659,0.8000912643676946,0.8790524212129726,4.438470319634703
38901,1.0,18878.0,5.297171310520182e-05,0.839527369231546,0.1746287107729711,0.8000487859346879,0.8790059525284042,4.440753424657534
38931,1.0,18876.0,5.2977325704598435e-05,0.8394828933166683,0.1746816880986757,0.8000063052464236,0.8789594813869129,4.4441780821917805
38974,1.0,18873.0,5.298574683410163e-05,0.8394384126886114,0.1747346738455098,0.7999638200464514,0.8789130053307714,4.449086757990868
38977,1.0,18872.0,5.2988554472234e-05,0.8393939320605546,0.17478766239998203,0.799921334846714,0.8788665292743951,4.449429223744292
39023,1.0,18871.0,5.299136240792751e-05,0.8393494514324977,0.17484065376238997,0.7998788496472115,0.878820053217784,4.454680365296803
39052,1.0,18870.0,5.299417064122947e-05,0.8393049708044409,0.1748936479330312,0.7998363644479438,0.878773577160938,4.457990867579909
39053,1.0,18869.0,5.2996979172187185e-05,0.839260490176384,0.17494664491220338,0.7997938792489111,0.878727101103857,4.458105022831051
39089,1.0,18868.0,5.2999788000847996e-05,0.8392160095483272,0.17499964470020424,0.7997513940501133,0.8786806250465411,4.462214611872146
39104,1.0,18867.0,5.300259712725924e-05,0.8391715289202704,0.1750526472973315,0.7997089088515504,0.8786341489889903,4.463926940639269
39120,1.0,18866.0,5.300540655146825e-05,0.8391270482922135,0.17510565270388298,0.7996664236532226,0.8785876729312044,4.465753424657534
39137,1.0,18865.0,5.30082162735224e-05,0.8390825676641567,0.1751586609201565,0.7996239384551298,0.8785411968731835,4.467694063926941
39187,1.0,18864.0,5.301102629346904e-05,0.8390380870360998,0.17521167194644996,0.7995814532572721,0.8784947208149275,4.473401826484018
39236,1.0,18863.0,5.3013836611355566e-05,0.838993606408043,0.1752646857830613,0.7995389680596495,0.8784482447564365,4.4789954337899545
39245,1.0,18862.0,5.301664722722935e-05,0.8389491257799861,0.17531770243028855,0.799496482862262,0.8784017686977103,4.480022831050229
39268,1.0,18861.0,5.3019458141137794e-05,0.8389046451519293,0.1753707218884297,0.7994539976651098,0.8783552926387488,4.482648401826484
39287,1.0,18860.0,5.302226935312831e-05,0.8388601645238725,0.17542374415778283,0.7994115124681929,0.8783088165795521,4.484817351598173
39338,1.0,18858.0,5.302789267154523e-05,0.8388156815371016,0.1754767720504544,0.7993690250135018,0.8782623380607014,4.490639269406393
39375,1.0,18857.0,5.30307047780665e-05,0.8387711985503309,0.17552980275523247,0.7993265375590463,0.8782158595416155,4.49486301369863
39382,1.0,18856.0,5.3033517182859566e-05,0.83872671556356,0.17558283627241533,0.799284050104826,0.8781693810222941,4.495662100456621
39383,1.0,18855.0,5.303632988597189e-05,0.8386822325767892,0.1756358726023013,0.7992415626508411,0.8781229025027373,4.495776255707763
39400,1.0,18854.0,5.303914288745094e-05,0.8386377495900184,0.17568891174518875,0.7991990751970917,0.878076423982945,4.497716894977169
39405,1.0,18853.0,5.304195618734419e-05,0.8385932666032475,0.1757419537013761,0.7991565877435778,0.8780299454629172,4.498287671232877
39472,1.0,18852.0,5.304476978569913e-05,0.8385487836164767,0.1757949984711618,0.7991141002902994,0.877983466942654,4.5059360730593605
39477,1.0,18851.0,5.304758368256326e-05,0.8385043006297059,0.1758480460548444,0.7990716128372567,0.8779369884221552,4.506506849315069
39495,1.0,18850.0,5.305039787798409e-05,0.8384598176429352,0.17590109645272237,0.7990291253844496,0.8778905099014208,4.508561643835616
39498,1.0,18849.0,5.305321237200913e-05,0.8384153346561644,0.17595414966509437,0.798986637931878,0.8778440313804508,4.508904109589041
39499,1.0,18848.0,5.305602716468591e-05,0.8383708516693936,0.17600720569225906,0.7989441504795421,0.8777975528592451,4.509018264840183
39506,1.0,18847.0,5.305884225606197e-05,0.8383263686826229,0.17606026453451512,0.798901663027442,0.8777510743378037,4.509817351598174
39525,1.0,18846.0,5.3061657646184864e-05,0.838281885695852,0.1761133261921613,0.7988591755755775,0.8777045958161266,4.511986301369863
39543,1.0,18845.0,5.306447333510215e-05,0.8382374027090812,0.17616639066549641,0.7988166881239488,0.8776581172942136,4.514041095890411
39551,1.0,18844.0,5.306728932286139e-05,0.8381929197223104,0.17621945795481928,0.7987742006725559,0.8776116387720648,4.514954337899543
39565,1.0,18843.0,5.307010560951016e-05,0.8381484367355395,0.17627252806042878,0.7987317132213989,0.8775651602496801,4.516552511415525
39570,1.0,18842.0,5.307292219509606e-05,0.8381039537487687,0.17632560098262387,0.7986892257704777,0.8775186817270596,4.517123287671233
39585,1.0,18841.0,5.3075739079666685e-05,0.8380594707619979,0.17637867672170354,0.7986467383197926,0.8774722032042033,4.5188356164383565
39605,1.0,18840.0,5.307855626326964e-05,0.8380149877752272,0.1764317552779668,0.7986042508693434,0.877425724681111,4.521118721461187
39619,1.0,18839.0,5.3081373745952544e-05,0.8379705047884564,0.17648483665171277,0.7985617634191301,0.8773792461577826,4.522716894977169
39703,1.0,18838.0,5.308419152776303e-05,0.8379260218016856,0.17653792084324055,0.798519275969153,0.8773327676342183,4.532305936073059
39718,1.0,18837.0,5.308700960874874e-05,0.8378815388149149,0.17659100785284929,0.7984767885194118,0.877286289110418,4.534018264840182
39724,1.0,18836.0,5.308982798895732e-05,0.8378370558281442,0.17664409768083825,0.7984343010699069,0.8772398105863815,4.534703196347032
39734,1.0,18835.0,5.309264666843642e-05,0.8377925728413733,0.1766971903275067,0.7983918136206378,0.8771933320621088,4.535844748858447
39737,1.0,18834.0,5.309546564723373e-05,0.8377480898546025,0.17675028579315394,0.798349326171605,0.8771468535375999,4.536187214611872
39748,1.0,18833.0,5.309828492539691e-05,0.8377036068678316,0.17680338407807933,0.7983068387228085,0.8771003750128548,4.537442922374429
39763,2.0,18832.0,0.00010620220900594733,0.83761464089429,0.17690958628708528,0.7982218638259242,0.8770074179626559,4.539155251141553
39764,1.0,18830.0,5.310674455655868e-05,0.8375701579075192,0.17696269303164183,0.7981793763778364,0.876960939437202,4.539269406392694
39773,1.0,18829.0,5.3109565032662385e-05,0.8375256749207484,0.1770158025966745,0.798136888929985,0.8769144609115117,4.540296803652968
39855,1.0,18828.0,5.311238580837051e-05,0.8374811919339775,0.17706891498248287,0.79809440148237,0.876867982385585,4.549657534246576
39864,1.0,18827.0,5.311520688373081e-05,0.8374367089472067,0.1771220301893666,0.7980519140349913,0.876821503859422,4.550684931506849
39866,1.0,18826.0,5.3118028258791034e-05,0.8373922259604358,0.1771751482176254,0.7980094265878492,0.8767750253330224,4.550913242009132
39873,1.0,18825.0,5.312084993359894e-05,0.837347742973665,0.17722826906755898,0.7979669391409436,0.8767285468063863,4.551712328767123
39908,1.0,18824.0,5.3123671908202294e-05,0.8373032599868941,0.1772813927394672,0.7979244516942745,0.8766820682795138,4.555707762557078
39931,1.0,18823.0,5.312649418264889e-05,0.8372587770001233,0.17733451923364985,0.7978819642478419,0.8766355897524047,4.558333333333334
39948,1.0,18822.0,5.3129316756986504e-05,0.8372142940133526,0.17738764855040684,0.797839476801646,0.8765891112250591,4.56027397260274
39961,1.0,18821.0,5.313213963126295e-05,0.8371698110265817,0.1774407806900381,0.7977969893556868,0.8765426326974767,4.56175799086758
39992,1.0,18820.0,5.313496280552604e-05,0.8371253280398109,0.17749391565284361,0.7977545019099641,0.8764961541696576,4.565296803652968
40071,1.0,18819.0,5.313778627982358e-05,0.8370808450530401,0.17754705343912344,0.7977120144644783,0.876449675641602,4.574315068493151
40080,1.0,18818.0,5.3140610054203425e-05,0.8370363620662693,0.17760019404917765,0.7976695270192291,0.8764031971133095,4.575342465753424
40093,1.0,18817.0,5.3143434128713395e-05,0.8369918790794985,0.17765333748330636,0.7976270395742167,0.8763567185847803,4.576826484018265
40096,1.0,18816.0,5.314625850340136e-05,0.8369473960927276,0.17770648374180975,0.7975845521294411,0.8763102400560141,4.577168949771689
40106,1.0,18815.0,5.3149083178315176e-05,0.8369029131059568,0.17775963282498808,0.7975420646849024,0.8762637615270111,4.578310502283105
40127,1.0,18814.0,5.315190815350271e-05,0.836858430119186,0.17781278473314158,0.7974995772406007,0.8762172829977714,4.580707762557077
40155,1.0,18813.0,5.315473342901185e-05,0.8368139471324152,0.1778659394665706,0.7974570897965357,0.8761708044682947,4.583904109589041
40157,1.0,18812.0,5.315755900489049e-05,0.8367694641456443,0.17791909702557548,0.7974146023527078,0.8761243259385809,4.584132420091324
40189,1.0,18811.0,5.316038488118654e-05,0.8367249811588735,0.17797225741045666,0.7973721149091169,0.8760778474086302,4.587785388127854
40201,1.0,18810.0,5.31632110579479e-05,0.8366804981721027,0.1780254206215146,0.797329627465763,0.8760313688784424,4.589155251141553
40205,1.0,18809.0,5.31660375352225e-05,0.8366360151853318,0.17807858665904983,0.7972871400226461,0.8759848903480175,4.5896118721461185
40245,1.0,18807.0,5.317169139150316e-05,0.8365915298333253,0.17813175835044132,0.797244650315501,0.8759384093511496,4.594178082191781
40270,1.0,18806.0,5.3174518770605124e-05,0.8365470444813188,0.17818493286921191,0.7972021606085931,0.8758919283540445,4.59703196347032
40300,1.0,18804.0,5.318017443097213e-05,0.8365025567635735,0.1782381130436429,0.7971596686371742,0.8758454448899728,4.600456621004566
40323,1.0,18803.0,5.318300271233314e-05,0.8364580690458283,0.17829129604635524,0.7971171766659928,0.8757989614256638,4.603082191780822
40532,1.0,18802.0,5.318583129454313e-05,0.8364135813280831,0.17834448187764979,0.7970746846950488,0.8757524779611173,4.626940639269407
40548,1.0,18801.0,5.318866017765012e-05,0.8363690936103378,0.17839767053782743,0.7970321927243421,0.8757059944963336,4.6287671232876715
40565,1.0,18800.0,5.319148936170213e-05,0.8363246058925926,0.17845086202718913,0.7969897007538729,0.8756595110313123,4.630707762557078
40574,1.0,18799.0,5.319431884674717e-05,0.8362801181748474,0.1785040563460359,0.7969472087836411,0.8756130275660536,4.631735159817351
40583,1.0,18798.0,5.319714863283328e-05,0.8362356304571021,0.17855725349466872,0.7969047168136467,0.8755665441005576,4.632762557077625
40600,1.0,18797.0,5.319997872000851e-05,0.8361911427393569,0.17861045347338872,0.79686222484389,0.8755200606348238,4.634703196347032
40601,1.0,18796.0,5.320280910832092e-05,0.8361466550216117,0.17866365628249703,0.7968197328743708,0.8754735771688525,4.634817351598174
40602,1.0,18795.0,5.320563979781857e-05,0.8361021673038664,0.17871686192229486,0.7967772409050892,0.8754270937026437,4.634931506849315
40607,1.0,18794.0,5.320847078854954e-05,0.8360576795861212,0.1787700703930834,0.7967347489360452,0.8753806102361972,4.635502283105023
40614,1.0,18793.0,5.321130208056191e-05,0.836013191868376,0.17882328169516395,0.796692256967239,0.8753341267695129,4.6363013698630136
40625,1.0,18792.0,5.321413367390379e-05,0.8359687041506307,0.17887649582883786,0.7966497649986705,0.875287643302591,4.637557077625571
40626,1.0,18791.0,5.321696556862328e-05,0.8359242164328855,0.17892971279440648,0.7966072730303396,0.8752411598354314,4.637671232876713
40652,1.0,18790.0,5.321979776476849e-05,0.8358797287151403,0.17898293259217124,0.7965647810622466,0.8751946763680339,4.6406392694063925
40666,1.0,18789.0,5.322263026238757e-05,0.835835240997395,0.17903615522243363,0.7965222890943914,0.8751481929003987,4.642237442922374
40678,1.0,18788.0,5.3225463061528635e-05,0.8357907532796498,0.17908938068549515,0.796479797126774,0.8751017094325256,4.643607305936073
40684,1.0,18787.0,5.3228296162239846e-05,0.8357462655619046,0.1791426089816574,0.7964373051593946,0.8750552259644145,4.644292237442922
40697,1.0,18786.0,5.323112956456936e-05,0.8357017778441593,0.17919584011122197,0.796394813192253,0.8750087424960656,4.645776255707762
40716,1.0,18785.0,5.3233963268565346e-05,0.8356572901264141,0.17924907407449053,0.7963523212253495,0.8749622590274787,4.647945205479452
40721,1.0,18784.0,5.323679727427598e-05,0.8356128024086689,0.17930231087176482,0.796309829258684,0.8749157755586537,4.64851598173516
40742,1.0,18783.0,5.3239631581749454e-05,0.8355683146909236,0.17935555050334656,0.7962673372922564,0.8748692920895909,4.650913242009133
40759,1.0,18782.0,5.324246619103397e-05,0.8355238269731784,0.1794087929695376,0.796224845326067,0.8748228086202898,4.6528538812785385
40783,1.0,18781.0,5.324530110217773e-05,0.8354793392554332,0.17946203827063978,0.7961823533601157,0.8747763251507507,4.655593607305936
40826,1.0,18780.0,5.3248136315228964e-05,0.8354348515376879,0.17951528640695502,0.7961398613944025,0.8747298416809733,4.660502283105023
40870,1.0,18779.0,5.32509718302359e-05,0.8353903638199427,0.17956853737878525,0.7960973694289275,0.8746833582109579,4.665525114155251
40908,1.0,18778.0,5.3253807647246777e-05,0.8353458761021975,0.1796217911864325,0.7960548774636907,0.8746368747407042,4.66986301369863
40912,1.0,18777.0,5.3256643766309845e-05,0.8353013883844522,0.17967504783019883,0.7960123854986922,0.8745903912702122,4.670319634703197
40916,1.0,18776.0,5.325948018747337e-05,0.835256900666707,0.1797283073103863,0.795969893533932,0.874543907799482,4.670776255707763
40926,1.0,18775.0,5.326231691078562e-05,0.8352124129489618,0.17978156962729708,0.7959274015694101,0.8744974243285134,4.671917808219178
40931,1.0,18774.0,5.3265153936294876e-05,0.8351679252312165,0.17983483478123338,0.7958849096051266,0.8744509408573065,4.672488584474886
40934,1.0,18773.0,5.326799126404943e-05,0.8351234375134713,0.17988810277249742,0.7958424176410814,0.8744044573858611,4.672831050228311
40984,1.0,18772.0,5.327082889409759e-05,0.835078949795726,0.1799413736013915,0.7957999256772748,0.8743579739141774,4.678538812785388
40986,1.0,18771.0,5.327366682648767e-05,0.8350344620779808,0.17999464726821798,0.7957574337137066,0.8743114904422551,4.678767123287671
40999,1.0,18770.0,5.327650506126798e-05,0.8349899743602356,0.18004792377327924,0.7957149417503768,0.8742650069700943,4.680251141552511
41005,1.0,18769.0,5.3279343598486864e-05,0.8349454866424904,0.18010120311687774,0.7956724497872857,0.874218523497695,4.68093607305936
41026,1.0,18768.0,5.328218243819267e-05,0.8349009989247451,0.18015448529931594,0.7956299578244331,0.8741720400250571,4.683333333333334
41046,1.0,18766.0,5.328786102525844e-05,0.8348565088363447,0.1802077731603412,0.7955874635923548,0.8741255540803345,4.685616438356164
41092,1.0,18765.0,5.329070077271516e-05,0.8348120187479441,0.18026106386111393,0.795544969360515,0.8740790681353732,4.690867579908676
41117,1.0,18764.0,5.329354082285227e-05,0.8347675286595435,0.18031435740193677,0.795502475128914,0.874032582190173,4.693721461187215
41175,1.0,18762.0,5.329922183136126e-05,0.8347230361998559,0.18036765662376814,0.7954599786274812,0.8739860937722306,4.700342465753424
41239,1.0,18760.0,5.3304904051172706e-05,0.834678541368502,0.1804209615278193,0.7954174798558529,0.873939602881151,4.707648401826484
41252,1.0,18759.0,5.3307745615437925e-05,0.834634046537148,0.18047426927343474,0.7953749810844635,0.8738931119898325,4.709132420091324
41259,1.0,18758.0,5.3310587482674056e-05,0.8345895517057941,0.18052757986091741,0.7953324823133131,0.873846621098275,4.7099315068493155
41260,1.0,18757.0,5.331342965292957e-05,0.8345450568744401,0.18058089329057034,0.7952899835424017,0.8738001302064786,4.710045662100456
41263,1.0,18756.0,5.331627212625293e-05,0.8345005620430862,0.1806342095626966,0.7952474847717295,0.8737536393144429,4.710388127853881
41265,2.0,18755.0,0.00010663822980538523,0.8344115723803783,0.180740847792502,0.7951624872311022,0.8736606575296545,4.710616438356165
41268,1.0,18753.0,5.332480136511492e-05,0.8343670775490244,0.1807941725938671,0.7951199884611473,0.8736141666369015,4.710958904109589
41273,1.0,18752.0,5.332764505119454e-05,0.8343225827176705,0.1808475002389183,0.7950774896914315,0.8735676757439094,4.711529680365297
41298,1.0,18751.0,5.33304890405845e-05,0.8342780878863165,0.18090083072795887,0.7950349909219552,0.8735211848506779,4.714383561643835
41301,1.0,18750.0,5.333333333333333e-05,0.8342335930549626,0.1809541640612922,0.7949924921527179,0.8734746939572072,4.71472602739726
41337,1.0,18748.0,5.3339022829101774e-05,0.8341890958502978,0.1810075030841213,0.794949991111708,0.8734282005888875,4.718835616438356
41368,1.0,18747.0,5.334186803221849e-05,0.8341445986456331,0.18106084495215352,0.7949074900709376,0.8733817072203285,4.722374429223744
41382,1.0,18746.0,5.33447135388883e-05,0.8341001014409682,0.1811141896656924,0.7948649890304066,0.8733352138515299,4.723972602739726
41385,1.0,18745.0,5.334755934915977e-05,0.8340556042363034,0.18116753722504156,0.7948224879901149,0.873288720482492,4.7243150684931505
41389,1.0,18744.0,5.335040546308152e-05,0.8340111070316387,0.18122088763050465,0.7947799869500629,0.8732422271132145,4.724771689497717
41398,1.0,18743.0,5.335325188070213e-05,0.8339666098269739,0.18127424088238533,0.7947374859102504,0.8731957337436974,4.72579908675799
41414,1.0,18742.0,5.3356098602070216e-05,0.8339221126223092,0.1813275969809874,0.7946949848706776,0.8731492403739408,4.727625570776255
41416,1.0,18741.0,5.335894562723441e-05,0.8338776154176445,0.18138095592661466,0.7946524838313443,0.8731027470039446,4.727853881278539
41422,1.0,18740.0,5.336179295624333e-05,0.8338331182129798,0.1814343177195709,0.7946099827922508,0.8730562536337088,4.728538812785388
41425,1.0,18739.0,5.336464058914563e-05,0.8337886210083151,0.18148768236016002,0.794567481753397,0.8730097602632332,4.728881278538813
41443,1.0,18738.0,5.3367488525989965e-05,0.8337441238036503,0.18154104984868602,0.7945249807147827,0.8729632668925178,4.730936073059361
41460,1.0,18737.0,5.3370336766825e-05,0.8336996265989856,0.18159442018545285,0.7944824796764084,0.8729167735215627,4.732876712328767
41485,1.0,18736.0,5.33731853116994e-05,0.8336551293943207,0.18164779337076456,0.7944399786382738,0.8728702801503677,4.735730593607306
41497,1.0,18735.0,5.337603416066186e-05,0.8336106321896559,0.18170116940492523,0.794397477600379,0.8728237867789328,4.737100456621005
41508,1.0,18734.0,5.337888331376107e-05,0.8335661349849911,0.18175454828823898,0.7943549765627241,0.8727772934072581,4.738356164383561
41535,1.0,18732.0,5.3384582532564594e-05,0.8335216354048617,0.18180793287077154,0.7943124732512309,0.8727307975584925,4.741438356164384
41544,1.0,18731.0,5.3387432598366345e-05,0.8334771358247322,0.1818613203033699,0.7942699699399777,0.8726843017094866,4.742465753424658
41576,1.0,18730.0,5.3390282968499735e-05,0.8334326362446027,0.1819147105863384,0.7942274666289645,0.872637805860241,4.746118721461187
41599,1.0,18729.0,5.339313364301351e-05,0.8333881366644732,0.18196810371998143,0.7941849633181913,0.8725913100107551,4.7487442922374425
41601,1.0,18728.0,5.339598462195643e-05,0.8333436370843438,0.18202149970460338,0.7941424600076584,0.8725448141610291,4.748972602739726
41609,1.0,18727.0,5.3398835905377265e-05,0.8332991375042144,0.18207489854050876,0.7940999566973657,0.8724983183110631,4.749885844748858
41611,1.0,18726.0,5.340168749332479e-05,0.8332546379240848,0.18212830022800208,0.7940574533873129,0.8724518224608567,4.750114155251142
41618,1.0,18725.0,5.34045393858478e-05,0.8332101383439554,0.18218170476738793,0.7940149500775006,0.8724053266104103,4.7509132420091325
41638,1.0,18724.0,5.3407391582995086e-05,0.833165638763826,0.18223511215897092,0.7939724467679284,0.8723588307597235,4.753196347031963
41659,1.0,18723.0,5.341024408481547e-05,0.8331211391836966,0.18228852240305574,0.7939299434585967,0.8723123349087964,4.755593607305936
41679,1.0,18721.0,5.34159500026708e-05,0.8330766372265798,0.1823419383530584,0.7938874378739661,0.8722658365791934,4.757876712328767
41709,1.0,18720.0,5.341880341880342e-05,0.833032135269463,0.1823953571564772,0.793844932289576,0.8722193382493499,4.7613013698630136
41753,1.0,18719.0,5.3421657139804475e-05,0.8329876333123462,0.182448778813617,0.7938024267054263,0.872172839919266,4.766324200913242
41754,1.0,18718.0,5.3424511165722836e-05,0.8329431313552293,0.18250220332478273,0.7937599211215173,0.8721263415889414,4.766438356164383
41762,1.0,18717.0,5.342736549660736e-05,0.8328986293981125,0.18255563069027933,0.7937174155378486,0.8720798432583765,4.767351598173516
41765,1.0,18716.0,5.3430220132506944e-05,0.8328541274409957,0.18260906091041185,0.7936749099544206,0.8720333449275709,4.767694063926941
41794,1.0,18715.0,5.343307507347048e-05,0.8328096254838789,0.1826624939854853,0.7936324043712332,0.8719868465965247,4.7710045662100455
41813,1.0,18714.0,5.343593031954686e-05,0.8327651235267621,0.18271592991580485,0.7935898987882865,0.8719403482652378,4.7731735159817354
41818,1.0,18713.0,5.343878587078502e-05,0.8327206215696453,0.18276936870167562,0.7935473932055803,0.8718938499337103,4.773744292237443
41830,1.0,18712.0,5.344164172723386e-05,0.8326761196125285,0.18282281034340286,0.793504887623115,0.871847351601942,4.775114155251141
41860,1.0,18711.0,5.344449788894233e-05,0.8326316176554117,0.1828762548412918,0.7934623820408904,0.8718008532699331,4.7785388127853885
41872,1.0,18710.0,5.344735435595938e-05,0.8325871156982949,0.18292970219564778,0.7934198764589065,0.8717543549376833,4.779908675799087
41878,1.0,18709.0,5.345021112833396e-05,0.8325426137411781,0.18298315240677612,0.7933773708771635,0.8717078566051927,4.780593607305936
41898,1.0,18708.0,5.345306820611503e-05,0.8324981117840613,0.18303660547498224,0.7933348652956614,0.8716613582724612,4.782876712328767
41900,1.0,18707.0,5.345592558935158e-05,0.8324536098269445,0.1830900614005716,0.7932923597144002,0.8716148599394888,4.78310502283105
41953,1.0,18706.0,5.345878327809259e-05,0.8324091078698277,0.1831435201838497,0.7932498541333799,0.8715683616062755,4.789155251141553
41958,1.0,18705.0,5.346164127238706e-05,0.8323646059127109,0.18319698182512206,0.7932073485526007,0.8715218632728211,4.78972602739726
41994,1.0,18704.0,5.3464499572284e-05,0.8323201039555941,0.18325044632469434,0.7931648429720624,0.8714753649391258,4.793835616438356
42004,1.0,18703.0,5.3467358177832434e-05,0.8322756019984773,0.18330391368287216,0.7931223373917651,0.8714288666051895,4.794977168949772
42059,1.0,18702.0,5.347021708908138e-05,0.8322311000413605,0.18335738389996123,0.793079831811709,0.8713823682710119,4.801255707762557
42064,1.0,18701.0,5.347307630607989e-05,0.8321865980842437,0.1834108569762673,0.7930373262318939,0.8713358699365934,4.801826484018265
42089,1.0,18700.0,5.3475935828877e-05,0.8321420961271269,0.18346433291209618,0.7929948206523201,0.8712893716019336,4.804680365296804
42117,1.0,18699.0,5.3478795657521794e-05,0.8320975941700101,0.18351781170775372,0.7929523150729875,0.8712428732670326,4.807876712328767
42213,1.0,18697.0,5.3484516232550676e-05,0.8320530898327276,0.18357129622398627,0.792909807215308,0.8711963724501472,4.818835616438356
42292,1.0,18696.0,5.348737697903295e-05,0.8320085854954451,0.1836247836009653,0.7928672993578698,0.8711498716330204,4.827853881278539
42306,1.0,18695.0,5.3490238031559244e-05,0.8319640811581627,0.18367827383899685,0.7928247915006731,0.8711033708156523,4.829452054794521
42347,1.0,18694.0,5.349309939017867e-05,0.8319195768208802,0.18373176693838703,0.7927822836437178,0.8710568699980427,4.834132420091324
42370,1.0,18693.0,5.349596105494035e-05,0.8318750724835978,0.18378526289944197,0.7927397757870039,0.8710103691801917,4.8367579908675795
42372,1.0,18691.0,5.3501685303087046e-05,0.8318305657652584,0.18383876458474505,0.7926972656510883,0.8709638658794284,4.836986301369863
42404,1.0,18689.0,5.350741077639253e-05,0.8317860566654797,0.18389227199552144,0.7926547532356043,0.870917360095355,4.840639269406393
42461,1.0,18687.0,5.351313747525017e-05,0.8317415451838793,0.1839457851329967,0.7926122385401853,0.8708708518275734,4.8471461187214615
42465,1.0,18686.0,5.351600128438403e-05,0.831697033702279,0.1839993011342811,0.7925697238450079,0.8708243435595501,4.847602739726027
42475,1.0,18685.0,5.3518865400053516e-05,0.8316525222206786,0.18405281999968115,0.7925272091500724,0.8707778352912849,4.848744292237443
42476,1.0,18684.0,5.352172982230786e-05,0.8316080107390783,0.18410634172950346,0.7924846944553786,0.870731327022778,4.848858447488585
42637,1.0,18681.0,5.353032492907232e-05,0.8315634944920498,0.18415987205443254,0.7924421751988606,0.870684813785239,4.867237442922375
42640,1.0,18680.0,5.3533190578158456e-05,0.8315189782450214,0.1842134052450107,0.7923996559425849,0.8706383005474579,4.867579908675799
42653,1.0,18679.0,5.35360565340757e-05,0.831474461997993,0.18426694130154478,0.7923571366865512,0.8705917873094349,4.8690639269406395
42655,1.0,18678.0,5.353892279687333e-05,0.8314299457509645,0.18432048022434167,0.7923146174307594,0.8705452740711697,4.869292237442922
42669,1.0,18677.0,5.354178936660063e-05,0.831385429503936,0.18437402201370826,0.7922720981752096,0.8704987608326624,4.870890410958904
42671,1.0,18676.0,5.3544656243306916e-05,0.8313409132569075,0.18442756666995155,0.7922295789199021,0.8704522475939129,4.871118721461187
42719,1.0,18675.0,5.35475234270415e-05,0.831296397009879,0.1844811141933786,0.7921870596648366,0.8704057343549214,4.876598173515982
42785,1.0,18672.0,5.3556126820908315e-05,0.831251875994615,0.1845346703201995,0.7921445358452542,0.8703592161439758,4.8841324200913245
42825,1.0,18670.0,5.356186395286556e-05,0.8312073525947224,0.18458823218415235,0.7921020097430443,0.8703126954464006,4.888698630136986
42867,1.0,18669.0,5.3564732979806093e-05,0.8311628291948299,0.18464179691713214,0.7920594836410769,0.8702661747485828,4.8934931506849315
42888,1.0,18668.0,5.356760231412042e-05,0.8311183057949373,0.18469536451944626,0.792016957539352,0.8702196540505226,4.895890410958904
42926,1.0,18666.0,5.3573341905068036e-05,0.8310737800097774,0.18474893786135133,0.791974429154387,0.8701731308651678,4.900228310502283
42929,1.0,18665.0,5.357621216180016e-05,0.8310292542246175,0.1848025140735131,0.7919319007696646,0.8701266076795704,4.900570776255708
42942,1.0,18664.0,5.357908272610373e-05,0.8309847284394576,0.18485609315623922,0.7918893723851848,0.8700800844937304,4.902054794520548
42976,1.0,18663.0,5.3581953598028186e-05,0.8309402026542977,0.18490967510983725,0.7918468440009477,0.8700335613076476,4.905936073059361
42985,1.0,18662.0,5.3584824777622976e-05,0.8308956768691378,0.18496325993461488,0.7918043156169533,0.8699870381213223,4.906963470319635
42998,1.0,18661.0,5.358769626493757e-05,0.8308511510839779,0.1850168476308798,0.7917617872332018,0.869940514934754,4.908447488584475
43031,2.0,18660.0,0.00010718113612004287,0.8307620995136581,0.18512402876699985,0.791676730466427,0.8698474685608892,4.912214611872146
43070,1.0,18658.0,5.359631257369493e-05,0.8307175737284982,0.18517762507957355,0.7916342020834038,0.8698009453735925,4.916666666666667
43071,1.0,18657.0,5.3599185292383555e-05,0.8306730479433383,0.18523122426486593,0.7915916737006237,0.8697544221860529,4.916780821917809
43072,1.0,18656.0,5.360205831903945e-05,0.8306285221581784,0.18528482632318496,0.7915491453180864,0.8697078989982704,4.916894977168949
43086,1.0,18654.0,5.360780529645116e-05,0.830583993986089,0.18533843412848142,0.7915066146507149,0.869661373321463,4.918493150684932
43115,1.0,18652.0,5.36135535063264e-05,0.8305394634266859,0.18539204768198775,0.7914640816981408,0.8696148451552311,4.921803652968037
43116,1.0,18651.0,5.361642807356174e-05,0.8304949328672829,0.1854456641100613,0.7914215487458098,0.869568316988756,4.921917808219178
43123,1.0,18650.0,5.361930294906166e-05,0.8304504023078798,0.18549928341301036,0.7913790157937219,0.8695217888220377,4.922716894977169
43141,1.0,18649.0,5.3622178132875755e-05,0.8304058717484767,0.18555290559114324,0.7913364828418774,0.869475260655076,4.9247716894977165
43214,1.0,18646.0,5.363080553469913e-05,0.8303613364126541,0.18560653639667793,0.7912939453176651,0.8694287275076431,4.93310502283105
43247,1.0,18645.0,5.3633681952266026e-05,0.8303168010768315,0.1856601700786302,0.7912514077936963,0.8693821943599667,4.936872146118722
43266,1.0,18644.0,5.363655867839519e-05,0.8302722657410089,0.1857138066373086,0.7912088702699708,0.869335661212047,4.939041095890411
43306,1.0,18643.0,5.36394357131363e-05,0.8302277304051863,0.18576744607302173,0.791166332746489,0.8692891280638836,4.943607305936073
43308,1.0,18642.0,5.3642313056539e-05,0.8301831950693637,0.18582108838607828,0.7911237952232505,0.8692425949154768,4.943835616438356
43337,1.0,18641.0,5.364519070865297e-05,0.8301386597335411,0.18587473357678694,0.7910812577002556,0.8691960617668265,4.947146118721461
43350,1.0,18640.0,5.3648068669527894e-05,0.8300941243977185,0.18592838164545647,0.7910387201775044,0.8691495286179325,4.948630136986301
43368,1.0,18639.0,5.365094693921348e-05,0.8300495890618959,0.18598203259239568,0.7909961826549968,0.8691029954687949,4.950684931506849
43375,1.0,18638.0,5.365382551775942e-05,0.8300050537260732,0.18603568641791343,0.7909536451327329,0.8690564623194136,4.95148401826484
43390,1.0,18637.0,5.3656704405215434e-05,0.8299605183902506,0.18608934312231865,0.7909111076107127,0.8690099291697886,4.953196347031963
43391,1.0,18636.0,5.365958360163125e-05,0.829915983054428,0.18614300270592027,0.7908685700889362,0.8689633960199199,4.953310502283105
43417,1.0,18635.0,5.366246310705661e-05,0.8298714477186054,0.18619666516902733,0.7908260325674035,0.8689168628698074,4.956278538812786
43434,1.0,18628.0,5.368262830148164e-05,0.8298268980381395,0.18625034779732882,0.7907834813135216,0.8688703147627573,4.958219178082191
43450,1.0,18575.0,5.383580080753701e-05,0.8297822236425519,0.18630418359813636,0.7907408106651806,0.8688236366199232,4.960045662100456
43462,1.0,18574.0,5.383869925702595e-05,0.8297375492469644,0.18635802229739337,0.7906981400170866,0.8687769584768422,4.961415525114155
43482,1.0,18573.0,5.384159801862919e-05,0.8296928748513769,0.186411863895412,0.7906554693692397,0.8687302803335141,4.963698630136986
43496,1.0,18572.0,5.384449709239716e-05,0.8296482004557894,0.1864657083925044,0.7906127987216397,0.868683602189939,4.965296803652968
43502,1.0,18571.0,5.384739647838027e-05,0.8296035260602018,0.18651955578898277,0.7905701280742868,0.8686369240461168,4.965981735159818
43507,1.0,18570.0,5.385029617662897e-05,0.8295588516646143,0.1865734060851594,0.790527457427181,0.8685902459020476,4.966552511415525
43524,1.0,18569.0,5.385319618719371e-05,0.8295141772690268,0.1866272592813466,0.7904847867803224,0.8685435677577311,4.968493150684932
43528,1.0,18568.0,5.3856096510124945e-05,0.8294695028734392,0.18668111537785673,0.790442116133711,0.8684968896131675,4.9689497716894975
43541,1.0,18560.0,5.3879310344827585e-05,0.8294248116286723,0.18673499468820157,0.790399429356831,0.8684501939005136,4.970433789954338
43543,1.0,18556.0,5.389092476826902e-05,0.8293801131585479,0.18678888561296983,0.7903567356630135,0.8684034906540823,4.970662100456621
43544,1.0,18551.0,5.3905449840978926e-05,0.8293354050504589,0.18684279106281082,0.7903140327425432,0.8683567773583746,4.970776255707762
43570,1.0,18529.0,5.3969453289438175e-05,0.8292906462720547,0.18689676051610027,0.7902712813129652,0.8683100112311443,4.973744292237443
43596,1.0,18528.0,5.397236614853195e-05,0.8292458874936506,0.1869507328822488,0.7902285298836366,0.8682632451036646,4.976712328767123
43623,1.0,18526.0,5.397819281010472e-05,0.8292011262992485,0.18700471107505892,0.7901857761415885,0.8682164764569085,4.979794520547945
43650,1.0,18525.0,5.398110661268556e-05,0.8291563651048464,0.18705869218167162,0.7901430223997897,0.868169707809903,4.982876712328767
43698,1.0,18503.0,5.40452899529806e-05,0.8291115531086779,0.1871127374716246,0.7901002200227517,0.8681228861946041,4.988356164383561
43699,1.0,18498.0,5.405989836739107e-05,0.8290667314223816,0.187166797369992,0.7900574083690108,0.8680760544757524,4.988470319634703
43745,1.0,18466.0,5.415357955160836e-05,0.8290218344911879,0.1872209509495436,0.7900145246786446,0.8680291443037312,4.9937214611872145
43800,1.0,18464.0,5.4159445407279026e-05,0.8289769351284013,0.1872751103949509,0.7899716386605979,0.8679822315962047,5.0
43832,1.0,18462.0,5.416531253385332e-05,0.8289320333336267,0.18732927570748475,0.7899287503144918,0.8679353163527617,5.00365296803653
43840,1.0,18461.0,5.4168246573858405e-05,0.8288871315388522,0.18738344395405862,0.7898858619686385,0.8678884011090658,5.004566210045662
43841,1.0,18459.0,5.417411560756271e-05,0.8288422273115625,0.1874376180696662,0.7898429712942203,0.8678414833289048,5.004680365296804
43842,1.0,18453.0,5.419173034194982e-05,0.8287973109170841,0.18749180980000815,0.7898000689715392,0.867794552862629,5.004794520547946
43862,1.0,18403.0,5.4338966472857684e-05,0.8287522749277934,0.187546148766481,0.7897570521516976,0.8677474977038891,5.007077625570776
43871,1.0,18402.0,5.4341919356591676e-05,0.8287072389385026,0.18760049068583762,0.7897140353321118,0.8677004425448934,5.00810502283105
43876,1.0,18401.0,5.4344872561273845e-05,0.8286622029492119,0.1876548355583989,0.7896710185127821,0.8676533873856417,5.008675799086758
43884,1.0,18400.0,5.4347826086956524e-05,0.8286171669599212,0.18770918338448586,0.7896280016937084,0.8676063322261339,5.00958904109589
43889,1.0,18399.0,5.4350779933692045e-05,0.8285721309706304,0.18776353416441954,0.7895849848748908,0.86755927706637,5.010159817351598
43926,1.0,18398.0,5.4353734101532776e-05,0.8285270949813397,0.18781788789852108,0.7895419680563294,0.86751222190635,5.014383561643836
43962,1.0,18397.0,5.4356688590531064e-05,0.828482058992049,0.1878722445871116,0.7894989512380239,0.867465166746074,5.0184931506849315
43973,1.0,18396.0,5.435964340073929e-05,0.8284370230027582,0.18792660423051233,0.7894559344199749,0.8674181115855416,5.019748858447489
43983,1.0,18395.0,5.436259853220984e-05,0.8283919870134675,0.18798096682904453,0.7894129176021819,0.8673710564247531,5.020890410958904
44054,1.0,18394.0,5.436555398499511e-05,0.8283469510241768,0.18803533238302952,0.7893699007846453,0.8673240012637082,5.028995433789954
44092,1.0,18392.0,5.437146585471944e-05,0.8283019125862133,0.18808970384888424,0.7893268816230429,0.8672769435493838,5.033333333333333
44130,1.0,18391.0,5.4374422271763365e-05,0.8282568741482499,0.188144078271156,0.7892838624616967,0.8672298858348031,5.037671232876712
44146,1.0,18390.0,5.43773790103317e-05,0.8282118357102863,0.18819845565016635,0.789240843300607,0.8671828281199657,5.039497716894977
44150,1.0,18389.0,5.438033607047691e-05,0.8281667972723228,0.18825283598623682,0.7891978241397737,0.8671357704048719,5.039954337899544
44181,1.0,18388.0,5.438329345225147e-05,0.8281217588343593,0.18830721927968908,0.7891548049791971,0.8670887126895216,5.043493150684932
44192,1.0,18387.0,5.4386251155707835e-05,0.8280767203963959,0.18836160553084477,0.7891117858188771,0.8670416549739147,5.044748858447488
44201,1.0,18386.0,5.438920918089851e-05,0.8280316819584325,0.18841599474002568,0.7890687666588136,0.8669945972580513,5.045776255707763
44209,1.0,18385.0,5.439216752787599e-05,0.827986643520469,0.18847038690755355,0.7890257474990069,0.8669475395419312,5.046689497716895
44217,1.0,18384.0,5.4395126196692775e-05,0.8279416050825056,0.18852478203375025,0.7889827283394568,0.8669004818255543,5.0476027397260275
44233,1.0,18383.0,5.43980851874014e-05,0.8278965666445421,0.18857918011893765,0.7889397091801634,0.8668534241089209,5.049429223744292
44251,1.0,18382.0,5.44010445000544e-05,0.8278515282065787,0.1886335811634377,0.7888966900211268,0.8668063663920306,5.051484018264841
44276,1.0,18326.0,5.456728145803776e-05,0.8278063545992336,0.18868814844489573,0.7888535414521468,0.8667591677463203,5.054337899543379
44302,1.0,18325.0,5.457025920873124e-05,0.8277611809918884,0.18874271870410447,0.7888103928834268,0.8667119691003501,5.0573059360730594
44323,1.0,18324.0,5.457323728443571e-05,0.8277160073845433,0.18879729194138892,0.7887672443149667,0.8666647704541199,5.059703196347032
44330,1.0,18323.0,5.457621568520439e-05,0.8276708337771982,0.1888518681570741,0.7887240957467667,0.8666175718076297,5.060502283105023
44371,1.0,18322.0,5.457919441109049e-05,0.8276256601698531,0.1889064473514852,0.7886809471788268,0.8665703731608794,5.0651826484018265
44374,1.0,18321.0,5.458217346214726e-05,0.8275804865625079,0.18896102952494737,0.7886377986111469,0.866523174513869,5.0655251141552515
44425,1.0,18211.0,5.491186645434078e-05,0.8275350425733496,0.1890159413914017,0.7885943911765247,0.8664756939701745,5.07134703196347
44448,1.0,18210.0,5.4914881933003843e-05,0.8274895985841914,0.18907085627333473,0.7885509837421691,0.8664282134262136,5.073972602739726
44488,1.0,18209.0,5.49178977428744e-05,0.827444154595033,0.1891257741710776,0.7885075763080799,0.866380732881986,5.078538812785388
44494,1.0,18208.0,5.4920913884007027e-05,0.8273987106058746,0.1891806950849616,0.7884641688742572,0.8663332523374919,5.079223744292237
44496,1.0,18207.0,5.4923930356456306e-05,0.8273532666167163,0.18923561901531805,0.7884207614407012,0.8662857717927314,5.079452054794521
44504,1.0,18205.0,5.492996429552321e-05,0.8273078201313212,0.18929054897961356,0.7883773516174459,0.8662382886451965,5.080365296803653
44524,2.0,18204.0,0.00010986596352450011,0.8272169271605312,0.18940041494313806,0.788290531971736,0.8661433223493263,5.082648401826484
44551,1.0,18178.0,5.501155242600946e-05,0.827171420673175,0.18945542649556407,0.7882470647015465,0.8660957766448034,5.085730593607306
44560,1.0,18172.0,5.5029716046665196e-05,0.8271259016647734,0.18951045621161075,0.7882035854435427,0.8660482178860041,5.0867579908675795
44561,1.0,18171.0,5.5032744482967364e-05,0.8270803826563718,0.1895654889560937,0.7881601061858076,0.8660006591269361,5.086872146118721
44566,1.0,18157.0,5.507517761744782e-05,0.8270348310573931,0.18962056413371114,0.7881165957249137,0.8659530663898725,5.0874429223744295
44584,1.0,18147.0,5.5105527084366565e-05,0.8269892568671106,0.18967566966079552,0.7880730636344729,0.8659054500997482,5.089497716894977
44625,1.0,17975.0,5.5632823365785815e-05,0.826943249119858,0.1897313024841613,0.7880291164297392,0.8658573818099767,5.094178082191781
44683,1.0,17961.0,5.567618729469406e-05,0.8268972080726378,0.189786978671456,0.7879851373410428,0.8658092788042328,5.10079908675799
44720,1.0,17917.0,5.581291510855612e-05,0.8268510565289601,0.18984279158656456,0.7879410524530519,0.8657610606048682,5.105022831050229
44783,1.0,17916.0,5.581603036392052e-05,0.8268049049852824,0.18989860761692848,0.7878969675653451,0.8657128424052196,5.1122146118721465
44820,1.0,17915.0,5.58191459670667e-05,0.8267587534416047,0.18995442676289553,0.7878528826779225,0.8656646242052868,5.116438356164384
44826,1.0,17914.0,5.582226191805292e-05,0.8267126018979271,0.1900102490248136,0.7878087977907842,0.86561640600507,5.117123287671233
44853,1.0,17900.0,5.58659217877095e-05,0.8266664168363684,0.1900661149466013,0.7877646808105426,0.8655681528621942,5.120205479452054
44854,1.0,17895.0,5.588153115395362e-05,0.826620221451242,0.19012199647775527,0.7877205539457415,0.8655198889567426,5.120319634703196
44866,1.0,17855.0,5.600672080649678e-05,0.8265739251632862,0.19017800319856176,0.7876763304659213,0.8654715198606511,5.121689497716895
44867,1.0,17854.0,5.600985773496135e-05,0.8265276288753304,0.19023401305629672,0.7876321069863893,0.8654231507642715,5.121803652968037
44868,1.0,17853.0,5.6012995014843446e-05,0.8264813325873746,0.19029002605131157,0.7875878835071451,0.865374781667604,5.1219178082191785
44890,1.0,17800.0,5.617977528089888e-05,0.8264349010518359,0.19034620582659248,0.7875435305258714,0.8653262715778004,5.1244292237442925
44900,1.0,17796.0,5.619240278714318e-05,0.8263884616889987,0.19040239822937963,0.7874991700500351,0.8652777533279623,5.1255707762557075
44966,1.0,17738.0,5.637614161686774e-05,0.826341873096052,0.19045877437099648,0.7874546666813718,0.8652290795107322,5.13310502283105
44971,1.0,17737.0,5.637932006540001e-05,0.8262952845031053,0.19051515369106187,0.7874101633130041,0.8651804056932065,5.133675799086758
45041,1.0,17736.0,5.638249887235002e-05,0.8262486959101586,0.19057153618993422,0.7873656599449319,0.8651317318753853,5.141666666666667
45058,1.0,17734.0,5.63888575617458e-05,0.8262021046901343,0.19062792504749596,0.787321154061615,0.8650830553186537,5.143607305936073
45074,1.0,17733.0,5.639203744431286e-05,0.8261555134701101,0.19068431708494027,0.7872766481785938,0.8650343787616264,5.145433789954338
45084,1.0,17732.0,5.6395217685540266e-05,0.8261089222500858,0.19074071230262582,0.7872321422958684,0.8649857022043033,5.146575342465753
45090,1.0,17731.0,5.6398398285488694e-05,0.8260623310300615,0.19079711070091132,0.7871876364134389,0.8649370256466842,5.147260273972603
45112,1.0,17729.0,5.6404760561791414e-05,0.8260157371820707,0.1908535154614731,0.7871431280149116,0.8648883463492297,5.149771689497717
45162,1.0,17727.0,5.6411124273706776e-05,0.8259691407056685,0.19090992658574682,0.7870986170998598,0.8648396643114772,5.155479452054794
45166,1.0,17726.0,5.641430666817105e-05,0.8259225442292664,0.190966340892415,0.7870541061851043,0.8647909822734284,5.155936073059361
45192,1.0,17725.0,5.641748942172073e-05,0.8258759477528641,0.19102275838183672,0.7870095952706448,0.8647423002350834,5.158904109589041
45202,1.0,17723.0,5.642385600631947e-05,0.825829348647309,0.19107918223784304,0.7869650818389493,0.8646936154556686,5.1600456621004565
45238,1.0,17722.0,5.6427039837490125e-05,0.8257827495417539,0.19113560927768053,0.7869205684075503,0.8646449306759575,5.164155251141553
45260,1.0,17720.0,5.64334085778781e-05,0.8257361478064524,0.19119204268625842,0.7868760524583459,0.864596243154559,5.166666666666667
45299,1.0,17719.0,5.6436593487217114e-05,0.825689546071151,0.19124847927974564,0.7868315365094379,0.864547555632864,5.171118721461188
45325,1.0,17718.0,5.6439778756067275e-05,0.8256429443358495,0.19130491905850172,0.7867870205608266,0.8644988681108724,5.174086757990867
45337,1.0,17717.0,5.6442964384489474e-05,0.825596342600548,0.1913613620228862,0.7867425046125118,0.8644501805885842,5.1754566210045665
45352,1.0,17715.0,5.6449336720293535e-05,0.8255497382346095,0.1914178113596065,0.7866979861455372,0.8644014903236819,5.17716894977169
45353,1.0,17713.0,5.645571049511658e-05,0.8255031312375885,0.19147426707010162,0.7866534651594751,0.8643527973157018,5.177283105022831
45355,1.0,17710.0,5.6465273856578205e-05,0.8254565189772136,0.1915307323439582,0.7866089391338007,0.8643040988206265,5.177511415525114
45370,1.0,17683.0,5.6551490131764975e-05,0.8254098381810265,0.19158728383408996,0.7865643474818959,0.8642553288801572,5.179223744292237
45378,1.0,17667.0,5.6602705609328126e-05,0.825363117750949,0.1916438865396993,0.7865197178786062,0.8642065176232917,5.1801369863013695
45385,1.0,17666.0,5.660590965696819e-05,0.8253163973208714,0.19170049244935627,0.7864750882756165,0.8641577063661262,5.18093607305936
45397,1.0,17652.0,5.665080444142307e-05,0.8252696424830445,0.1917571432537977,0.786430425725434,0.864108859240655,5.1823059360730594
45400,1.0,17650.0,5.6657223796033995e-05,0.8252228849962182,0.19181380047759372,0.7863857606389706,0.8640600093534658,5.1826484018264845
45406,1.0,17649.0,5.666043401892458e-05,0.825176127509392,0.19187046091161264,0.7863410955528083,0.8640111594659756,5.183333333333334
45413,1.0,17648.0,5.666364460562103e-05,0.8251293700225657,0.19192712455621827,0.7862964304669471,0.8639623095781843,5.184132420091324
45416,1.0,17647.0,5.6666855556185186e-05,0.8250826125357394,0.19198379141177446,0.7862517653813871,0.8639134596900918,5.1844748858447485
45448,1.0,17597.0,5.6827868386656816e-05,0.8250357248496262,0.1920406192801611,0.7862069756212956,0.8638644740779567,5.188127853881278
45450,1.0,17596.0,5.6831097976812913e-05,0.8249888371635129,0.1920974503781379,0.7861621858615087,0.8638154884655171,5.188356164383562
45482,1.0,17595.0,5.683432793407218e-05,0.8249419494773996,0.192154284706072,0.7861173961020265,0.8637665028527728,5.192009132420091
45554,1.0,17594.0,5.6837558258497215e-05,0.8248950617912864,0.1922111222643305,0.7860726063428489,0.8637175172397238,5.2002283105022835
45569,1.0,17593.0,5.684078895015063e-05,0.824848174105173,0.19226796305328064,0.7860278165839761,0.8636685316263698,5.201940639269407
45586,1.0,17592.0,5.684402000909504e-05,0.8248012864190597,0.19232480707328975,0.7859830268254081,0.8636195460127113,5.203881278538812
45599,1.0,17587.0,5.6860180815374996e-05,0.8247543880687771,0.19238166725410513,0.7859382268553826,0.8635705492821716,5.205365296803653
45624,1.0,17556.0,5.696058327637275e-05,0.8247074095777729,0.1924386278373815,0.785893350144387,0.8635214690111588,5.208219178082191
45681,1.0,17552.0,5.697356426618049e-05,0.8246604230571726,0.19249560140164768,0.7858484657446696,0.8634723803696756,5.21472602739726
45718,1.0,17551.0,5.697681043815167e-05,0.8246134365365722,0.19255257821208582,0.7858035813452598,0.8634232917278845,5.2189497716894975
45735,1.0,17550.0,5.698005698005698e-05,0.8245664500159717,0.19260955826906587,0.7857586969461576,0.8633742030857858,5.220890410958904
45739,1.0,17549.0,5.698330389195966e-05,0.8245194634953714,0.19266654157295782,0.7857138125473633,0.8633251144433796,5.221347031963471
45742,1.0,17548.0,5.6986551173922956e-05,0.824472476974771,0.19272352812413174,0.7856689281488766,0.8632760258006654,5.221689497716895
45760,1.0,17547.0,5.698979882601015e-05,0.8244254904541707,0.19278051792295775,0.7856240437506976,0.8632269371576438,5.223744292237443
45776,1.0,17537.0,5.702229571762559e-05,0.8243784798200569,0.19283754021867539,0.7855791362620076,0.8631778233781061,5.225570776255708
45780,1.0,17519.0,5.708088361207832e-05,0.8243314235679979,0.19289462110228747,0.7855341850902514,0.8631286620457445,5.226027397260274
45786,1.0,17497.0,5.715265474081271e-05,0.8242843108387548,0.1929517737570283,0.7854891798364187,0.8630794418410908,5.226712328767123
45792,1.0,17486.0,5.7188608029280565e-05,0.8242371711663975,0.19300896236505757,0.7854441487821358,0.8630301935506592,5.227397260273973
45833,1.0,17483.0,5.719842132357147e-05,0.8241900261014106,0.19306616078638114,0.7853991125641663,0.8629809396386549,5.232077625570776
45913,1.0,17478.0,5.721478430026319e-05,0.8241428702468447,0.1931233755706814,0.7853540660143655,0.862931674479324,5.2412100456621005
45930,1.0,17476.0,5.722133211261158e-05,0.8240957116939581,0.19318059690279402,0.7853090168809526,0.8628824065069637,5.243150684931507
45949,1.0,17475.0,5.7224606580829754e-05,0.8240485531410715,0.19323782150937485,0.7852639677478522,0.8628331385342908,5.245319634703196
45962,1.0,17472.0,5.7234432234432234e-05,0.8240013891899989,0.19329505594160928,0.7852189134457327,0.8627838649342651,5.246803652968037
45979,1.0,17471.0,5.723770820216359e-05,0.8239542252389263,0.19335229364981144,0.7851738591439261,0.8627345913339264,5.2487442922374425
45983,1.0,17470.0,5.7240984544934173e-05,0.8239070612878536,0.19340953463435637,0.7851288048424326,0.8626853177332746,5.249200913242009
45987,1.0,17469.0,5.72442612628084e-05,0.823859897336781,0.19346677889561917,0.7850837505412521,0.8626360441323099,5.249657534246575
45992,1.0,17468.0,5.72475383558507e-05,0.8238127333857084,0.193524026433975,0.7850386962403848,0.8625867705310319,5.250228310502283
46008,1.0,17467.0,5.7250815824125495e-05,0.8237655694346357,0.19358127724979915,0.7849936419398306,0.8625374969294409,5.252054794520548
46024,1.0,17465.0,5.72573718866304e-05,0.8237184027830792,0.1936385346216858,0.7849485850535886,0.8624882205125698,5.253881278538813
46027,1.0,17464.0,5.7260650480989464e-05,0.8236712361315227,0.19369579527216677,0.78490352816766,0.8624389440953855,5.254223744292237
46032,1.0,17463.0,5.7263929450838916e-05,0.8236240694799662,0.19375305920161762,0.7848584712820449,0.8623896676778876,5.254794520547946
46034,1.0,17462.0,5.7267208796243274e-05,0.8235769028284097,0.19381032641041385,0.784813414396743,0.8623403912600763,5.255022831050228
46055,1.0,17460.0,5.72737686139748e-05,0.8235297334754412,0.19386760017902782,0.7847683549248631,0.8622911120260194,5.257420091324201
46069,1.0,17459.0,5.727704908643107e-05,0.8234825641224728,0.19392487722811425,0.7847232954532968,0.8622418327916488,5.259018264840183
46076,1.0,17457.0,5.7283611158847455e-05,0.8234353920674735,0.19398216083927308,0.7846782333945583,0.8621925507403887,5.259817351598174
46137,1.0,17455.0,5.729017473503294e-05,0.823388217309979,0.1940394510140081,0.7846331687482023,0.8621432658717557,5.266780821917808
46147,1.0,17454.0,5.7293457087200645e-05,0.8233410425524845,0.1940967444710953,0.7845881041021602,0.8620939810028089,5.267922374429224
46148,1.0,17453.0,5.72967398155045e-05,0.82329386779499,0.1941540412109108,0.7845430394564319,0.8620446961335482,5.268036529680366
46163,1.0,17452.0,5.730002292000917e-05,0.8232466930374954,0.1942113412338308,0.7844979748110177,0.8619954112639732,5.269748858447489
46192,2.0,17451.0,0.00011460661280155865,0.8231523435225063,0.19432594784663235,0.7844078455211315,0.8618968415238811,5.273059360730594
46218,1.0,17449.0,5.7309874491374865e-05,0.8231051687650117,0.19438325772112372,0.7843627808766596,0.8618475566533639,5.276027397260274
46232,1.0,17448.0,5.7313159101329664e-05,0.8230579940075172,0.19444057088022504,0.784317716232502,0.8617982717825324,5.277625570776256
46245,1.0,17446.0,5.731972945087699e-05,0.8230108165459783,0.19449789060967593,0.7842726489992403,0.8617489840927163,5.279109589041096
46250,1.0,17443.0,5.732958780026372e-05,0.8229636336751106,0.1945552201974762,0.7842275765862662,0.861699690763955,5.279680365296803
46295,1.0,17424.0,5.73921028466483e-05,0.8229164020616077,0.19461261230032284,0.7841824574970387,0.8616503466261766,5.284817351598173
46337,1.0,17423.0,5.739539688916949e-05,0.8228691704481047,0.19467000769721202,0.7841373384081272,0.8616010024880822,5.289611872146119
46353,1.0,17421.0,5.740198610871936e-05,0.8228219361234134,0.19472740968332072,0.7840922167232556,0.8615516555235712,5.291438356164384
46359,1.0,17420.0,5.74052812858783e-05,0.822774701798722,0.1947848149646066,0.7840470950387002,0.8615023085587439,5.292123287671233
46370,1.0,17419.0,5.74085768413801e-05,0.8227274674740307,0.19484222354144798,0.7840019733544609,0.8614529615936005,5.29337899543379
46380,1.0,17418.0,5.741187277528993e-05,0.8226802331493394,0.19489963541422328,0.7839568516705377,0.861403614628141,5.294520547945205
46391,1.0,17417.0,5.7415169087672966e-05,0.822632998824648,0.19495705058331095,0.783911729986931,0.861354267662365,5.295776255707763
46408,1.0,17416.0,5.7418465778594396e-05,0.8225857644999567,0.19501446904908953,0.7838666083036405,0.8613049206962728,5.297716894977169
46437,1.0,17414.0,5.742506029631331e-05,0.8225385274628314,0.19507189410938586,0.783821484023195,0.8612555709024678,5.301027397260274
46498,1.0,17356.0,5.761696243374049e-05,0.8224911352913943,0.1951295110718196,0.7837762111826528,0.8612060594001357,5.307990867579909
46517,1.0,17355.0,5.762028233938346e-05,0.8224437431199572,0.195187131354159,0.7837309383424315,0.8611565478974829,5.3101598173515985
46524,1.0,17354.0,5.762360262763628e-05,0.82239635094852,0.19524475495678664,0.7836856655025308,0.8611070363945093,5.310958904109589
46540,1.0,17353.0,5.762692329856509e-05,0.8223489587770829,0.1953023818800852,0.7836403926629512,0.8610575248912147,5.312785388127854
46587,1.0,17245.0,5.798782255726298e-05,0.8223012725515811,0.19536036970264245,0.7835948382236274,0.8610077068795349,5.318150684931507
46619,1.0,17244.0,5.7991185339828345e-05,0.8222535863260795,0.19541836088798228,0.7835492837846328,0.8609578888675261,5.321803652968036
46634,1.0,17242.0,5.799791207516529e-05,0.8222058973348763,0.19547635880005745,0.7835037266973595,0.860908067972393,5.323515981735159
46673,1.0,17237.0,5.8014735742878694e-05,0.8221581972770161,0.19553437353580033,0.7834581590122869,0.8608582355417453,5.32796803652968
46697,1.0,17236.0,5.801810164771409e-05,0.822110497219156,0.19559239163744804,0.783412591327544,0.8608084031107679,5.330707762557077
46703,1.0,17235.0,5.802146794313896e-05,0.8220627971612959,0.1956504131053912,0.7833670236431308,0.860758570679461,5.331392694063927
46705,1.0,17234.0,5.8024834629221305e-05,0.8220150971034358,0.1957084379400204,0.7833214559590471,0.8607087382478245,5.33162100456621
46725,1.0,17233.0,5.802820170602913e-05,0.8219673970455756,0.19576646614172644,0.783275888275293,0.8606589058158582,5.333904109589041
46735,1.0,17232.0,5.8031569173630455e-05,0.8219196969877155,0.19582449771090008,0.7832303205918689,0.8606090733835621,5.335045662100456
46741,1.0,17231.0,5.803493703209332e-05,0.8218719969298555,0.19588253264793218,0.7831847529087745,0.8605592409509364,5.335730593607306
46782,1.0,17227.0,5.804841237592152e-05,0.8218242885652575,0.1959405810603081,0.7831391772709391,0.8605093998595759,5.340410958904109
46791,1.0,17226.0,5.8051782189713225e-05,0.8217765802006595,0.1959986328424978,0.7830936016334338,0.8604595587678852,5.3414383561643834
46792,1.0,17225.0,5.8055152394775034e-05,0.8217288718360615,0.19605668799489256,0.7830480259962587,0.8604097176758643,5.341552511415525
46795,1.0,17224.0,5.8058522991175105e-05,0.8216811634714635,0.19611474651788374,0.7830024503594137,0.8603598765835132,5.34189497716895
46839,1.0,17221.0,5.806863712908658e-05,0.821633449566146,0.19617281515501284,0.7829568694167404,0.8603100297155517,5.346917808219178
46871,1.0,17220.0,5.8072009291521487e-05,0.8215857356608286,0.19623088716430437,0.7829112884743975,0.8602601828472597,5.350570776255708
46886,1.0,17219.0,5.807538184563563e-05,0.8215380217555112,0.19628896254615,0.7828657075323853,0.860210335978637,5.352283105022831
46905,1.0,17217.0,5.808212812917465e-05,0.8214903050788686,0.19634704467427916,0.7828201239366974,0.8601604862210397,5.35445205479452
46916,1.0,17216.0,5.808550185873606e-05,0.821442588402226,0.1964051301761379,0.7827745403413403,0.8601106364631116,5.355707762557078
46934,1.0,17208.0,5.811250581125058e-05,0.8213948523150338,0.19646324268194915,0.7827289381574486,0.8600607664726191,5.357762557077626
46955,1.0,17159.0,5.8278454455387845e-05,0.8213469826925434,0.19652152113640453,0.782683208090352,0.8600107572947348,5.360159817351598
46956,1.0,17158.0,5.828185103158876e-05,0.8212991130700528,0.19657980298743613,0.7826374780235904,0.8599607481165151,5.36027397260274
46957,1.0,17157.0,5.828524800373026e-05,0.8212512434475622,0.19663808823543985,0.7825917479571641,0.8599107389379602,5.360388127853882
46967,1.0,17156.0,5.8288645371881555e-05,0.8212033738250717,0.19669637688081174,0.7825460178910731,0.8598607297590702,5.3615296803652965
46969,1.0,17155.0,5.829204313611192e-05,0.8211555042025811,0.19675466892394786,0.7825002878253176,0.8598107205798446,5.36175799086758
46978,1.0,17154.0,5.829544129649061e-05,0.8211076345800905,0.19681296436524434,0.7824545577598974,0.8597607114002837,5.362785388127854
46993,1.0,17152.0,5.830223880597015e-05,0.8210597621666939,0.1968712666040503,0.7824088250220081,0.8597106993113796,5.364497716894977
47003,1.0,17151.0,5.830563815520961e-05,0.8210118897532971,0.1969295722422055,0.7823630922844544,0.8596606872221397,5.365639269406393
47015,1.0,17150.0,5.830903790087464e-05,0.8209640173399004,0.19698788128010639,0.7823173595472365,0.8596106751325644,5.367009132420091
47023,1.0,17149.0,5.831243804303458e-05,0.8209161449265038,0.1970461937181494,0.7822716268103542,0.8595606630426533,5.367922374429224
47027,1.0,17148.0,5.831583858175881e-05,0.8208682725131071,0.19710450955673117,0.7822258940738077,0.8595106509524065,5.36837899543379
47039,1.0,17147.0,5.83192395171167e-05,0.8208204000997104,0.1971628287962483,0.7821801613375969,0.8594606388618238,5.369748858447489
47040,1.0,17146.0,5.8322640849177654e-05,0.8207725276863137,0.19722115143709748,0.7821344286017222,0.8594106267709052,5.36986301369863
47043,1.0,17145.0,5.832604257801108e-05,0.8207246552729169,0.1972794774796755,0.7820886958661832,0.8593606146796506,5.370205479452054
47053,1.0,17108.0,5.845218611176058e-05,0.8206766821226203,0.19733792966578725,0.7820428666563032,0.8593104975889375,5.37134703196347
47056,1.0,17105.0,5.846243788365975e-05,0.8206287033630691,0.1973963921036709,0.781997032074807,0.8592603746513313,5.371689497716895
47084,1.0,17083.0,5.853772756541591e-05,0.8205806656235993,0.19745492983123633,0.7819511410086817,0.859210190238517,5.374885844748858
47103,1.0,17082.0,5.854115443156539e-05,0.8205326278841295,0.1975134709856679,0.7819052499428971,0.8591600058253619,5.377054794520548
47116,1.0,17081.0,5.854458169896376e-05,0.8204845901446597,0.19757201556736687,0.7818593588774535,0.8591098214118659,5.378538812785388
47134,1.0,17035.0,5.870267097152921e-05,0.8204364255077272,0.1976307182383384,0.7818133462816448,0.8590595047338097,5.380593607305936
47200,2.0,16968.0,0.00011786892975011787,0.8203397215443247,0.19774858716808852,0.7817209622420233,0.8589584808466261,5.3881278538812785
47202,1.0,16966.0,5.894141223623718e-05,0.8202913695626233,0.19780752858032474,0.7816747702227375,0.8589079689025091,5.388356164383562
47209,1.0,16965.0,5.8944886531093426e-05,0.8202430175809219,0.19786647346685585,0.7816285782038019,0.8588574569580418,5.389155251141553
47212,1.0,16964.0,5.894836123555765e-05,0.8201946655992206,0.1979254218280914,0.7815823861852167,0.8588069450132245,5.389497716894978
47291,1.0,16961.0,5.895878780732268e-05,0.8201463079159708,0.1979843806158987,0.7815361887064154,0.8587564271255261,5.39851598173516
47304,1.0,16960.0,5.89622641509434e-05,0.820097950232721,0.19804334288004966,0.7814899912279646,0.8587059092374775,5.4
47347,1.0,16958.0,5.896921806816842e-05,0.8200495896978566,0.19810231209811782,0.7814437910187744,0.8586553883769388,5.404908675799087
47388,1.0,16957.0,5.897269564191779e-05,0.820001229162992,0.19816128479375975,0.7813975908099348,0.8586048675160493,5.409589041095891
47424,1.0,16956.0,5.8976173625855154e-05,0.8199528686281276,0.1982202609673856,0.7813513906014461,0.858554346654809,5.413698630136986
47437,1.0,16954.0,5.898313082458417e-05,0.8199045052408073,0.19827924409821018,0.7813051876614108,0.8585038228202038,5.415182648401826
47453,1.0,16864.0,5.929791271347249e-05,0.8198558866150222,0.19833854201092366,0.781258740267537,0.8584530329625073,5.417009132420091
47455,1.0,16854.0,5.933309600094933e-05,0.8198072420269947,0.1983978751069246,0.7812122680083634,0.858402216045626,5.417237442922374
47477,1.0,16842.0,5.9375371096069353e-05,0.8197585656677722,0.19845725047802068,0.7811657653201991,0.8583513660153452,5.419748858447488
47560,1.0,16841.0,5.937889674009857e-05,0.8197098893085496,0.19851662937476078,0.7811192626323951,0.8583005159847041,5.429223744292237
47566,1.0,16840.0,5.9382422802850356e-05,0.8196612129493269,0.19857601179756362,0.7810727599449513,0.8582496659537026,5.429908675799087
47577,1.0,16839.0,5.938594928439931e-05,0.8196125365901042,0.19863539774684802,0.781026257257868,0.8581988159223405,5.431164383561644
47583,1.0,16838.0,5.938947618482005e-05,0.8195638602308817,0.19869478722303283,0.7809797545711454,0.8581479658906179,5.431849315068493
47589,1.0,16837.0,5.939300350418721e-05,0.8195151838716591,0.19875418022653701,0.7809332518847834,0.8580971158585349,5.432534246575343
47591,1.0,16836.0,5.9396531242575434e-05,0.8194665075124365,0.19881357675777958,0.780886749198782,0.8580462658260911,5.432762557077625
47598,1.0,16835.0,5.94000594000594e-05,0.819417831153214,0.19887297681717964,0.7808402465131413,0.8579954157932866,5.433561643835616
47621,1.0,16833.0,5.940711697261332e-05,0.8193691519022692,0.19893238393415225,0.780793741058262,0.8579445627462764,5.436187214611872
47672,1.0,16780.0,5.959475566150179e-05,0.819320321797865,0.19899197868981375,0.7807470911199356,0.8578935524757944,5.442009132420091
47681,1.0,16779.0,5.959830740806961e-05,0.8192714916934608,0.1990515769972218,0.7807004411819746,0.857842542204947,5.4430365296803656
47703,1.0,16778.0,5.960185957801883e-05,0.8192226615890567,0.19911117885679983,0.7806537912443792,0.8577915319337341,5.44554794520548
47712,1.0,16776.0,5.960896518836433e-05,0.8191738285739404,0.1991707878219882,0.780607138519316,0.8577405186285648,5.446575342465754
47720,1.0,16774.0,5.961607249314415e-05,0.8191249926475916,0.19923040389448132,0.7805604830062857,0.8576895022888976,5.447488584474886
47734,1.0,16773.0,5.961962678113635e-05,0.8190761567212429,0.19929002352126246,0.7805138274936212,0.8576384859488646,5.449086757990868
47750,1.0,16771.0,5.962673662870431e-05,0.8190273178829672,0.19934965025789117,0.780467169192323,0.8575874665736115,5.450913242009133
47769,1.0,16770.0,5.9630292188431724e-05,0.8189784790446916,0.19940928055007962,0.7804205108913909,0.8575364471979923,5.453082191780822
47804,1.0,16748.0,5.970862192500597e-05,0.8189295789683215,0.19946898917200462,0.7803737939376901,0.8574853639989529,5.4570776255707765
47823,1.0,16711.0,5.984082340973012e-05,0.8188805735480015,0.19952882999541435,0.7803269760862589,0.8574341710097441,5.4592465753424655
47829,1.0,16710.0,5.984440454817474e-05,0.8188315681276814,0.19958867439996253,0.7802801582351989,0.8573829780201639,5.4599315068493155
47874,1.0,16706.0,5.985873338920148e-05,0.8187825539071543,0.19964853313335174,0.7802333319556478,0.8573317758586607,5.465068493150685
47880,1.0,16705.0,5.986231667165519e-05,0.8187335396866271,0.1997083954500234,0.7801865056764684,0.8572805736967858,5.465753424657534
47899,1.0,16704.0,5.986590038314176e-05,0.8186845254660999,0.19976826135040654,0.7801396793976608,0.857229371534539,5.467922374429223
47920,1.0,16701.0,5.9876654092569307e-05,0.8186355053759576,0.1998281380044991,0.7800928474972849,0.8571781632546304,5.470319634703197
47921,1.0,16699.0,5.9883825378765195e-05,0.8185864823503048,0.1998880218298779,0.7800460127856361,0.8571269519149736,5.470433789954338
47935,1.0,16697.0,5.989099838294304e-05,0.8185374563886141,0.19994791282826083,0.779999175262208,0.8570757375150202,5.47203196347032
47939,2.0,16696.0,0.00011978917105893628,0.8184394044652326,0.20006770199931975,0.7799055002164691,0.856973308713996,5.472488584474886
47944,1.0,16685.0,5.993407252022775e-05,0.8183903520586119,0.20012763607183998,0.7798586373650266,0.8569220667521972,5.473059360730594
47947,1.0,16669.0,5.9991601175835386e-05,0.818341255511005,0.20018762767301582,0.7798117322352629,0.8568707787867471,5.473401826484018
47958,1.0,16614.0,6.0190201035271456e-05,0.8182919993863204,0.20024781787405108,0.7797646742596513,0.8568193245129894,5.4746575342465755
47962,1.0,16604.0,6.0226451457480126e-05,0.8182427165629412,0.20030804432550856,0.7797175907116067,0.8567678424142757,5.475114155251141
47970,1.0,16548.0,6.043026347594876e-05,0.8181932699399921,0.2003684745889845,0.7796703502702096,0.8567161896097746,5.476027397260274
47973,1.0,16511.0,6.056568348373811e-05,0.8181437155053763,0.20042904027246822,0.779623006561428,0.8566644244493247,5.476369863013699
47974,1.0,16497.0,6.0617081893677636e-05,0.8180941220207728,0.2004896573543619,0.7795756254485814,0.8566126185929642,5.47648401826484
47985,1.0,16419.0,6.0905049028564466e-05,0.8180442959581612,0.20055056240339045,0.7795280215555763,0.8565605703607461,5.477739726027397
48010,1.0,16417.0,6.091246878235975e-05,0.817994466860521,0.20061147487217282,0.7794804147557566,0.8565085189652855,5.480593607305936
48015,1.0,16416.0,6.0916179337231965e-05,0.8179446377628808,0.20067239105151005,0.779432807956335,0.8564564675694267,5.4811643835616435
48030,1.0,16415.0,6.091989034419738e-05,0.8178948086652407,0.20073331094185426,0.7793852011573116,0.8564044161731698,5.482876712328767
48092,1.0,16414.0,6.0923601803338614e-05,0.8178449795676005,0.2007942345436576,0.7793375943586865,0.8563523647765144,5.489954337899543
48122,1.0,16411.0,6.093473889464384e-05,0.8177951443973143,0.20085516928255226,0.7792899817435486,0.85630030705108,5.49337899543379
48137,1.0,16409.0,6.094216588457554e-05,0.8177453061899648,0.20091611144843682,0.7792423662196428,0.8562482461602867,5.495091324200914
48144,1.0,16408.0,6.094588005850804e-05,0.8176954679826153,0.20097705732849533,0.7791947506961359,0.8561961852690947,5.495890410958904
48173,1.0,16407.0,6.094959468519534e-05,0.8176456297752659,0.20103800692318052,0.7791471351730279,0.8561441243775039,5.499200913242009
48185,1.0,16406.0,6.0953309764720226e-05,0.8175957915679164,0.20109896023294524,0.7790995196503188,0.856092063485514,5.5005707762557075
48199,1.0,16405.0,6.09570252971655e-05,0.8175459533605669,0.2011599172582424,0.7790519041280085,0.8560400025931253,5.50216894977169
48211,1.0,16404.0,6.0960741282614e-05,0.8174961151532174,0.201220877999525,0.7790042886060973,0.8559879417003375,5.503538812785388
48235,1.0,16403.0,6.096445772114857e-05,0.8174462769458679,0.20128184245724615,0.7789566730845853,0.8559358808071506,5.5062785388127855
48257,1.0,16402.0,6.0968174612852094e-05,0.8173964387385184,0.201342810631859,0.7789090575634725,0.8558838199135643,5.5087899543378995
48269,1.0,16400.0,6.097560975609756e-05,0.8173465974922539,0.2014037862416151,0.7788614391318145,0.8558317558526933,5.510159817351598
48284,1.0,16399.0,6.097932800780535e-05,0.8172967562459893,0.2014647655696229,0.7788138207005558,0.8557796917914228,5.511872146118722
48287,1.0,16397.0,6.0986765871805816e-05,0.8172469119600683,0.2015257523354947,0.7787661993580403,0.8557276245620963,5.512214611872146
48292,1.0,16396.0,6.0990485484264454e-05,0.8171970676741473,0.20158674282097896,0.7787185780159245,0.8556755573323702,5.5127853881278535
48302,1.0,16383.0,6.103888176768602e-05,0.8171471868789527,0.20164778170274666,0.7786709217022598,0.8556234520556456,5.513926940639269
48399,1.0,16331.0,6.123323740126141e-05,0.8170971503112667,0.20170901494014792,0.7786231161742247,0.8555711844483087,5.525
48400,1.0,16330.0,6.12369871402327e-05,0.8170471137435809,0.20177025192728815,0.7785753106465959,0.8555189168405658,5.525114155251141
48408,1.0,16329.0,6.124073733847755e-05,0.8169970771758949,0.20183149266462663,0.7785275051193732,0.8554666492324166,5.526027397260274
48444,1.0,16305.0,6.133088009812941e-05,0.8169469700261142,0.20189282354472476,0.7784796319810047,0.8554143080712237,5.53013698630137
48456,1.0,16289.0,6.139112284363682e-05,0.8168968167343206,0.2019542146675684,0.7784317146427056,0.8553619188259356,5.531506849315068
48476,1.0,16187.0,6.177796997590659e-05,0.816846350507303,0.20201599263754433,0.7783834975323737,0.8553092034822324,5.5337899543379
48481,1.0,16149.0,6.192333890643384e-05,0.8167957686539061,0.20207791597645075,0.7783351696571059,0.8552563676507063,5.534360730593607
48491,1.0,16101.0,6.21079436059872e-05,0.816745039148369,0.20214002392005673,0.7782867003355713,0.8552033779611667,5.535502283105023
48498,1.0,16100.0,6.211180124223603e-05,0.8166943096428319,0.20220213572129897,0.7782382310144662,0.8551503882711975,5.536301369863014
48529,1.0,16099.0,6.211565935772408e-05,0.8166435801372947,0.2022642513806567,0.7781897616937907,0.8550973985807986,5.539840182648402
48540,1.0,16097.0,6.212337702677517e-05,0.8165928474802693,0.20232637475768347,0.7781412893544809,0.8550444056060577,5.541095890410959
48554,1.0,16067.0,6.223937262712393e-05,0.8165420232537502,0.2023886141303106,0.7780927292933689,0.8549913172141316,5.54269406392694
48556,1.0,16053.0,6.229365227683299e-05,0.8164911578688843,0.20245090778258742,0.7780441298033186,0.8549381859344499,5.5429223744292235
48570,1.0,15981.0,6.257430698955009e-05,0.8164400665005176,0.20251348208957698,0.7779953138202452,0.85488481918079,5.544520547945205
48581,1.0,15861.0,6.304772712943698e-05,0.8163885918099874,0.20257652981670643,0.7779461306011142,0.8548310530188605,5.545776255707763
48605,1.0,15835.0,6.315124723713294e-05,0.8163370358521844,0.20263968106394356,0.7778968695235536,0.8547772021808152,5.54851598173516
48625,1.0,15832.0,6.316321374431532e-05,0.8162854733815015,0.20270284427768787,0.7778476022066957,0.8547233445563073,5.550799086757991
48627,1.0,15831.0,6.316720358789716e-05,0.8162339109108185,0.20276601148127577,0.777798334890297,0.85466948693134,5.551027397260274
48632,1.0,15830.0,6.317119393556538e-05,0.8161823484401356,0.20282918267521133,0.7777490675743576,0.8546156293059136,5.551598173515981
48636,1.0,15829.0,6.31751847874155e-05,0.8161307859694527,0.20289235785999873,0.7776998002588776,0.8545617716800277,5.552054794520548
48660,1.0,15828.0,6.317917614354308e-05,0.8160792234987697,0.20295553703614228,0.777650532943857,0.8545079140536824,5.554794520547945
48668,1.0,15827.0,6.318316800404372e-05,0.8160276610280868,0.20301872020414632,0.777601265629296,0.8544540564268776,5.555707762557078
48670,1.0,15826.0,6.318716036901302e-05,0.8159760985574038,0.20308190736451534,0.7775519983151946,0.854400198799613,5.55593607305936
48676,1.0,15825.0,6.31911532385466e-05,0.8159245360867209,0.2031450985177539,0.777502731001553,0.8543463411718888,5.55662100456621
48723,1.0,15824.0,6.319514661274014e-05,0.8158729736160379,0.20320829366436663,0.7774534636883712,0.8542924835437047,5.561986301369863
48724,1.0,15823.0,6.319914049168932e-05,0.815821411145355,0.20327149280485832,0.7774041963756492,0.8542386259150608,5.562100456621004
48840,1.0,15769.0,6.341556217895871e-05,0.8157696753719296,0.20333490836703727,0.777354763026448,0.8541845877174111,5.575342465753424
48844,1.0,15768.0,6.341958396752917e-05,0.8157179395985041,0.2033983279510048,0.777305329677713,0.8541305495192952,5.575799086757991
48863,1.0,15767.0,6.34236062662523e-05,0.8156662038250787,0.20346175155727103,0.7772558963294445,0.8540765113207129,5.57796803652968
48865,1.0,15766.0,6.342762907522517e-05,0.8156144680516533,0.20352517918634624,0.7772064629816422,0.8540224731216643,5.578196347031963
48895,1.0,15765.0,6.343165239454488e-05,0.8155627322782278,0.2035886108387408,0.7771570296343066,0.8539684349221491,5.58162100456621
48930,1.0,15545.0,6.43293663557414e-05,0.815510267644437,0.20365294020509656,0.7771068979514875,0.8539136373373866,5.585616438356165
48960,1.0,15472.0,6.463288521199587e-05,0.8154575588629192,0.20371757309030855,0.777056532334338,0.8538585853915003,5.589041095890411
49010,1.0,15470.0,6.464124111182935e-05,0.8154048466742402,0.20378221433142038,0.777006163453012,0.8538035298954684,5.594748858447488
49025,1.0,15469.0,6.464541987200206e-05,0.8153521344855612,0.20384685975129238,0.776955794572189,0.8537484743989334,5.5964611872146115
49055,1.0,15467.0,6.465377901338333e-05,0.81529941888884,0.20391151353030576,0.7769054224263434,0.8536934153513367,5.599885844748859
49066,1.0,15466.0,6.46579593948015e-05,0.8152467032921189,0.20397617148970057,0.7768550502810012,0.8536383563032366,5.601141552511415
49112,1.0,15396.0,6.495193556767992e-05,0.8151937514407749,0.20404112342526826,0.7768044517582502,0.8535830511232996,5.606392694063927
49122,1.0,15357.0,6.511688480823077e-05,0.8151406685631659,0.2041062403100765,0.7767537276849199,0.8535276094414119,5.607534246575343
49143,1.0,15300.0,6.535947712418301e-05,0.815087391395286,0.20417159978720067,0.7767028174374198,0.8534719653531522,5.609931506849315
49155,1.0,15299.0,6.536374926465782e-05,0.815034114227406,0.20423696353646534,0.7766519071904452,0.8534163212643668,5.611301369863014
49190,1.0,15298.0,6.536802196365538e-05,0.8149808370595261,0.204302331558429,0.7766009969439962,0.8533606771750559,5.615296803652968
49261,1.0,15076.0,6.633059166887768e-05,0.8149267788984051,0.20436866215009789,0.7765493382887552,0.8533042195080551,5.623401826484018
49289,2.0,15074.0,0.00013267878466233248,0.8148186554037921,0.20450134093476022,0.7764460141065307,0.8531912967010534,5.626598173515982
49306,1.0,15070.0,6.635700066357e-05,0.8147645864817347,0.2045676979354238,0.776394345140554,0.8531348278229153,5.628538812785388
49360,1.0,15066.0,6.637461834594451e-05,0.8147105067932652,0.20463407255376972,0.7763426658574653,0.8530783477290651,5.634703196347032
49363,1.0,15065.0,6.637902422834384e-05,0.8146564271047957,0.20470045157799807,0.7762909865749352,0.8530218676346562,5.635045662100457
49364,1.0,15063.0,6.638783774812455e-05,0.8146023438260925,0.2047668394157462,0.7762393038523668,0.8529653837998182,5.635159817351598
49375,1.0,15062.0,6.639224538573895e-05,0.8145482605473894,0.20483323166113193,0.7761876211303576,0.8529088999644212,5.636415525114155
49378,1.0,15061.0,6.639665360865813e-05,0.8144941772686863,0.2048996283147406,0.7761359384089076,0.8528524161284651,5.63675799086758
49381,1.0,15060.0,6.640106241699867e-05,0.8144400939899833,0.2049660293771576,0.7760842556880169,0.8527959322919497,5.637100456621004
49416,1.0,15058.0,6.640988179041042e-05,0.8143860071196161,0.205032439258948,0.7760325695257139,0.8527394447135183,5.641095890410959
49443,1.0,15055.0,6.642311524410495e-05,0.814331913064012,0.20509886237419211,0.7759808764781932,0.8526829496498307,5.644178082191781
49457,1.0,15001.0,6.666222251849876e-05,0.8142776278888194,0.2051655245967106,0.7759290002750189,0.85262625550262,5.645776255707762
49479,1.0,14897.0,6.712760958582265e-05,0.81422296737812,0.20523265220629644,0.7758767643652908,0.8525691703909493,5.648287671232877
49481,1.0,14889.0,6.716367788300088e-05,0.8141682811690142,0.20529981588417945,0.7758245038272616,0.8525120585107667,5.64851598173516
49527,1.0,14878.0,6.721333512568894e-05,0.8141135582034832,0.20536702921930514,0.7757722080630076,0.8524549083439588,5.653767123287671
49541,1.0,14877.0,6.72178530617732e-05,0.8140588352379523,0.2054342470723669,0.7757199122993407,0.8523977581765639,5.655365296803653
49556,1.0,14845.0,6.736274840013472e-05,0.8140039979974513,0.20550160982076704,0.7756675070159303,0.8523404889789722,5.657077625570777
49577,1.0,14817.0,6.74900452183303e-05,0.8139490608308185,0.20556909986598537,0.7756150059635191,0.852283115698118,5.659474885844749
49585,1.0,14814.0,6.750371270419872e-05,0.8138941162472603,0.20563660357868957,0.775562497803253,0.8522257346912675,5.6603881278538815
49623,1.0,14721.0,6.793016778751444e-05,0.8138388282833824,0.2057045337464771,0.7755096605385554,0.8521679960282094,5.66472602739726
49688,1.0,14648.0,6.826870562534134e-05,0.8137832685599878,0.20577280245210244,0.7754565628043428,0.8521099743156328,5.672146118721461
49700,1.0,14646.0,6.827802813054759e-05,0.8137277050430849,0.205841080480233,0.7754034614347826,0.8520519486513872,5.67351598173516
49718,1.0,14642.0,6.829668078131402e-05,0.8136721301417706,0.20590937716101432,0.7753503491541954,0.8519939111293459,5.675570776255708
49730,1.0,14641.0,6.830134553650706e-05,0.8136165552404564,0.20597767850655083,0.7752972368742336,0.8519358736066792,5.676940639269406
49868,1.0,14527.0,6.883733737179046e-05,0.813560548043152,0.2060465158439226,0.7752437102410743,0.8518773858452298,5.6926940639269406
49904,1.0,14504.0,6.89464975179261e-05,0.8135044558928457,0.20611546234144054,0.7751901021792611,0.8518188096064303,5.696803652968036
49925,1.0,14468.0,6.911805363560962e-05,0.8134482280482305,0.20618458039507614,0.7751363640506278,0.8517600920458331,5.699200913242009
49927,2.0,14465.0,0.000138264777048047,0.8133357568103393,0.20632284517212418,0.7750288728913108,0.8516426407293678,5.699429223744292
49928,2.0,14463.0,0.00013828389684021296,0.813223285572448,0.20646112906896438,0.7749213817346193,0.8515251894102768,5.6995433789954335
49940,1.0,14429.0,6.930487213251092e-05,0.8131669252366263,0.20653043394109688,0.7748675166101878,0.8514663338630647,5.700913242009133
49942,1.0,14427.0,6.931447979482915e-05,0.8131105609942171,0.2065997484208917,0.7748136477417429,0.8514074742466913,5.701141552511416
49944,1.0,14426.0,6.931928462498267e-05,0.813054196751808,0.20666906770551668,0.774759778873961,0.851348614629655,5.701369863013698
49974,1.0,14369.0,6.959426543252836e-05,0.8129976128422283,0.2067386619709492,0.7747056994413943,0.8512895262430622,5.704794520547945
49982,1.0,14343.0,6.972042111134351e-05,0.8129409303062984,0.20680838239206054,0.7746515254680585,0.8512303351445384,5.705707762557077
50001,1.0,14342.0,6.972528238739367e-05,0.8128842477703686,0.20687810767444792,0.7745973514954011,0.8511711440453361,5.707876712328767
50055,1.0,14340.0,6.97350069735007e-05,0.8128275612816817,0.2069478426814214,0.7745431737343589,0.8511119488290044,5.714041095890411
50057,1.0,14329.0,6.978854072161351e-05,0.8127708352323215,0.20701763122214303,0.7744889580515362,0.8510527124131069,5.714269406392694
50093,1.0,14170.0,7.057163020465773e-05,0.8127134766694964,0.2070882028523477,0.7744341360269742,0.8509928173120187,5.71837899543379
50105,1.0,14147.0,7.06863646002686e-05,0.8126560289083691,0.20715888921694797,0.7743792284922686,0.8509328293244696,5.719748858447488
50116,1.0,14112.0,7.086167800453515e-05,0.8125984427385201,0.20722975089495252,0.7743241882697516,0.8508726972072886,5.721004566210046
50143,1.0,14111.0,7.086669973779322e-05,0.8125408565686711,0.20730061759469032,0.7742691480479582,0.8508125650893841,5.724086757990867
50155,1.0,14110.0,7.087172218284904e-05,0.8124832703988222,0.20737148931687316,0.7742141078268886,0.8507524329707558,5.725456621004566
50162,1.0,14109.0,7.0876745339854e-05,0.8124256842289732,0.207442366062213,0.774159067606543,0.8506923008514035,5.726255707762557
50199,1.0,14107.0,7.088679379031687e-05,0.8123680939770254,0.2075132528560033,0.7741040234734964,0.8506321644805543,5.730479452054794
50205,1.0,14106.0,7.08918190840777e-05,0.8123105037250775,0.20758414467508737,0.7740489793411743,0.8505720281089807,5.7311643835616435
50254,1.0,14105.0,7.089684509039348e-05,0.8122529134731296,0.20765504152017777,0.7739939352095766,0.8505118917366825,5.73675799086758
50305,1.0,14048.0,7.118451025056947e-05,0.8121950936472844,0.20772622603042834,0.7739386709880761,0.8504515163064926,5.742579908675799
50312,1.0,14030.0,7.127583749109053e-05,0.8121372037617784,0.20779750186791943,0.7738833396006187,0.8503910679229382,5.74337899543379
50316,1.0,14011.0,7.137249304118193e-05,0.8120792395048544,0.2078688743609606,0.7738279369129429,0.8503305420967658,5.743835616438356
50319,1.0,13989.0,7.14847380084352e-05,0.8120211882331763,0.20794035909896905,0.773772450802982,0.8502699256633706,5.744178082191781
50328,1.0,13942.0,7.172572084349448e-05,0.8119629454281101,0.20801208481981254,0.773716781063628,0.8502091097925922,5.745205479452054
50370,1.0,13929.0,7.179266278986288e-05,0.811904652446171,0.2080838774826024,0.7736610632179912,0.8501482416743509,5.75
50391,1.0,13928.0,7.179781734635267e-05,0.8118463594642321,0.20815567529994874,0.7736053453731161,0.8500873735553481,5.752397260273972
50410,1.0,13926.0,7.18081286801666e-05,0.8117880622963832,0.2082274834286289,0.7735496235157516,0.8500265010770148,5.754566210045662
50433,1.0,13869.0,7.210325185665874e-05,0.8117295297372732,0.20829958668048557,0.7734936759743368,0.8499653835002096,5.757191780821918
50435,1.0,13868.0,7.210845111047014e-05,0.8116709971781632,0.20837169513159604,0.7734377284336968,0.8499042659226295,5.757420091324201
50517,1.0,13867.0,7.211365111415591e-05,0.8116124646190532,0.20844380878271018,0.7733817808938318,0.8498431483442747,5.766780821917808
50537,1.0,13856.0,7.217090069284065e-05,0.8115538898164681,0.20851597968340302,0.7733257928525799,0.8497819867803564,5.769063926940639
50539,1.0,13849.0,7.220737959419453e-05,0.8114952896366849,0.20858818706299723,0.7732697804808867,0.8497207987924832,5.769292237442922
50555,1.0,13837.0,7.22700007227e-05,0.8114366428715164,0.20866045706371994,0.7732137234445337,0.8496595622984991,5.771118721461187
50605,1.0,13679.0,7.31047591198187e-05,0.8113773229911982,0.20873356182283975,0.7731570210107706,0.8495976249716259,5.776826484018265
50610,1.0,13676.0,7.312079555425563e-05,0.8113179944358465,0.208806682618394,0.7731003102597063,0.8495356786119868,5.777397260273973
50634,1.0,13587.0,7.359976448075366e-05,0.8112582816225371,0.20888028238287476,0.7730432310532478,0.8494733321918264,5.78013698630137
50657,1.0,13586.0,7.360518180479906e-05,0.8111985688092277,0.20895388756467956,0.7729861518476298,0.8494109857708256,5.782762557077626
50681,1.0,13585.0,7.36105999263894e-05,0.8111388559959182,0.20902749816460595,0.7729290726428523,0.8493486393489841,5.785502283105023
50705,1.0,13584.0,7.361601884570082e-05,0.8110791431826087,0.20910111418345165,0.7728719934389155,0.8492862929263018,5.7882420091324205
50714,1.0,13583.0,7.362143856290952e-05,0.8110194303692991,0.20917473562201455,0.7728149142358199,0.8492239465027783,5.789269406392694
50720,1.0,13582.0,7.362685907819172e-05,0.8109597175559896,0.20924836248109274,0.7727578350335654,0.8491616000784138,5.789954337899544
50739,1.0,13507.0,7.403568520026653e-05,0.8108996775976306,0.209322398166293,0.7727004421281299,0.8490989130671313,5.792123287671233
50745,1.0,13490.0,7.412898443291327e-05,0.8108395664280533,0.2093965271507259,0.7726429809366684,0.8490361519194383,5.792808219178082
50770,1.0,13419.0,7.452120128176467e-05,0.8107791416895163,0.20947104835200767,0.7725852190478832,0.8489730643311493,5.795662100456621
50793,1.0,13374.0,7.477194556602363e-05,0.8107185181556678,0.20954582029757368,0.7725272665192734,0.8489097697920621,5.798287671232877
50849,1.0,13251.0,7.546600256584409e-05,0.8106573364698965,0.20962128630013951,0.7724687787137253,0.8488458942260676,5.804680365296804
50862,1.0,13250.0,7.547169811320755e-05,0.8105961547841252,0.20969675799825271,0.7724102909091054,0.8487820186591449,5.806164383561644
50873,1.0,13249.0,7.547739452034116e-05,0.8105349730983539,0.20977223539277307,0.772351803105414,0.8487181430912938,5.807420091324201
50875,1.0,13247.0,7.548878991469766e-05,0.8104737867940511,0.20984772418268777,0.7722933108732619,0.8486542627148403,5.8076484018264845
50891,1.0,13246.0,7.549448890231014e-05,0.8104126004897484,0.20992321867159008,0.7722348186420391,0.8485903823374576,5.8094748858447485
50945,1.0,13234.0,7.55629439322956e-05,0.8103513633278555,0.20999878161552238,0.77217627763676,0.848526449018951,5.815639269406392
50965,1.0,13213.0,7.568303943086355e-05,0.8102900334736719,0.21007446465495325,0.7721176477351588,0.848462419212185,5.817922374429224
50990,1.0,13187.0,7.58322590429969e-05,0.8102285873499536,0.21015029691399625,0.772058906324058,0.8483982683758492,5.820776255707763
51047,1.0,13185.0,7.584376185058778e-05,0.8101671365659302,0.21022614067584683,0.7720001604443224,0.848334112687538,5.827283105022831
51061,1.0,13184.0,7.584951456310679e-05,0.8101056857819067,0.21030199019040993,0.7719414145655328,0.8482699569982806,5.828881278538812
51069,1.0,13183.0,7.58552681483729e-05,0.8100442349978831,0.2103778454585583,0.7718826686876897,0.8482058013080765,5.829794520547945
51085,1.0,13182.0,7.586102260658473e-05,0.8099827842138596,0.2104537064811649,0.7718239228107933,0.848141645616926,5.83162100456621
51133,1.0,13181.0,7.586677793794098e-05,0.8099213334298361,0.21052957325910285,0.7717651769348437,0.8480774899248285,5.8371004566210045
51192,1.0,13179.0,7.58782912208817e-05,0.809859877983032,0.21060545155032373,0.7717064265878795,0.8480133293781846,5.843835616438356
51201,1.0,13178.0,7.588404917286387e-05,0.809798422536228,0.2106813355994966,0.7716476762418628,0.8479491688305932,5.84486301369863
51223,1.0,13176.0,7.589556769884639e-05,0.8097369624252281,0.21075723116719544,0.7715889214234705,0.8478850034269857,5.847374429223744
51289,1.0,13065.0,7.654037504783774e-05,0.809674984854434,0.21083377154224328,0.7715296703084961,0.847820299400372,5.854908675799087
51305,1.0,12945.0,7.72499034376207e-05,0.8096124375400382,0.2109110214456809,0.7714698727200783,0.8477550023599981,5.856735159817352
51336,1.0,12944.0,7.725587144622991e-05,0.8095498902256423,0.21098827731712713,0.771410075132678,0.8476897053186065,5.86027397260274
51343,1.0,12943.0,7.726184037703778e-05,0.8094873429112465,0.21106553915750417,0.7713502775462957,0.8476244082761972,5.861073059360731
51364,1.0,12942.0,7.726781023025808e-05,0.8094247955968507,0.21114280696773444,0.7712904799609314,0.84755911123277,5.863470319634703
51370,1.0,12941.0,7.727378100610463e-05,0.8093622482824548,0.21122008074874055,0.7712306823765852,0.8474938141883245,5.864155251141552
51395,1.0,12940.0,7.727975270479135e-05,0.809299700968059,0.21129736050144535,0.7711708847932577,0.8474285171428604,5.867009132420091
51406,1.0,12939.0,7.728572532653218e-05,0.8092371536536632,0.21137464622677188,0.7711110872109487,0.8473632200963778,5.868264840182649
51419,1.0,12938.0,7.72916988715412e-05,0.8091746063392674,0.21145193792564343,0.7710512896296586,0.8472979230488762,5.869748858447489
51457,1.0,12937.0,7.729767334003247e-05,0.8091120590248715,0.21152923559898346,0.7709914920493877,0.8472326260003553,5.8740867579908675
51465,1.0,12936.0,7.730364873222017e-05,0.8090495117104756,0.21160653924771566,0.770931694470136,0.8471673289508151,5.875
51495,1.0,12832.0,7.793017456359102e-05,0.8089864623407974,0.21168446942227925,0.7708714153131437,0.8471015093684511,5.8784246575342465
51514,1.0,12831.0,7.793624814901411e-05,0.8089234129711192,0.21176240567042826,0.7708111361572045,0.847035689785034,5.880593607305936
51547,1.0,12829.0,7.794839816041781e-05,0.8088603586868437,0.21184035406858867,0.7707508522880372,0.8469698650856502,5.884360730593607
51553,1.0,12828.0,7.795447458684128e-05,0.8087973044025681,0.2119183085431755,0.7706905684199234,0.8469040403852128,5.885045662100457
51567,1.0,12827.0,7.796055196070789e-05,0.8087342501182926,0.21199626909513622,0.7706302845528638,0.8468382156837214,5.886643835616439
51572,1.0,12826.0,7.79666302822392e-05,0.808671195834017,0.21207423572541845,0.7705700006868583,0.8467723909811757,5.887214611872146
51573,1.0,12825.0,7.797270955165692e-05,0.8086081415497415,0.2121522084349701,0.7705097168219072,0.8467065662775758,5.887328767123288
51605,1.0,12822.0,7.799095304944626e-05,0.8085450774301385,0.21223019938801954,0.7704494235235476,0.8466407313367293,5.8909817351598175
51620,1.0,12804.0,7.810059356451109e-05,0.8084819295796676,0.21230829998158404,0.7703890499076321,0.846574809251703,5.892694063926941
51634,1.0,12766.0,7.833307222309259e-05,0.8084185987062867,0.21238663305380714,0.7703285007260395,0.846508696686534,5.894292237442922
51677,1.0,12659.0,7.899518129394107e-05,0.8083547375325205,0.2124656282351011,0.7702674428298563,0.8464420322351848,5.89920091324201
51678,1.0,12658.0,7.900142202559646e-05,0.8082908763587544,0.2125446296571267,0.7702063849347838,0.846375367782725,5.89931506849315
51691,1.0,12657.0,7.90076637433831e-05,0.8082270151849882,0.21262363732087008,0.7701453270408221,0.8463087033291543,5.900799086757991
51726,1.0,12655.0,7.902015013828527e-05,0.8081631489649025,0.21270265747100836,0.7700842643069119,0.8462420336228931,5.904794520547945
51740,1.0,12654.0,7.90263948158685e-05,0.8080992827448168,0.21278168386582422,0.7700232015741134,0.8461753639155202,5.906392694063927
51748,1.0,12653.0,7.903264048051846e-05,0.8080354165247311,0.21286071650630473,0.7699621388424269,0.8461086942070353,5.907305936073059
51762,1.0,12652.0,7.903888713246918e-05,0.8079715503046454,0.2129397553934372,0.7699010761118527,0.8460420244974381,5.908904109589041
51787,1.0,12650.0,7.905138339920949e-05,0.8079076790358466,0.2130188067768364,0.769840008539028,0.8459753495326652,5.91175799086758
51788,1.0,12649.0,7.905763301446754e-05,0.8078438077670479,0.21309786440985087,0.7697789409673164,0.8459086745667794,5.911872146118721
51808,1.0,12647.0,7.907013520993121e-05,0.8077799314479392,0.21317693454506081,0.7697178685518186,0.8458419943440599,5.914155251141553
51842,1.0,12645.0,7.908264136022143e-05,0.8077160500773225,0.21325601718642104,0.769656791291382,0.845775308863263,5.918036529680365
51884,1.0,12644.0,7.908889591901297e-05,0.8076521687067059,0.21333510608234005,0.7695957140320601,0.8457086233813517,5.922831050228311
51958,1.0,12541.0,7.973845785822502e-05,0.8075877677682873,0.21341484454019827,0.7695341383239769,0.8456413972125978,5.931278538812785
51959,1.0,12526.0,7.983394539358135e-05,0.8075232948505348,0.21349467848559184,0.7694724935611591,0.8455740961399104,5.931392694063927
51971,1.0,12369.0,8.08472794890452e-05,0.8074580087890221,0.21357552576508088,0.7694100686451388,0.8455059489329053,5.932762557077625
51982,1.0,11830.0,8.4530853761623e-05,0.8073897536741625,0.2136600566188425,0.7693447945644902,0.8454347127838349,5.934018264840183
52033,1.0,11524.0,8.677542519958348e-05,0.8073196920849857,0.21374683204404207,0.7692777865186933,0.845361597651278,5.9398401826484015
52120,1.0,10417.0,9.599692809830086e-05,0.8072421918745523,0.21384282897214038,0.7692036349481984,0.8452807488009061,5.949771689497717
52148,1.0,10416.0,9.600614439324117e-05,0.8071646916641189,0.2139388351165336,0.7691294833801219,0.8451998999481158,5.95296803652968
52160,1.0,10415.0,9.601536245799327e-05,0.8070871914536855,0.2140348504789916,0.7690553318144642,0.8451190510929067,5.954337899543379
52191,1.0,10413.0,9.603380389897244e-05,0.807009683800612,0.21413088428289057,0.7689811731010353,0.8450381945001887,5.957876712328767
52220,1.0,10409.0,9.607070804111827e-05,0.8069321538088933,0.2142269549909317,0.7689069929291109,0.8449573146886756,5.961187214611872
52231,1.0,10407.0,9.608917075045643e-05,0.8068546163673819,0.21432304416168216,0.7688328056025215,0.8448764271322422,5.9624429223744295
52308,1.0,10372.0,9.641342074816814e-05,0.8067768247537714,0.21441945758243033,0.7687583740892723,0.8447952754182706,5.971232876712329
52315,1.0,10156.0,9.846396218983852e-05,0.8066973863110033,0.21451792154462018,0.7686823602724727,0.8447124123495339,5.97203196347032
52361,1.0,9261.0,0.00010797969981643452,0.8066102793693867,0.21462590124443662,0.7685989748013006,0.8446215839374728,5.977283105022831
52401,1.0,9257.0,0.00010802635843145727,0.806523144198233,0.21473392760286808,0.768515562186214,0.844530726210252,5.9818493150684935
52481,1.0,9254.0,0.0001080613788631943,0.8064359901951859,0.21484198898173126,0.7684321314646932,0.8444398489256785,5.990981735159817
52532,1.0,9253.0,0.00010807305738679347,0.8063488361921387,0.21495006203911807,0.7683487007470508,0.8443489716372267,5.996803652968037
52787,1.0,8214.0,0.00012174336498660823,0.8062506685714677,0.21507180540410467,0.7682546722765853,0.84424666486635,6.025913242009133
52934,1.0,8209.0,0.00012181751735899622,0.8061524531166533,0.21519362292146366,0.7681605977576152,0.8441443084756913,6.04269406392694
52947,1.0,8207.0,0.00012184720360667723,0.8060542256945604,0.21531547012507032,0.7680665117227587,0.8440419396663621,6.044178082191781
52966,1.0,8205.0,0.0001218769043266301,0.8059559863008133,0.21543734702939696,0.7679724141677876,0.843939558433839,6.04634703196347
52994,1.0,8203.0,0.00012190661952944045,0.8058577349310339,0.2155592536489264,0.7678783050884714,0.8438371647735963,6.049543378995434
52998,1.0,8202.0,0.000121921482565228,0.8057594835612545,0.21568117513149163,0.7677841960154312,0.8437347711070777,6.05
53046,1.0,8197.0,0.0001219958521410272,0.8056611842464367,0.21580317098363266,0.7676900407866274,0.8436323277062461,6.0554794520547945
53063,1.0,8196.0,0.00012201073694485115,0.805562884931619,0.2159251817205775,0.7675958855641157,0.8435298842991222,6.057420091324201
53065,1.0,8195.0,0.00012202562538133008,0.8054645856168012,0.21604720734595884,0.7675017303478984,0.8434274408857041,6.0576484018264845
53075,1.0,8193.0,0.00012205541315757354,0.80536627430402,0.2161692627591164,0.7674075635861447,0.8433249850218952,6.058789954337899
53081,1.0,8192.0,0.0001220703125,0.8052679629912387,0.2162913330716164,0.7673133968306926,0.8432225291517849,6.0594748858447485
53099,1.0,8190.0,0.0001221001221001221,0.8051696396746342,0.21641343319371653,0.7672192185240433,0.8431200608252251,6.061529680365297
53122,1.0,8189.0,0.00012211503236048357,0.8050713163580296,0.216535548226077,0.7671250402237028,0.8430175924923565,6.064155251141552
53143,1.0,8188.0,0.00012212994626282364,0.8049729930414251,0.21665767817233983,0.7670308619296731,0.8429151241531772,6.066552511415525
53230,1.0,8184.0,0.00012218963831867058,0.8048746336825491,0.2167798678106585,0.7669366489396583,0.8428126184254399,6.07648401826484
53268,1.0,8182.0,0.0001222195062331948,0.8047762623022409,0.2169020873168917,0.7668424243814315,0.8427101002230503,6.080821917808219
53304,1.0,7907.0,0.0001264702162640698,0.8046744820743033,0.21702855753315578,0.7667449171134715,0.842604047035135,6.0849315068493155
53309,1.0,7753.0,0.00012898232942086933,0.8045706932851798,0.21715753986257666,0.7666454750588244,0.8424959115115352,6.085502283105023
53367,1.0,7671.0,0.00013036110024768608,0.8044658085643761,0.21728790096282435,0.7665449771571082,0.842386639971644,6.092123287671233
53414,1.0,7180.0,0.0001392757660167131,0.8043537659726541,0.21742717672884107,0.7664375801502615,0.8422699517950466,6.097488584474886
53423,1.0,7176.0,0.00013935340022296544,0.8042416765403836,0.21756653012906405,0.7663301379897011,0.8421532150910661,6.09851598173516
53468,1.0,7174.0,0.00013939224979091162,0.804129571483715,0.21770592237885494,0.7662226807744842,0.8420364621929458,6.1036529680365295
53486,1.0,7173.0,0.00013941168269901018,0.8040174664270464,0.21784533406155396,0.7661152235699655,0.8419197092841273,6.105707762557078
53518,1.0,7170.0,0.0001394700139470014,0.8039053300997903,0.21798480407550097,0.7660077362243359,0.8418029239752446,6.1093607305936075
53525,1.0,7169.0,0.00013948946854512484,0.803793193772534,0.21812429354404608,0.7659002488894242,0.8416861386556438,6.110159817351598
53565,1.0,7168.0,0.00013950892857142856,0.8036810574452778,0.2182638024726175,0.7657927615652346,0.8415693533253211,6.114726027397261
53660,1.0,7165.0,0.00013956734124214934,0.8035688898168836,0.21840336981385966,0.7656852440703444,0.8414525355634227,6.1255707762557075
53665,1.0,7164.0,0.00013958682300390843,0.8034567221884893,0.21854295663686357,0.7655777265861962,0.8413357177907824,6.126141552511416
53673,1.0,7163.0,0.00013960631020522128,0.8033445545600949,0.21868256294706878,0.7654702091127936,0.8412189000073962,6.127054794520548
53734,1.0,7161.0,0.00013964530093562352,0.8032323712680184,0.2188222082480044,0.7653626765467181,0.8411020659893187,6.134018264840183
53735,1.0,7160.0,0.00013966480446927373,0.8031201879759419,0.2189618730524737,0.7652551439914023,0.8409852319604815,6.1341324200913245
53743,1.0,7159.0,0.0001396843134515994,0.8030080046838654,0.2191015573659253,0.7651476114468501,0.8408683979208806,6.135045662100457
53750,1.0,7158.0,0.00013970382788488405,0.8028958213917888,0.21924126119381018,0.7650400789130657,0.840751563870512,6.135844748858448
53762,2.0,7156.0,0.00027948574622694243,0.8026714234540047,0.21952074694003712,0.7648249836455232,0.8405178632624861,6.137214611872146
53842,1.0,7151.0,0.00013984058173682003,0.8025591774152053,0.21966058752177395,0.7647173906412249,0.8404009641891858,6.1463470319634705
53942,1.0,7149.0,0.00013987970345502866,0.8024469156754633,0.21980046722522897,0.7646097825081924,0.8402840488427342,6.157762557077626
54064,1.0,7146.0,0.0001399384270920795,0.8023346225162589,0.21994040565232106,0.7645021440898513,0.8401671009426664,6.171689497716895
54188,1.0,7135.0,0.0001401541695865452,0.8022221719735095,0.2200805598219076,0.7643943539241088,0.8400499900229103,6.185844748858448
54190,1.0,7133.0,0.00014019346698443852,0.8021097056659288,0.22022075328889204,0.7642865485677628,0.8399328627640947,6.186073059360731
54194,1.0,7131.0,0.00014023278642546626,0.8019972235868843,0.2203609860753175,0.7641787280143933,0.8398157191593753,6.186529680365297
54294,1.0,7126.0,0.000140331181588549,0.8018846783688677,0.22050131725690605,0.7640708465887028,0.8396985101490325,6.197945205479452
54389,1.0,7115.0,0.000140548137737175,0.8017719749706429,0.22064186539464323,0.7639628126430966,0.8395811372981892,6.2087899543379
54449,1.0,7110.0,0.00014064697609001407,0.8016592081668495,0.22078251237073324,0.7638547175666881,0.839463698767011,6.215639269406393
54473,1.0,7091.0,0.0001410238330277817,0.8015461551125318,0.220923536203761,0.763746346465468,0.8393459637595956,6.21837899543379
54507,1.0,7074.0,0.0001413627367825841,0.8014328463543876,0.2210648989405436,0.7636377287890133,0.839227963919762,6.222260273972603
54543,1.0,7069.0,0.00014146272457207527,0.8013194734803808,0.22120636166511567,0.7635290492930086,0.839109897667753,6.226369863013699
54546,1.0,7068.0,0.0001414827391058291,0.8012061006063739,0.2213478444042215,0.763420369808298,0.8389918314044498,6.226712328767123
54562,1.0,7052.0,0.00014180374361883155,0.8010924865818977,0.22148964814784033,0.7633114577748255,0.8388735153889699,6.228538812785388
54652,1.0,6060.0,0.00016501650165016502,0.8009602931022637,0.2216546646494905,0.7631846103581615,0.8387359758463658,6.238812785388128
54666,1.0,6058.0,0.0001650709805216243,0.8008280778013224,0.22181973563001212,0.763057741876879,0.8385984137257657,6.24041095890411
54708,1.0,6056.0,0.00016512549537648613,0.800695840668264,0.2219848611253886,0.7629308523204897,0.8384608290160384,6.245205479452054
54757,1.0,6050.0,0.00016528925619834712,0.800563494248319,0.22215015038158695,0.7628038571820351,0.8383231313146028,6.250799086757991
54792,1.0,6049.0,0.00016531658125309968,0.8004311478283738,0.22231546696284005,0.7626768620646052,0.8381854335921424,6.254794520547946
54796,1.0,6048.0,0.00016534391534391533,0.8002988014084286,0.22248081087818397,0.7625498669682088,0.8380477358486483,6.255251141552511
54881,1.0,5571.0,0.0001795009872554299,0.8001551469834765,0.22266031186543941,0.7624119384655976,0.8378983555013553,6.264954337899543
54974,1.0,5040.0,0.0001984126984126984,0.7999963860416146,0.2228587245638521,0.7622593835609356,0.8377333885222936,6.275570776255708
55056,1.0,4209.0,0.00023758612497030174,0.7998063180002648,0.2230963106888224,0.7620764425591422,0.8375361934413874,6.284931506849315
55064,1.0,4208.0,0.0002376425855513308,0.7996162499589149,0.22333395327437375,0.7618935016469977,0.8373389982708321,6.285844748858447
55096,1.0,4207.0,0.0002376990729736154,0.799426181917565,0.22357165234734735,0.7617105608245527,0.8371418030105773,6.289497716894977
55117,1.0,4204.0,0.0002378686964795433,0.7992360234537406,0.2238095210438269,0.7615275321844799,0.8369445147230012,6.291894977168949
55147,1.0,4203.0,0.00023792529145848205,0.7990458649899163,0.22404744633528537,0.7613445036343797,0.8367472263454528,6.295319634703197
55156,1.0,4202.0,0.00023798191337458352,0.798855706526092,0.22428542824865996,0.761161475174303,0.8365499378778809,6.29634703196347
55366,1.0,4144.0,0.00024131274131274132,0.7986629324656368,0.22452674098997272,0.760975903589084,0.8363499613421896,6.320319634703196
55509,1.0,4134.0,0.00024189646831156264,0.7984697387229021,0.2247686374582843,0.7607899239651579,0.8361495534806462,6.336643835616439
55625,1.0,3126.0,0.0003198976327575176,0.7982143101436561,0.22508853509104182,0.7605432232919509,0.8358853969953612,6.349885844748859
55628,1.0,3124.0,0.0003201024327784891,0.7979587998011005,0.22540863752382032,0.7602964428780467,0.8356211567241544,6.350228310502283
55714,1.0,3114.0,0.0003211303789338471,0.7977025509893467,0.22572976790275417,0.7600489398715202,0.8353561621071732,6.360045662100457
55723,1.0,3112.0,0.00032133676092544985,0.7974462198354298,0.22605110466367961,0.7598013565546912,0.8350910831161685,6.361073059360731
55759,1.0,3109.0,0.000321646831778707,0.7971897237853058,0.22637275149545832,0.7595536121100571,0.8348258354605546,6.365182648401826
55767,1.0,3108.0,0.00032175032175032174,0.7969332277351818,0.22669450181720865,0.7593058679649756,0.8345605875053881,6.366095890410959
55968,1.0,3103.0,0.0003222687721559781,0.7966764010423892,0.22701677058936462,0.7590578004249334,0.834295001659845,6.389041095890411
